sample_id,profile_id,time_s,altitude_m,air_density_kg_m3,ambient_temp_c,cooling_air_speed_mps,speed_rpm,torque_nm,voltage_v,current_a,winding_temp_c,output_power_w,input_power_w,copper_loss_w,iron_loss_w,mechanical_loss_w,total_loss_w,thermal_resistance_k_per_w,thermal_time_constant_s,steady_state_temp_c,temperature_margin_c,is_overheated,mission_segment
1,1,0.0,1932.0,0.97594,1.067,52.81,3561.4,8.49026,352.578,10.1634,37.131,3166.414,3583.394,7.952,33.514,222.023,347.909,0.130726,294.437,46.548,27.869,0,climb
2,1,5.0,1944.5,0.97451,2.319,50.039,3467.6,11.33015,272.858,16.9944,37.276,4114.224,4637.064,22.247,33.143,210.378,407.157,0.134298,294.708,57.0,27.724,0,climb
3,1,10.0,2044.9,0.96306,1.74,49.764,3655.1,10.25674,269.38,16.6121,36.985,3925.832,4474.959,21.282,36.288,210.41,422.611,0.134669,296.904,58.653,28.015,0,climb
4,1,15.0,2074.9,0.95968,3.118,49.592,3774.2,10.43901,539.839,8.7801,38.584,4125.817,4739.837,5.953,38.062,210.476,452.232,0.134902,297.563,64.125,26.416,0,climb
5,1,20.0,2246.7,0.94047,1.841,51.97,3985.7,11.11826,348.354,14.9435,40.445,4640.593,5205.628,17.27,42.389,221.383,437.238,0.131779,301.394,59.46,24.555,0,climb
6,1,25.0,2105.6,0.95621,1.947,51.784,3818.5,11.16192,345.177,14.3653,42.065,4463.392,4958.571,15.979,39.858,219.53,396.263,0.132016,298.244,54.26,22.935,0,climb
7,1,30.0,2219.5,0.94349,-0.639,49.294,4118.8,11.04205,538.973,10.0321,39.907,4762.706,5407.034,7.8,45.407,211.595,473.542,0.135309,300.782,63.436,25.093,0,climb
8,1,35.0,2171.5,0.94883,-0.083,50.841,4294.4,12.22581,350.961,17.9224,42.103,5498.057,6290.083,24.93,49.966,219.038,567.885,0.133235,299.708,75.579,22.897,0,climb
9,1,40.0,2174.9,0.94844,2.382,49.741,4362.7,10.54616,267.252,20.2868,42.474,4818.119,5421.687,32.011,49.412,215.141,465.416,0.1347,299.784,65.073,22.526,0,climb
10,1,45.0,2324.9,0.93186,0.758,48.632,4048.8,11.94113,271.239,21.1006,43.225,5062.956,5723.319,34.682,44.053,208.462,492.438,0.136227,303.163,67.841,21.775,0,climb
11,1,50.0,2312.0,0.93327,2.447,50.238,3861.1,11.42883,539.925,9.8473,43.521,4621.079,5316.787,7.565,40.516,213.624,500.407,0.134032,302.869,69.518,21.479,0,climb
12,1,55.0,2347.4,0.92939,-1.173,51.127,4275.7,11.94961,274.266,21.3861,42.371,5350.499,5865.494,35.743,49.234,220.048,420.508,0.132861,303.676,54.696,22.629,0,climb
13,1,60.0,2335.3,0.93072,0.988,48.799,4072.3,11.35558,537.837,9.9979,42.575,4842.624,5377.254,7.818,44.059,209.292,411.572,0.135993,303.399,56.959,22.425,0,climb
14,1,65.0,2193.2,0.9464,3.332,50.12,3860.7,11.57064,351.081,15.0759,43.668,4677.856,5292.873,17.791,40.303,213.149,460.319,0.134189,300.194,65.102,21.332,0,climb
15,1,70.0,2390.9,0.92464,-1.474,49.95,3942.1,11.65229,540.665,10.217,43.169,4810.301,5523.986,8.182,42.084,213.011,511.002,0.134417,304.669,67.213,21.831,0,climb
16,1,75.0,2307.0,0.93382,0.014,50.608,3859.4,12.12087,346.405,15.7565,42.338,4898.714,5458.123,19.488,40.776,215.091,431.585,0.133541,302.757,57.648,22.662,0,climb
17,1,80.0,2320.1,0.93239,-0.829,50.854,4331.0,12.60035,351.126,17.8288,43.581,5714.841,6260.152,24.973,50.167,219.36,432.446,0.133217,303.053,56.78,21.419,0,climb
18,1,85.0,2250.5,0.94005,-1.519,49.657,4122.3,11.97471,272.34,21.0848,45.24,5169.373,5742.24,34.955,45.467,213.073,447.15,0.134813,301.479,58.763,19.76,0,climb
19,1,90.0,2387.9,0.92498,-2.967,51.534,4113.4,11.13374,349.906,15.6408,44.589,4795.855,5472.813,19.252,45.368,220.517,500.638,0.132336,304.6,63.286,20.411,0,climb
20,1,95.0,2209.8,0.94456,-1.721,51.345,4011.1,11.99421,349.965,16.2392,45.861,5038.034,5683.168,20.777,43.925,219.057,482.515,0.132578,300.564,62.251,19.139,0,climb
21,1,100.0,2320.5,0.93234,0.118,50.462,3904.8,10.62234,274.992,17.7441,43.512,4343.533,4879.494,24.833,41.129,214.807,421.125,0.133734,303.063,56.436,21.488,0,climb
22,1,105.0,2246.7,0.94047,1.32,50.124,4085.1,12.03404,267.569,21.311,44.699,5148.082,5702.158,35.845,44.884,214.682,437.677,0.134184,301.394,60.05,20.301,0,climb
23,1,110.0,2572.3,0.90513,-0.46,49.393,3760.5,10.11415,538.821,7.9924,46.839,3982.907,4306.479,5.046,37.709,209.591,291.521,0.135174,308.867,38.946,18.161,0,climb
24,1,115.0,2557.2,0.90674,-1.172,48.169,4377.8,11.89722,271.616,22.1012,45.888,5454.149,6003.06,38.574,51.018,208.968,436.253,0.136879,308.514,58.542,19.112,0,climb
25,1,120.0,2311.5,0.93333,0.571,46.893,4041.3,10.77283,269.035,18.8757,46.534,4559.137,5078.218,28.159,43.477,201.456,408.386,0.138729,302.859,57.226,18.466,0,climb
26,1,125.0,2545.0,0.90804,-1.283,47.807,3726.6,10.17343,351.3,12.9141,46.152,3970.199,4536.733,13.19,37.579,203.031,425.804,0.137398,308.229,57.221,18.848,0,climb
27,1,130.0,2269.6,0.93794,-0.515,46.631,3707.6,9.76363,349.553,11.9357,45.35,3790.815,4172.149,11.275,36.285,198.208,320.33,0.139119,301.909,44.049,19.65,0,climb
28,1,135.0,2472.1,0.91585,-1.193,50.54,3841.0,12.25207,351.01,15.8355,46.531,4928.129,5558.425,19.845,39.926,214.7,470.175,0.133631,306.538,61.637,18.469,0,climb
29,1,140.0,2464.1,0.91672,-0.148,47.646,4236.9,10.66662,540.59,9.7199,46.809,4732.593,5254.484,7.484,46.699,205.843,404.052,0.137629,306.352,55.461,18.191,0,climb
30,1,145.0,2435.7,0.91978,-1.87,49.504,2964.8,8.64259,348.049,8.667,46.672,2683.286,3016.54,5.953,24.768,205.489,289.584,0.135021,305.698,37.23,18.328,0,climb
31,1,150.0,2493.7,0.91353,-0.505,46.632,3715.2,9.58145,267.989,15.7565,45.864,3727.757,4222.558,19.667,36.531,198.259,386.646,0.139118,307.037,53.285,19.136,0,climb
32,1,155.0,2417.6,0.92175,-1.154,49.754,3530.6,9.00759,543.017,6.8446,44.441,3330.34,3716.755,3.713,32.764,209.612,323.268,0.134682,305.28,42.384,20.559,0,climb
33,1,160.0,2527.7,0.90989,-1.374,46.773,3725.6,9.59957,269.716,15.8559,45.542,3745.178,4276.601,19.921,36.83,198.89,407.321,0.138907,307.826,55.206,19.458,0,climb
34,1,165.0,2401.4,0.92351,-0.891,49.029,3668.4,9.13528,350.036,11.4407,45.653,3509.363,4004.662,10.377,36.006,207.553,386.686,0.135675,304.909,51.573,19.347,0,climb
35,1,170.0,2399.5,0.92371,-1.258,49.853,3591.0,8.60473,270.066,13.7251,45.013,3235.839,3706.7,14.939,33.844,210.374,375.595,0.134548,304.867,49.278,19.987,0,climb
36,1,175.0,2369.2,0.92702,-0.809,50.538,3300.1,8.85503,352.163,10.1596,44.882,3060.149,3577.832,8.187,28.992,211.41,396.591,0.133633,304.171,52.188,20.118,0,climb
37,1,180.0,2510.3,0.91175,-1.906,49.873,3407.8,9.20197,268.629,14.0039,46.503,3283.814,3761.853,15.561,31.364,209.362,378.251,0.134521,307.421,48.976,18.497,0,climb
38,1,185.0,2342.8,0.92989,-1.6,51.448,3152.5,8.52864,542.962,6.1789,44.97,2815.518,3354.915,3.03,26.137,214.241,406.202,0.132446,303.571,52.2,20.03,0,climb
39,1,190.0,2465.4,0.91658,-0.706,49.675,3568.2,8.79909,538.137,7.0084,45.831,3287.9,3771.459,3.899,33.22,209.524,376.947,0.134789,306.381,50.102,19.169,0,climb
40,1,195.0,2380.4,0.92579,0.408,48.331,3217.3,8.96058,351.592,9.6499,46.635,3018.922,3392.83,7.394,28.022,202.123,312.542,0.13665,304.429,43.117,18.365,0,climb
41,1,200.0,2415.1,0.92202,-0.043,50.766,3522.4,8.23139,346.978,10.3552,46.799,3036.274,3593.008,8.513,32.624,213.61,420.84,0.133333,305.224,56.069,18.201,0,climb
42,1,205.0,2413.5,0.92219,-0.796,50.397,3084.0,9.01618,538.141,6.2071,45.706,2911.816,3340.285,3.06,25.57,209.671,342.894,0.133821,305.187,45.09,19.294,0,climb
43,1,210.0,2274.2,0.93744,-0.099,49.722,3354.6,8.08418,538.657,5.9485,47.798,2839.874,3204.221,2.811,29.352,208.452,308.668,0.134726,302.013,41.486,17.202,0,climb
44,1,215.0,2530.9,0.90955,-0.677,47.896,3038.2,8.14332,347.148,8.8503,44.047,2590.862,3072.363,6.22,25.265,199.43,368.737,0.13727,307.901,49.94,20.953,0,climb
45,1,220.0,2187.5,0.94704,1.357,51.425,2961.2,7.57762,351.768,7.3936,45.531,2349.786,2600.84,4.342,22.891,213.153,246.254,0.132476,300.065,33.98,19.469,0,climb
46,1,225.0,2484.2,0.91455,-2.218,46.521,3192.8,7.68614,350.164,8.4201,45.964,2569.891,2948.431,5.627,26.85,194.75,310.449,0.139283,306.818,41.022,19.036,0,climb
47,1,230.0,2370.5,0.92687,-1.196,49.212,3156.8,7.70753,541.951,5.4646,44.346,2547.98,2961.57,2.369,25.929,205.319,332.602,0.135422,304.202,43.846,20.654,0,climb
48,1,235.0,2093.7,0.95756,0.308,52.328,2975.8,8.13164,356.07,8.0826,45.666,2534.048,2877.985,5.183,23.675,216.84,299.729,0.131328,297.979,39.671,19.334,0,climb
49,1,240.0,2231.4,0.94216,1.574,49.562,3433.0,9.8767,269.845,15.0261,46.23,3550.68,4054.709,17.904,31.73,208.267,393.271,0.134942,301.049,54.643,18.77,0,climb
50,1,245.0,2018.3,0.96609,1.587,51.044,3493.4,9.2603,539.813,6.9849,45.3,3387.656,3770.56,3.871,32.218,214.551,323.385,0.132969,296.319,44.587,19.7,0,climb
51,1,250.0,2138.4,0.95252,1.91,51.262,3271.2,8.67756,538.808,6.2199,45.279,2972.598,3351.324,3.069,27.811,214.143,318.56,0.132686,298.972,44.178,19.721,0,climb
52,1,255.0,2243.2,0.94085,1.287,50.045,3512.7,8.70193,268.55,13.68,46.573,3200.972,3673.768,14.845,31.82,210.669,375.838,0.13429,301.316,51.758,18.427,0,climb
53,1,260.0,2129.8,0.9535,-0.021,52.466,3377.9,9.00073,350.99,10.2375,46.69,3183.892,3593.242,8.316,30.21,219.563,341.282,0.131155,298.779,44.74,18.31,0,climb
54,1,265.0,2170.4,0.94895,0.739,48.255,3250.4,8.56381,349.701,9.4135,46.334,2914.95,3291.912,7.031,28.777,202.001,314.343,0.136758,299.684,43.727,18.666,0,climb
55,1,270.0,2137.4,0.95264,1.564,51.426,3403.3,9.78435,351.756,11.3444,45.06,3487.103,3990.449,10.21,30.234,215.548,392.037,0.132475,298.949,53.499,19.94,0,climb
56,1,275.0,2139.4,0.95241,-0.7,50.173,3379.1,8.39974,351.0,9.727,45.211,2972.291,3414.158,7.509,30.079,210.398,354.621,0.134118,298.994,46.861,19.789,0,climb
57,1,280.0,2056.5,0.96175,3.386,52.391,3531.9,8.55791,268.956,13.2885,45.014,3165.219,3574.03,14.015,32.465,220.166,344.837,0.131249,297.159,48.646,19.986,0,climb
58,1,285.0,2036.7,0.96399,0.976,50.442,3459.8,9.44552,274.719,14.0241,46.923,3422.152,3852.694,15.612,31.355,211.942,353.308,0.13376,296.723,48.234,18.077,0,climb
59,1,290.0,2124.0,0.95415,1.526,52.106,3311.2,8.88965,346.859,9.8974,46.358,3082.496,3432.989,7.777,29.546,217.742,307.551,0.131608,298.65,42.002,18.642,0,climb
60,1,295.0,2166.7,0.94936,2.591,51.118,3621.9,9.68916,539.927,7.4669,45.916,3674.997,4031.58,4.425,35.418,215.621,311.08,0.132873,299.601,43.926,19.084,0,climb
61,1,300.0,1922.0,0.97709,1.125,52.828,3600.5,9.88625,349.541,12.2027,45.403,3727.576,4265.333,11.817,34.823,222.33,416.803,0.130705,294.221,55.603,19.597,0,climb
62,1,305.0,2075.9,0.95956,0.14,50.052,3677.2,8.78513,275.521,13.9633,46.808,3382.897,3847.175,15.482,35.044,211.703,373.356,0.13428,297.586,50.274,18.192,0,climb
63,1,310.0,2070.2,0.9602,3.322,48.419,3654.4,9.85195,349.534,12.4232,49.813,3770.21,4342.33,12.258,35.862,205.026,428.582,0.136526,297.461,61.835,15.187,0,climb
64,1,315.0,1975.0,0.97102,1.917,51.66,3766.2,11.35491,538.119,9.2075,48.914,4478.266,4954.711,6.739,38.692,218.697,380.903,0.132174,295.372,52.262,16.086,0,climb
65,1,320.0,1895.2,0.98017,4.661,51.141,3425.5,9.60619,271.004,14.4495,47.227,3445.937,3915.881,16.603,31.837,214.539,376.81,0.132843,293.641,54.717,17.773,0,climb
66,1,325.0,1805.8,0.99054,3.466,52.17,3709.1,10.5047,271.513,17.0708,48.369,4080.141,4634.96,23.185,36.425,220.373,431.142,0.131527,291.72,60.173,16.631,0,climb
67,1,330.0,1683.7,1.00487,6.18,50.973,3974.9,11.21515,539.564,9.2667,47.068,4668.35,4999.979,6.837,42.232,217.322,302.273,0.133062,289.127,46.401,17.932,0,climb
68,1,335.0,1898.5,0.97979,1.959,52.245,3826.0,11.45448,348.4,14.7833,47.008,4589.276,5150.508,17.401,39.285,221.423,433.827,0.131432,293.712,58.978,17.992,0,climb
69,1,340.0,1847.1,0.98574,2.998,52.682,3958.4,10.6168,543.201,8.9154,48.808,4400.91,4842.843,6.333,41.983,224.047,365.627,0.130886,292.604,50.853,16.192,0,climb
70,1,345.0,1931.7,0.97598,0.944,49.995,4021.8,11.06149,268.184,19.5804,49.215,4658.636,5251.132,30.553,42.916,213.728,455.112,0.134357,294.43,62.091,15.785,0,climb
71,1,350.0,1637.4,1.01036,3.781,52.022,4089.3,12.44761,269.1,21.9548,47.546,5330.456,5908.019,38.447,45.241,222.302,455.355,0.131713,288.155,63.757,17.454,0,climb
72,1,355.0,1760.6,0.99582,3.896,49.867,3891.7,11.05661,347.508,14.1773,47.853,4506.028,4926.718,16.048,41.017,212.34,352.612,0.13453,290.756,51.333,17.147,0,climb
73,1,360.0,1847.2,0.98572,3.418,53.223,3778.0,10.62955,268.867,17.5342,48.798,4205.336,4714.353,24.552,38.761,225.023,409.711,0.130219,292.607,56.77,16.202,0,climb
74,1,365.0,1702.4,1.00266,3.319,52.21,3928.4,11.35064,272.975,18.7936,47.71,4669.486,5130.189,28.221,41.976,221.956,384.855,0.131477,289.523,53.918,17.29,0,climb
75,1,370.0,1743.8,0.99779,5.231,52.194,4241.7,11.49922,349.875,16.2747,49.06,5107.874,5694.116,21.17,47.49,224.071,454.163,0.131496,290.399,64.951,15.94,0,climb
76,1,375.0,1885.5,0.98129,4.515,51.905,4171.8,11.75674,269.339,21.0823,48.237,5136.184,5678.277,35.561,46.655,222.412,435.234,0.131862,293.432,61.905,16.763,0,climb
77,1,380.0,1691.5,1.00395,2.611,51.547,3674.9,10.52921,354.997,12.8084,48.395,4051.976,4546.936,13.136,37.274,217.666,392.862,0.132319,289.291,54.594,16.605,0,climb
78,1,385.0,1741.3,0.99809,3.178,50.953,4272.7,11.77751,271.103,21.9008,47.914,5269.685,5937.369,38.42,48.409,219.328,504.997,0.133088,290.345,70.387,17.086,0,climb
79,1,390.0,1580.3,1.01716,4.993,54.223,4134.9,12.75594,535.894,11.5639,47.309,5523.432,6197.028,10.725,46.547,231.425,500.391,0.129012,286.963,69.55,17.691,0,climb
80,1,395.0,1575.7,1.01771,7.057,51.821,4021.5,11.96535,538.265,10.3679,49.475,5038.942,5580.657,8.632,43.885,221.029,421.039,0.131969,286.867,62.621,15.525,0,climb
81,1,400.0,1554.5,1.02026,3.504,52.06,4241.3,12.21311,270.587,22.5872,50.338,5424.383,6111.79,41.003,47.47,223.532,518.476,0.131665,286.425,71.769,14.662,0,climb
82,1,405.0,1594.8,1.01543,5.561,54.726,3454.3,8.78987,541.092,6.7308,51.739,3179.63,3641.961,3.646,32.393,229.048,373.572,0.128418,287.264,53.534,13.261,0,climb
83,1,410.0,1651.4,1.00869,4.274,52.855,4368.2,12.27252,272.62,23.2919,51.281,5613.861,6349.839,43.668,50.432,227.641,549.572,0.130671,288.448,76.087,13.719,0,climb
84,1,415.0,1533.9,1.02274,1.923,54.801,4111.4,11.55133,350.558,16.0494,50.114,4973.398,5626.243,20.766,45.233,233.574,493.873,0.12833,285.998,65.301,14.886,0,climb
85,1,420.0,1546.0,1.02128,6.63,53.077,3829.2,10.96434,270.432,18.1471,52.285,4396.648,4907.56,26.573,39.611,224.77,411.931,0.130398,286.25,60.345,12.715,0,climb
86,1,425.0,1583.4,1.0168,4.632,54.563,3905.9,9.17663,350.944,11.9748,50.699,3753.494,4202.474,11.577,40.163,231.221,374.272,0.128609,287.025,52.767,14.301,0,climb
87,1,430.0,1570.5,1.01834,5.654,50.874,3674.7,10.8232,267.064,17.5479,50.787,4164.951,4686.432,24.864,36.958,214.973,411.372,0.133192,286.759,60.446,14.213,0,climb
88,1,435.0,1524.9,1.02382,3.491,52.55,3568.3,9.57923,350.713,11.6139,50.065,3579.486,4073.158,10.897,33.327,221.021,390.88,0.131051,285.813,54.716,14.935,0,climb
89,1,440.0,1516.8,1.0248,6.553,53.26,3459.7,9.95179,350.653,11.4951,51.291,3605.537,4030.778,10.678,32.817,223.214,353.901,0.130174,285.644,52.621,13.709,0,climb
90,1,445.0,1696.2,1.00339,3.307,50.896,3629.9,9.25178,351.129,10.9771,52.305,3516.79,3854.383,9.738,34.929,214.783,302.428,0.133163,289.392,43.579,12.695,0,climb
91,1,450.0,1647.2,1.00919,4.977,52.203,3638.8,9.58464,538.801,7.8332,52.351,3652.237,4220.54,4.956,35.189,220.066,429.662,0.131485,288.361,61.471,12.649,0,climb
92,1,455.0,1479.1,1.02935,4.256,54.01,3356.1,7.74135,349.668,8.9833,50.138,2720.662,3141.17,6.523,29.423,225.614,348.981,0.129267,284.868,49.367,14.862,0,climb
93,1,460.0,1580.1,1.01719,6.457,52.417,4198.9,11.03346,354.691,15.4364,51.835,4851.531,5475.161,19.257,45.594,224.653,473.273,0.131217,286.957,68.558,13.165,0,climb
94,1,465.0,1616.5,1.01284,2.439,52.935,3594.2,10.24858,540.263,8.4806,51.046,3857.402,4581.76,5.818,34.059,222.72,516.566,0.130573,287.718,69.889,13.954,0,climb
95,1,470.0,1552.7,1.02048,4.227,52.158,3226.7,9.27979,539.041,6.8794,52.427,3135.679,3708.258,3.833,28.618,217.483,427.389,0.131541,286.388,60.447,12.573,0,climb
96,1,475.0,1485.5,1.02858,4.838,54.22,3594.6,9.63664,539.988,7.3829,51.639,3627.529,3986.653,4.417,34.775,227.862,317.692,0.129017,284.999,45.826,13.361,0,climb
97,1,480.0,1632.6,1.01093,5.096,50.644,3397.7,8.70925,539.519,6.5122,52.948,3098.826,3513.467,3.435,30.483,212.39,338.891,0.133493,288.055,50.336,12.052,0,climb
98,1,485.0,1587.7,1.01629,3.928,52.884,3117.4,8.72007,350.826,9.4594,52.797,2846.689,3318.592,7.247,25.972,219.798,373.404,0.130635,287.115,52.708,12.203,0,climb
99,1,490.0,1446.5,1.03331,5.405,52.238,3449.1,8.41529,348.032,9.5874,50.97,3039.48,3336.709,7.445,30.874,219.064,279.298,0.131441,284.198,42.116,14.03,0,climb
100,1,495.0,1745.8,0.99755,3.596,51.816,2984.6,8.1844,350.789,8.0709,50.953,2557.978,2831.185,5.273,24.233,214.836,260.217,0.131975,290.442,37.938,14.047,0,climb
101,1,500.0,1493.1,1.02765,2.816,53.905,3168.5,7.58876,349.173,8.3206,48.875,2518.022,2905.313,5.599,25.935,224.154,328.07,0.129392,285.156,45.265,16.125,0,climb
102,1,505.0,1528.6,1.02338,4.479,52.35,3553.2,8.85055,541.312,6.5169,49.951,3293.157,3527.676,3.434,33.006,220.129,244.441,0.131301,285.888,36.575,15.049,0,climb
103,1,510.0,1551.3,1.02065,6.0,52.044,2980.8,8.39191,542.15,5.2557,51.161,2619.565,2849.351,2.231,23.95,215.728,235.242,0.131686,286.359,36.978,13.839,0,climb
104,1,515.0,1514.5,1.02508,7.025,52.223,3195.3,7.87905,270.279,10.9887,51.325,2636.405,2970.003,9.745,26.641,217.568,297.758,0.13146,285.596,46.168,13.675,0,climb
105,1,520.0,1760.3,0.99585,0.97,53.144,3493.3,8.95084,346.649,10.7876,50.442,3274.332,3739.53,9.389,31.261,222.949,374.479,0.130315,290.75,49.77,14.558,0,climb
106,1,525.0,1656.5,1.00809,1.904,55.38,3536.3,7.97042,269.854,12.5017,49.545,2951.589,3373.636,12.609,31.706,232.151,356.536,0.127657,288.555,47.418,15.455,0,climb
107,1,530.0,1673.8,1.00604,5.382,51.193,2908.2,7.29713,349.048,7.0461,50.586,2222.292,2459.412,4.004,22.206,211.961,237.594,0.132776,288.919,36.928,14.414,0,climb
108,1,535.0,1706.3,1.0022,5.183,51.578,3371.1,9.04728,351.533,10.4309,50.196,3193.838,3666.817,8.768,30.147,215.972,374.838,0.132279,289.605,54.766,14.804,0,climb
109,1,540.0,1564.7,1.01903,5.104,51.55,3360.6,8.55898,352.387,9.4908,48.414,3012.128,3344.439,7.261,30.366,215.799,296.813,0.132315,286.638,44.377,16.586,0,climb
110,1,545.0,1797.8,0.99147,4.628,52.479,3709.9,8.33414,539.433,6.6881,52.0,3237.775,3607.772,3.604,35.971,221.613,321.033,0.131139,291.549,46.728,13.0,0,climb
111,1,550.0,1686.3,1.00456,3.2,51.482,3124.5,7.45637,268.586,10.2865,51.312,2439.732,2762.826,8.524,25.761,214.225,289.531,0.132403,289.183,41.535,13.688,0,climb
112,1,555.0,1802.6,0.99092,4.983,51.148,3306.2,9.15177,351.848,10.1006,50.997,3168.582,3553.863,8.214,29.277,213.881,325.022,0.132835,291.65,48.157,14.003,0,climb
113,1,560.0,1905.8,0.97896,2.988,50.88,3598.8,9.48334,346.991,11.6771,50.051,3573.936,4051.839,10.977,34.329,214.53,379.773,0.133183,293.869,53.567,14.949,0,climb
114,1,565.0,1872.5,0.9828,2.045,52.427,3483.4,9.26454,272.485,14.0326,48.058,3379.56,3823.658,15.856,32.225,220.021,364.899,0.131204,293.15,49.921,16.942,0,climb
115,1,570.0,1786.5,0.99279,1.867,47.638,3434.8,8.90262,540.07,6.6964,51.24,3202.216,3616.536,3.611,30.989,200.581,333.707,0.137641,291.307,47.798,13.76,0,climb
116,1,575.0,1885.9,0.98124,3.59,50.771,3152.6,8.79879,270.785,12.1085,48.374,2904.865,3278.807,11.804,26.713,211.531,318.19,0.133327,293.44,46.013,16.626,0,climb
117,1,580.0,1941.2,0.97488,2.066,53.432,3445.5,8.4617,269.999,12.3608,50.479,3053.105,3337.416,12.298,31.528,223.82,276.811,0.129964,294.638,38.041,14.521,0,climb
118,1,585.0,2013.2,0.96666,-0.131,52.292,3649.4,9.53484,348.577,11.5786,49.262,3643.843,4036.036,10.783,35.714,220.488,335.849,0.131373,296.208,43.99,15.738,0,climb
119,1,590.0,2015.6,0.96639,3.421,51.903,3745.6,10.88173,347.801,14.0187,51.428,4268.232,4875.705,15.8,37.556,219.536,456.912,0.131865,296.26,63.671,13.572,0,climb
120,1,595.0,1972.6,0.97129,1.164,51.127,3516.9,10.10686,352.14,12.2983,49.638,3722.283,4330.722,12.17,33.343,215.021,451.882,0.132862,295.321,61.201,15.362,0,climb
121,2,0.0,5457.2,0.64463,-20.843,39.293,4281.5,14.39005,351.605,19.9538,29.757,6451.823,7015.865,29.666,51.08,172.754,424.298,0.151553,389.23,43.461,35.243,0,cruise_low
122,2,5.0,5397.8,0.64915,-21.068,39.146,4829.2,14.32622,352.393,22.9337,27.468,7244.924,8081.655,39.216,62.0,176.408,585.133,0.151837,387.286,67.777,37.532,0,cruise_low
123,2,10.0,5246.1,0.66084,-20.515,40.931,4594.8,13.93087,349.78,21.3034,29.093,6703.122,7451.506,33.902,57.307,181.671,534.407,0.14849,382.382,58.839,35.907,0,cruise_low
124,2,15.0,5532.8,0.63892,-20.456,40.465,4713.7,14.71098,538.684,14.7251,31.343,7261.665,7932.196,16.221,60.043,180.747,484.447,0.149342,391.725,51.892,33.657,0,cruise_low
125,2,20.0,5594.5,0.6343,-19.956,40.145,4727.6,14.21033,350.527,22.1237,30.802,7035.181,7754.943,36.654,59.879,179.58,520.12,0.149936,393.778,58.028,34.198,0,cruise_low
126,2,25.0,5465.9,0.64397,-19.568,40.492,4454.6,14.17052,271.373,26.871,31.692,6610.376,7292.083,54.144,54.246,178.834,504.19,0.149293,389.518,55.704,33.308,0,cruise_low
127,2,30.0,5579.8,0.6354,-21.924,41.485,4509.4,14.08746,270.104,26.8118,33.061,6652.456,7241.963,53.971,55.568,183.224,455.972,0.147495,393.287,45.33,31.939,0,cruise_low
128,2,35.0,5764.4,0.62175,-20.759,41.387,4980.2,14.77875,537.738,15.5148,32.523,7707.522,8342.921,18.084,65.961,186.631,471.274,0.14767,399.507,48.834,32.477,0,cruise_low
129,2,40.0,5523.1,0.63965,-20.757,38.995,4642.6,13.52503,349.885,20.4633,30.927,6575.444,7159.818,31.486,57.308,174.302,439.799,0.152131,391.404,46.15,34.073,0,cruise_low
130,2,45.0,5631.0,0.63158,-22.786,38.999,4672.4,13.31517,267.086,27.0754,31.365,6514.99,7231.444,55.159,57.474,174.554,523.284,0.152123,394.998,56.817,33.635,0,cruise_low
131,2,50.0,5629.7,0.63168,-22.288,40.541,4586.2,14.20899,539.984,13.9926,32.04,6824.148,7555.773,14.75,56.611,180.042,515.525,0.149203,394.955,54.629,32.96,0,cruise_low
132,2,55.0,5653.3,0.62992,-22.489,41.314,4814.2,14.36299,348.917,22.7773,31.545,7240.923,7947.379,39.125,61.87,184.957,517.229,0.1478,395.749,53.957,33.455,0,cruise_low
133,2,60.0,5770.0,0.62134,-20.717,37.481,4521.2,12.57479,271.784,24.2584,32.147,5953.65,6593.022,44.424,54.761,167.301,471.573,0.155173,399.698,52.458,32.853,0,cruise_low
134,2,65.0,5617.2,0.63261,-19.349,40.477,4448.7,13.81897,269.988,26.3968,30.529,6437.796,7126.821,52.651,53.914,178.73,507.347,0.14932,394.537,56.409,34.471,0,cruise_low
135,2,70.0,5728.6,0.62437,-22.759,39.704,4263.4,13.53616,268.765,24.5198,34.378,6043.325,6590.065,45.48,49.95,174.267,422.071,0.150766,398.29,40.875,30.622,0,cruise_low
136,2,75.0,5672.9,0.62848,-20.774,37.311,4397.3,13.25948,266.215,25.6398,34.353,6105.808,6825.703,49.748,52.295,165.682,516.419,0.155526,396.406,59.543,30.647,0,cruise_low
137,2,80.0,5605.8,0.63346,-22.391,38.183,4146.7,12.6219,350.375,17.051,34.691,5480.926,5974.258,22.029,46.474,167.349,377.465,0.15374,394.155,35.64,30.309,0,cruise_low
138,2,85.0,5780.1,0.6206,-22.955,38.32,4568.2,12.98318,539.427,12.6946,32.754,6210.937,6847.793,12.211,56.02,171.02,457.934,0.153465,400.044,47.322,32.246,0,cruise_low
139,2,90.0,5825.3,0.61731,-23.107,42.268,4616.2,13.03292,351.501,20.1542,33.614,6300.216,7084.232,30.799,56.218,187.183,554.599,0.146124,401.588,57.933,31.386,0,cruise_low
140,2,95.0,5926.5,0.61,-25.342,37.744,4404.2,14.17071,350.713,20.44,34.155,6535.683,7168.595,31.715,53.351,167.464,461.74,0.154632,405.081,46.058,30.845,0,cruise_low
141,2,100.0,5712.7,0.62554,-20.832,37.094,4396.1,13.39522,351.177,19.6281,34.617,6166.635,6892.939,29.261,51.885,164.802,510.143,0.155981,397.751,58.741,30.383,0,cruise_low
142,2,105.0,5657.4,0.62962,-21.122,39.004,4309.4,12.43481,540.648,11.6048,34.761,5611.563,6274.139,10.24,49.663,171.802,468.684,0.152114,395.887,50.171,30.239,0,cruise_low
143,2,110.0,5699.1,0.62654,-23.347,39.545,4576.4,14.01265,349.775,21.1371,35.117,6715.487,7393.255,33.998,55.984,175.983,492.456,0.15107,397.291,51.048,29.883,0,cruise_low
144,2,115.0,5899.3,0.61195,-23.503,40.487,4264.2,12.56001,268.197,23.188,35.597,5608.687,6218.964,40.946,48.676,177.403,455.813,0.149303,404.14,44.551,29.403,0,cruise_low
145,2,120.0,5868.5,0.61418,-21.727,37.997,4010.5,11.74423,352.196,15.7606,37.003,4932.278,5550.815,18.925,43.134,165.66,442.669,0.154116,403.076,46.495,27.997,0,cruise_low
146,2,125.0,5784.2,0.6203,-21.895,39.212,3956.4,11.61869,348.466,15.1553,33.907,4813.729,5281.109,17.508,42.574,170.153,360.665,0.15171,400.182,32.822,31.093,0,cruise_low
147,2,130.0,5770.1,0.62133,-22.896,38.185,3778.7,10.62826,269.023,17.4686,34.916,4205.617,4699.441,23.258,38.976,164.876,373.803,0.153737,399.701,34.571,30.084,0,cruise_low
148,2,135.0,5804.5,0.61882,-21.277,39.589,4235.2,11.60243,539.204,10.8412,35.855,5145.827,5845.597,8.958,48.166,173.602,488.7,0.150986,400.877,52.51,29.145,0,cruise_low
149,2,140.0,5928.4,0.60987,-22.918,37.461,4138.1,11.92171,540.156,10.5931,35.151,5166.107,5721.952,8.56,45.632,164.397,404.08,0.155216,405.147,39.802,29.849,0,cruise_low
150,2,145.0,5799.6,0.61917,-22.335,39.704,4318.7,12.41249,541.253,11.3295,33.544,5613.618,6132.144,9.793,49.881,174.669,390.644,0.150767,400.71,36.562,31.456,0,cruise_low
151,2,150.0,5872.8,0.61387,-23.048,36.441,3902.4,11.05819,349.456,14.4764,34.701,4518.98,5058.86,15.99,41.957,158.708,394.429,0.157373,403.224,39.024,30.299,0,cruise_low
152,2,155.0,5726.4,0.62453,-22.013,40.866,3824.4,11.66451,272.651,19.3208,35.443,4671.574,5267.815,28.487,40.342,175.898,438.06,0.148607,398.216,43.086,29.557,0,cruise_low
153,2,160.0,5844.5,0.61591,-23.921,40.371,4008.9,11.04553,542.199,9.3611,35.748,4636.978,5075.562,6.69,43.403,175.144,342.577,0.149517,402.249,27.3,29.252,0,cruise_low
154,2,165.0,5738.5,0.62364,-22.199,38.178,3602.4,10.22985,351.205,12.4395,36.215,3859.089,4368.807,11.808,35.649,163.744,375.386,0.15375,398.628,35.517,28.785,0,cruise_low
155,2,170.0,5756.7,0.62231,-22.828,41.09,3938.9,11.07912,351.755,14.4938,35.117,4569.913,5098.272,16.031,41.668,177.548,396.458,0.148202,399.245,35.928,29.883,0,cruise_low
156,2,175.0,5836.4,0.6165,-22.822,41.217,3576.9,10.32626,349.234,12.3177,33.441,3867.96,4301.748,11.579,34.861,175.744,338.566,0.147974,401.969,27.276,31.559,0,cruise_low
157,2,180.0,5759.7,0.62209,-23.391,39.395,3745.2,10.71262,538.859,8.63,33.105,4201.483,4650.346,5.681,37.801,169.502,342.718,0.151358,399.349,28.482,31.895,0,cruise_low
158,2,185.0,6056.1,0.60077,-25.724,39.13,3804.8,10.47661,540.629,8.7108,34.071,4174.274,4709.32,5.787,38.212,168.824,390.046,0.151869,409.616,33.512,30.929,0,cruise_low
159,2,190.0,5798.2,0.61928,-23.529,38.287,3941.8,10.23339,268.879,18.1594,35.196,4224.165,4882.675,25.146,41.05,166.353,466.828,0.153533,400.661,48.145,29.804,0,cruise_low
160,2,195.0,5753.2,0.62257,-23.515,39.024,3604.7,9.68048,351.367,11.9558,36.855,3654.174,4200.88,10.907,34.592,167.141,396.376,0.152075,399.126,36.764,28.145,0,cruise_low
161,2,200.0,5858.8,0.61488,-22.239,37.555,4071.2,10.64227,350.779,14.6575,37.291,4537.204,5141.561,16.394,43.937,164.307,433.483,0.155022,402.74,44.961,27.709,0,cruise_low
162,2,205.0,5558.2,0.63701,-21.308,41.724,3721.5,11.10085,348.646,14.0596,34.814,4326.14,4901.818,15.09,37.745,178.669,420.8,0.147072,392.57,40.58,30.186,0,cruise_low
163,2,210.0,5797.2,0.61935,-23.673,38.498,4236.7,12.5528,270.349,23.2576,36.101,5569.221,6287.676,41.304,47.501,169.25,511.275,0.15311,400.626,54.608,28.899,0,cruise_low
164,2,215.0,5676.4,0.62822,-22.197,40.086,4256.8,12.36263,271.063,22.7068,34.96,5510.958,6154.971,39.405,48.594,175.747,472.893,0.150047,396.525,48.759,30.04,0,cruise_low
165,2,220.0,5612.8,0.63293,-20.16,38.037,3965.2,11.58741,350.321,15.9205,34.498,4811.545,5577.292,19.383,42.962,165.513,523.697,0.154035,394.391,60.508,30.502,0,cruise_low
166,2,225.0,5668.1,0.62883,-21.665,40.62,4249.4,12.25973,346.961,17.5942,35.056,5455.58,6104.49,23.699,49.006,177.83,469.642,0.149057,396.247,48.338,29.944,0,cruise_low
167,2,230.0,5705.4,0.62608,-22.391,39.664,4152.2,11.24521,538.095,10.3989,36.369,4889.61,5595.602,8.283,45.423,173.311,490.454,0.150843,397.505,51.59,28.631,0,cruise_low
168,2,235.0,5453.8,0.64489,-19.358,42.432,4436.8,12.6199,271.747,24.1972,37.48,5863.492,6575.517,44.882,52.234,186.46,519.223,0.14584,389.118,56.366,27.52,0,cruise_low
169,2,240.0,5886.4,0.61288,-22.719,36.877,4310.2,12.32956,272.308,22.816,38.286,5565.171,6212.994,39.942,49.859,163.3,470.198,0.156439,403.693,50.839,26.714,0,cruise_low
170,2,245.0,5662.8,0.62922,-21.479,38.928,4561.3,13.79623,535.734,13.586,36.745,6589.912,7278.503,14.171,55.568,173.395,488.136,0.152263,396.069,52.846,28.255,0,cruise_low
171,2,250.0,5535.0,0.63875,-21.41,38.809,4461.2,12.84572,539.663,11.995,38.102,6001.188,6473.243,11.054,53.411,172.154,366.109,0.152495,391.8,34.419,26.898,0,cruise_low
172,2,255.0,5644.2,0.6306,-25.313,39.071,3963.0,12.45159,351.347,16.232,35.669,5167.423,5703.052,20.241,43.598,169.635,399.659,0.151983,395.443,35.428,29.331,0,cruise_low
173,2,260.0,5483.8,0.64261,-21.102,37.821,4219.3,12.97268,268.314,23.7354,36.439,5731.903,6368.554,43.275,49.043,166.418,466.59,0.154474,390.106,50.974,28.561,0,cruise_low
174,2,265.0,5713.8,0.62546,-22.18,39.655,4212.5,12.34838,540.168,11.2845,37.142,5447.246,6095.538,9.788,47.953,173.705,460.711,0.150859,397.788,47.323,27.858,0,cruise_low
175,2,270.0,5424.1,0.64715,-20.841,40.764,4232.3,13.40468,348.394,18.3821,40.288,5940.961,6404.207,25.985,49.267,178.281,368.875,0.148794,388.144,34.045,24.712,0,cruise_low
176,2,275.0,5533.8,0.63884,-18.625,41.334,4504.7,13.79565,268.701,26.5825,38.461,6507.906,7142.748,54.331,54.741,182.584,480.409,0.147765,391.76,52.362,26.539,0,cruise_low
177,2,280.0,5507.9,0.64079,-20.921,40.42,4780.7,13.95055,349.637,22.265,37.723,6984.163,7784.668,38.142,61.093,181.109,566.433,0.149425,390.902,63.718,27.277,0,cruise_low
178,2,285.0,5475.4,0.64325,-21.632,39.19,4411.3,12.4413,269.983,23.374,36.643,5747.218,6310.59,42.088,52.737,173.299,430.51,0.151753,389.828,43.699,28.357,0,cruise_low
179,2,290.0,5423.4,0.64719,-22.125,39.942,4457.1,12.40766,270.412,23.5706,36.384,5791.2,6373.784,42.81,53.717,176.655,443.353,0.150316,388.124,44.518,28.616,0,cruise_low
180,2,295.0,5425.5,0.64704,-19.702,39.326,4350.6,12.50847,538.321,11.6813,38.111,5698.755,6288.289,10.518,50.81,173.392,429.868,0.15149,388.191,45.419,26.889,0,cruise_low
181,2,300.0,5312.8,0.65568,-21.596,43.301,4763.2,14.53815,349.438,22.4626,39.446,7251.703,7849.293,38.906,60.975,192.488,460.24,0.14437,384.526,44.849,25.554,0,cruise_low
182,2,305.0,5371.6,0.65115,-20.671,42.193,4248.6,13.64759,349.914,19.3685,40.484,6071.929,6777.298,28.935,50.356,184.113,506.485,0.146253,386.434,53.404,24.516,0,cruise_low
183,2,310.0,5159.3,0.66762,-17.759,41.048,4283.4,14.57372,539.154,13.0402,36.273,6537.121,7030.702,13.125,50.95,179.788,381.209,0.148278,379.615,38.766,28.727,0,cruise_low
184,2,315.0,5440.2,0.64592,-21.781,41.345,4592.4,13.4619,266.735,27.2598,39.682,6473.991,7271.145,57.357,56.834,183.307,572.309,0.147744,388.673,62.774,25.318,0,cruise_low
185,2,320.0,5231.1,0.662,-17.816,37.127,4726.3,13.54281,349.635,21.2375,38.903,6702.809,7425.352,34.853,59.204,167.495,515.097,0.155912,381.903,62.494,26.097,0,cruise_low
186,2,325.0,5274.2,0.65866,-20.018,40.489,4446.8,14.05552,350.588,20.6167,38.906,6545.233,7227.968,32.882,54.097,178.765,495.089,0.149298,383.282,53.898,26.094,0,cruise_low
187,2,330.0,5321.0,0.65504,-20.204,37.45,4671.8,14.87607,350.094,22.7816,39.127,7277.758,7975.691,40.179,59.599,168.352,504.522,0.155238,384.794,58.117,25.873,0,cruise_low
188,2,335.0,5267.6,0.65917,-18.853,41.707,4748.5,14.7087,350.937,22.8276,39.876,7314.003,8011.05,40.377,61.08,185.995,512.729,0.147101,383.072,56.57,25.124,0,cruise_low
189,2,340.0,5163.5,0.66729,-21.992,40.465,4713.0,14.7593,345.538,22.9432,40.552,7284.291,7927.745,40.82,59.726,180.741,480.479,0.149342,379.747,49.763,24.448,0,cruise_low
190,2,345.0,5202.3,0.66425,-19.406,40.023,4628.7,13.71118,538.25,13.4071,42.235,6646.023,7216.345,13.946,57.746,178.304,426.175,0.150165,380.982,44.59,22.765,0,cruise_low
191,2,350.0,5239.7,0.66133,-19.891,39.926,4414.1,13.73015,540.092,12.5665,38.571,6346.612,6787.043,12.254,53.524,176.265,351.157,0.150348,382.178,32.905,26.429,0,cruise_low
192,2,355.0,5119.9,0.67072,-17.053,40.627,4858.7,14.39153,351.168,22.6425,40.55,7322.406,7951.315,39.772,63.175,182.575,474.385,0.149044,378.369,53.651,24.45,0,cruise_low
193,2,360.0,5175.7,0.66634,-19.677,40.622,4987.6,14.62456,270.188,30.8536,38.292,7638.376,8336.271,73.896,66.159,183.631,529.501,0.149055,380.134,59.247,26.708,0,cruise_low
194,2,365.0,5204.0,0.66412,-19.765,39.349,4994.0,13.8288,351.184,22.8209,40.09,7231.996,8014.339,40.465,66.206,178.594,558.658,0.151446,381.037,64.841,24.91,0,cruise_low
195,2,370.0,5090.9,0.67301,-15.507,41.333,4302.1,12.27491,538.176,11.4216,42.409,5529.965,6146.834,10.148,50.308,181.062,447.961,0.147767,377.455,50.687,22.591,0,cruise_low
196,2,375.0,5221.2,0.66277,-20.62,40.204,4144.9,11.78962,345.955,16.7957,41.557,5117.365,5810.544,21.954,46.882,175.42,491.163,0.149826,381.586,52.969,23.443,0,cruise_low
197,2,380.0,4950.9,0.68419,-16.234,42.866,4677.9,13.60126,350.726,20.7533,42.527,6662.794,7278.727,33.539,58.397,190.065,465.663,0.145099,373.084,51.334,22.473,0,cruise_low
198,2,385.0,5154.0,0.66804,-17.615,43.241,4457.3,13.56924,270.68,25.2823,39.958,6333.629,6843.4,49.799,53.39,189.85,412.242,0.14447,379.445,41.942,25.042,0,cruise_low
199,2,390.0,4962.0,0.6833,-17.273,41.639,4179.1,12.30945,543.268,10.9737,40.896,5387.074,5961.636,9.382,47.437,181.402,423.209,0.147222,373.429,45.033,24.104,0,cruise_low
200,2,395.0,5012.0,0.67929,-18.628,37.677,4174.5,11.64581,350.161,16.7787,41.314,5090.958,5875.268,21.939,47.02,165.52,536.886,0.15477,374.984,64.466,23.686,0,cruise_low
201,2,400.0,5117.3,0.67093,-18.709,42.618,4515.9,12.83472,274.024,24.7258,40.843,6069.529,6775.46,47.696,54.312,187.805,518.678,0.145522,378.286,56.77,24.157,0,cruise_low
202,2,405.0,5019.7,0.67867,-19.337,40.521,4377.8,13.1664,352.77,18.8652,41.439,6036.044,6655.061,27.786,51.568,178.374,456.437,0.14924,375.223,48.781,23.561,0,cruise_low
203,2,410.0,4864.7,0.69117,-17.283,42.195,3844.3,12.4895,349.71,16.0603,40.76,5027.953,5616.436,20.144,40.439,181.34,432.531,0.14625,370.428,45.975,24.24,0,cruise_low
204,2,415.0,4868.9,0.69083,-15.561,39.759,4362.1,11.75594,348.905,17.1138,40.242,5370.044,5971.084,22.879,50.465,175.209,442.421,0.150663,370.558,51.095,24.758,0,cruise_low
205,2,420.0,4835.4,0.69355,-16.319,39.562,4111.9,11.67758,348.329,16.2043,39.885,5028.302,5644.441,20.521,45.699,172.621,446.355,0.151037,369.534,51.097,25.115,0,cruise_low
206,2,425.0,4891.2,0.68901,-16.141,42.4,3765.4,10.2693,354.519,12.8619,43.648,4049.267,4559.798,12.934,38.304,181.652,385.593,0.145895,371.244,40.115,21.352,0,cruise_low
207,2,430.0,4945.8,0.68461,-16.705,41.604,4293.4,13.13488,538.175,11.9947,41.622,5905.521,6455.261,11.248,50.073,182.084,411.89,0.147284,372.925,43.96,23.378,0,cruise_low
208,2,435.0,4928.2,0.68602,-16.888,39.759,4069.3,10.65786,273.48,18.578,41.559,4541.698,5080.697,26.985,43.817,173.112,406.211,0.150662,372.382,44.313,23.441,0,cruise_low
209,2,440.0,4899.6,0.68833,-15.426,41.373,4069.1,11.00049,539.382,9.655,42.739,4687.46,5207.754,7.289,44.422,179.564,390.236,0.147696,371.501,42.21,22.261,0,cruise_low
210,2,445.0,4926.3,0.68617,-16.904,39.794,4257.7,10.77112,350.158,15.3622,42.123,4802.48,5379.218,18.454,47.561,174.583,425.475,0.150597,372.325,47.171,22.877,0,cruise_low
211,2,450.0,4871.8,0.69059,-16.232,40.45,3822.4,11.24494,541.245,9.5293,43.359,4501.179,5157.663,7.102,39.829,174.22,460.584,0.14937,370.647,52.565,21.641,0,cruise_low
212,2,455.0,4936.6,0.68534,-16.202,40.491,3851.1,10.57526,267.279,18.045,41.369,4264.848,4823.055,25.481,39.154,174.572,414.657,0.149294,372.643,45.703,23.631,0,cruise_low
213,2,460.0,4895.9,0.68863,-16.475,41.817,3844.0,10.817,540.852,8.9165,44.345,4354.318,4822.483,6.222,39.953,179.829,359.193,0.146908,371.388,36.294,20.655,0,cruise_low
214,2,465.0,5082.7,0.67366,-20.408,39.42,3975.8,10.41839,350.872,14.1724,41.403,4337.607,4972.718,15.716,42.035,171.115,452.3,0.15131,377.196,48.029,23.597,0,cruise_low
215,2,470.0,4914.5,0.68712,-15.169,42.429,4024.1,12.21091,349.435,16.3096,41.76,5145.692,5699.152,20.819,43.738,183.479,416.02,0.145846,371.962,45.505,23.24,0,cruise_low
216,2,475.0,5006.1,0.67976,-16.859,40.558,4028.1,11.16485,541.438,10.0891,42.884,4709.573,5462.641,7.968,43.888,176.024,516.733,0.149171,374.799,60.223,22.116,0,cruise_low
217,2,480.0,5055.8,0.6758,-17.255,41.176,3899.2,11.62825,268.389,19.6521,42.135,4748.03,5274.408,30.257,41.272,177.629,401.629,0.148047,376.353,42.205,22.865,0,cruise_low
218,2,485.0,4952.7,0.68404,-16.813,39.597,3884.7,9.52682,349.698,12.5084,42.193,3875.581,4374.16,12.258,39.984,171.215,374.774,0.150971,373.142,39.767,22.807,0,cruise_low
219,2,490.0,4974.8,0.68227,-18.563,41.527,3845.5,12.41427,351.884,16.1785,43.15,4999.159,5692.935,20.503,40.739,178.678,489.541,0.14742,373.824,53.605,21.85,0,cruise_low
220,2,495.0,4946.3,0.68456,-16.614,38.81,3923.3,10.19554,350.87,13.7159,42.479,4188.781,4812.498,14.744,41.102,168.325,443.921,0.152493,372.943,51.08,22.521,0,cruise_low
221,2,500.0,4937.1,0.6853,-16.817,41.915,4097.4,10.20361,541.712,9.085,41.811,4378.127,4921.45,6.471,44.215,181.932,403.506,0.146736,372.658,42.392,23.189,0,cruise_low
222,2,505.0,5080.3,0.67385,-15.906,39.6,3913.7,11.35807,269.257,19.5662,42.159,4655.053,5268.322,30.016,41.058,171.42,446.42,0.150965,377.121,51.488,22.841,0,cruise_low
223,2,510.0,5224.8,0.66249,-19.61,40.067,3977.4,11.24181,271.61,19.7505,44.466,4682.395,5364.432,30.596,42.198,173.713,486.049,0.150083,381.701,53.338,20.534,0,cruise_low
224,2,515.0,5019.6,0.67868,-18.88,40.092,3824.4,11.24954,352.868,14.5055,43.385,4505.374,5118.518,16.512,39.92,172.801,440.384,0.150035,375.22,47.193,21.615,0,cruise_low
225,2,520.0,5037.9,0.67722,-17.714,41.727,4280.1,11.68534,347.765,16.9536,44.247,5237.463,5895.858,22.56,48.465,182.478,476.194,0.147067,375.791,52.318,20.753,0,cruise_low
226,2,525.0,5024.5,0.6783,-17.43,41.563,4042.7,11.4272,349.776,15.2863,44.696,4837.695,5346.788,18.349,43.837,180.146,389.05,0.147356,375.371,39.899,20.304,0,cruise_low
227,2,530.0,5079.3,0.67394,-15.964,39.436,3930.3,11.20829,538.638,9.8569,42.511,4613.151,5309.296,7.628,41.592,170.875,481.922,0.151278,377.088,56.941,22.489,0,cruise_low
228,2,535.0,5221.8,0.66273,-19.371,41.135,3961.6,12.19641,275.423,20.4438,42.891,5059.758,5630.692,32.835,43.549,177.881,428.433,0.148121,381.605,44.089,22.109,0,cruise_low
229,2,540.0,5191.4,0.6651,-18.657,43.734,3959.1,11.20259,349.401,14.719,42.803,4644.563,5142.819,17.021,42.985,188.258,385.76,0.143653,380.635,36.758,22.197,0,cruise_low
230,2,545.0,5176.4,0.66628,-17.678,39.678,4403.6,12.21129,540.577,11.4007,43.528,5631.153,6162.947,10.208,51.904,175.196,399.276,0.150816,380.156,42.539,21.472,0,cruise_low
231,2,550.0,5348.7,0.65291,-20.018,40.018,4679.1,13.2567,267.482,26.7524,45.397,6495.668,7155.79,56.209,58.395,178.682,495.046,0.150174,385.691,54.325,19.603,0,cruise_low
232,2,555.0,5348.5,0.65293,-19.398,38.883,4636.5,13.07562,539.785,12.9836,41.994,6348.693,7008.374,13.246,56.798,173.803,472.557,0.152351,385.681,52.596,23.006,0,cruise_low
233,2,560.0,5281.5,0.65809,-20.094,40.532,4424.7,12.84037,351.009,18.6577,43.675,5949.648,6549.006,27.366,52.719,178.77,446.132,0.149219,383.518,46.477,21.325,0,cruise_low
234,2,565.0,5231.7,0.66196,-16.806,40.516,4078.4,11.53923,268.836,20.2632,42.885,4928.309,5447.469,32.282,45.79,176.201,399.961,0.149249,381.919,42.888,22.115,0,cruise_low
235,2,570.0,5404.1,0.64867,-20.695,40.448,4016.7,12.58089,543.527,10.6635,44.141,5291.854,5795.887,8.94,44.183,175.506,380.101,0.149374,387.492,36.082,20.859,0,cruise_low
236,2,575.0,5439.4,0.64598,-20.16,38.522,4398.7,12.66076,267.616,24.2778,43.8,5831.959,6497.114,46.324,51.827,170.535,486.744,0.153062,388.647,54.342,21.2,0,cruise_low
237,2,580.0,5139.7,0.66916,-18.034,41.821,4557.3,13.2229,349.091,20.0031,42.932,6310.522,6982.888,31.463,55.475,184.937,492.144,0.146902,378.992,54.263,22.068,0,cruise_low
238,2,585.0,5209.7,0.66368,-18.842,40.97,4547.2,13.50444,268.402,26.0324,44.751,6430.56,6987.148,53.315,56.174,181.455,437.048,0.14842,381.217,46.025,20.249,0,cruise_low
239,2,590.0,5232.8,0.66187,-17.59,40.687,4504.1,12.26932,349.001,18.1142,43.585,5786.988,6321.861,25.817,54.481,179.991,411.31,0.148935,381.955,43.668,21.415,0,cruise_low
240,2,595.0,5406.9,0.64845,-20.138,38.78,4419.7,14.11059,350.344,20.7149,44.208,6530.765,7257.327,33.762,53.067,171.722,515.957,0.152553,387.584,58.573,20.792,0,cruise_low
241,3,0.0,8717.0,0.43929,-41.757,30.96,5460.0,17.45017,539.235,20.8694,37.173,9977.426,11253.521,33.469,80.147,149.18,820.11,0.170735,519.752,98.265,27.827,0,cruise_high
242,3,5.0,8602.6,0.44525,-39.926,33.57,5573.4,16.4111,273.726,38.5499,38.038,9578.329,10552.127,114.447,82.365,160.684,696.462,0.163963,514.271,74.269,26.962,0,cruise_high
243,3,10.0,8679.5,0.44123,-40.501,33.639,5195.4,15.71576,270.525,34.8241,37.154,8550.358,9420.773,93.514,72.538,157.501,624.327,0.163795,517.948,61.76,27.846,0,cruise_high
244,3,15.0,8957.3,0.42705,-40.32,35.124,4855.9,15.83461,268.521,32.8912,37.162,8052.081,8831.963,83.491,64.661,160.539,567.846,0.160295,531.497,50.704,27.838,0,cruise_high
245,3,20.0,8951.0,0.42737,-44.541,32.475,5169.6,16.83476,538.698,18.6902,39.896,9113.722,10068.375,26.97,72.085,152.618,638.312,0.166704,531.185,61.868,25.104,0,cruise_high
246,3,25.0,8838.1,0.43308,-42.559,33.251,5349.1,17.18501,349.08,30.1424,38.118,9626.232,10522.089,70.204,76.244,157.325,629.42,0.164748,525.63,61.137,26.882,0,cruise_high
247,3,30.0,8888.4,0.43052,-43.54,31.616,5289.5,15.54805,352.573,26.9408,39.426,8612.237,9498.607,56.126,74.289,150.247,613.801,0.168954,528.095,60.164,25.574,0,cruise_high
248,3,35.0,9034.0,0.42321,-44.631,31.607,5058.4,16.42655,349.903,27.6593,40.366,8701.354,9678.045,59.203,69.304,148.179,661.688,0.168978,535.318,67.18,24.634,0,cruise_high
249,3,40.0,8861.7,0.43188,-41.79,33.074,5253.8,17.46556,353.2,30.2083,40.016,9609.184,10669.576,70.685,74.898,155.757,718.818,0.165189,526.786,76.951,24.984,0,cruise_high
250,3,45.0,9003.1,0.42475,-42.517,31.059,5101.2,16.67889,348.302,27.7688,42.312,8909.888,9671.932,59.806,70.324,146.354,543.542,0.170464,533.776,50.137,22.688,0,cruise_high
251,3,50.0,8978.2,0.426,-43.508,31.283,4951.4,15.76939,352.164,24.9789,39.7,8176.538,8796.675,48.41,66.415,145.972,458.434,0.169851,532.536,34.358,25.3,0,cruise_high
252,3,55.0,8984.6,0.42568,-40.967,30.697,5317.4,16.39586,538.952,18.5519,40.164,9129.809,9998.596,26.698,75.607,146.822,589.94,0.171464,532.855,60.186,24.836,0,cruise_high
253,3,60.0,8973.2,0.42625,-44.879,32.984,4838.2,15.62266,348.508,25.0323,39.278,7915.228,8723.975,48.641,63.276,151.831,563.498,0.165415,532.288,48.332,25.722,0,cruise_high
254,3,65.0,9015.8,0.42412,-45.1,32.191,4914.4,13.72847,540.491,14.8994,39.971,7065.118,8052.99,17.237,64.227,149.292,647.17,0.167439,534.41,63.262,25.029,0,cruise_high
255,3,70.0,9004.3,0.42469,-42.288,31.554,4683.4,13.68476,350.7,20.7323,41.378,6711.688,7270.804,33.401,59.573,144.859,414.539,0.169121,533.838,27.82,23.622,0,cruise_high
256,3,75.0,8996.2,0.4251,-41.392,32.327,4889.3,16.36635,541.969,17.329,41.1,8379.634,9391.797,23.325,64.704,149.627,663.636,0.167086,533.43,69.492,23.9,0,cruise_high
257,3,80.0,9095.5,0.42016,-44.271,32.293,5183.7,15.57243,542.901,17.3788,38.924,8453.278,9434.97,23.483,71.731,152.012,651.182,0.167174,538.406,64.59,26.076,0,cruise_high
258,3,85.0,9089.7,0.42045,-43.135,30.473,4939.4,15.60299,346.908,25.8267,41.791,8070.641,8959.49,51.904,65.229,142.629,605.76,0.172095,538.115,61.113,23.209,0,cruise_high
259,3,90.0,9087.7,0.42055,-43.52,32.174,4378.5,12.73645,268.817,24.2057,39.03,5839.893,6506.914,45.624,51.895,144.99,475.991,0.167484,538.012,36.201,25.97,0,cruise_high
260,3,95.0,9056.1,0.42211,-44.058,32.803,4427.6,13.48214,537.876,12.9298,41.845,6251.113,6954.635,13.016,53.148,147.876,483.256,0.165869,536.426,36.099,23.155,0,cruise_high
261,3,100.0,9213.2,0.41439,-43.558,34.952,4492.0,14.26762,347.953,21.0077,40.667,6711.579,7309.709,34.354,55.206,156.96,439.905,0.160689,544.379,27.13,24.333,0,cruise_high
262,3,105.0,9311.8,0.4096,-44.013,34.345,4636.3,13.44594,543.197,13.7043,42.233,6528.184,7444.128,14.613,57.165,155.653,606.113,0.162102,549.451,54.24,22.767,0,cruise_high
263,3,110.0,9194.0,0.41532,-41.827,33.422,4382.1,12.63081,347.901,18.3867,41.224,5796.18,6396.727,26.316,51.596,150.009,432.866,0.164327,543.401,29.304,23.776,0,cruise_high
264,3,115.0,9461.0,0.40248,-46.004,30.197,4623.2,12.71962,543.245,12.8112,40.492,6158.045,6959.615,12.771,56.949,138.955,534.767,0.172879,557.233,46.446,24.508,0,cruise_high
265,3,120.0,9130.1,0.41846,-42.75,31.648,4532.7,13.69997,271.798,26.5331,41.093,6502.88,7211.646,54.791,55.899,144.055,504.456,0.16887,540.154,42.438,23.907,0,cruise_high
266,3,125.0,9226.6,0.41373,-44.943,31.519,4806.3,14.20948,350.53,22.518,40.313,7151.799,7893.249,39.466,61.499,145.71,518.801,0.169215,545.068,42.846,24.687,0,cruise_high
267,3,130.0,9143.7,0.41779,-44.495,32.557,4666.4,13.65275,351.278,20.7464,40.335,6671.641,7287.747,33.502,58.247,148.738,447.077,0.166495,540.842,29.941,24.665,0,cruise_high
268,3,135.0,9237.4,0.4132,-43.093,29.529,4515.4,14.00134,272.061,26.5854,41.64,6620.599,7232.834,54.994,55.375,135.449,447.347,0.174822,545.62,35.113,23.36,0,cruise_high
269,3,140.0,9350.7,0.40774,-45.24,32.52,4581.0,13.14846,350.353,19.9606,42.633,6307.534,6993.265,30.996,56.482,147.915,483.079,0.166591,551.462,35.237,22.367,0,cruise_high
270,3,145.0,9281.2,0.41108,-46.179,29.012,4564.6,13.5204,349.867,20.3137,40.46,6462.785,7107.105,32.096,56.432,133.757,454.404,0.176375,547.872,33.966,24.54,0,cruise_high
271,3,150.0,9204.5,0.41481,-44.872,33.218,4658.1,14.64417,266.324,29.6631,40.873,7143.338,7899.998,68.425,59.163,151.316,541.67,0.16483,543.935,44.411,24.127,0,cruise_high
272,3,155.0,9220.4,0.41403,-44.918,33.631,4339.0,13.65151,268.712,25.0338,40.615,6202.979,6726.882,48.74,51.852,150.529,401.151,0.163814,544.751,20.796,24.385,0,cruise_high
273,3,160.0,9152.4,0.41736,-45.423,28.911,5160.9,15.59248,348.375,26.4852,39.784,8426.897,9226.783,54.52,70.786,138.283,558.552,0.176682,541.282,53.264,25.216,0,cruise_high
274,3,165.0,9194.5,0.4153,-43.972,31.255,4685.5,14.94953,273.601,29.4557,41.777,7335.141,8059.107,67.465,59.968,143.68,520.183,0.169928,543.426,44.421,23.223,0,cruise_high
275,3,170.0,9085.5,0.42066,-43.62,31.079,4544.6,13.70433,538.844,13.6889,39.681,6521.952,7376.166,14.572,56.308,141.869,565.555,0.170409,537.902,52.756,25.319,0,cruise_high
276,3,175.0,9251.1,0.41254,-46.333,33.545,4789.0,14.90077,349.257,23.6987,39.845,7472.708,8276.925,43.694,61.688,153.675,558.895,0.164024,546.32,45.339,25.155,0,cruise_high
277,3,180.0,9297.5,0.41029,-45.039,29.244,5018.4,15.14656,348.174,24.9426,40.132,7959.915,8684.342,48.408,67.387,138.384,512.816,0.175672,548.71,45.049,24.868,0,cruise_high
278,3,185.0,9030.3,0.4234,-42.996,33.183,5131.7,15.432,348.872,26.0605,40.446,8293.013,9091.798,52.853,70.167,155.117,564.494,0.164917,535.134,50.099,24.554,0,cruise_high
279,3,190.0,9202.8,0.41489,-44.372,31.637,4711.6,13.60678,349.35,20.9864,38.291,6713.512,7331.59,34.286,59.593,145.416,447.625,0.168899,543.849,31.231,26.709,0,cruise_high
280,3,195.0,9205.9,0.41474,-46.153,29.306,4849.3,15.45375,539.532,15.6198,39.505,7847.604,8427.389,18.987,63.403,137.211,417.701,0.175488,544.007,27.149,25.495,0,cruise_high
281,3,200.0,9220.6,0.41402,-43.198,33.505,4997.1,16.69677,350.571,27.6584,40.798,8737.3,9696.23,59.506,68.458,155.244,654.855,0.164123,544.759,64.279,24.202,0,cruise_high
282,3,205.0,9231.3,0.4135,-48.051,34.945,4934.0,15.86774,351.682,25.6264,41.32,8198.699,9012.344,51.123,65.316,160.474,572.116,0.160705,545.308,43.891,23.68,0,cruise_high
283,3,210.0,9262.9,0.41197,-44.071,31.676,5400.2,16.64503,272.712,37.8036,39.752,9412.806,10309.492,111.264,77.482,151.491,646.285,0.168795,546.926,65.018,25.248,0,cruise_high
284,3,215.0,9210.0,0.41454,-45.197,32.524,4910.1,16.68028,348.565,26.2599,41.362,8576.669,9153.296,53.731,66.144,150.59,438.854,0.166579,544.219,27.907,23.638,0,cruise_high
285,3,220.0,9094.6,0.42021,-45.049,33.505,4944.9,16.35499,269.895,34.0671,41.103,8469.112,9194.531,90.389,66.384,154.804,539.191,0.164123,538.361,43.444,23.897,0,cruise_high
286,3,225.0,9226.7,0.41373,-45.186,32.683,5229.3,16.77289,347.967,28.9272,42.886,9185.012,10065.699,65.177,73.444,153.976,616.047,0.166173,545.07,57.184,22.114,0,cruise_high
287,3,230.0,8939.9,0.42792,-43.458,32.286,5132.5,17.27826,270.573,37.3865,41.411,9286.623,10115.778,108.929,71.318,151.536,605.338,0.167192,530.638,57.75,23.589,0,cruise_high
288,3,235.0,9177.2,0.41614,-44.138,29.552,5168.4,16.74614,538.728,18.5446,42.457,9063.528,9990.501,26.816,72.174,140.911,617.791,0.174757,542.545,63.825,22.543,0,cruise_high
289,3,240.0,9119.9,0.41896,-45.615,31.057,5020.7,15.74207,539.911,16.7403,43.059,8276.619,9038.306,21.868,68.216,145.655,525.01,0.170468,539.637,43.882,21.941,0,cruise_high
290,3,245.0,9059.5,0.42194,-42.583,30.522,5515.0,18.01316,349.263,33.3723,41.952,10403.046,11655.726,86.914,81.305,147.941,831.246,0.171955,536.596,100.354,23.048,0,cruise_high
291,3,250.0,8928.6,0.42849,-42.623,33.463,5315.3,16.81627,349.491,29.0293,43.187,9360.193,10145.49,65.894,75.478,157.865,566.57,0.164226,530.077,50.423,21.813,0,cruise_high
292,3,255.0,9029.1,0.42346,-44.977,33.911,5545.4,18.44715,274.599,43.2982,40.219,10712.407,11889.66,146.635,82.562,161.781,823.43,0.163138,535.073,89.356,24.781,0,cruise_high
293,3,260.0,8912.1,0.42932,-44.046,32.539,5448.4,17.86434,541.102,20.6933,41.401,10192.586,11197.2,33.546,79.632,155.388,673.393,0.166541,529.263,68.102,23.599,0,cruise_high
294,3,265.0,9027.0,0.42356,-42.34,33.319,5402.3,17.50451,350.249,31.2675,42.874,9902.714,10951.416,76.656,78.577,158.083,717.779,0.16458,534.968,75.792,22.126,0,cruise_high
295,3,270.0,8807.8,0.43462,-43.559,31.726,5047.2,15.11917,544.834,15.6946,43.372,7991.116,8550.928,19.335,68.465,148.558,414.258,0.168661,524.152,26.31,21.628,0,cruise_high
296,3,275.0,8957.8,0.42702,-43.073,31.446,5207.7,15.17276,266.466,34.022,44.448,8274.454,9065.7,90.805,72.094,148.838,575.467,0.169409,531.521,54.417,20.552,0,cruise_high
297,3,280.0,8871.3,0.43139,-43.375,30.928,5767.3,18.22417,536.326,22.6917,44.992,11006.575,12170.165,40.41,88.051,151.984,766.175,0.170824,527.258,87.506,20.008,0,cruise_high
298,3,285.0,8889.6,0.43046,-42.55,32.545,5436.5,17.28121,353.91,30.6888,43.436,9838.332,10861.043,74.024,79.3,155.302,701.373,0.166526,528.154,74.247,21.564,0,cruise_high
299,3,290.0,8897.2,0.43008,-41.865,31.14,5460.2,18.15267,270.957,42.4676,42.048,10379.486,11506.904,141.899,79.92,149.9,787.353,0.170242,528.528,92.176,22.952,0,cruise_high
300,3,295.0,8889.8,0.43045,-43.918,33.711,5346.1,16.90984,542.949,19.139,43.921,9466.915,10391.527,28.868,76.505,159.136,627.566,0.163622,528.165,58.766,21.079,0,cruise_high
301,3,300.0,8687.7,0.44081,-40.964,31.197,5232.6,15.71584,351.855,27.1676,45.747,8611.628,9559.057,58.195,73.838,148.061,647.128,0.170086,518.338,69.103,19.253,0,cruise_high
302,3,305.0,8590.9,0.44586,-42.29,32.351,5353.4,16.67347,537.454,18.7459,47.123,9347.328,10075.035,27.731,77.156,153.764,516.632,0.167025,513.716,44.001,17.877,0,cruise_high
303,3,310.0,8708.7,0.43972,-41.858,33.777,5274.4,16.81876,349.112,29.6411,44.483,9289.554,10348.073,69.332,75.06,158.755,718.602,0.16346,519.35,75.604,20.517,0,cruise_high
304,3,315.0,8771.6,0.43648,-40.843,30.728,4791.6,14.91794,345.729,23.8824,45.413,7485.418,8256.844,45.057,62.83,142.426,536.925,0.171379,522.392,51.175,19.587,0,cruise_high
305,3,320.0,8669.2,0.44177,-42.905,31.85,5311.4,17.14898,542.515,18.891,43.39,9538.463,10248.638,28.197,75.323,151.381,505.302,0.168332,517.452,42.153,21.61,0,cruise_high
306,3,325.0,8636.0,0.4435,-40.617,33.154,5055.0,14.93874,268.44,32.0869,46.446,7907.907,8613.418,81.341,68.73,154.334,525.014,0.16499,515.864,46.006,18.554,0,cruise_high
307,3,330.0,8561.1,0.44742,-41.175,32.014,4706.1,15.20935,350.025,23.861,45.441,7495.437,8351.924,44.983,60.461,146.882,584.615,0.1679,512.302,56.982,19.559,0,cruise_high
308,3,335.0,8504.4,0.45042,-42.29,31.716,5349.4,15.94505,539.887,18.0876,46.851,8932.198,9765.253,25.859,75.668,151.186,571.901,0.168689,509.626,54.183,18.149,0,cruise_high
309,3,340.0,8580.5,0.4464,-40.984,31.949,5053.9,16.16143,346.792,26.9216,43.864,8553.362,9336.202,57.305,69.233,149.508,554.783,0.168071,513.222,52.259,21.136,0,cruise_high
310,3,345.0,8635.3,0.44353,-42.712,36.827,5018.5,15.87084,349.432,26.3183,45.042,8340.703,9196.463,54.779,68.753,168.716,602.18,0.156545,515.831,51.557,19.958,0,cruise_high
311,3,350.0,8571.6,0.44687,-40.611,34.274,5051.8,15.85515,273.068,33.7058,45.328,8387.821,9203.953,89.867,68.701,158.79,591.683,0.162271,512.801,55.402,19.672,0,cruise_high
312,3,355.0,8606.5,0.44504,-41.322,32.919,5051.4,16.48319,350.859,27.2039,45.497,8719.234,9544.715,58.56,68.855,153.364,580.365,0.165578,514.458,54.773,19.503,0,cruise_high
313,3,360.0,8442.2,0.45373,-39.061,32.953,5013.5,16.04375,541.254,17.2885,46.502,8423.125,9357.446,23.659,67.631,153.176,623.886,0.165492,506.712,64.188,18.498,0,cruise_high
314,3,365.0,8661.7,0.44216,-40.982,32.342,4918.9,14.26066,272.226,29.8076,45.749,7345.788,8114.389,70.375,64.221,149.935,550.77,0.167047,517.094,51.023,19.251,0,cruise_high
315,3,370.0,8355.3,0.45839,-39.925,33.081,4786.9,14.65117,348.958,22.7689,46.236,7344.34,7945.386,41.071,61.259,151.801,444.934,0.165171,502.681,33.565,18.764,0,cruise_high
316,3,375.0,8524.5,0.44936,-38.735,32.638,5066.6,15.40051,348.186,25.5332,47.269,8171.058,8890.291,51.626,68.446,152.372,518.178,0.166288,510.574,47.432,17.731,0,cruise_high
317,3,380.0,8537.7,0.44866,-39.798,35.779,4804.5,13.93267,350.433,22.0449,46.52,7009.883,7725.257,38.486,62.09,162.737,511.947,0.158821,511.198,41.51,18.48,0,cruise_high
318,3,385.0,8338.0,0.45932,-38.012,33.879,4723.7,14.80578,542.298,14.7002,45.343,7323.896,7971.897,17.111,60.497,154.482,460.842,0.163214,501.883,37.204,19.657,0,cruise_high
319,3,390.0,8337.3,0.45936,-38.247,34.593,4743.2,15.12194,350.405,23.6537,46.006,7511.233,8288.394,44.289,61.03,157.497,545.706,0.16152,501.848,49.896,18.994,0,cruise_high
320,3,395.0,8443.1,0.45368,-40.41,31.88,4659.2,14.54121,542.222,14.8167,43.337,7094.742,8033.922,17.381,58.325,145.974,616.304,0.168252,506.755,63.285,21.663,0,cruise_high
321,3,400.0,8466.0,0.45246,-40.669,32.938,4748.0,14.48237,540.165,14.3007,45.242,7200.785,7724.761,16.201,60.796,150.915,390.747,0.165529,507.825,24.011,19.758,0,cruise_high
322,3,405.0,8456.1,0.45299,-40.747,33.934,4328.8,13.5182,536.308,12.5388,46.589,6127.998,6724.667,12.446,51.461,151.665,425.175,0.163081,507.364,28.591,18.411,0,cruise_high
323,3,410.0,8392.9,0.45637,-38.471,33.548,4783.5,13.15109,270.876,26.6292,43.762,6587.792,7213.218,56.1,60.899,153.641,465.773,0.164018,504.418,37.924,21.238,0,cruise_high
324,3,415.0,8494.0,0.45097,-39.928,32.104,4732.1,12.9167,351.582,20.0395,45.919,6400.785,7045.54,31.762,60.131,147.451,462.32,0.167665,509.137,37.587,19.081,0,cruise_high
325,3,420.0,8414.5,0.45521,-39.525,34.138,4726.6,13.69413,267.476,28.244,44.953,6778.159,7554.579,63.077,59.856,155.544,552.346,0.162593,505.424,50.283,20.047,0,cruise_high
326,3,425.0,8380.5,0.45703,-36.775,35.372,4719.8,14.52901,270.492,29.2531,46.203,7181.038,7912.738,67.677,60.112,160.424,532.131,0.159732,503.843,48.224,18.797,0,cruise_high
327,3,430.0,8487.2,0.45133,-38.841,34.122,4193.4,14.50763,348.917,20.0272,44.79,6370.833,6987.835,31.724,49.145,151.436,443.889,0.162631,508.818,33.349,20.21,0,cruise_high
328,3,435.0,8371.8,0.4575,-39.588,33.063,4354.7,14.6442,346.651,21.1189,45.752,6678.107,7320.907,35.262,52.393,148.371,459.752,0.165216,503.443,36.37,19.248,0,cruise_high
329,3,440.0,8320.1,0.46029,-41.176,33.764,4728.9,14.31555,538.093,14.8616,45.323,7089.147,7996.901,17.457,59.934,154.064,603.419,0.163492,501.057,57.478,19.677,0,cruise_high
330,3,445.0,8231.9,0.46509,-39.501,33.972,4468.3,13.27049,269.351,25.2025,44.881,6209.587,6788.315,50.224,53.81,152.859,433.902,0.162991,497.019,31.222,20.119,0,cruise_high
331,3,450.0,8397.3,0.45613,-39.176,35.647,4448.6,14.65892,535.622,14.1693,43.824,6828.934,7589.408,15.867,54.541,159.408,521.678,0.159116,504.623,43.831,21.176,0,cruise_high
332,3,455.0,8362.4,0.45801,-39.19,34.968,4735.2,13.9272,350.504,21.8153,46.077,6906.139,7646.349,37.61,59.725,158.929,522.435,0.160654,503.008,44.741,18.923,0,cruise_high
333,3,460.0,8073.8,0.47383,-35.382,32.824,4896.4,15.54945,346.442,25.0781,47.237,7972.941,8688.105,49.701,64.158,151.676,512.831,0.165815,489.886,49.653,17.763,0,cruise_high
334,3,465.0,8402.8,0.45584,-42.075,35.294,4754.1,14.28445,537.183,14.5249,43.803,7111.443,7802.525,16.676,61.531,160.388,487.463,0.159908,504.879,35.875,21.197,0,cruise_high
335,3,470.0,8473.4,0.45207,-39.149,36.251,4985.3,15.88973,350.423,26.1688,45.632,8295.466,9170.175,54.111,67.273,166.128,610.47,0.157785,508.171,57.174,19.368,0,cruise_high
336,3,475.0,8387.5,0.45665,-37.895,33.621,5151.2,15.87087,540.367,17.725,44.978,8561.193,9578.0,24.835,70.767,157.038,672.932,0.16384,504.171,72.358,20.022,0,cruise_high
337,3,480.0,8237.9,0.46476,-38.966,35.309,4919.4,15.28434,272.3,31.5979,46.751,7873.845,8604.112,79.001,65.089,161.807,539.301,0.159875,497.295,47.254,18.249,0,cruise_high
338,3,485.0,8205.2,0.46656,-38.624,32.299,4732.6,14.7582,350.56,23.2291,44.481,7314.173,8143.216,42.698,61.281,148.236,569.471,0.167157,495.805,56.568,20.519,0,cruise_high
339,3,490.0,8519.3,0.44963,-40.106,32.878,4771.8,14.20728,353.926,22.8129,45.509,7099.461,8074.073,41.198,61.084,150.869,649.954,0.165679,510.329,67.578,19.491,0,cruise_high
340,3,495.0,8402.9,0.45583,-40.273,31.372,4981.0,15.86986,270.784,33.5754,45.776,8277.901,9091.686,89.308,67.232,146.577,583.985,0.16961,504.885,58.777,19.224,0,cruise_high
341,3,500.0,8463.8,0.45258,-40.746,31.548,5114.3,15.89199,348.143,26.3291,47.466,8511.286,9166.299,54.944,70.329,148.424,483.421,0.169137,507.724,41.018,17.534,0,cruise_high
342,3,505.0,8329.7,0.45977,-38.147,35.173,5242.3,15.33231,352.149,26.1428,46.751,8416.959,9206.16,54.16,72.23,164.051,564.759,0.160184,501.5,52.319,18.249,0,cruise_high
343,3,510.0,8411.1,0.45539,-39.64,32.445,5235.1,16.53009,351.501,28.3084,47.98,9062.048,9950.446,63.52,73.563,153.076,619.191,0.166782,505.265,63.629,17.02,0,cruise_high
344,3,515.0,8350.6,0.45865,-39.108,32.608,5267.1,16.51921,541.118,18.6605,46.992,9111.565,10097.505,27.618,73.919,154.013,657.265,0.166365,502.46,70.238,18.008,0,cruise_high
345,3,520.0,8616.0,0.44455,-40.092,32.987,5293.8,15.7296,267.568,35.7973,45.801,8719.991,9578.221,101.723,74.209,155.769,621.291,0.165406,514.908,62.673,19.199,0,cruise_high
346,3,525.0,8426.2,0.45458,-39.335,32.919,4717.2,14.59245,268.217,29.461,46.47,7208.429,7901.946,68.937,60.668,150.592,507.523,0.165576,505.97,44.699,18.53,0,cruise_high
347,3,530.0,8436.9,0.45401,-38.491,34.667,5188.6,16.98563,272.281,37.1961,45.239,9229.162,10127.79,109.883,72.308,161.55,648.929,0.16135,506.468,66.214,19.761,0,cruise_high
348,3,535.0,8640.6,0.44326,-40.326,30.966,4895.0,15.32099,350.244,24.6464,48.334,7853.624,8632.237,48.277,65.413,144.232,544.302,0.170718,516.083,52.596,16.666,0,cruise_high
349,3,540.0,8616.4,0.44452,-41.297,33.564,5088.0,16.87857,352.785,27.9639,46.37,8993.11,9865.25,62.161,70.179,156.261,609.548,0.163978,514.929,58.656,18.63,0,cruise_high
350,3,545.0,8497.6,0.45078,-41.475,30.655,5280.1,16.96343,268.914,38.2819,46.935,9379.666,10294.556,116.544,74.844,146.319,655.158,0.171582,509.306,70.938,18.065,0,cruise_high
351,3,550.0,8689.8,0.4407,-42.543,33.603,5328.1,17.35163,537.46,19.9136,48.858,9681.542,10702.78,31.562,76.13,158.543,681.487,0.163883,518.439,69.141,16.142,0,cruise_high
352,3,555.0,8710.5,0.43963,-43.381,30.519,4887.3,17.64909,540.262,18.5902,48.496,9032.732,10043.577,27.527,65.692,142.38,661.985,0.171963,519.436,70.456,16.504,0,cruise_high
353,3,560.0,8677.0,0.44137,-40.291,33.45,5180.4,15.47832,350.369,26.9067,47.363,8396.858,9427.287,57.71,71.821,156.612,695.5,0.164257,517.823,73.95,17.637,0,cruise_high
354,3,565.0,8600.8,0.44534,-40.481,32.943,5457.5,18.14777,268.347,42.8195,45.215,10371.53,11490.514,146.288,79.8,157.09,787.871,0.165516,514.186,89.924,19.785,0,cruise_high
355,3,570.0,8730.2,0.43861,-42.848,32.934,5140.3,17.04864,542.183,18.5614,49.036,9177.048,10063.689,27.528,71.457,154.196,601.584,0.165539,520.386,56.737,15.964,0,cruise_high
356,3,575.0,8771.2,0.4365,-41.954,32.31,5279.7,16.91505,349.509,28.8951,49.278,9352.168,10099.091,66.731,74.632,152.932,543.24,0.167132,522.369,48.838,15.722,0,cruise_high
357,3,580.0,8608.5,0.44494,-41.564,30.201,5338.0,16.80143,351.103,29.5759,47.352,9391.881,10384.196,69.914,76.722,145.023,677.02,0.172868,514.552,75.471,17.648,0,cruise_high
358,3,585.0,8736.4,0.43829,-40.647,33.646,5250.4,17.34115,352.045,29.898,47.665,9534.435,10525.467,71.511,74.365,158.014,681.819,0.163779,520.687,71.021,17.335,0,cruise_high
359,3,590.0,8835.5,0.43321,-42.205,32.259,5302.0,16.72608,269.789,37.8325,48.643,9286.646,10206.795,114.591,74.888,152.929,660.165,0.167263,525.503,68.216,16.357,0,cruise_high
360,3,595.0,8657.7,0.44237,-42.052,31.434,5526.7,16.36959,351.422,29.7087,48.665,9474.05,10440.31,70.708,81.217,151.699,668.074,0.169443,516.9,71.149,16.335,0,cruise_high
361,4,0.0,12062.8,0.29635,-58.0,27.713,5683.8,17.45824,272.979,42.1209,30.734,10391.164,11498.118,133.194,86.508,138.311,769.93,0.18046,717.387,80.942,34.266,0,payload
362,4,5.0,12239.0,0.29027,-58.0,29.804,5703.3,18.29608,273.293,44.4594,32.657,10927.256,12150.437,148.588,86.831,146.866,844.778,0.174014,730.108,89.003,32.343,0,payload
363,4,10.0,12386.2,0.28529,-58.0,30.546,5718.1,18.48354,539.671,22.5127,34.857,11067.975,12149.452,38.155,86.939,149.976,718.594,0.171888,740.942,65.518,30.143,0,payload
364,4,15.0,12299.6,0.28821,-58.0,30.178,5865.0,18.23059,272.095,46.0542,32.818,11196.908,12531.12,159.811,90.733,149.951,914.04,0.172933,734.545,100.067,32.182,0,payload
365,4,20.0,12298.7,0.28824,-58.0,27.049,5146.2,18.22851,271.304,40.0464,32.131,9823.55,10864.764,121.044,72.84,130.708,718.734,0.182661,734.48,73.285,32.869,0,payload
366,4,25.0,12266.1,0.28935,-58.0,26.542,5327.9,16.25857,348.314,28.7094,32.607,9071.177,9999.878,62.275,75.432,130.295,631.386,0.184399,732.091,58.427,32.393,0,payload
367,4,30.0,12192.1,0.29188,-58.0,27.52,5123.7,16.43343,348.576,27.5245,31.21,8817.365,9594.374,57.278,70.694,132.395,544.52,0.181091,726.697,40.608,33.79,0,payload
368,4,35.0,12356.6,0.28628,-58.0,27.833,5807.3,18.4344,269.524,46.6499,34.328,11210.755,12573.288,164.565,89.644,140.0,926.787,0.180069,738.748,108.886,30.672,0,payload
369,4,40.0,12374.5,0.28568,-58.0,28.789,5158.8,15.84345,267.43,34.9984,34.429,8559.069,9359.617,92.803,71.538,137.776,576.254,0.177057,740.073,44.03,30.571,0,payload
370,4,45.0,12383.6,0.28537,-58.0,27.098,5208.6,16.84263,351.707,29.1433,32.404,9186.749,10249.917,64.366,72.535,131.454,705.502,0.182495,740.751,70.751,32.596,0,payload
371,4,50.0,12338.7,0.28689,-58.0,28.836,4985.5,15.38407,347.294,25.4161,33.596,8031.67,8826.876,49.001,66.639,136.472,550.813,0.176911,737.424,39.445,31.404,0,payload
372,4,55.0,12344.4,0.28669,-58.0,28.997,5048.7,15.86225,349.358,26.0397,32.939,8386.345,9097.162,51.442,68.786,137.653,506.996,0.17642,737.852,31.444,32.061,0,payload
373,4,60.0,12299.8,0.2882,-58.0,28.121,5067.1,16.00898,349.616,26.2101,35.918,8494.792,9163.457,52.114,70.154,134.308,483.225,0.179147,734.565,28.568,29.082,0,payload
374,4,65.0,12698.9,0.27498,-58.0,26.271,5319.8,15.93289,347.652,28.0954,34.004,8875.993,9767.449,59.874,75.331,129.138,609.255,0.185348,764.583,54.924,30.996,0,payload
375,4,70.0,12556.3,0.27964,-58.0,26.167,5352.0,15.79015,350.288,28.1012,31.852,8849.813,9843.495,59.929,76.001,129.018,665.752,0.185713,753.696,65.639,33.148,0,payload
376,4,75.0,12531.7,0.28045,-58.0,26.999,5223.4,16.79609,351.671,28.664,32.716,9187.391,10080.31,62.403,73.394,131.188,611.249,0.182831,751.836,53.755,32.284,0,payload
377,4,80.0,12679.3,0.27562,-58.0,31.331,5002.9,16.64755,352.577,27.0199,33.779,8721.735,9526.588,55.476,68.193,146.598,564.29,0.169722,763.081,37.772,31.221,0,payload
378,4,85.0,12550.4,0.27983,-58.0,30.595,5016.2,14.90475,268.62,31.8806,32.381,7829.376,8563.769,77.238,67.839,143.768,533.896,0.171751,753.247,33.697,32.619,0,payload
379,4,90.0,12512.2,0.28109,-58.0,29.087,4830.0,15.25802,353.125,24.3986,33.633,7717.431,8615.764,45.238,63.715,136.177,604.392,0.176147,750.364,48.462,31.367,0,payload
380,4,95.0,12584.7,0.2787,-58.0,27.506,5050.8,15.90019,541.308,17.2533,33.397,8409.941,9339.35,22.629,69.415,131.707,611.863,0.181139,755.85,52.832,31.603,0,payload
381,4,100.0,12500.1,0.28149,-58.0,28.624,5270.8,16.1216,352.572,27.9865,35.582,8898.493,9867.242,59.568,73.615,138.112,654.895,0.177565,749.452,58.286,29.418,0,payload
382,4,105.0,12691.8,0.27521,-58.0,26.059,5196.6,16.61862,269.252,36.7913,35.556,9043.695,9906.127,103.006,72.473,127.188,610.538,0.186101,764.038,55.622,29.444,0,payload
383,4,110.0,12640.2,0.27689,-58.0,26.878,5471.3,16.91017,540.119,20.0009,32.768,9688.687,10802.895,30.457,79.897,132.959,722.305,0.18324,760.083,74.355,32.232,0,payload
384,4,115.0,12574.2,0.27905,-58.0,28.539,5592.5,16.79357,349.854,31.2182,37.23,9835.155,10921.821,74.272,82.541,140.743,731.567,0.177828,755.052,72.093,27.77,0,payload
385,4,120.0,12674.4,0.27578,-58.0,24.42,5368.6,17.33498,347.766,30.7277,35.759,9745.713,10686.056,72.022,77.676,122.179,639.533,0.192243,762.701,64.946,29.241,0,payload
386,4,125.0,12695.6,0.27509,-58.0,25.365,5078.5,15.7313,349.999,26.1728,32.772,8366.198,9160.472,52.29,68.899,123.381,546.907,0.188629,764.33,45.163,32.228,0,payload
387,4,130.0,12609.7,0.27788,-58.0,25.327,5041.3,16.29417,269.006,35.3463,36.41,8602.039,9508.357,95.39,68.895,122.912,627.714,0.188768,757.754,60.492,28.59,0,payload
388,4,135.0,12722.0,0.27424,-58.0,27.46,5300.6,17.1287,349.554,30.0009,38.416,9507.689,10486.942,68.762,75.533,133.722,663.697,0.181289,766.368,62.321,26.584,0,payload
389,4,140.0,12549.5,0.27986,-58.0,27.458,5500.0,16.89093,536.02,19.8399,35.064,9728.45,10634.57,30.091,80.52,135.544,609.135,0.181297,753.182,52.434,29.936,0,payload
390,4,145.0,12803.1,0.27163,-58.0,27.34,5694.8,17.65393,349.251,33.7239,37.916,10528.015,11778.133,86.978,86.205,136.926,827.114,0.181688,772.66,92.276,27.084,0,payload
391,4,150.0,12601.5,0.27815,-58.0,25.689,5365.0,18.01214,349.455,32.751,35.701,10119.562,11444.976,82.141,78.066,127.22,858.321,0.187436,757.13,102.88,29.299,0,payload
392,4,155.0,12663.8,0.27612,-58.0,27.001,5550.4,17.5245,540.25,20.5202,38.341,10185.951,11086.052,32.298,82.016,134.192,606.883,0.182823,761.891,52.952,26.659,0,payload
393,4,160.0,12721.4,0.27426,-58.0,26.763,5636.7,17.50996,267.796,43.0657,36.598,10335.684,11532.84,142.313,84.461,134.059,820.811,0.183635,766.319,92.729,28.402,0,payload
394,4,165.0,12669.3,0.27594,-58.0,26.251,5869.0,18.13204,349.335,35.4422,38.826,11143.864,12381.205,96.517,90.881,134.284,825.294,0.185416,762.313,95.023,26.174,0,payload
395,4,170.0,12693.5,0.27516,-58.0,28.327,5739.3,18.41218,266.474,46.8736,38.586,11066.062,12490.583,169.052,87.852,141.308,962.682,0.178493,764.17,113.832,26.414,0,payload
396,4,175.0,12689.4,0.27529,-58.0,29.052,5639.9,18.43919,536.694,22.5678,38.276,10890.367,12111.986,39.258,85.13,143.245,792.325,0.176252,763.857,81.649,26.724,0,payload
397,4,180.0,12616.9,0.27765,-58.0,27.852,6113.8,19.74085,349.795,40.945,37.812,12638.819,14322.331,129.361,98.618,143.181,1092.954,0.180009,758.301,138.741,27.188,0,payload
398,4,185.0,12616.4,0.27766,-58.0,29.87,6031.4,18.84077,541.696,24.3294,40.331,11899.921,13179.155,45.784,96.178,150.399,835.141,0.173824,758.267,87.167,24.669,0,payload
399,4,190.0,12606.8,0.27798,-58.0,26.281,6129.8,19.18578,270.012,51.781,39.574,12315.581,13981.481,207.63,98.385,137.061,1115.629,0.185313,757.534,148.741,25.426,0,payload
400,4,195.0,12552.6,0.27976,-58.0,27.942,5694.1,19.20356,349.984,36.9221,40.442,11450.778,12922.134,105.841,87.539,139.328,958.964,0.179719,753.413,114.344,24.558,0,payload
401,4,200.0,12617.2,0.27764,-58.0,27.921,5673.3,18.77608,538.836,23.4661,40.745,11155.038,12644.374,42.829,86.649,139.043,939.97,0.179786,758.324,110.994,24.255,0,payload
402,4,205.0,12505.6,0.28131,-58.0,28.347,5858.0,19.86913,538.642,25.857,41.026,12188.647,13927.673,52.088,92.223,142.556,1085.555,0.178431,749.869,135.697,23.974,0,payload
403,4,210.0,12640.1,0.27689,-58.0,27.265,6050.6,20.23357,543.757,26.3085,40.316,12820.419,14305.443,54.046,97.642,140.177,948.103,0.181938,760.074,114.496,24.684,0,payload
404,4,215.0,12460.9,0.28279,-58.0,27.058,6131.1,20.01988,349.53,41.9527,43.108,12853.682,14663.756,137.67,99.798,140.185,1165.485,0.18263,746.511,154.853,21.892,0,payload
405,4,220.0,12592.9,0.27843,-58.0,27.048,6148.5,21.16236,268.779,57.5871,43.599,13625.798,15478.189,260.102,100.269,140.327,1244.129,0.182664,756.474,169.258,21.401,0,payload
406,4,225.0,12534.1,0.28037,-58.0,27.295,5752.7,21.04893,350.28,41.0273,45.197,12680.296,14371.062,132.415,89.632,137.31,1091.632,0.181836,752.014,140.498,19.803,0,payload
407,4,230.0,12541.0,0.28014,-58.0,27.364,5968.7,19.44931,539.5,25.4056,44.167,12156.644,13706.327,50.892,95.476,139.737,981.072,0.181608,752.539,120.171,20.833,0,payload
408,4,235.0,12503.9,0.28136,-58.0,29.538,5666.0,19.47023,349.556,37.0692,45.223,11552.489,12957.758,108.54,86.78,145.442,926.241,0.174795,749.742,103.903,19.777,0,payload
409,4,240.0,12515.9,0.28097,-58.0,28.958,5981.4,19.28363,349.637,39.3642,45.847,12078.703,13763.183,122.567,95.306,146.242,1090.316,0.176539,750.647,134.483,19.153,0,payload
410,4,245.0,12395.2,0.28499,-58.0,27.512,6015.0,19.59486,270.368,52.1825,45.922,12342.608,14108.488,215.842,96.558,140.803,1175.175,0.181117,741.61,154.845,19.078,0,payload
411,4,250.0,12325.9,0.28732,-58.0,28.497,5602.1,18.46594,349.753,34.7654,45.331,10833.112,12159.31,96.053,84.671,140.663,874.033,0.177962,736.484,97.545,19.669,0,payload
412,4,255.0,12466.8,0.28259,-58.0,26.748,5984.0,19.73589,539.601,26.2674,47.085,12367.371,14173.895,54.901,95.275,137.429,1123.01,0.183687,746.958,148.283,17.915,0,payload
413,4,260.0,12239.9,0.29024,-58.0,28.562,6094.4,19.92811,540.436,26.7207,48.877,12718.124,14440.83,56.948,98.514,145.819,1083.065,0.177757,730.178,134.523,16.123,0,payload
414,4,265.0,12469.9,0.28249,-58.0,29.123,6065.4,19.55984,353.727,39.7678,49.344,12423.787,14066.956,126.403,97.797,147.761,1071.125,0.176039,747.189,130.56,15.656,0,payload
415,4,270.0,12288.2,0.28859,-58.0,26.498,5896.8,19.94897,542.352,25.6908,47.975,12318.7,13933.45,52.855,93.482,135.547,1014.96,0.184553,733.712,129.314,17.025,0,payload
416,4,275.0,12303.3,0.28808,-58.0,28.672,5298.7,17.3305,270.535,39.966,50.678,9616.319,10812.192,128.159,76.353,138.554,812.11,0.177416,734.821,86.081,14.322,0,payload
417,4,280.0,12482.3,0.28208,-58.0,28.588,5895.1,19.76902,265.292,52.1934,50.319,12204.064,13846.477,218.765,92.483,143.893,1108.141,0.177676,748.116,138.89,14.681,0,payload
418,4,285.0,12132.6,0.29393,-58.0,27.98,5836.0,18.4344,351.868,36.2461,50.06,11266.07,12753.845,105.724,90.253,140.871,969.858,0.179597,722.394,116.183,14.94,0,payload
419,4,290.0,12233.7,0.29045,-58.0,25.783,5521.8,17.77531,537.478,21.2894,50.597,10278.38,11442.59,36.532,81.36,129.047,751.438,0.187094,729.726,82.59,14.403,0,payload
420,4,295.0,12223.1,0.29081,-58.0,28.269,5950.5,19.4953,266.448,51.0958,52.164,12148.115,13614.35,210.594,93.975,143.174,1007.914,0.178676,728.954,122.09,12.836,0,payload
421,4,300.0,12175.9,0.29243,-58.0,30.397,5587.0,17.41048,347.547,32.5165,49.425,10186.368,11301.014,85.432,83.104,148.122,755.551,0.172308,725.524,72.188,15.575,0,payload
422,4,305.0,12134.6,0.29386,-58.0,29.816,5779.9,19.22646,351.628,37.4665,53.302,11637.102,13174.262,113.479,89.339,147.659,1003.153,0.17398,722.543,116.529,11.698,0,payload
423,4,310.0,12117.7,0.29444,-58.0,27.761,5396.1,16.28098,265.331,38.1079,51.69,9199.966,10111.179,117.581,77.421,135.794,650.026,0.180304,721.322,59.202,13.31,0,payload
424,4,315.0,12239.1,0.29027,-58.0,26.084,5432.0,18.78606,543.841,22.1245,50.607,10686.163,12032.189,39.64,79.856,129.418,852.325,0.186009,730.115,100.54,14.393,0,payload
425,4,320.0,12036.9,0.29725,-58.0,28.154,5518.8,16.65893,348.857,30.5245,50.789,9627.691,10648.662,75.541,81.273,138.506,694.427,0.179041,715.543,66.331,14.211,0,payload
426,4,325.0,12172.3,0.29256,-58.0,27.073,5497.1,17.05512,539.06,20.1466,50.965,9817.805,10860.226,32.918,80.174,133.977,684.513,0.182581,725.266,66.979,14.035,0,payload
427,4,330.0,12043.1,0.29704,-58.0,31.444,5408.7,17.59415,270.151,41.2171,53.97,9965.234,11134.84,137.828,78.566,150.641,808.449,0.169416,715.985,78.965,11.03,0,payload
428,4,335.0,12073.9,0.29596,-58.0,27.823,5658.3,17.86132,353.052,33.3664,53.504,10583.547,11780.09,90.382,84.783,138.504,799.25,0.180105,718.185,85.949,11.496,0,payload
429,4,340.0,12206.1,0.2914,-58.0,28.2,5679.1,17.65856,351.489,33.427,51.379,10501.868,11749.24,90.783,85.602,140.216,828.525,0.178894,727.718,90.218,13.621,0,payload
430,4,345.0,11938.5,0.30072,-58.0,27.64,5350.8,17.25432,538.563,19.8858,54.354,9668.256,10709.777,32.157,76.465,134.898,682.421,0.180698,708.571,65.312,10.646,0,payload
431,4,350.0,12074.6,0.29594,-58.0,27.39,4880.9,15.69897,347.993,25.3428,51.718,8024.149,8819.118,52.243,64.435,129.81,548.153,0.181521,718.232,41.501,13.282,0,payload
432,4,355.0,11967.5,0.29969,-58.0,27.379,5028.3,16.48521,349.748,27.137,53.389,8680.541,9491.108,59.886,69.338,131.009,562.916,0.181557,710.617,44.201,11.611,0,payload
433,4,360.0,11932.1,0.30094,-58.0,26.861,5558.8,17.50401,350.971,31.8667,54.667,10189.401,11184.29,82.562,81.859,133.71,681.348,0.1833,708.119,66.891,10.333,0,payload
434,4,365.0,11933.7,0.30089,-58.0,30.23,4855.3,15.31206,542.097,15.6468,54.526,7785.412,8482.099,19.911,64.196,140.96,484.458,0.172783,708.231,25.706,10.474,0,payload
435,4,370.0,11891.3,0.30239,-58.0,28.877,5127.9,16.31213,352.978,27.7464,53.333,8759.484,9793.88,62.571,71.122,137.859,691.116,0.176786,705.258,64.18,11.667,0,payload
436,4,375.0,11917.8,0.30145,-58.0,27.925,5140.3,16.45904,348.933,27.9598,51.183,8859.68,9756.117,63.555,71.502,134.16,614.188,0.179773,707.113,52.415,13.817,0,payload
437,4,380.0,11940.5,0.30065,-58.0,27.361,5308.6,16.78623,268.485,37.9358,52.768,9331.665,10185.197,116.995,75.61,133.397,616.144,0.181618,708.71,53.903,12.232,0,payload
438,4,385.0,11847.6,0.30395,-58.0,28.957,4799.3,15.69353,350.702,24.8875,52.605,7887.263,8728.092,50.355,62.893,135.404,574.349,0.176543,702.202,43.397,12.395,0,payload
439,4,390.0,11901.4,0.30203,-58.0,29.716,4910.6,15.15354,273.291,30.7943,52.561,7792.511,8415.823,77.075,64.903,139.362,469.425,0.174271,705.965,23.807,12.439,0,payload
440,4,395.0,11584.6,0.3135,-58.0,28.523,5558.4,16.7497,271.358,39.745,53.523,9749.57,10785.141,128.301,81.872,140.353,727.301,0.17788,684.162,71.372,11.477,0,payload
441,4,400.0,11861.2,0.30346,-58.0,29.113,5084.8,16.66499,270.375,36.1828,52.209,8873.754,9782.912,106.382,69.531,138.43,641.492,0.176067,703.153,54.945,12.791,0,payload
442,4,405.0,11723.4,0.30842,-58.0,28.184,5402.8,17.11426,350.0,30.9446,53.386,9682.939,10830.612,77.814,78.346,137.549,763.389,0.178946,693.615,78.605,11.614,0,payload
443,4,410.0,11746.7,0.30758,-58.0,27.336,5288.0,16.3033,270.724,36.4305,53.059,9028.023,9862.595,107.918,74.728,133.111,601.105,0.181701,695.218,51.222,11.941,0,payload
444,4,415.0,11648.2,0.31116,-58.0,28.812,5229.9,16.57898,347.407,28.5694,52.135,9079.914,9925.222,66.366,73.712,138.498,590.278,0.176985,688.473,46.47,12.865,0,payload
445,4,420.0,11757.1,0.3072,-58.0,26.996,5179.8,15.83871,350.446,26.9387,56.367,8591.416,9440.548,58.996,72.134,130.792,584.888,0.18284,695.931,48.941,8.633,0,payload
446,4,425.0,11732.6,0.30809,-58.0,27.549,5203.9,16.1725,349.007,27.9382,51.726,8813.257,9750.637,63.449,73.262,133.215,637.026,0.180996,694.248,57.299,13.274,0,payload
447,4,430.0,11594.2,0.31315,-58.0,30.155,4998.9,16.03947,536.706,17.4963,53.009,8396.426,9390.357,24.886,68.105,141.862,652.347,0.172998,684.808,54.855,11.991,0,payload
448,4,435.0,11693.8,0.3095,-58.0,29.228,5574.1,18.00165,266.222,44.3853,53.088,10507.826,11816.312,160.165,82.664,143.323,893.436,0.17572,691.586,98.995,11.912,0,payload
449,4,440.0,11711.7,0.30885,-58.0,30.338,5595.6,17.56554,269.989,42.2286,52.451,10292.796,11401.233,145.145,83.184,147.965,778.972,0.172477,692.814,76.355,12.549,0,payload
450,4,445.0,11756.3,0.30723,-58.0,28.114,5078.3,16.85859,267.478,37.4271,52.214,8965.305,10010.933,114.079,70.611,134.377,718.675,0.179169,695.875,70.764,12.786,0,payload
451,4,450.0,11747.5,0.30755,-58.0,30.051,5443.2,17.43481,272.356,40.4158,54.759,9938.103,11007.483,133.083,79.35,145.388,749.179,0.173299,695.269,71.832,10.241,0,payload
452,4,455.0,11772.2,0.30666,-58.0,25.33,5074.9,17.09071,349.583,28.9953,55.424,9082.738,10136.253,68.528,70.687,123.21,697.524,0.18876,696.974,73.665,9.576,0,payload
453,4,460.0,11744.5,0.30766,-58.0,27.498,5673.2,17.94763,270.761,44.3303,55.447,10662.614,12002.932,160.262,85.831,137.35,909.723,0.181164,695.066,106.809,9.553,0,payload
454,4,465.0,11802.4,0.30557,-58.0,28.643,5798.1,18.04108,537.45,22.8246,54.501,10954.013,12267.107,42.541,89.513,143.147,846.042,0.177506,699.062,92.178,10.499,0,payload
455,4,470.0,11849.0,0.3039,-58.0,28.56,5458.7,17.51207,347.855,32.1363,54.71,10010.416,11178.785,84.409,79.795,139.566,779.3,0.177765,702.298,80.532,10.29,0,payload
456,4,475.0,11688.8,0.30968,-58.0,28.22,5863.5,18.78328,538.796,23.7574,55.274,11533.305,12800.379,46.16,91.658,142.102,822.855,0.178833,691.242,89.153,9.726,0,payload
457,4,480.0,11759.3,0.30712,-58.0,24.536,5669.3,17.31449,540.23,21.263,55.663,10279.329,11486.885,37.008,85.192,125.462,775.603,0.191789,696.083,90.752,9.337,0,payload
458,4,485.0,11783.6,0.30625,-58.0,28.73,5800.5,19.23611,541.389,24.3217,56.131,11684.593,13167.508,48.463,90.436,143.518,942.691,0.177238,697.763,109.081,8.869,0,payload
459,4,490.0,11911.7,0.30166,-58.0,29.941,6012.5,19.7756,351.581,40.2523,55.691,12451.365,14151.972,132.917,95.827,150.493,1105.99,0.173616,706.69,134.017,9.309,0,payload
460,4,495.0,11692.5,0.30955,-58.0,28.853,5690.9,19.23187,542.502,23.8382,56.943,11461.204,12932.298,46.706,87.086,142.942,933.632,0.176858,691.496,107.121,8.057,0,payload
461,4,500.0,11875.7,0.30294,-58.0,27.425,5790.0,19.24661,271.632,48.1928,57.724,11669.801,13090.683,191.13,89.327,138.196,969.879,0.181405,704.167,117.941,7.276,0,payload
462,4,505.0,11792.3,0.30593,-58.0,29.229,5833.4,19.90242,272.241,50.735,59.492,12157.82,13812.158,212.141,91.963,145.841,1112.361,0.175717,698.364,137.461,5.508,0,payload
463,4,510.0,12009.3,0.29822,-58.0,27.707,5708.0,20.26553,272.357,51.0411,57.378,12113.555,13901.4,215.129,88.363,138.524,1182.222,0.180478,713.58,155.366,7.622,0,payload
464,4,515.0,11910.6,0.3017,-58.0,26.382,6066.2,19.39043,346.712,40.4218,59.524,12317.764,14014.724,135.239,97.946,136.806,1099.824,0.184957,706.611,145.42,5.476,0,payload
465,4,520.0,11851.7,0.3038,-58.0,26.866,5841.2,19.86603,538.647,25.3945,59.91,12151.939,13678.661,53.488,91.151,136.468,966.195,0.183282,702.488,119.086,5.09,0,payload
466,4,525.0,12007.2,0.2983,-58.0,28.319,5742.2,19.43428,272.067,49.3218,60.329,11686.209,13418.833,202.061,89.64,141.301,1147.794,0.17852,713.429,146.905,4.671,0,payload
467,4,530.0,11910.4,0.30171,-58.0,28.07,5905.9,19.57315,352.023,39.2885,62.423,12105.358,13830.483,128.48,93.284,141.93,1112.481,0.179308,706.594,141.476,2.577,0,payload
468,4,535.0,11890.3,0.30243,-58.0,29.446,5925.3,19.72845,269.982,51.1127,60.516,12241.339,13799.527,217.874,93.317,147.627,1063.472,0.175069,705.184,128.181,4.484,0,payload
469,4,540.0,12037.5,0.29723,-58.0,27.727,6103.5,19.94066,268.697,54.5787,62.625,12745.181,14665.151,248.825,99.056,142.571,1276.687,0.180416,715.582,172.335,2.375,0,payload
470,4,545.0,12072.0,0.29603,-58.0,27.356,5989.4,19.94966,348.585,40.5799,62.964,12512.634,14145.57,137.913,95.107,139.915,1065.935,0.181635,718.043,135.611,2.036,0,payload
471,4,550.0,12071.0,0.29606,-58.0,28.886,6092.9,20.49288,541.107,27.0591,61.845,13075.338,14641.877,61.427,98.311,147.099,999.673,0.176758,717.976,118.7,3.155,0,payload
472,4,555.0,12137.4,0.29376,-58.0,28.625,6080.0,18.46147,269.529,49.2806,63.346,11754.402,13282.531,204.01,97.558,145.923,1041.842,0.177561,722.744,126.991,1.654,0,payload
473,4,560.0,11812.5,0.30521,-58.0,27.517,5953.0,19.4122,538.197,25.4846,62.469,12101.457,13715.722,54.638,94.333,140.192,1017.969,0.181101,699.766,126.355,2.531,0,payload
474,4,565.0,12196.1,0.29174,-58.0,28.035,5791.0,18.89115,541.204,24.0644,62.936,11456.237,13023.738,48.792,89.945,140.644,987.847,0.179422,726.992,119.241,2.064,0,payload
475,4,570.0,12199.8,0.29161,-58.0,28.741,5659.1,18.59137,352.058,34.9632,65.04,11017.542,12309.07,103.127,86.119,142.187,859.485,0.177202,727.257,94.303,-0.04,1,payload
476,4,575.0,12096.3,0.29518,-58.0,26.578,6033.5,19.54669,351.197,40.5775,64.518,12350.201,14250.708,139.003,96.674,137.255,1213.098,0.184274,719.788,165.542,0.482,0,payload
477,4,580.0,11954.2,0.30016,-58.0,27.485,5396.1,16.69793,543.744,19.3976,66.36,9435.584,10547.324,31.839,78.534,134.691,721.736,0.181207,709.677,72.783,-1.36,1,payload
478,4,585.0,12227.3,0.29067,-58.0,26.694,5786.0,19.3245,350.164,37.7621,66.784,11708.784,13222.946,120.687,89.02,135.231,988.011,0.183873,729.257,123.669,-1.784,1,payload
479,4,590.0,12204.8,0.29144,-58.0,27.734,5613.9,18.72072,538.145,23.2327,66.266,11005.684,12502.587,45.743,85.288,137.726,944.238,0.180391,727.623,112.332,-1.266,1,payload
480,4,595.0,12237.3,0.29033,-58.0,30.022,5839.5,18.81237,538.085,24.0734,66.057,11503.879,12953.546,49.166,91.092,149.072,927.515,0.173382,729.986,102.815,-1.057,1,payload
481,5,0.0,15591.8,0.19566,-58.0,22.677,4522.8,12.49243,539.378,12.4465,37.117,5916.774,6713.356,11.906,54.705,108.097,516.739,0.199492,1029.972,45.085,27.883,0,descent
482,5,5.0,15513.0,0.19748,-58.0,23.937,4227.1,13.83151,538.048,12.508,37.235,6122.613,6729.892,12.025,49.198,110.934,411.475,0.194175,1021.485,21.898,27.765,0,descent
483,5,10.0,15700.2,0.19318,-58.0,25.814,4182.3,13.27755,272.486,23.7383,37.598,5815.153,6468.347,43.302,48.137,118.125,453.561,0.18698,1041.783,26.807,27.402,0,descent
484,5,15.0,15677.9,0.19369,-58.0,24.703,3959.6,12.29195,350.494,16.3805,38.897,5096.803,5741.278,20.615,42.838,112.139,433.478,0.191138,1039.343,24.854,26.103,0,descent
485,5,20.0,15615.4,0.19512,-58.0,25.19,3773.0,11.03375,272.404,17.9385,37.889,4359.489,4886.522,24.718,39.24,112.86,369.436,0.189282,1032.528,11.928,27.111,0,descent
486,5,25.0,15734.8,0.19239,-58.0,26.496,4361.0,13.49767,270.378,25.3211,36.53,6164.225,6846.274,49.228,51.893,122.149,475.598,0.184559,1045.583,29.776,28.47,0,descent
487,5,30.0,15697.6,0.19324,-58.0,22.788,4590.9,13.37415,545.717,12.9643,35.02,6429.754,7074.833,12.903,55.94,109.069,434.853,0.199006,1041.5,28.539,29.98,0,descent
488,5,35.0,15849.1,0.18982,-58.0,25.723,4318.2,12.53655,347.566,18.3424,36.284,5669.069,6375.205,25.825,50.099,118.74,475.974,0.187312,1058.251,31.156,28.716,0,descent
489,5,40.0,15851.5,0.18977,-58.0,22.587,4342.3,12.69642,353.172,18.4538,38.597,5773.409,6517.377,26.137,50.191,106.377,491.399,0.19989,1058.518,40.226,26.403,0,descent
490,5,45.0,16028.6,0.18586,-58.0,21.961,3698.4,11.21422,539.644,9.0738,35.46,4343.252,4896.643,6.32,37.953,99.469,369.049,0.202723,1078.483,16.815,29.54,0,descent
491,5,50.0,15964.5,0.18726,-58.0,28.55,4321.9,12.45967,348.492,17.9009,36.544,5639.047,6238.327,24.587,50.27,130.076,421.824,0.177796,1071.205,16.998,28.456,0,descent
492,5,55.0,15793.3,0.19107,-58.0,22.239,4114.0,10.88495,271.149,19.7316,36.045,4689.396,5350.218,29.863,45.488,103.343,443.864,0.201448,1052.042,31.416,28.955,0,descent
493,5,60.0,15741.7,0.19224,-58.0,24.132,4258.1,12.36312,268.147,23.756,38.661,5512.837,6370.101,43.283,49.004,111.94,563.398,0.193386,1046.337,50.953,26.339,0,descent
494,5,65.0,15857.6,0.18963,-58.0,20.631,4205.4,11.95822,537.528,11.0761,37.725,5266.242,5953.692,9.411,47.669,97.555,447.683,0.209154,1059.194,35.635,27.275,0,descent
495,5,70.0,15972.8,0.18708,-58.0,23.047,4654.3,14.7497,349.4,22.9009,37.551,7188.911,8001.584,40.232,58.748,110.601,541.281,0.197886,1072.154,49.112,27.449,0,descent
496,5,75.0,15891.5,0.18888,-58.0,22.073,4220.9,12.03763,540.759,11.1114,34.927,5320.834,6008.575,9.473,47.381,103.436,450.388,0.202206,1062.994,33.071,30.073,0,descent
497,5,80.0,16022.0,0.186,-58.0,23.554,4780.7,13.77389,270.167,28.5286,38.136,6895.711,7707.484,62.444,60.944,113.645,553.14,0.195744,1077.731,50.274,26.864,0,descent
498,5,85.0,16058.5,0.1852,-58.0,22.878,4552.7,13.6979,272.092,26.6393,37.03,6530.632,7248.351,54.46,56.224,109.131,493.662,0.198615,1081.898,40.049,27.97,0,descent
499,5,90.0,16110.9,0.18407,-58.0,23.194,4533.5,13.58585,349.836,20.097,35.162,6449.825,7030.669,30.997,55.292,110.244,407.904,0.19726,1087.904,22.463,29.838,0,descent
500,5,95.0,15939.1,0.18782,-58.0,22.924,4214.4,12.93845,272.875,23.472,38.02,5710.185,6404.92,42.271,48.202,106.792,470.874,0.198418,1068.34,35.43,26.98,0,descent
501,5,100.0,15996.0,0.18657,-58.0,22.503,4667.6,13.30325,268.319,27.2378,37.877,6502.498,7308.42,56.922,57.976,108.531,543.8,0.200263,1074.774,50.903,27.123,0,descent
502,5,105.0,15850.5,0.18979,-58.0,25.434,4337.9,14.04331,542.501,12.8761,38.118,6379.432,6985.31,12.724,51.739,117.731,415.22,0.188372,1058.399,20.216,26.882,0,descent
503,5,110.0,15930.2,0.18802,-58.0,27.279,4567.2,12.97569,351.033,19.7178,34.873,6205.907,6921.618,29.829,55.872,126.848,489.287,0.181889,1067.337,30.996,30.127,0,descent
504,5,115.0,15885.3,0.18902,-58.0,25.631,4488.8,14.95776,353.325,21.9421,35.569,7031.151,7752.697,36.934,55.252,119.652,492.177,0.187646,1062.3,34.355,29.431,0,descent
505,5,120.0,16058.3,0.18521,-58.0,21.853,4744.4,15.22669,349.725,23.7872,37.672,7565.067,8318.976,43.405,61.496,106.545,509.801,0.20322,1081.879,45.602,27.328,0,descent
506,5,125.0,16101.5,0.18427,-58.0,24.373,4798.1,14.30392,538.422,15.2026,35.977,7187.058,8185.427,17.732,61.832,117.059,637.583,0.19243,1086.827,64.69,29.023,0,descent
507,5,130.0,16023.3,0.18597,-58.0,22.756,4934.8,15.44949,538.108,16.3886,36.33,7983.866,8818.849,20.616,65.81,111.722,548.408,0.199149,1077.879,51.215,28.67,0,descent
508,5,135.0,16009.7,0.18627,-58.0,25.905,5241.0,15.63216,267.219,35.3899,38.55,8579.495,9456.848,96.159,72.686,126.968,615.66,0.186652,1076.338,56.914,26.45,0,descent
509,5,140.0,16098.6,0.18433,-58.0,22.909,5167.5,16.13286,349.196,27.1604,36.84,8730.171,9484.292,56.656,70.848,114.334,523.594,0.198481,1086.492,45.924,28.16,0,descent
510,5,145.0,16047.6,0.18544,-58.0,24.336,5051.5,14.61904,274.473,30.6882,38.166,7733.322,8423.096,72.341,68.684,119.035,496.403,0.192573,1080.655,37.594,26.834,0,descent
511,5,150.0,16069.5,0.18496,-58.0,23.559,4890.9,14.34533,351.797,22.6031,34.57,7347.265,7951.712,39.245,64.231,114.567,430.565,0.195726,1083.159,26.273,30.43,0,descent
512,5,155.0,16033.8,0.18574,-58.0,24.821,4614.8,14.99472,270.071,29.1939,35.859,7246.294,7884.449,65.456,58.571,117.387,459.621,0.190683,1079.079,29.642,29.141,0,descent
513,5,160.0,15982.3,0.18687,-58.0,23.561,5185.4,15.50016,269.526,34.5168,36.017,8416.876,9303.172,91.489,72.167,117.099,613.803,0.195716,1073.222,62.131,28.983,0,descent
514,5,165.0,16056.9,0.18524,-58.0,23.812,4958.4,14.57055,540.285,15.106,36.683,7565.642,8161.555,17.53,65.962,116.147,417.59,0.194681,1081.716,23.297,28.317,0,descent
515,5,170.0,16088.7,0.18455,-58.0,24.663,5276.8,16.79462,535.499,19.0406,37.843,9280.374,10196.235,27.845,74.889,122.319,604.998,0.191294,1085.358,57.732,27.157,0,descent
516,5,175.0,16079.3,0.18475,-58.0,23.154,5085.3,16.10946,270.212,34.858,37.078,8578.803,9419.041,93.357,69.815,114.597,587.127,0.197429,1084.277,57.916,27.922,0,descent
517,5,180.0,16088.9,0.18454,-58.0,21.18,4783.1,15.39412,542.294,15.8318,37.65,7710.632,8585.515,19.264,62.469,104.166,564.84,0.206424,1085.381,58.597,27.35,0,descent
518,5,185.0,16168.2,0.18283,-58.0,25.818,5163.6,16.45404,536.599,18.2009,37.031,8897.14,9766.57,25.47,72.006,125.937,578.722,0.186964,1094.519,50.2,27.969,0,descent
519,5,190.0,15985.9,0.18679,-58.0,25.018,5088.2,15.93714,270.5,34.8636,37.529,8491.843,9430.592,93.473,69.372,122.077,644.527,0.189933,1073.635,64.417,27.471,0,descent
520,5,195.0,16137.9,0.18348,-58.0,24.104,5150.6,15.51335,356.17,26.0902,36.638,8367.464,9292.543,52.372,70.63,118.964,617.678,0.193501,1091.024,61.521,28.362,0,descent
521,5,200.0,15919.0,0.18827,-58.0,26.058,5332.7,17.53778,348.637,30.4587,39.61,9793.747,10619.012,71.406,76.403,128.405,578.192,0.186102,1066.075,49.603,25.39,0,descent
522,5,205.0,16074.0,0.18487,-58.0,22.867,4954.4,15.9066,351.647,25.8688,38.894,8252.674,9096.668,51.518,66.453,112.33,567.832,0.198666,1083.674,54.809,26.106,0,descent
523,5,210.0,16154.5,0.18312,-58.0,22.492,4887.6,14.61001,352.918,23.3972,36.923,7477.871,8257.297,42.156,64.375,110.274,526.246,0.200313,1092.943,47.414,28.077,0,descent
524,5,215.0,15822.8,0.19041,-58.0,22.867,4972.2,16.66424,268.968,36.2193,37.963,8676.809,9741.839,101.036,67.287,112.484,712.13,0.198662,1055.316,83.473,27.037,0,descent
525,5,220.0,15852.7,0.18974,-58.0,22.301,5049.8,14.72052,270.82,31.7086,37.899,7784.401,8587.314,77.498,68.325,110.878,557.118,0.201171,1058.649,54.076,27.101,0,descent
526,5,225.0,15937.5,0.18786,-58.0,23.52,5135.3,15.79639,538.965,17.4984,36.094,8494.791,9431.042,23.608,70.178,116.497,609.565,0.195885,1068.165,61.405,28.906,0,descent
527,5,230.0,15858.1,0.18962,-58.0,23.071,4544.4,12.86549,350.276,19.2817,37.307,6122.519,6753.899,28.676,55.934,109.837,434.76,0.197785,1059.252,27.989,27.693,0,descent
528,5,235.0,15794.8,0.19104,-58.0,24.301,4306.8,15.37514,269.304,28.5423,38.45,6934.266,7686.572,62.825,51.817,112.968,516.193,0.192715,1052.21,41.478,26.55,0,descent
529,5,240.0,15898.2,0.18873,-58.0,24.904,4605.2,14.84533,349.071,22.5382,38.569,7159.234,7867.43,39.176,57.741,117.641,486.059,0.190367,1063.738,34.53,26.431,0,descent
530,5,245.0,15889.2,0.18893,-58.0,25.88,4249.2,14.2722,352.526,20.0334,37.762,6350.716,7062.312,30.95,50.266,118.866,481.415,0.186743,1062.737,31.901,27.238,0,descent
531,5,250.0,15869.1,0.18938,-58.0,24.331,5058.8,15.57647,272.427,32.9802,36.95,8251.772,8984.695,83.871,68.806,119.077,525.397,0.192594,1060.487,43.188,28.05,0,descent
532,5,255.0,15809.0,0.19072,-58.0,24.874,4491.8,14.58358,350.629,21.7458,38.477,6859.826,7624.73,36.467,54.995,116.645,514.345,0.190481,1053.785,39.973,26.523,0,descent
533,5,260.0,15783.0,0.19131,-58.0,22.324,4780.1,14.60278,348.604,23.3002,38.911,7309.73,8122.536,41.867,61.121,108.718,542.311,0.201066,1050.898,51.04,26.089,0,descent
534,5,265.0,15708.6,0.19299,-58.0,23.433,4962.3,14.21979,267.444,30.0153,39.236,7389.367,8027.422,69.492,65.218,114.662,463.148,0.196251,1042.705,32.893,25.764,0,descent
535,5,270.0,15781.2,0.19135,-58.0,27.694,4443.7,12.58021,351.085,18.9502,37.651,5854.051,6653.154,27.697,52.645,127.558,533.062,0.180524,1050.705,38.23,27.349,0,descent
536,5,275.0,15726.1,0.19259,-58.0,25.051,4663.1,13.17675,269.475,26.1969,39.17,6434.448,7059.426,52.931,57.958,118.686,447.047,0.189807,1044.623,26.853,25.83,0,descent
537,5,280.0,15855.0,0.18969,-58.0,21.459,4499.1,13.40465,542.684,12.8612,37.808,6315.514,6979.541,12.755,54.78,103.042,441.974,0.205078,1058.902,32.639,27.192,0,descent
538,5,285.0,15662.2,0.19404,-58.0,24.54,4205.5,12.95341,349.361,18.1485,38.661,5704.616,6340.381,25.396,48.508,113.195,433.865,0.191771,1037.622,25.203,26.339,0,descent
539,5,290.0,15614.8,0.19513,-58.0,24.293,4271.3,13.88611,269.074,25.5545,37.922,6211.06,6876.06,50.341,50.364,112.68,461.773,0.192744,1032.467,31.004,27.078,0,descent
540,5,295.0,15712.4,0.1929,-58.0,22.23,4597.9,13.34335,268.797,26.371,39.59,6424.658,7088.454,53.602,56.705,106.891,462.827,0.201488,1043.124,35.254,25.41,0,descent
541,5,300.0,15524.5,0.19721,-58.0,23.731,4444.5,12.95157,540.362,12.1974,37.865,6028.05,6590.996,11.467,52.312,111.716,388.593,0.195013,1022.724,17.78,27.135,0,descent
542,5,305.0,15691.3,0.19338,-58.0,25.279,4695.1,15.23148,350.033,24.037,36.622,7488.79,8413.749,44.516,59.123,119.854,609.299,0.188948,1040.811,57.126,28.378,0,descent
543,5,310.0,15576.1,0.19602,-58.0,23.963,4524.5,12.16765,350.061,18.4973,38.745,5765.087,6475.194,26.37,54.23,113.253,477.793,0.194067,1028.279,34.724,26.255,0,descent
544,5,315.0,15688.2,0.19345,-58.0,24.85,4367.2,12.86921,346.989,19.1759,38.797,5885.517,6653.845,28.339,50.954,115.612,510.288,0.190573,1040.47,39.247,26.203,0,descent
545,5,320.0,15459.2,0.19873,-58.0,23.706,3998.5,11.48086,347.78,15.5798,39.437,4807.25,5418.329,18.707,43.298,108.415,412.782,0.195115,1015.735,22.54,25.563,0,descent
546,5,325.0,15560.4,0.19638,-58.0,26.364,4502.6,11.88813,270.745,23.3231,37.705,5605.374,6314.614,41.911,53.053,122.687,488.025,0.185021,1026.586,32.295,27.295,0,descent
547,5,330.0,15440.4,0.19917,-58.0,23.938,4237.5,11.8584,544.423,10.9053,37.246,5262.117,5937.116,9.162,48.04,111.013,446.946,0.194171,1013.73,28.784,27.754,0,descent
548,5,335.0,15469.7,0.19849,-58.0,23.338,4101.2,12.32929,350.174,16.9938,38.178,5295.194,5950.79,22.245,45.523,107.649,439.515,0.196649,1016.849,28.43,26.822,0,descent
549,5,340.0,15285.2,0.20284,-58.0,25.252,4236.8,13.00177,351.126,18.5097,36.25,5768.592,6499.243,26.386,48.189,116.267,487.737,0.189048,997.378,34.206,28.75,0,descent
550,5,345.0,15436.3,0.19927,-58.0,25.948,3925.3,13.45239,345.804,18.1792,36.603,5529.624,6286.442,25.45,42.983,116.889,499.645,0.186496,1013.298,35.182,28.397,0,descent
551,5,350.0,15316.8,0.20209,-58.0,25.032,4193.0,11.9195,541.285,11.2533,38.327,5233.685,6091.257,9.752,47.116,115.072,549.038,0.189879,1000.688,46.251,26.673,0,descent
552,5,355.0,15278.2,0.20301,-58.0,22.685,4514.9,13.62509,266.055,27.0542,38.608,6441.96,7197.924,56.371,54.705,108.068,514.395,0.199458,996.649,44.6,26.392,0,descent
553,5,360.0,15295.3,0.2026,-58.0,26.287,4383.9,13.75126,272.232,25.7147,37.496,6312.981,7000.385,50.934,51.931,121.484,479.029,0.18529,998.431,30.759,27.504,0,descent
554,5,365.0,15282.3,0.20291,-58.0,26.455,4429.4,14.26026,541.675,13.405,38.6,6614.61,7261.135,13.839,53.448,122.497,440.992,0.184701,997.083,23.452,26.4,0,descent
555,5,370.0,15384.0,0.2005,-58.0,27.178,4317.1,12.81947,538.09,12.1535,38.196,5795.502,6539.679,11.373,50.356,124.554,493.124,0.182228,1007.757,31.861,26.804,0,descent
556,5,375.0,15142.3,0.20628,-58.0,28.594,4432.0,13.44685,539.434,12.8184,36.672,6240.871,6914.671,12.65,53.809,131.073,459.479,0.177658,982.586,23.63,28.328,0,descent
557,5,380.0,15281.7,0.20293,-58.0,27.101,4402.3,13.48956,539.86,12.9384,37.413,6218.75,6984.913,12.884,53.137,124.877,507.294,0.182487,997.011,34.574,27.587,0,descent
558,5,385.0,15420.8,0.19963,-58.0,26.175,4787.1,14.1893,266.441,29.6601,34.873,7113.163,7902.653,67.706,61.339,124.181,548.171,0.185685,1011.649,43.787,30.127,0,descent
559,5,390.0,15184.7,0.20526,-58.0,25.339,4475.1,14.76431,541.161,14.1107,37.012,6919.01,7636.165,15.326,54.53,118.377,479.14,0.188726,986.951,32.426,27.988,0,descent
560,5,395.0,15181.0,0.20535,-58.0,25.039,4600.8,14.1528,269.896,28.6075,38.226,6818.68,7721.05,62.987,57.339,118.146,603.616,0.189853,986.572,56.599,26.774,0,descent
561,5,400.0,15359.8,0.20107,-58.0,23.993,4651.5,14.20456,270.541,28.1685,40.346,6919.078,7620.718,61.09,57.61,114.362,490.78,0.193947,1005.205,37.185,24.654,0,descent
562,5,405.0,15181.3,0.20534,-58.0,25.132,4730.7,13.83826,268.335,27.9367,37.831,6855.429,7496.4,60.088,59.642,119.55,460.211,0.189501,986.599,29.21,27.169,0,descent
563,5,410.0,15138.3,0.20638,-58.0,24.213,4844.9,14.49657,542.733,14.8026,36.892,7354.931,8033.881,16.867,62.727,116.806,461.803,0.193061,982.175,31.156,28.108,0,descent
564,5,415.0,15104.6,0.2072,-58.0,26.072,4849.2,15.30737,272.155,31.7495,37.702,7773.253,8640.779,77.587,63.396,124.277,596.507,0.186052,978.724,52.981,27.298,0,descent
565,5,420.0,15209.4,0.20466,-58.0,23.62,4509.7,14.27715,270.437,27.8399,36.501,6742.396,7528.948,59.672,55.322,111.768,534.646,0.19547,989.508,46.507,28.499,0,descent
566,5,425.0,15203.1,0.20481,-58.0,27.625,4939.7,14.65529,267.759,30.7885,37.703,7580.95,8243.874,72.993,65.363,131.239,485.926,0.180749,988.847,29.831,27.297,0,descent
567,5,430.0,15135.7,0.20644,-58.0,25.229,4566.1,14.88388,539.031,14.5559,37.423,7116.887,7846.085,16.313,56.249,118.639,487.099,0.189134,981.911,34.127,27.577,0,descent
568,5,435.0,15192.9,0.20506,-58.0,26.349,4672.4,13.9056,349.212,21.3449,39.385,6803.941,7453.899,35.076,58.807,123.953,455.503,0.185072,987.795,26.301,25.615,0,descent
569,5,440.0,15201.9,0.20484,-58.0,24.818,4966.8,14.94868,540.901,15.502,36.976,7775.075,8385.03,18.497,66.242,120.241,427.716,0.190695,988.732,23.563,28.024,0,descent
570,5,445.0,15157.8,0.20591,-58.0,27.009,4999.7,15.96744,352.127,25.9022,37.743,8359.971,9120.875,51.628,67.677,129.285,530.362,0.182796,984.181,38.948,27.257,0,descent
571,5,450.0,15253.1,0.20361,-58.0,26.094,4864.2,15.57373,538.87,15.6725,37.695,7932.975,8445.464,18.902,64.428,124.488,375.387,0.185974,994.034,11.812,27.305,0,descent
572,5,455.0,15101.5,0.20727,-58.0,22.611,5073.7,14.98109,343.182,25.3146,38.002,7959.718,8687.508,49.29,68.682,112.323,503.917,0.199787,978.413,42.676,26.998,0,descent
573,5,460.0,15221.4,0.20437,-58.0,24.641,4677.4,14.6826,348.824,22.9732,37.195,7191.807,8013.606,40.597,59.99,117.159,549.975,0.191381,990.747,47.255,27.805,0,descent
574,5,465.0,15155.5,0.20596,-58.0,24.212,4908.9,15.72206,271.387,32.7122,38.687,8081.992,8877.681,82.329,65.437,117.332,556.923,0.193066,983.944,49.523,26.313,0,descent
575,5,470.0,15106.0,0.20717,-58.0,26.643,5179.7,16.34033,270.805,36.0079,37.955,8863.274,9751.107,99.776,71.642,129.376,623.665,0.184049,978.864,56.785,27.045,0,descent
576,5,475.0,15289.4,0.20274,-58.0,22.163,4949.0,15.63247,348.89,25.7323,37.181,8101.672,8977.742,50.973,66.239,109.47,583.845,0.201796,997.821,59.817,27.819,0,descent
577,5,480.0,15154.0,0.206,-58.0,27.728,4930.3,15.20503,347.461,24.7638,36.928,7850.415,8604.449,47.227,65.757,131.573,524.77,0.180412,983.786,36.675,28.072,0,descent
578,5,485.0,15119.3,0.20684,-58.0,25.921,5028.4,15.64789,270.373,33.5842,36.478,8239.721,9080.248,86.86,68.301,125.177,588.442,0.186593,980.23,51.799,28.522,0,descent
579,5,490.0,15085.5,0.20766,-58.0,24.675,5151.1,17.04857,268.052,37.9547,40.243,9196.458,10173.826,110.967,71.71,121.256,674.322,0.191246,976.781,70.961,24.757,0,descent
580,5,495.0,15081.8,0.20776,-58.0,25.244,4531.3,14.94645,351.319,22.4831,37.083,7092.348,7898.751,38.962,56.666,118.429,539.847,0.189079,976.4,44.074,27.917,0,descent
581,5,500.0,15201.9,0.20484,-58.0,24.742,4834.6,14.63644,348.971,23.3308,38.374,7410.034,8141.771,41.96,63.216,118.836,503.26,0.190987,988.732,38.116,26.626,0,descent
582,5,505.0,14977.3,0.21033,-58.0,24.335,5043.7,14.77451,272.986,31.5712,39.927,7803.488,8618.507,76.836,68.663,118.963,567.268,0.192579,965.811,51.244,25.073,0,descent
583,5,510.0,15238.2,0.20397,-58.0,24.779,4950.6,15.20556,267.53,32.8118,39.998,7882.908,8778.124,83.013,66.394,119.946,613.578,0.190847,992.49,59.099,25.002,0,descent
584,5,515.0,15262.6,0.20338,-58.0,24.67,5103.5,16.36473,349.832,27.6894,37.546,8745.92,9686.655,59.14,69.413,120.818,629.622,0.191267,995.022,62.426,27.454,0,descent
585,5,520.0,15340.6,0.20153,-58.0,24.536,4712.9,15.23361,349.603,23.6881,38.174,7518.292,8281.441,43.302,60.226,117.023,518.98,0.191789,1003.182,41.535,26.826,0,descent
586,5,525.0,15285.0,0.20285,-58.0,25.08,5205.3,15.28194,543.399,16.9088,39.296,8330.122,9188.241,22.065,71.952,123.349,569.78,0.189699,997.363,50.086,25.704,0,descent
587,5,530.0,15452.5,0.19889,-58.0,23.999,5071.1,14.98254,269.575,32.8631,37.705,7956.465,8859.067,83.364,67.727,117.857,617.458,0.19392,1015.02,61.737,27.295,0,descent
588,5,535.0,15376.2,0.20068,-58.0,25.416,4611.7,14.50602,347.33,21.8736,38.141,7005.444,7597.355,36.947,58.187,119.741,422.245,0.188439,1006.931,21.567,26.859,0,descent
589,5,540.0,15370.9,0.20081,-58.0,23.201,4655.2,13.92804,273.206,27.4276,37.108,6789.822,7493.374,58.075,58.391,111.226,489.414,0.197228,1006.374,38.526,27.892,0,descent
590,5,545.0,15403.6,0.20004,-58.0,25.965,4878.1,14.96726,267.962,31.8352,38.423,7645.723,8530.617,78.239,63.564,124.085,606.341,0.186437,1009.827,55.044,26.577,0,descent
591,5,550.0,15287.5,0.20279,-58.0,24.467,4865.5,15.28517,350.007,24.8142,38.091,7788.05,8685.153,47.549,63.08,117.992,596.287,0.192057,997.623,56.521,26.909,0,descent
592,5,555.0,15341.2,0.20151,-58.0,27.202,4715.2,14.69334,537.911,14.5468,38.104,7255.158,7824.892,16.346,59.442,127.707,404.926,0.182147,1003.248,15.756,26.896,0,descent
593,5,560.0,15403.0,0.20005,-58.0,24.78,4611.9,12.96401,345.325,20.2858,36.775,6261.122,7005.198,31.775,56.786,117.198,501.834,0.190843,1009.762,37.772,28.225,0,descent
594,5,565.0,15553.2,0.19655,-58.0,24.916,4290.7,14.0034,273.849,25.3481,36.323,6292.017,6941.553,49.612,51.148,115.313,454.478,0.190319,1025.809,28.496,28.677,0,descent
595,5,570.0,15583.8,0.19584,-58.0,26.422,4924.5,14.76651,270.072,30.7317,38.063,7614.982,8299.785,72.911,64.62,126.299,495.365,0.184818,1029.104,33.552,26.937,0,descent
596,5,575.0,15556.7,0.19647,-58.0,26.721,4367.0,13.4671,270.372,25.1864,39.382,6158.687,6809.683,48.968,52.249,123.096,458.989,0.183778,1026.184,26.352,25.618,0,descent
597,5,580.0,15487.8,0.19807,-58.0,23.822,4436.8,14.65252,538.377,14.1687,37.872,6807.859,7628.087,15.493,53.84,112.022,532.736,0.194639,1018.786,45.691,27.128,0,descent
598,5,585.0,15680.6,0.19362,-58.0,23.997,4487.1,13.51103,541.918,13.085,35.136,6348.661,7090.997,13.216,53.659,113.104,489.275,0.193928,1039.635,36.884,29.864,0,descent
599,5,590.0,15664.0,0.194,-58.0,24.957,4780.0,13.97383,537.788,14.2995,36.818,6994.734,7690.113,15.782,60.839,119.249,470.6,0.190164,1037.818,31.491,28.182,0,descent
600,5,595.0,15615.5,0.19511,-58.0,23.661,4302.3,13.67084,535.205,12.8377,38.752,6159.133,6870.804,12.719,50.142,110.379,469.377,0.195301,1032.546,33.67,26.248,0,descent
601,6,0.0,18980.4,0.13133,-58.0,23.858,3528.3,9.25618,345.276,11.7498,31.293,3420.026,4056.936,10.385,33.617,106.013,417.808,0.194495,1480.6,23.261,33.707,0,loiter
602,6,5.0,19009.0,0.13089,-58.0,20.362,3845.1,10.23186,539.839,8.6955,32.045,4119.944,4694.191,5.687,39.27,94.013,378.373,0.210532,1485.222,21.659,32.955,0,loiter
603,6,10.0,18993.8,0.13112,-58.0,26.309,3819.1,9.99533,348.972,12.4692,33.277,3997.503,4351.393,11.693,38.375,117.632,270.105,0.185214,1482.769,-7.973,31.723,0,loiter
604,6,15.0,19155.0,0.12866,-58.0,19.831,3758.9,10.61519,541.111,9.0563,32.781,4178.511,4900.442,6.165,37.885,91.334,457.985,0.21333,1509.05,39.702,32.219,0,loiter
605,6,20.0,19009.1,0.13089,-58.0,23.09,3919.9,10.87205,273.466,18.5682,29.874,4462.83,5077.788,25.919,41.159,105.422,415.852,0.197701,1485.232,24.214,35.126,0,loiter
606,6,25.0,19114.9,0.12927,-58.0,21.111,3740.4,9.81585,273.123,15.9299,31.607,3844.793,4350.826,19.075,37.408,96.335,347.086,0.206762,1502.462,13.764,33.393,0,loiter
607,6,30.0,19184.7,0.12821,-58.0,23.577,3847.3,10.58933,268.244,18.0046,30.819,4266.285,4829.638,24.362,39.673,106.89,386.761,0.195649,1513.943,17.669,34.181,0,loiter
608,6,35.0,19204.0,0.12792,-58.0,23.14,3515.0,10.30266,347.989,12.5774,32.546,3792.351,4376.781,11.886,34.381,103.064,388.635,0.197487,1517.126,18.75,32.454,0,loiter
609,6,40.0,19102.9,0.12945,-58.0,22.76,3862.3,11.11949,347.01,14.9508,31.081,4497.347,5188.088,16.793,39.989,103.719,452.133,0.199131,1500.496,32.034,33.919,0,loiter
610,6,45.0,19336.6,0.12594,-58.0,22.126,4231.4,10.42647,351.233,15.0545,30.446,4620.111,5287.649,17.027,46.092,103.725,442.226,0.201961,1539.264,31.312,34.554,0,loiter
611,6,50.0,19182.0,0.12825,-58.0,23.319,4054.5,12.07444,269.049,21.1035,32.779,5126.61,5677.89,33.459,44.524,107.248,386.558,0.19673,1513.495,18.048,32.221,0,loiter
612,6,55.0,19418.5,0.12473,-58.0,20.773,4108.1,11.83747,348.118,16.469,28.831,5092.422,5733.164,20.374,45.833,97.435,426.047,0.208439,1553.092,30.805,36.169,0,loiter
613,6,60.0,19239.6,0.12738,-58.0,23.037,3924.6,11.19612,269.37,19.4911,31.273,4601.366,5250.334,28.537,41.421,105.239,435.771,0.19793,1523.04,28.252,33.727,0,loiter
614,6,65.0,19179.3,0.12829,-58.0,22.065,4188.2,12.78937,540.535,11.9229,31.961,5609.295,6444.748,10.678,47.628,103.17,532.163,0.202242,1513.054,49.626,33.039,0,loiter
615,6,70.0,19257.0,0.12713,-58.0,21.787,4050.7,10.87739,544.446,9.38,32.528,4614.009,5106.895,6.61,43.824,101.096,339.276,0.203527,1525.928,11.052,32.472,0,loiter
616,6,75.0,19302.6,0.12644,-58.0,22.221,4505.0,12.22821,538.124,12.2582,32.139,5768.773,6596.436,11.287,53.136,106.135,531.966,0.201531,1533.544,49.207,32.861,0,loiter
617,6,80.0,19392.0,0.12512,-58.0,23.471,4341.3,13.01881,348.376,19.0749,31.095,5918.577,6645.233,27.336,50.689,109.904,484.229,0.196091,1548.606,36.953,33.905,0,loiter
618,6,85.0,19473.3,0.12393,-58.0,23.141,4188.6,12.90549,271.562,23.2688,30.945,5660.706,6318.928,40.681,47.5,107.475,450.067,0.197486,1562.431,30.882,34.055,0,loiter
619,6,90.0,19320.7,0.12618,-58.0,23.09,4259.0,13.20797,350.882,18.4339,30.77,5890.734,6468.13,25.531,49.324,107.779,399.753,0.197701,1536.58,21.032,34.23,0,loiter
620,6,95.0,19335.6,0.12595,-58.0,22.459,4547.1,12.53677,539.458,12.4911,28.634,5969.612,6738.434,11.722,54.784,107.409,501.114,0.200462,1539.089,42.454,36.366,0,loiter
621,6,100.0,19302.7,0.12644,-58.0,24.314,4186.0,12.45225,349.995,17.6864,32.019,5458.592,6190.166,23.503,47.471,112.152,484.772,0.19266,1533.574,35.396,32.981,0,loiter
622,6,105.0,19435.3,0.12449,-58.0,19.897,4462.3,13.08865,349.109,19.5945,30.711,6116.247,6840.606,28.849,53.106,96.512,478.708,0.212977,1555.95,43.954,34.289,0,loiter
623,6,110.0,19371.5,0.12542,-58.0,22.335,4509.3,13.87678,270.486,26.9558,32.078,6552.811,7291.176,54.605,54.667,106.623,503.254,0.201017,1545.145,43.162,32.922,0,loiter
624,6,115.0,19559.0,0.12269,-58.0,22.774,4613.9,13.79781,266.943,27.9606,29.787,6666.679,7463.894,58.761,56.818,109.19,539.614,0.19907,1577.148,49.421,35.213,0,loiter
625,6,120.0,19313.4,0.12628,-58.0,23.844,4682.9,13.34662,271.754,26.8037,31.751,6545.037,7284.032,54.011,58.478,114.016,508.374,0.194551,1535.362,40.905,33.249,0,loiter
626,6,125.0,19241.1,0.12736,-58.0,23.615,4360.5,13.24326,352.551,18.7427,31.988,6047.211,6607.766,26.412,51.786,110.621,393.274,0.195493,1523.282,18.882,33.012,0,loiter
627,6,130.0,19506.1,0.12345,-58.0,24.136,5003.0,14.90499,266.137,32.2829,31.581,7808.843,8591.681,78.346,66.454,117.819,548.739,0.193371,1568.044,48.11,33.419,0,loiter
628,6,135.0,19319.1,0.1262,-58.0,20.724,4256.3,12.36562,352.743,17.3489,32.954,5511.543,6119.718,22.631,49.05,98.294,410.985,0.208684,1536.315,27.766,32.046,0,loiter
629,6,140.0,19520.4,0.12325,-58.0,21.411,4354.6,12.5138,350.872,17.9329,30.809,5706.441,6292.164,24.179,51.165,101.762,401.846,0.205308,1570.495,24.502,34.191,0,loiter
630,6,145.0,19500.4,0.12354,-58.0,24.92,4157.9,12.5735,271.254,22.8103,31.514,5474.709,6187.365,39.117,47.06,114.375,482.209,0.190305,1567.07,33.767,33.486,0,loiter
631,6,150.0,19633.5,0.12162,-58.0,21.36,4389.7,13.29212,271.658,24.8892,32.214,6110.299,6761.343,46.574,52.13,101.818,448.308,0.205555,1590.069,34.152,32.786,0,loiter
632,6,155.0,19545.0,0.12289,-58.0,24.699,4407.9,12.63376,268.882,24.2668,29.698,5831.729,6524.926,44.275,51.938,115.311,476.444,0.191155,1574.73,33.074,35.302,0,loiter
633,6,160.0,19317.0,0.12623,-58.0,20.719,4190.9,12.89106,349.932,17.9661,29.543,5657.539,6286.924,24.269,47.822,97.805,422.615,0.208709,1535.972,30.203,35.457,0,loiter
634,6,165.0,19355.8,0.12566,-58.0,22.575,4142.3,13.11867,538.5,11.9869,31.263,5690.684,6454.926,10.803,47.642,104.884,493.832,0.199946,1542.485,40.739,33.737,0,loiter
635,6,170.0,19518.3,0.12328,-58.0,25.267,4299.4,12.76969,347.897,18.6699,32.195,5749.36,6495.2,26.21,50.185,116.782,497.141,0.188992,1570.146,35.956,32.805,0,loiter
636,6,175.0,19510.4,0.12339,-58.0,20.492,4066.3,12.27933,348.546,16.6794,32.165,5228.845,5813.532,20.92,45.667,96.024,394.753,0.20986,1568.778,24.843,32.835,0,loiter
637,6,180.0,19668.4,0.12112,-58.0,21.525,4125.6,11.97393,538.525,10.6444,33.122,5173.084,5732.267,8.52,46.44,100.569,377.538,0.204762,1596.16,19.305,31.878,0,loiter
638,6,185.0,19449.9,0.12427,-58.0,20.837,4281.1,12.60794,270.914,23.2844,31.425,5652.3,6308.079,40.761,49.406,98.927,445.77,0.208116,1558.441,34.772,33.575,0,loiter
639,6,190.0,19462.6,0.12409,-58.0,19.199,4212.0,12.28814,274.777,21.6751,29.478,5420.043,5955.839,35.323,47.862,91.876,373.465,0.216812,1560.594,22.972,35.522,0,loiter
640,6,195.0,19366.3,0.1255,-58.0,25.131,4018.3,12.03258,273.123,21.0296,31.561,5063.286,5743.669,33.247,43.778,114.251,460.284,0.189502,1544.254,29.225,33.439,0,loiter
641,6,200.0,19381.4,0.12528,-58.0,22.094,4165.7,12.18263,349.193,16.7992,31.729,5314.461,5866.169,21.216,46.303,103.127,380.23,0.202108,1546.804,18.848,33.271,0,loiter
642,6,205.0,19307.1,0.12638,-58.0,22.648,4107.1,11.05302,540.427,9.6345,30.799,4753.86,5206.728,6.977,44.291,104.931,319.367,0.199621,1534.313,5.752,34.201,0,loiter
643,6,210.0,19259.0,0.1271,-58.0,20.821,3954.7,11.18392,347.967,15.4341,31.577,4631.687,5370.56,17.899,42.057,96.579,476.821,0.208195,1526.261,41.272,33.423,0,loiter
644,6,215.0,19367.6,0.12548,-58.0,23.671,4017.4,11.3867,267.534,20.6312,29.902,4790.411,5519.569,31.987,42.946,108.402,483.538,0.195262,1544.483,36.416,35.098,0,loiter
645,6,220.0,19358.2,0.12562,-58.0,22.347,4162.5,12.43317,267.184,22.7529,30.189,5419.627,6079.205,38.907,46.619,104.116,448.107,0.200962,1542.899,32.052,34.811,0,loiter
646,6,225.0,19426.9,0.12461,-58.0,21.251,3840.4,10.56352,541.415,8.733,32.275,4248.276,4728.161,5.732,39.868,97.539,328.349,0.206081,1554.53,9.666,32.725,0,loiter
647,6,230.0,19115.6,0.12926,-58.0,21.946,3524.6,9.84535,266.768,15.3305,30.706,3633.896,4089.697,17.659,34.193,98.344,318.279,0.20279,1502.568,6.544,34.294,0,loiter
648,6,235.0,19445.5,0.12434,-58.0,20.402,3229.0,9.77286,544.704,7.2842,32.336,3304.612,3967.724,3.985,29.573,90.472,420.526,0.210322,1557.686,30.446,32.664,0,loiter
649,6,240.0,19194.1,0.12807,-58.0,21.723,4172.2,12.11741,346.865,17.2741,31.747,5294.254,5991.764,22.413,47.024,101.688,460.637,0.203828,1515.496,35.891,33.253,0,loiter
650,6,245.0,19243.5,0.12733,-58.0,23.179,3722.8,9.98803,355.862,12.2453,30.881,3893.811,4357.631,11.264,37.284,104.495,323.97,0.197324,1523.688,5.927,34.119,0,loiter
651,6,250.0,19102.7,0.12945,-58.0,24.788,3957.0,10.64627,350.522,14.5144,33.879,4411.587,5087.626,15.82,40.785,112.461,447.901,0.190811,1500.462,27.465,31.121,0,loiter
652,6,255.0,19223.2,0.12763,-58.0,21.508,4021.7,10.97584,267.096,19.9492,33.445,4622.492,5328.349,29.884,42.343,99.779,465.624,0.204846,1520.315,37.381,31.555,0,loiter
653,6,260.0,19295.0,0.12656,-58.0,20.582,3621.6,9.68935,350.439,12.0078,30.91,3674.692,4207.987,10.828,36.125,93.475,356.504,0.209404,1532.286,16.653,34.09,0,loiter
654,6,265.0,19098.3,0.12952,-58.0,23.717,3836.9,11.25987,540.394,9.2863,30.237,4524.162,5018.282,6.475,39.498,107.38,340.775,0.195073,1499.744,8.476,34.763,0,loiter
655,6,270.0,19144.1,0.12882,-58.0,24.176,3707.2,9.22147,271.356,14.7993,31.569,3579.915,4015.879,16.44,36.527,108.388,312.39,0.193209,1507.257,2.357,33.431,0,loiter
656,6,275.0,19207.8,0.12786,-58.0,21.26,3542.1,10.69693,350.608,12.9071,31.661,3967.828,4525.33,12.5,33.907,95.705,370.577,0.206035,1517.764,18.352,33.339,0,loiter
657,6,280.0,19052.9,0.13021,-58.0,20.906,3337.8,9.94674,269.837,14.795,31.368,3476.759,3992.23,16.422,30.178,93.094,346.372,0.207773,1492.337,13.967,33.632,0,loiter
658,6,285.0,19175.1,0.12835,-58.0,20.995,3242.0,10.77476,265.394,15.6961,30.747,3658.1,4165.658,18.48,29.158,92.915,342.406,0.20733,1512.363,12.991,34.253,0,loiter
659,6,290.0,18993.7,0.13112,-58.0,21.131,3381.0,11.21685,347.426,13.3166,30.249,3971.412,4626.528,13.298,31.568,94.242,422.913,0.206662,1482.74,29.4,34.751,0,loiter
660,6,295.0,18858.8,0.13322,-58.0,20.207,3621.5,10.57046,539.62,8.4372,29.394,4008.813,4552.901,5.338,35.141,91.978,358.854,0.211333,1461.135,17.838,35.606,0,loiter
661,6,300.0,19017.7,0.13075,-58.0,22.253,3862.0,10.80108,540.871,8.9804,30.871,4368.291,4857.225,6.047,39.64,101.691,335.234,0.201385,1486.627,9.511,34.129,0,loiter
662,6,305.0,18976.0,0.1314,-58.0,21.663,3694.6,10.76011,352.919,13.3619,28.338,4163.066,4715.667,13.383,36.372,98.253,370.534,0.204112,1479.897,17.63,36.662,0,loiter
663,6,310.0,19039.2,0.13042,-58.0,22.039,3542.1,10.44577,349.239,12.6835,30.43,3874.654,4429.564,12.057,33.606,98.822,370.219,0.20236,1490.122,16.917,34.57,0,loiter
664,6,315.0,18924.8,0.13219,-58.0,25.018,3905.9,10.53204,351.127,14.2314,30.918,4307.872,4997.027,15.176,40.766,113.038,455.077,0.189933,1471.665,28.434,34.082,0,loiter
665,6,320.0,18889.2,0.13275,-58.0,23.677,3295.9,9.47219,348.001,11.0873,28.803,3269.264,3858.393,9.211,29.421,103.943,388.179,0.195235,1465.976,17.786,36.197,0,loiter
666,6,325.0,18992.2,0.13115,-58.0,19.786,3420.7,10.71286,347.066,12.6347,29.507,3837.508,4385.091,11.96,32.21,89.091,361.138,0.213571,1482.505,19.129,35.493,0,loiter
667,6,330.0,18904.0,0.13251,-58.0,21.819,3829.6,11.3513,348.346,15.0403,30.861,4552.274,5239.248,16.945,39.441,99.743,448.094,0.203378,1468.344,33.133,34.139,0,loiter
668,6,335.0,18792.4,0.13427,-58.0,20.533,3858.9,9.12552,351.472,12.0783,30.544,3687.609,4245.2,10.929,38.949,94.79,371.776,0.20965,1450.62,19.943,34.456,0,loiter
669,6,340.0,18811.6,0.13396,-58.0,22.355,4069.3,9.77897,538.98,9.0015,27.342,4167.155,4851.607,6.069,43.838,103.496,445.48,0.200925,1453.647,31.508,37.658,0,loiter
670,6,345.0,18891.8,0.1327,-58.0,23.977,3629.8,11.34624,268.569,18.1401,31.661,4312.891,4871.859,24.648,37.019,107.106,383.38,0.194012,1466.392,16.38,33.339,0,loiter
671,6,350.0,18595.3,0.13742,-58.0,22.504,3834.4,11.70221,541.705,9.9365,28.868,4698.871,5382.649,7.394,40.151,102.515,443.605,0.200258,1419.897,30.836,36.132,0,loiter
672,6,355.0,18705.1,0.13565,-58.0,21.864,4137.9,12.46056,537.441,11.096,29.316,5399.365,5963.475,9.221,46.691,102.009,381.325,0.20317,1436.924,19.474,35.684,0,loiter
673,6,360.0,18731.9,0.13522,-58.0,22.004,4257.2,12.71328,347.361,18.6011,29.882,5667.734,6461.282,25.908,48.584,103.42,516.511,0.202524,1441.116,46.606,35.118,0,loiter
674,6,365.0,18786.5,0.13436,-58.0,20.591,4181.0,12.35314,270.148,22.3976,30.405,5408.585,6050.677,37.571,47.692,97.222,435.269,0.209357,1449.696,33.126,34.595,0,loiter
675,6,370.0,18665.0,0.13629,-58.0,22.435,4501.9,11.57811,273.469,22.4995,33.367,5458.334,6152.916,37.915,52.814,106.967,470.984,0.200567,1430.672,36.464,31.633,0,loiter
676,6,375.0,18677.2,0.1361,-58.0,22.064,4424.0,12.7601,269.276,24.481,30.699,5911.462,6592.138,44.891,52.301,104.891,465.309,0.202248,1432.566,36.108,34.301,0,loiter
677,6,380.0,18758.8,0.1348,-58.0,19.796,4177.0,12.54377,349.578,17.6277,32.727,5486.789,6162.278,23.277,47.481,94.014,445.667,0.213518,1445.334,37.158,32.273,0,loiter
678,6,385.0,18617.7,0.13705,-58.0,21.1,4318.4,12.6121,350.963,18.0185,29.943,5703.489,6323.829,24.323,50.143,100.25,419.809,0.206817,1423.346,28.824,35.057,0,loiter
679,6,390.0,18723.0,0.13537,-58.0,22.507,4370.1,12.52151,541.47,11.8613,29.684,5730.242,6422.52,10.54,51.301,106.26,456.399,0.200248,1439.713,33.393,35.316,0,loiter
680,6,395.0,18609.0,0.1372,-58.0,23.24,4208.7,12.61582,541.622,11.5866,29.52,5560.175,6275.58,10.058,47.498,108.015,467.979,0.197065,1421.997,34.222,35.48,0,loiter
681,6,400.0,18715.3,0.13549,-58.0,24.229,4350.0,11.33262,349.491,16.61,30.784,5162.304,5805.032,20.67,50.211,112.998,436.246,0.193001,1438.513,26.196,34.216,0,loiter
682,6,405.0,18611.5,0.13715,-58.0,22.658,4386.9,13.21102,538.91,12.6499,30.437,6069.144,6817.133,11.988,52.532,106.991,488.574,0.199577,1422.385,39.508,34.563,0,loiter
683,6,410.0,18699.3,0.13575,-58.0,23.834,4572.5,14.91315,273.887,28.9575,30.907,7140.929,7931.09,62.828,56.963,113.108,539.393,0.194592,1436.012,46.962,34.093,0,loiter
684,6,415.0,18575.6,0.13774,-58.0,21.52,4481.9,13.01696,540.989,12.7184,32.066,6109.364,6880.496,12.122,53.82,103.155,500.216,0.204786,1416.854,44.437,32.934,0,loiter
685,6,420.0,18596.1,0.1374,-58.0,20.884,4410.2,12.69392,269.049,24.2827,30.256,5862.522,6533.23,44.198,52.102,100.069,457.255,0.207881,1420.017,37.055,34.744,0,loiter
686,6,425.0,18586.7,0.13756,-58.0,20.016,4503.9,13.56373,350.842,20.3194,29.877,6397.26,7128.895,30.95,54.551,97.305,484.662,0.212343,1418.56,44.915,35.123,0,loiter
687,6,430.0,18457.4,0.13966,-58.0,20.036,3979.2,12.92991,350.3,17.027,30.156,5387.924,5964.542,21.737,44.289,93.603,388.973,0.212235,1398.818,24.554,34.844,0,loiter
688,6,435.0,18493.5,0.13907,-58.0,22.365,4459.8,12.4887,541.217,12.0579,30.603,5832.521,6525.957,10.9,53.156,106.364,458.079,0.200883,1404.291,34.02,34.397,0,loiter
689,6,440.0,18509.2,0.13881,-58.0,20.987,4682.7,13.03568,351.926,20.3569,30.93,6392.267,7164.104,31.069,58.341,102.587,510.909,0.207371,1406.695,47.947,34.07,0,loiter
690,6,445.0,18388.9,0.14079,-58.0,23.705,4482.8,13.25904,349.115,19.6159,29.854,6224.349,6848.191,28.855,53.931,111.9,430.722,0.195123,1388.468,26.044,35.146,0,loiter
691,6,450.0,18408.1,0.14048,-58.0,20.589,4697.3,13.14381,269.369,26.8808,29.821,6465.507,7240.851,54.184,58.667,101.113,522.722,0.209364,1391.362,51.439,35.179,0,loiter
692,6,455.0,18715.7,0.13548,-58.0,22.941,4414.3,13.16031,270.84,24.7059,32.042,6083.483,6691.331,45.783,52.724,108.327,427.392,0.198343,1438.573,26.77,32.958,0,loiter
693,6,460.0,18494.7,0.13905,-58.0,21.557,4478.7,13.62094,270.287,25.9062,31.156,6388.372,7002.117,50.337,54.396,103.279,431.165,0.20461,1404.483,30.221,33.844,0,loiter
694,6,465.0,18738.9,0.13511,-58.0,22.402,4124.6,12.4367,540.739,11.3581,31.532,5371.683,6141.765,9.676,46.323,104.067,495.574,0.200717,1442.212,41.47,33.468,0,loiter
695,6,470.0,18576.9,0.13771,-58.0,22.182,4627.5,12.34398,268.09,24.847,30.598,5981.756,6661.248,46.312,56.816,106.931,468.247,0.201707,1417.064,36.448,34.402,0,loiter
696,6,475.0,18677.8,0.13609,-58.0,22.284,3936.0,11.68684,269.113,19.9579,29.91,4817.047,5370.916,29.881,42.224,102.304,383.112,0.201246,1432.66,19.1,35.09,0,loiter
697,6,480.0,18575.7,0.13773,-58.0,22.256,4231.7,11.90138,352.308,16.6175,30.315,5274.019,5854.48,20.713,48.251,104.245,397.197,0.201373,1416.865,21.985,34.685,0,loiter
698,6,485.0,18622.8,0.13697,-58.0,23.567,4309.4,12.42659,539.878,11.7444,29.627,5607.911,6340.549,10.345,49.372,110.055,479.348,0.19569,1424.131,35.803,35.373,0,loiter
699,6,490.0,18585.9,0.13757,-58.0,18.882,4189.3,12.80035,348.229,18.1045,29.546,5615.585,6304.512,24.584,47.265,90.447,451.944,0.218623,1418.443,40.805,35.454,0,loiter
700,6,495.0,18680.1,0.13605,-58.0,22.632,4212.6,12.00034,270.043,22.2232,31.639,5293.819,6001.241,37.048,47.375,105.613,474.598,0.199691,1433.023,36.773,33.361,0,loiter
701,6,500.0,18688.5,0.13592,-58.0,21.719,4398.7,11.9626,271.519,22.6335,32.189,5510.358,6145.42,38.431,51.306,103.323,436.161,0.203846,1434.328,30.91,32.811,0,loiter
702,6,505.0,18600.5,0.13733,-58.0,21.852,3692.3,10.99987,271.347,18.0249,32.099,4253.185,4890.988,24.374,37.339,98.995,423.111,0.203226,1420.691,27.987,32.901,0,loiter
703,6,510.0,18593.7,0.13744,-58.0,25.087,4113.5,10.98014,540.983,10.0269,30.551,4729.91,5424.391,7.542,44.685,114.732,457.096,0.189669,1419.647,28.697,34.449,0,loiter
704,6,515.0,18662.8,0.13633,-58.0,22.292,3819.1,9.98825,352.751,12.7047,30.37,3994.618,4481.586,12.108,39.215,101.567,336.633,0.201208,1430.328,9.733,34.63,0,loiter
705,6,520.0,18815.1,0.13391,-58.0,23.164,3818.3,11.64239,540.915,9.8447,30.378,4655.18,5325.135,7.268,39.743,105.05,436.903,0.197384,1454.205,28.238,34.622,0,loiter
706,6,525.0,18706.3,0.13563,-58.0,21.417,4119.1,9.88306,352.4,13.9854,31.214,4263.096,4928.458,14.668,44.133,100.088,437.449,0.205281,1437.111,31.8,33.786,0,loiter
707,6,530.0,18611.2,0.13716,-58.0,24.314,3750.6,10.30421,537.051,8.5247,30.204,4047.073,4578.224,5.45,38.346,109.211,360.986,0.192663,1422.341,11.549,34.796,0,loiter
708,6,535.0,18952.6,0.13176,-58.0,20.645,3689.1,10.37293,353.023,12.8574,31.632,4007.26,4538.944,12.394,36.659,94.147,356.867,0.209083,1476.122,16.615,33.368,0,loiter
709,6,540.0,18822.1,0.1338,-58.0,20.448,4021.6,12.57164,350.049,16.5596,29.409,5294.405,5796.689,20.556,44.04,95.538,348.317,0.210088,1455.318,15.177,35.591,0,loiter
710,6,545.0,18644.0,0.13663,-58.0,23.661,3899.7,9.6608,350.111,13.1028,31.674,3945.227,4587.412,12.867,40.189,107.572,425.484,0.1953,1427.414,25.097,33.326,0,loiter
711,6,550.0,18762.5,0.13474,-58.0,20.722,3796.8,9.90691,270.697,16.486,29.245,3939.016,4462.708,20.368,37.982,95.14,357.102,0.208694,1445.918,16.525,35.755,0,loiter
712,6,555.0,18729.2,0.13527,-58.0,21.713,3703.9,10.04373,535.213,7.9252,29.078,3895.725,4241.647,4.706,36.389,98.514,253.081,0.203874,1440.694,-6.403,35.922,0,loiter
713,6,560.0,18834.7,0.1336,-58.0,24.503,3602.3,10.00167,349.377,12.3748,30.305,3772.918,4323.477,11.469,34.853,109.042,372.721,0.191917,1457.313,13.531,34.695,0,loiter
714,6,565.0,18883.8,0.13283,-58.0,22.912,3790.4,10.37068,541.135,8.9441,30.315,4116.429,4839.946,5.99,37.922,103.861,464.432,0.198468,1465.109,34.175,34.685,0,loiter
715,6,570.0,18962.2,0.13161,-58.0,24.101,3429.2,8.83104,269.912,13.3722,29.801,3171.248,3609.32,13.39,31.299,106.401,308.93,0.19351,1477.675,1.781,35.199,0,loiter
716,6,575.0,19110.1,0.12934,-58.0,22.252,3398.6,9.92376,540.541,7.1996,29.823,3531.843,3891.676,3.88,31.573,98.825,258.333,0.201392,1501.673,-5.974,35.177,0,loiter
717,6,580.0,18899.3,0.13259,-58.0,24.253,3956.3,11.88767,268.264,21.0535,29.748,4925.052,5647.894,33.163,41.871,110.316,480.971,0.192904,1467.59,34.781,35.252,0,loiter
718,6,585.0,18824.6,0.13376,-58.0,23.841,3601.3,9.06995,272.182,14.3359,30.851,3420.547,3901.962,15.377,34.041,106.388,334.891,0.194563,1455.71,7.157,34.149,0,loiter
719,6,590.0,18758.3,0.13481,-58.0,24.107,3694.8,9.44876,348.598,12.2956,30.641,3655.877,4286.22,11.309,35.728,108.033,416.47,0.193486,1445.247,22.581,34.359,0,loiter
720,6,595.0,19081.0,0.12978,-58.0,21.562,3562.6,10.30273,270.508,15.9369,30.022,3843.733,4311.052,18.996,34.33,97.037,324.689,0.204587,1496.912,8.427,34.978,0,loiter
