sample_id,profile_id,time_index,vehicle_speed_m_s,acceleration_m_s2,slope_rad,motor_speed_rpm,motor_torque_nm,is_allowed
1,1001,1667580409,1.158333,0.108333,-0.10774,487.615722,15.280849,1
2,1001,1667580416,3.272222,-0.833333,0.0,1377.48518,-62.185509,1
3,1001,1667580424,1.538889,-0.477778,0.0,647.815611,-40.606837,1
4,1001,1667580425,1.061111,-0.434722,0.0,446.688743,-37.989962,1
5,1001,1667580431,0.155556,0.352778,0.0,65.483166,21.273239,0
6,1001,1667580432,0.508333,0.277778,0.0,213.989633,26.460556,0
7,1001,1667580433,0.786111,0.669444,0.0,330.923859,52.87316,1
8,1001,1667580436,5.616667,1.066667,0.0,2364.410046,35.030169,1
9,1001,1667580443,3.694444,-0.486111,-0.032242,1555.225204,-22.340504,1
10,1001,1667580456,0.0,0.0,0.0,0.0,-0.009485,1
11,1001,1667580459,0.0,0.0,0.0,0.0,-0.000263,1
12,1001,1667580473,0.0,0.0,0.0,0.0,-0.0,1
13,1001,1667580495,0.0,0.0,0.0,0.0,-0.130296,1
14,1001,1667580514,1.202778,0.919444,-0.066097,506.325198,79.597824,1
15,1001,1667580516,3.041667,1.516667,-0.057271,1280.429773,85.980988,1
16,1001,1667580518,5.402778,0.634722,0.0,2274.370692,39.854989,1
17,1001,1667580521,7.45,1.020833,0.037568,3136.175937,5.794182,0
18,1001,1667580524,9.65,-0.493056,0.039513,4062.295005,-66.235655,1
19,1001,1667580553,0.0,0.0,0.0,0.0,-0.0,1
20,1001,1667580563,0.597222,0.911111,0.0,251.408586,39.12367,1
21,1001,1667580565,2.588889,1.183333,0.0,1089.826985,46.569643,1
22,1001,1667580566,3.772222,1.25,0.044162,1587.966787,31.879087,1
23,1001,1667580568,6.272222,0.688889,0.030448,2640.374819,9.3488,0
24,1001,1667580574,11.188889,0.930556,0.046151,4710.110617,4.551277,0
25,1001,1667580592,12.119444,0.475,0.0,5101.840273,9.237237,0
26,1001,1667580604,11.35,0.183333,0.044812,4777.932468,-29.145256,1
27,1001,1667580616,11.491667,0.747222,-0.035338,4837.568923,12.728863,1
28,1001,1667580635,14.075,0.573611,0.013032,5925.057223,10.685623,0
29,1001,1667580637,15.222222,0.252778,-0.034634,6407.995576,8.824588,0
30,1001,1667580646,15.263889,-0.016667,0.012599,6425.53571,-24.008034,1
31,1001,1667580657,14.666667,-1.058333,0.0,6174.127124,-79.124611,1
32,1001,1667580664,4.608333,-1.316667,0.0,1939.938807,-91.505711,1
33,1001,1667580665,3.291667,-0.248611,0.0,1385.670576,-26.926977,1
34,1001,1667580675,2.669444,-0.352778,0.0,1123.73791,-33.147395,1
35,1001,1667580683,1.575,-0.038889,0.0,663.01706,-14.142275,1
36,1001,1667580701,1.616667,-0.016667,0.0,680.557194,-12.804397,1
37,1001,1667580717,0.886111,0.388889,0.0,373.02018,11.987066,0
38,1001,1667580718,1.275,0.227778,0.0,536.728097,12.090489,0
39,1001,1667580723,4.002778,0.748611,-0.018768,1685.022194,29.090073,1
40,1001,1667580733,10.241667,0.433333,0.0,4311.364907,18.955072,1
41,1001,1667580735,11.080556,0.530556,0.0,4664.506269,5.019201,0
42,1001,1667580759,0.0,0.0,0.0,0.0,-0.082647,1
43,1001,1667580765,0.894444,0.5,0.0,376.528207,11.221062,0
44,1001,1667580766,1.394444,-0.005556,0.0,587.009814,-12.123326,1
45,1001,1667580767,1.388889,0.208333,-0.066848,584.671129,5.127996,0
46,1001,1667580772,2.511111,0.338889,0.0,1057.085402,8.081302,0
47,1001,1667580773,2.85,0.2,-0.034611,1199.745157,3.52247,0
48,1001,1667580783,4.841667,0.341667,0.0,2038.163556,7.135932,0
49,1001,1667580785,5.525,0.483333,0.0,2325.821752,3.04221,0
50,1001,1667580797,6.347222,0.088889,0.0,2671.94706,-7.060342,1
51,1001,1667580799,6.044444,-0.35,0.0,2544.488754,-33.464884,1
52,1001,1667580811,1.233333,-0.284722,0.0,519.187963,-28.950995,1
53,1001,1667580813,0.663889,-0.194444,0.0,279.4728,-23.489137,1
54,1001,1667580815,0.386111,-0.186111,0.0,162.538574,-22.9818,1
55,1001,1667580832,0.175,0.036111,0.0,73.668562,2.177111,0
56,1001,1667580839,0.325,-0.072222,0.0,136.813044,-16.113216,1
57,1001,1667580844,1.919444,1.008333,0.0,808.015501,44.730161,1
58,1001,1667580848,6.055556,0.411111,0.0,2549.166123,27.429353,1
59,1001,1667580852,7.977778,0.625,0.0,3358.350966,20.945551,1
60,1001,1667580853,8.602778,0.305556,-0.021544,3621.452974,15.930285,1
61,1001,1667580855,9.213889,-0.019444,-0.044235,3878.708271,6.676745,0
62,1001,1667580865,2.530556,-0.797222,0.092481,1065.270797,-114.170533,1
63,1001,1667580871,1.630556,-0.323611,0.0,686.403906,-31.314881,1
64,1001,1667580876,0.230556,0.005556,0.0,97.055407,0.334141,0
65,1001,1667580880,0.230556,0.022222,0.0,97.055407,1.339195,0
66,1001,1667580892,3.313889,0.641667,0.092071,1395.025314,-27.236882,1
67,1001,1667580897,4.605556,0.290278,0.027307,1938.769464,-10.646357,1
68,1001,1667580903,5.916667,0.794444,0.101044,2490.69901,-23.659799,1
69,1001,1667580917,13.530556,0.0125,0.07556,5695.86614,-58.360818,1
70,1001,1667580925,13.622222,0.011111,0.092099,5734.454435,-68.157004,1
71,1001,1667580934,15.572222,0.126389,-0.075448,6555.3327,0.695999,0
72,1001,1667580954,17.861111,0.097222,0.101659,7518.870721,-70.747102,1
73,1001,1667580976,16.430556,-0.013889,0.075448,6916.659458,-61.319804,1
74,1001,1667580979,16.494444,-0.016667,0.043539,6943.55433,-42.821676,1
75,1001,1667581008,17.763889,0.198611,0.044601,7477.943742,-31.180026,1
76,1001,1667581015,18.344444,0.258333,0.044794,7722.336274,-28.037624,1
77,1001,1667581029,18.433333,0.230556,-0.07966,7759.755226,15.504707,0
78,1001,1667581033,19.652778,0.491667,0.113405,8273.096478,-54.919324,1
79,1001,1667581058,18.580556,-0.019444,0.027587,7821.730366,-34.831426,1
80,1001,1667581066,18.513889,-0.030556,0.050781,7793.666152,-49.073092,1
81,1001,1667581067,18.483333,-0.2125,0.237625,7780.803387,-168.242258,1
82,1001,1667581074,15.608333,-0.175,0.230333,6570.53415,-160.214775,1
83,1001,1667581081,15.830556,0.293056,-0.014121,6664.08153,21.435913,0
84,1001,1667581083,16.416667,0.416667,-0.079172,6910.812747,52.571221,1
85,1001,1667581084,16.833333,0.627778,-0.135178,7086.214086,75.059313,1
86,1001,1667581085,17.461111,0.179167,-0.124582,7350.485436,82.017688,1
87,1001,1667581088,18.2,0.1375,-0.113991,7661.530477,64.01995,1
88,1001,1667581092,18.688889,0.152778,0.076963,7867.334714,-53.463355,1
89,1001,1667581095,19.141667,-0.025,0.099222,8057.937502,-77.476961,1
90,1001,1667581098,19.775,0.369444,-0.013634,8324.547537,-2.960952,1
91,1001,1667581102,20.716667,-0.041667,0.110504,8720.954563,-86.09832,1
92,1001,1667581125,19.652778,-0.068056,0.101742,8273.096478,-81.870727,1
93,1001,1667581140,17.172222,-0.458333,0.195131,7228.873841,-158.009119,1
94,1001,1667581146,14.069444,0.5,-0.109692,5922.718539,13.67214,0
95,1001,1667581157,21.025,-0.030556,-0.06329,8850.751553,-0.447926,1
96,1001,1667581159,20.808333,0.095833,-0.028679,8759.542857,-0.152965,1
97,1001,1667581170,20.572222,-0.019444,-0.009816,8660.148765,-14.137749,1
98,1001,1667581171,20.552778,0.266667,0.0,8651.96337,-2.641566,1
99,1001,1667581174,21.611111,0.152778,-0.092061,9097.48277,25.209151,0
100,1001,1667581191,19.827778,-0.783333,-0.103582,8346.76504,-4.636417,1
101,1001,1667581198,20.063889,-0.727778,-0.051747,8446.159132,-31.862896,1
102,1001,1667581202,19.163889,0.797222,-0.065229,8067.29224,27.561829,0
103,1001,1667581210,20.077778,0.397222,-0.039549,8452.005843,10.039107,0
104,1001,1667581211,20.475,-0.011111,-0.05124,8619.221786,18.116176,0
105,1001,1667581212,20.463889,0.180556,-0.076692,8614.544417,22.695903,0
106,1001,1667581213,20.644444,-0.025,-0.055175,8690.551664,20.459071,0
107,1001,1667581218,20.475,0.325,-0.028808,8619.221786,19.598344,0
108,1001,1667581228,17.383333,-0.266667,-0.103955,7317.743853,20.416396,0
109,1001,1667581229,17.116667,-0.088889,-0.113222,7205.486996,26.454256,0
110,1001,1667581235,18.519444,0.155556,-0.147363,7796.004836,49.876254,0
111,1001,1667581236,18.675,0.284722,-0.164098,7861.488003,72.584968,1
112,1001,1667581241,19.894444,0.320833,-0.067337,8374.829254,35.183666,0
113,1001,1667581243,20.536111,0.102778,-0.063799,8644.947316,28.508959,0
114,1001,1667581245,20.741667,0.144444,-0.047544,8731.478643,27.646475,0
115,1001,1667581249,21.502778,0.240278,-0.118514,9051.878422,36.534877,0
116,1001,1667581254,22.219444,-0.479167,-0.116158,9353.568725,-0.570796,1
117,1001,1667581257,21.822222,-0.144444,-0.070138,9186.352782,17.412478,0
118,1001,1667581263,21.972222,0.108333,-0.031289,9249.497264,7.298364,0
119,1001,1667581264,22.080556,0.1,-0.058362,9295.101612,17.996368,0
120,1001,1667581283,10.788889,-1.370833,-0.119121,4541.725331,-26.403001,1
121,1001,1667581287,5.911111,0.480556,-0.041108,2488.360326,21.750176,1
122,1001,1667581293,9.888889,0.538889,-0.051739,4162.85844,51.598087,1
123,1001,1667581296,12.105556,1.438889,-0.028736,5095.993562,73.020696,1
124,1001,1667581297,13.544444,1.544444,-0.02962,5701.712852,62.301047,1
125,1001,1667581302,17.625,0.991667,-0.035796,7419.476629,4.199391,0
126,1001,1667581323,3.802778,-1.198611,0.0,1600.829552,-84.274841,1
127,1001,1667581339,0.0,0.0,0.0,0.0,-5e-06,1
128,1001,1667581343,2.486111,1.323611,0.0,1046.561321,48.118728,1
129,1001,1667581348,6.033333,1.013889,0.0,2539.811385,28.580216,1
130,1001,1667581357,9.088889,-1.338889,-0.021828,3826.087869,-81.025084,1
131,1001,1667581363,5.338889,0.733333,0.044619,2247.475821,2.106044,0
132,1001,1667581365,6.805556,1.286111,0.050073,2864.888533,24.051256,1
133,1001,1667581368,10.686111,1.027778,0.0,4498.459668,25.295396,1
134,1001,1667581371,12.186111,-0.220833,0.025186,5129.904487,-42.32126,1
135,1001,1667581381,1.825,0.777778,0.0,768.257864,19.344546,1
136,1001,1667581386,5.894444,0.041667,0.0,2481.344272,-9.816587,1
137,1001,1667581397,0.0,0.0,0.0,0.0,-2.672946,1
138,1001,1667581409,7.144444,1.219444,0.0,3007.548288,43.286134,1
139,1001,1667581411,9.619444,0.941667,-0.018177,4049.432241,41.322144,1
140,1001,1667581413,11.502778,0.205556,-0.025186,4842.246292,22.884465,1
141,1001,1667581415,11.913889,0.6,0.026698,5015.308946,9.548711,0
142,1001,1667581420,13.483333,-0.677778,0.080455,5675.987322,-102.830147,1
143,1001,1667581426,3.061111,-0.144444,0.0,1288.615169,-20.621237,1
144,1001,1667581446,0.0,0.0,0.0,0.0,-0.000741,1
145,1001,1667581452,6.194444,0.166667,0.08929,2607.633236,-54.707727,1
146,1001,1667581469,5.936111,1.683333,0.0,2498.884406,41.295668,1
147,1001,1667581471,8.158333,0.319444,-0.027691,3434.358213,22.668312,1
148,1001,1667581476,7.552778,-1.530556,-0.036028,3179.4416,-83.813467,1
149,1001,1667581480,5.519444,0.736111,-0.054902,2323.483067,18.159719,1
150,1001,1667581485,2.069444,-1.034722,0.0,871.159982,-74.223956,1
151,1001,1667581500,0.0,0.0,0.0,0.0,-1e-06,1
152,1001,1667581512,0.211111,0.0,0.0,88.870012,-0.000735,1
153,1001,1667581535,0.144444,0.275,0.0,60.805797,16.583043,0
154,1001,1667581542,4.358333,-0.198611,0.0,1834.698003,-24.046385,1
155,1001,1667581563,7.177778,0.316667,-0.104684,3021.580396,43.72971,1
156,1001,1667581589,9.625,0.115278,-0.134108,4051.770925,32.424394,1
157,1001,1667581591,9.855556,-0.215278,-0.111967,4148.826333,9.209126,0
158,1001,1667581605,0.0,0.0,0.0,0.0,-2.336976,1
159,1001,1667581616,1.163889,1.183333,0.0,489.954406,70.314492,1
160,1001,1667581617,2.347222,2.127778,0.0,988.094208,82.610534,1
161,1001,1667581620,6.25,1.383333,0.0,2631.020081,58.63696,1
162,1001,1667581622,8.452778,0.272222,0.0,3558.308492,6.311607,0
163,1001,1667581627,9.491667,-0.441667,-0.081211,3995.642497,-3.560493,1
164,1001,1667581633,3.494444,1.218056,0.0,1471.032561,19.972294,1
165,1001,1667581635,5.930556,1.380556,0.0,2496.545722,46.306129,1
166,1001,1667581636,7.311111,1.269444,0.022128,3077.708824,43.313535,1
167,1001,1667581637,8.580556,1.075,0.046475,3612.098236,33.336459,1
168,1001,1667581642,13.016667,0.513889,-0.072274,5479.537823,56.188509,1
169,1001,1667581650,9.625,-1.027778,0.032301,4051.770925,-94.239918,1
170,1001,1667581654,9.575,0.722222,0.0,4030.722765,5.691071,0
171,1001,1667581664,7.691667,1.3375,0.0,3237.908713,39.91246,1
172,1001,1667581666,10.366667,0.825,-0.021277,4363.985308,32.885375,1
173,1001,1667581692,0.0,0.0,0.0,0.0,-20.001248,1
174,1001,1667581695,0.0,0.0,0.0,0.0,-19.926104,1
175,1001,1667581707,1.769444,1.188889,0.0,744.871019,48.695376,1
176,1001,1667581710,5.755556,0.972222,0.0,2422.877159,64.69249,1
177,1001,1667581711,6.727778,1.563889,-0.035179,2832.14695,72.824035,1
178,1001,1667581712,8.291667,1.106944,-0.024984,3490.486641,61.139613,1
179,1001,1667581716,11.738889,0.855556,-0.021045,4941.640384,42.380999,1
180,1001,1667581721,14.647222,0.030556,-0.048894,6165.941728,17.515157,0
181,1001,1667581722,14.677778,0.169444,-0.044005,6178.804493,22.132246,0
182,1001,1667581726,17.038889,0.670833,0.007724,7172.745413,28.288041,0
183,1001,1667581733,19.544444,0.030556,-0.041103,8227.49213,-1.526075,1
184,1001,1667581735,19.588889,0.023611,0.035897,8246.201606,-37.749142,1
185,1001,1667581737,19.636111,-1.3,-0.023989,8266.080424,-82.405986,1
186,1001,1667581749,7.594444,-1.997222,0.0,3196.981734,-133.146329,1
187,1001,1667581769,0.155556,0.105556,0.0,65.483166,6.364942,0
188,1001,1667581771,0.0,0.0,0.0,0.0,-0.440251,1
189,1001,1667581774,0.302778,-0.013889,0.0,127.458306,-12.595298,1
190,1001,1667581797,0.0,0.0,0.0,0.0,5.047595,1
191,1001,1667581801,1.1,1.684722,-0.10227,463.059534,97.138582,1
192,1001,1667581804,6.286111,1.497222,-0.050924,2646.221531,106.33527,1
193,1001,1667581805,7.783333,1.283333,-0.026022,3276.497008,86.227379,1
194,1001,1667581807,10.35,1.031944,-0.024224,4356.969255,74.125361,1
195,1001,1667581809,12.413889,0.838889,-0.043811,5225.790553,74.578574,1
196,1001,1667581812,15.591667,0.7,-0.066393,6563.518096,56.105334,1
197,1001,1667581816,18.227778,1.044444,0.023901,7673.223899,9.408776,0
198,1001,1667581819,19.944444,0.255556,0.038622,8395.877415,-25.593228,1
199,1001,1667581847,17.233333,-0.326389,0.017606,7254.599371,-46.682963,1
200,1001,1667581854,18.272222,0.644444,0.082373,7691.933375,-26.725697,1
201,1001,1667581862,16.725,0.416667,-0.038423,7040.609738,10.607811,0
202,1001,1667581872,20.844444,0.536111,0.106523,8774.744307,-49.022714,1
203,1001,1667581895,0.0,1.252778,0.0,0.0,76.312683,1
204,1001,1667581897,2.505556,1.95,-0.106444,1054.746717,108.109217,1
205,1001,1667581901,8.297222,1.615278,-0.023076,3492.825326,92.502696,1
206,1001,1667581905,14.533333,0.9625,-0.035798,6117.998696,75.635493,1
207,1001,1667581908,17.913889,0.081944,-0.054901,7541.088224,19.090596,0
208,1001,1667581915,12.094444,-2.752778,-0.020308,5091.316193,-168.230897,1
209,1001,1667581939,0.677778,2.004167,0.0,285.319511,83.853703,1
210,1001,1667581943,8.077778,1.244444,-0.027304,3400.447287,71.337335,1
211,1001,1667581944,9.322222,0.652778,-0.075249,3924.312619,58.427054,1
212,1001,1667581947,10.525,1.070833,0.0,4430.637817,61.372363,1
213,1001,1667581951,15.830556,0.852778,-0.108699,6664.08153,69.011537,1
214,1001,1667581956,16.344444,-0.581944,0.0,6880.409848,-51.25486,1
215,1001,1667581970,16.230556,0.573611,-0.023709,6832.466816,52.37363,1
216,1001,1667581972,17.377778,0.530556,-0.126196,7315.405168,53.076181,1
217,1001,1667581973,17.908333,0.090278,-0.07745,7538.74954,29.553887,0
218,1001,1667581996,16.513889,0.141667,-0.020381,6951.739726,4.906581,0
219,1001,1667582009,9.069444,1.063889,-0.128358,3817.902474,83.406787,1
220,1001,1667582010,10.133333,0.654167,-0.109683,4265.760558,91.857113,1
221,1001,1667582013,12.644444,0.833333,-0.022061,5322.84596,58.221039,1
222,1001,1667582014,13.477778,1.213889,0.026863,5673.648638,31.000029,1
223,1001,1667582016,15.222222,-0.216667,0.053687,6407.995576,-60.169149,1
224,1001,1667582022,9.158333,0.604167,0.0,3855.321426,13.942095,1
225,1001,1667582024,10.366667,0.838889,-0.02954,4363.985308,39.985997,1
226,1001,1667582026,12.191667,0.838889,-0.023971,5132.243172,9.953074,0
227,1001,1667582072,1.061111,0.225,0.0,446.688743,4.34238,0
228,1001,1667582077,0.530556,-0.227778,0.0,223.344371,-25.496618,1
229,1001,1667582082,0.155556,-0.077778,0.0,65.483166,-4.69065,1
230,1001,1667582089,0.538889,1.0375,0.069127,226.852398,18.938287,0
231,1001,1667582094,6.4,0.843056,0.056876,2694.164563,2.440188,0
232,1001,1667582097,8.833333,0.755556,0.0,3718.508382,13.426241,1
233,1001,1667582102,9.758333,-0.477778,0.0,4107.899354,-42.138165,1
234,1001,1667582105,8.858333,-0.166667,-0.06512,3729.032462,10.908275,1
235,1001,1667582107,8.525,0.547222,-0.062367,3588.711391,31.196365,1
236,1001,1667582109,9.619444,0.197222,-0.059028,4049.432241,30.5275,1
237,1001,1667582110,9.816667,0.008333,-0.059028,4132.455541,21.114658,1
238,1001,1667582118,8.708333,-0.338889,0.124636,3665.88798,-106.424681,1
239,1001,1667582124,9.094444,0.65,0.08953,3828.426554,-26.43266,1
240,1001,1667582131,12.819444,0.85,0.013619,5396.514522,8.846498,0
241,1001,1667582144,15.413889,-0.772222,0.027017,6488.680192,-78.116736,1
242,1001,1667582145,14.641667,-0.416667,0.028379,6163.603044,-57.092626,1
243,1001,1667582149,14.377778,0.309722,0.013054,6052.515529,-4.160093,1
244,1001,1667582151,14.997222,0.527778,-0.025351,6313.278853,13.033441,0
245,1001,1667582198,0.0,0.163889,0.0,0.0,20.441728,1
246,1001,1667582199,0.163889,0.823611,0.0,68.991193,49.665965,0
247,1001,1667582207,8.319444,1.268056,-0.098416,3502.180064,90.669911,1
248,1001,1667582211,12.566667,0.633333,-0.069232,5290.104377,67.512409,1
249,1001,1667582212,13.2,0.965278,0.0,5556.714412,48.966076,1
250,1001,1667582215,15.922222,0.888889,0.0,6702.669825,7.246306,0
251,1001,1667582248,5.380556,0.266667,0.0,2265.015954,4.915851,0
252,1001,1667582251,7.033333,1.254167,0.037266,2960.774598,24.421687,1
253,1001,1667582253,9.541667,1.291667,0.045487,4016.690657,9.735164,0
254,1001,1667582254,10.833333,0.430556,0.069131,4560.434808,-28.303328,1
255,1001,1667582277,14.163889,0.522222,-0.070422,5962.476175,21.514094,0
256,1001,1667582279,15.208333,0.281944,-0.017741,6402.148864,7.65427,0
257,1001,1667582296,18.869444,0.016667,-0.08129,7943.341961,5.656658,0
258,1001,1667582300,17.747222,-0.220833,-0.058534,7470.927689,12.566691,0
259,1001,1667582304,17.672222,0.513889,-0.088893,7439.355448,29.685158,0
260,1001,1667582306,18.7,0.211111,-0.094672,7872.012083,25.642891,0
261,1001,1667582317,21.005556,-0.256944,-0.01193,8842.566158,-27.514109,1
262,1001,1667582326,20.347222,0.491667,-0.064025,8565.432042,35.000108,0
263,1001,1667582331,21.983333,0.35,-0.06799,9254.174633,22.387775,0
264,1001,1667582344,13.983333,-0.922222,0.0,5886.468929,-70.593814,1
265,1001,1667582346,12.022222,-1.069444,0.108436,5060.913294,-142.176579,1
266,1001,1667582354,2.613889,-0.658333,0.0,1100.351065,-51.568541,1
267,1001,1667582356,1.297222,-0.236111,0.0,546.082835,-26.022254,1
268,1001,1667582361,0.0,0.0,0.0,0.0,2.118603,1
269,1001,1667582369,0.0,0.0,0.0,0.0,0.057805,1
270,1001,1667582371,0.0,0.0,0.0,0.0,0.637563,1
271,1001,1667582379,3.066667,1.077778,0.121494,1290.953853,-18.071113,1
272,1001,1667582386,7.130556,0.822222,0.0,3001.701577,-0.075493,1
273,1001,1667582388,8.113889,0.619444,0.0,3415.648737,2.373655,0
274,1001,1667582397,12.372222,0.347222,-0.042887,5208.250419,12.726434,0
275,1001,1667582400,13.211111,0.265278,0.036034,5561.391781,-19.80623,1
276,1001,1667582417,18.675,0.322222,0.04569,7861.488003,-24.912237,1
277,1001,1667582444,18.716667,0.048611,0.0,7879.028137,-14.601949,1
278,1001,1667582486,19.205556,0.266667,0.027131,8084.832374,-17.700156,1
279,1001,1667582495,20.794444,-0.129167,0.095162,8753.696146,-82.476059,1
280,1001,1667582500,20.947222,0.35,-0.031775,8818.00997,-1.260925,1
281,1001,1667582507,18.797222,-0.141667,-0.117045,7912.939062,1.697343,0
282,1001,1667582509,18.513889,0.506944,-0.0257,7793.666152,26.240844,0
283,1001,1667582512,20.463889,0.268056,-0.054183,8614.544417,39.110435,0
284,1001,1667582518,22.311111,1.820833,-0.062293,9392.157019,52.419013,0
285,1001,1667582522,26.433333,-0.180556,0.075506,11127.46093,-78.474622,1
286,1001,1667582525,26.252778,-0.016667,-0.127902,11051.453684,7.877919,0
287,1001,1667582526,26.236111,-0.219444,-0.079266,11044.43763,15.303407,0
288,1001,1667582527,26.016667,-0.222222,-0.098029,10952.059592,14.353925,0
289,1001,1667582529,25.572222,-0.616667,-0.125239,10764.96483,4.240361,0
290,1001,1667582551,23.644444,0.045833,-0.142432,9953.441303,19.9656,0
291,1001,1667582555,22.577778,-0.863889,-0.254919,9504.413876,16.050019,0
292,1001,1667582562,21.705556,-1.008333,-0.161862,9137.240407,25.817314,0
293,1001,1667582563,20.697222,0.136111,-0.053854,8712.769167,8.10072,0
294,1001,1667582566,20.975,1.811111,0.08575,8829.703393,12.633863,0
295,1001,1667582567,22.786111,0.558333,-0.052236,9592.114545,13.746069,0
296,1001,1667582571,23.725,0.983333,-0.130377,9987.352229,51.214586,0
297,1001,1667582585,25.047222,0.0875,-0.098043,10543.959144,21.153138,0
298,1001,1667582588,24.822222,-0.644444,-0.195995,10449.242421,16.291788,0
299,1001,1667582590,22.944444,-0.983333,-0.096781,9658.767054,-22.880982,1
300,1001,1667582598,22.275,0.891667,0.0,9376.95557,28.636088,0
301,1001,1667582599,23.166667,0.447222,-0.201393,9752.314435,71.998791,0
302,1001,1667582607,20.891667,0.405556,-0.095259,8794.623125,12.227937,0
303,1001,1667582614,22.830556,-0.534722,-0.076581,9610.824021,-7.59206,1
304,1001,1667582623,22.805556,0.797222,-0.077397,9600.299941,28.902523,0
305,1001,1667582631,20.419444,-0.222222,-0.10773,8595.834941,7.479,0
306,1001,1667582632,20.197222,0.051389,-0.146419,8502.28756,45.750053,0
307,1001,1667582639,22.855556,0.234722,-0.025717,9621.348102,19.136385,0
308,1001,1667582641,23.325,0.216667,-0.074885,9818.966943,24.187902,0
309,1001,1667582646,23.941667,0.519444,-0.090166,10078.560925,14.889309,0
310,1001,1667582648,24.491667,0.05,-0.04514,10310.090692,23.987676,0
311,1001,1667582651,24.591667,-0.036111,-0.074734,10352.187013,15.092755,0
312,1001,1667582663,22.008333,0.018056,-0.224411,9264.698713,45.539241,0
313,1001,1667582665,22.044444,-0.120833,-0.042311,9279.900162,-2.183052,1
314,1001,1667582671,21.380556,0.198611,-0.122938,9000.427362,14.378126,0
315,1001,1667582675,21.569444,0.130556,-0.071619,9079.942636,8.105759,0
316,1001,1667582676,21.7,0.122222,-0.085429,9134.901722,50.46194,0
317,1001,1667582677,21.822222,1.677778,-0.081636,9186.352782,79.547405,0
318,1001,1667582678,23.5,0.730556,-0.064404,9892.635506,79.98689,0
319,1001,1667582681,25.433333,0.283333,-0.155797,10706.497717,67.986252,0
320,1001,1667582683,26.283333,0.040278,-0.08102,11064.316448,34.557975,0
321,1001,1667582685,26.363889,-0.002778,-0.118206,11098.227374,19.860578,0
322,1001,1667582707,16.369444,-0.433333,-0.076004,6890.933928,0.762738,0
323,1001,1667582709,15.486111,-0.113889,0.0,6519.08309,-22.579038,1
324,1001,1667582713,14.625,-0.755556,-0.043233,6156.58699,-35.43035,1
325,1001,1667582728,2.341667,1.119444,-0.100083,985.755524,89.341146,1
326,1001,1667582733,4.558333,-0.651389,-0.038827,1918.890646,-28.553699,1
327,1001,1667582736,2.494444,-0.488889,0.0,1050.069348,-41.340431,1
328,1001,1667582751,3.494444,1.120833,-0.057571,1471.032561,78.752434,1
329,1001,1667582753,5.736111,0.579167,-0.046147,2414.691763,62.496152,1
330,1001,1667582755,6.894444,1.154167,0.017673,2902.307485,54.439437,1
331,1001,1667582759,11.297222,0.465278,-0.072033,4755.714965,54.986785,1
332,1001,1667582763,13.061111,0.113889,-0.035582,5498.247299,44.234896,1
333,1001,1667582764,13.175,1.527778,0.0,5546.190331,49.635189,1
334,1001,1667582781,15.011111,0.886111,-0.08231,6319.125564,43.266772,1
335,1001,1667582793,15.638889,-1.129167,0.0,6583.396914,-83.881983,1
336,1001,1667582811,13.4,0.122222,-0.060357,5640.907054,2.269635,0
337,1001,1667582816,14.619444,0.327778,-0.098517,6154.248306,46.280098,1
338,1001,1667582818,15.275,0.038889,-0.116215,6430.213079,52.882766,1
339,1001,1667582827,16.9,0.35,-0.044601,7114.2783,23.728407,0
340,1001,1667582829,17.686111,0.330556,0.0,7445.202159,6.537447,0
341,1001,1667582832,18.113889,-0.7,-0.026015,7625.280867,-44.085118,1
342,1001,1667582849,5.361111,0.772222,0.035096,2256.830559,0.32269,0
343,1001,1667582851,6.45,0.383333,0.0,2715.212724,11.826409,1
344,1001,1667582853,7.216667,1.119444,0.016192,3037.951187,33.193292,1
345,1001,1667582858,12.002778,0.645833,-0.081765,5052.727898,58.724024,1
346,1001,1667582860,13.294444,0.486111,-0.062827,5596.472048,42.22715,1
347,1001,1667582862,14.266667,0.384722,0.006789,6005.741839,23.092879,0
348,1001,1667582866,15.583333,0.108333,-0.067705,6560.010069,22.268129,0
349,1001,1667582869,15.963889,-0.088889,0.035896,6720.209959,-42.407132,1
350,1001,1667582873,15.063889,-0.841667,-0.052364,6341.343067,-35.47169,1
351,1001,1667582883,6.702778,0.216667,-0.087962,2821.622869,60.684875,1
352,1001,1667582894,5.586111,0.030556,-0.031202,2351.547282,-4.688788,1
353,1001,1667582895,5.616667,0.919444,0.0,2364.410046,21.437056,1
354,1001,1667582897,7.455556,0.938889,0.016106,3138.514621,30.098347,1
355,1001,1667582900,9.758333,0.797222,-0.017934,4107.899354,10.828738,1
356,1001,1667582906,11.411111,0.833333,0.0,4803.657997,31.937268,1
357,1001,1667582907,12.244444,1.125,0.0,5154.460675,32.888803,1
358,1001,1667582908,13.369444,0.552778,0.0,5628.044289,15.909949,0
359,1001,1667582911,14.961111,0.888889,-0.047611,6298.077403,45.72094,1
360,1001,1667582920,13.011111,-1.869444,0.0,5477.199138,-127.281564,1
361,1001,1667582971,5.838889,0.881944,0.059365,2457.957427,0.433708,0
362,1001,1667582973,7.602778,0.9625,0.077059,3200.489761,4.455317,0
363,1001,1667582981,8.230556,-0.027778,-0.017103,3464.761111,-4.493666,1
364,1001,1667582986,7.711111,-0.388889,0.0,3246.094109,-36.188087,1
365,1001,1667582988,6.933333,-0.347222,0.0,2918.678277,-33.487615,1
366,1001,1667582992,7.705556,-0.069444,0.0,3243.755425,-16.923144,1
367,1001,1667583002,3.997222,0.127778,-0.0441,1682.68351,3.57794,0
368,1001,1667583011,0.0,0.0,0.0,0.0,39.697085,1
369,1001,1667583031,0.0,0.0,0.0,0.0,-0.000284,1
370,1001,1667583044,0.0,0.0,0.0,0.0,-0.0,1
371,1001,1667583071,7.908333,-0.911111,0.0,3329.11741,-67.730574,1
372,2001,1670137366,1.430556,0.802778,0.0,602.211263,2.602729,0
373,2001,1670137375,4.202778,0.298611,-0.029914,1769.214837,0.135293,0
374,2001,1670137411,2.45,0.3,0.0,1031.359872,14.87724,1
375,2001,1670137416,6.158333,0.663889,-0.037569,2592.431787,25.27588,1
376,2001,1670137425,2.022222,-0.555556,0.0,851.281164,-45.325473,1
377,2001,1670137447,0.719444,-0.066667,0.0,302.859645,-15.784992,1
378,2001,1670137457,0.997222,1.497222,0.0,419.793871,59.452381,1
379,2001,1670137458,2.494444,1.066667,-0.052488,1050.069348,67.666649,1
380,2001,1670137459,3.561111,0.927778,-0.049958,1499.096775,54.770262,1
381,2001,1670137461,5.416667,0.533333,0.023411,2280.217404,34.749906,1
382,2001,1670137471,12.886111,0.55,0.045655,5424.578736,-8.142921,1
383,2001,1670137472,13.436111,0.691667,0.033413,5656.108504,-0.587673,1
384,2001,1670137479,16.791667,0.216667,-0.039513,7068.673952,1.36911,0
385,2001,1670137480,17.008333,0.177778,-0.058971,7159.882648,8.944138,0
386,2001,1670137485,18.302778,0.113889,0.08169,7704.79614,-58.338645,1
387,2001,1670137491,18.716667,-0.098611,0.031923,7879.028137,-42.235534,1
388,2001,1670137497,18.036111,-0.076389,0.019677,7592.539283,-33.290886,1
389,2001,1670137521,2.252778,1.102778,0.0,948.336572,40.630387,1
390,2001,1670137523,4.686111,0.561111,0.0,1972.68039,33.073529,1
391,2001,1670137524,5.247222,0.655556,0.0,2208.887526,22.368902,1
392,2001,1670137526,6.558333,0.688889,0.040088,2760.817072,11.868402,1
393,2001,1670137527,7.247222,0.777778,0.047612,3050.813952,4.719443,0
394,2001,1670137537,10.202778,0.073611,-0.029102,4294.994115,4.523285,0
395,2001,1670137552,6.733333,0.797222,0.0,2834.485634,26.39568,1
396,2001,1670137554,8.713889,1.080556,0.0,3668.226664,42.157918,1
397,2001,1670137555,9.794444,0.7,0.0,4123.100803,31.685927,1
398,2001,1670137557,11.194444,0.508333,0.0,4712.449301,22.690383,1
399,2001,1670137558,11.702778,0.551389,0.0,4926.438934,17.369559,1
400,2001,1670137564,15.216667,0.313889,0.03489,6405.656891,-17.143908,1
401,2001,1670137581,3.147222,1.5,-0.020098,1324.864779,25.717452,1
402,2001,1670137587,8.519444,0.545833,0.015605,3586.372706,13.017783,1
403,2001,1670137593,12.655556,0.611111,0.0,5327.523329,23.083363,1
404,2001,1670137596,14.055556,0.205556,0.0,5916.871827,-2.61857,1
405,2001,1670137612,15.452778,-0.105556,0.026262,6505.050983,-37.490604,1
406,2001,1670137625,12.577778,-0.163889,0.090905,5294.781746,-77.5609,1
407,2001,1670137627,12.25,-0.093056,0.090905,5156.799359,-73.155189,1
408,2001,1670137633,9.311111,-0.2625,0.023349,3919.63525,-42.736224,1
409,2001,1670137650,14.763889,0.325,0.095137,6215.054103,-51.537564,1
410,2001,1670137652,15.125,0.025,0.044502,6367.068597,-40.160026,1
411,2001,1670137675,17.347222,0.138889,0.085863,7302.542403,-58.70949,1
412,2001,1670137684,18.294444,0.116667,-0.03951,7701.288113,-6.255117,1
413,2001,1670137687,18.494444,-0.138889,0.119747,7785.480756,-95.908826,1
414,2001,1670137704,17.511111,0.088889,0.072577,7371.533597,-54.045881,1
415,2001,1670137711,17.425,-0.083333,0.036691,7335.283987,-43.343216,1
416,2001,1670137721,17.152778,0.036111,0.0,7220.688445,-14.430648,1
417,2001,1670137737,19.097222,0.175,0.101412,8039.228026,-66.666135,1
418,2001,1670137744,19.975,0.202778,0.057692,8408.74018,-39.981998,1
419,2001,1670137747,20.177778,-0.252778,0.0,8494.102165,-33.713855,1
420,2001,1670137762,22.647222,0.030556,0.093147,9533.647432,-72.99494,1
421,2001,1670137767,21.116667,-0.002778,-0.045468,8889.339848,-0.951114,1
422,2001,1670137787,20.016667,-0.513889,0.172763,8426.280314,-150.225535,1
423,2001,1670137795,19.441667,-0.309722,-0.010519,8184.226466,-30.483306,1
424,2001,1670137814,19.913889,0.144444,-0.13486,8383.01465,51.293141,0
425,2001,1670137815,20.058333,0.506944,-0.050932,8443.820448,20.924524,0
426,2001,1670137818,21.261111,0.25,0.065823,8950.145645,-42.773368,1
427,2001,1670137826,22.408333,0.056944,0.081948,9433.083998,-64.679874,1
428,2001,1670137829,22.538889,0.030556,-0.058065,9488.043084,1.616992,0
429,2001,1670137831,22.691667,-0.027778,0.105562,9552.356908,-83.79287,1
430,2001,1670137849,21.158333,-0.35,0.052132,8906.879982,-70.858974,1
431,2001,1670137851,20.886111,0.036111,-0.136705,8792.284441,11.087513,0
432,2001,1670137858,19.727778,0.205556,-0.066417,8304.668719,4.627195,0
433,2001,1670137862,20.752778,0.023611,0.091132,8736.156012,-70.880449,1
434,2001,1670137869,20.15,0.509722,0.110813,8482.408742,-52.646202,1
435,2001,1670137875,21.291667,0.008333,-0.05081,8963.00841,-6.75012,1
436,2001,1670137887,19.183333,-0.319444,0.128299,8075.477636,-112.201133,1
437,2001,1670137889,18.844444,-0.102778,0.023852,7932.817881,-37.826186,1
438,2001,1670137893,18.694444,0.680556,0.0,7869.673399,7.696305,0
439,2001,1670137894,19.375,-0.211111,-0.118187,8156.162252,19.836656,0
440,2001,1670137896,19.575,0.272222,-0.02465,8240.354895,36.617167,0
441,2001,1670137900,21.683333,0.191667,-0.070201,9127.885669,27.702662,0
442,2001,1670137913,20.216667,-0.420833,-0.091883,8510.472956,-1.566625,1
443,2001,1670137915,19.375,-0.633333,-0.060224,8156.162252,-20.738647,1
444,2001,1670137919,16.713889,0.336111,-0.023991,7035.932368,8.999883,0
445,2001,1670137922,17.897222,0.088889,-0.128142,7534.072171,56.693974,1
446,2001,1670137929,19.033333,0.916667,-0.044746,8012.333154,35.674434,0
447,2001,1670137932,21.163889,-0.186111,-0.019208,8909.218666,-19.073571,1
448,2001,1670137938,17.269444,-0.669444,-0.072632,7269.80082,-14.356895,1
449,2001,1670137945,12.480556,-1.061111,-0.025962,5253.854767,-63.050608,1
450,2001,1670137946,11.419444,-0.708333,0.0,4807.166024,-56.621549,1
451,2001,1670137971,0.858333,1.213889,0.0,361.326758,71.903242,1
452,2001,1670137975,7.552778,1.183333,-0.064132,3179.4416,88.535348,1
453,2001,1670137977,9.919444,1.326389,-0.049278,4175.721205,74.786273,1
454,2001,1670137980,13.180556,1.008333,0.063258,5548.529016,37.591604,1
455,2001,1670137983,16.730556,0.645833,-0.091735,7042.948422,74.990671,1
456,2001,1670137986,19.019444,0.827778,-0.113328,8006.486443,74.228393,1
457,2001,1670137990,22.208333,0.169444,-0.108453,9348.891355,32.378391,0
458,2001,1670138000,23.066667,0.313889,-0.039693,9710.218113,25.957888,0
459,2001,1670138001,23.380556,0.155556,-0.083183,9842.353789,33.271321,0
460,2001,1670138002,23.536111,0.084722,-0.093523,9907.836955,35.421771,0
461,2001,1670138008,23.577778,0.066667,-0.120309,9925.377089,12.656748,0
462,2001,1670138009,23.644444,-0.186111,-0.141461,9953.441303,31.864691,0
463,2001,1670138010,23.458333,0.011111,-0.097565,9875.095372,23.104414,0
464,2001,1670138019,22.647222,-0.056944,-0.097977,9533.647432,15.624712,0
465,2001,1670138031,19.913889,-0.519444,-0.067463,8383.01465,-9.968015,1
466,2001,1670138038,20.269444,0.858333,-0.053227,8532.690459,41.33164,0
467,2001,1670138042,22.541667,0.083333,0.077526,9489.212426,-60.600189,1
468,2001,1670138059,23.922222,0.1125,-0.020668,10070.375529,-2.259354,1
469,2001,1670138061,24.147222,-0.005556,-0.024112,10165.092252,-7.531505,1
470,2001,1670138064,24.05,-0.352778,-0.096704,10124.165273,-2.370037,1
471,2001,1670138075,11.797222,-2.141667,0.0,4966.196571,-143.200815,1
472,2001,1670138085,0.0,0.0,0.0,0.0,-0.029878,1
473,2001,1670138095,2.166667,0.866667,0.046779,912.086962,24.529492,1
474,2001,1670138098,5.694444,1.194444,0.0,2397.15163,34.391753,1
475,2001,1670138107,12.552778,0.881944,-0.061875,5284.257665,60.426866,1
476,2001,1670138109,14.316667,1.261111,-0.086159,6026.79,85.286809,1
477,2001,1670138110,15.577778,1.038889,-0.090418,6557.671385,79.698963,1
478,2001,1670138111,16.616667,0.138889,-0.092283,6995.005389,57.001443,1
479,2001,1670138112,16.755556,-0.25,-0.113625,7053.472502,37.822837,0
480,2001,1670138114,16.255556,0.241667,-0.040672,6842.990896,20.901025,0
481,2001,1670138115,16.497222,0.433333,0.0,6944.723672,-0.037932,1
482,2001,1670138117,17.233333,0.1625,-0.063115,7254.599371,26.449969,0
483,2001,1670138122,19.636111,-0.277778,-0.02922,8266.080424,-17.687084,1
484,2001,1670138153,0.0,0.0,0.0,0.0,-1.1e-05,1
485,2001,1670138154,0.0,0.0,0.0,0.0,-2e-06,1
486,2001,1670138156,0.0,0.0,0.0,0.0,-0.0,1
487,2001,1670138164,0.0,0.0,0.0,0.0,-0.0,1
488,2001,1670138174,0.0,0.1625,0.0,0.0,15.711418,1
489,2001,1670138185,11.569444,1.008333,-0.036038,4870.310506,59.303868,1
490,2001,1670138198,7.341667,-2.080556,0.0,3090.571589,-138.109335,1
491,2001,1670138204,0.519444,-0.211111,0.0,218.667002,-24.491372,1
492,2001,1670138214,0.0,0.0,0.0,0.0,-0.321076,1
493,2001,1670138218,0.252778,0.404167,0.0,106.410146,24.371501,0
494,2001,1670138220,1.061111,2.622222,0.0,446.688743,73.934118,1
495,2001,1670138221,3.683333,1.35,0.0,1550.547835,78.308264,1
496,2001,1670138223,6.383333,1.241667,0.0,2687.14851,79.505086,1
497,2001,1670138224,7.625,1.558333,-0.039546,3209.844499,84.149352,1
498,2001,1670138225,9.183333,1.219444,-0.046584,3865.845506,72.146906,1
499,2001,1670138227,11.0,0.436111,-0.024652,4630.595343,38.707618,1
500,2001,1670138229,12.136111,1.186111,-0.010698,5108.856327,59.836529,1
501,2001,1670138233,16.375,0.452778,-0.087703,6893.272613,54.413865,1
502,2001,1670138234,16.827778,0.0,-0.071504,7083.875401,32.70973,0
503,2001,1670138235,16.827778,0.291667,-0.021543,7083.875401,13.585271,0
504,2001,1670138245,11.363889,0.254167,-0.039588,4783.779179,-2.631552,1
505,2001,1670138274,0.0,0.0,0.0,0.0,-0.0,1
506,2001,1670138277,0.0,0.441667,0.0,0.0,0.696365,1
507,2001,1670138283,2.211111,1.013889,0.0,930.796438,59.597585,1
508,2001,1670138285,4.238889,1.098611,-0.024305,1784.416286,68.583328,1
509,2001,1670138287,6.436111,1.005556,-0.029633,2709.366013,85.44666,1
510,2001,1670138290,9.811111,0.883333,-0.115093,4130.116856,103.887701,1
511,2001,1670138291,10.694444,0.788889,-0.103522,4501.967695,92.331775,1
512,2001,1670138292,11.483333,1.018056,-0.060396,4834.060896,73.312323,1
513,2001,1670138294,13.519444,1.206944,0.015237,5691.188771,45.724603,1
514,2001,1670138296,15.933333,0.377778,0.0,6707.347194,17.54741,0
515,2001,1670138302,12.213889,-1.333333,-0.018783,5141.59791,-83.578131,1
516,2001,1670138312,13.108333,0.411111,-0.042022,5518.126117,38.087449,1
517,2001,1670138313,13.519444,0.633333,-0.09025,5691.188771,43.04373,1
518,2001,1670138315,14.786111,0.241667,-0.028461,6224.408841,27.565594,0
519,2001,1670138327,11.175,-0.577778,-0.124814,4704.263905,8.599661,0
520,2001,1670138328,10.597222,-0.725,-0.116806,4461.040716,16.032441,1
521,2001,1670138330,9.147222,-0.375,-0.088029,3850.644057,26.796382,1
522,2001,1670138331,8.772222,0.447222,-0.072245,3692.782852,39.347609,1
523,2001,1670138333,9.666667,0.966667,0.0,4069.311059,40.321918,1
524,2001,1670138346,12.583333,0.519444,0.0,5297.12043,5.855441,0
525,2001,1670138349,12.113889,-1.386111,-0.067054,5099.501589,-58.350976,1
526,2001,1670138351,9.341667,-2.022222,-0.057843,3932.498015,-101.140513,1
527,2001,1670138422,0.302778,-0.151389,0.0,127.458306,-20.886991,1
528,2001,1670138434,0.355556,0.156944,0.0,149.675809,-2.294069,1
529,2001,1670138449,6.308333,0.768056,0.030849,2655.576269,2.407058,0
530,2001,1670138460,8.325,0.472222,-0.050072,3504.518748,35.720682,1
531,2001,1670138478,10.319444,-0.416667,0.088693,4344.10649,-90.65905,1
532,2001,1670138482,8.808333,-0.669444,0.025052,3707.984301,-68.125937,1
533,2001,1670138486,8.127778,0.155556,0.0,3421.495448,-3.465165,1
534,2001,1670138524,4.166667,0.308333,0.0,1754.013388,4.871477,0
535,2001,1670138527,5.175,0.522222,0.0,2178.484627,14.956463,1
536,2001,1670138536,5.638889,0.283333,0.059461,2373.764784,-30.105057,1
537,2001,1670138601,0.0,0.0,0.0,0.0,-0.132623,1
538,2001,1670138621,0.0,0.0,0.0,0.0,-0.82366,1
539,2001,1670138626,0.0,0.0,0.0,0.0,-0.003813,1
540,2001,1670138627,0.0,0.0,0.0,0.0,-0.000636,1
541,2001,1670138629,0.0,0.0,0.0,0.0,-1.8e-05,1
542,2001,1670138631,0.0,0.0,0.0,0.0,-3e-06,1
543,2001,1670138636,0.397222,0.538889,0.0,167.215943,20.737896,0
544,2001,1670138638,1.713889,1.763889,0.0,721.484173,58.163429,1
545,2001,1670138643,8.205556,1.408333,0.042996,3454.237031,38.307945,1
546,2001,1670138644,9.613889,0.980556,0.027208,4047.093556,33.015268,1
547,2001,1670138646,11.575,0.391667,0.0,4872.649191,39.119725,1
548,2001,1670138647,11.966667,0.786111,-0.068312,5037.526449,62.147979,1
549,2001,1670138648,12.752778,0.725,-0.110497,5368.450308,74.867068,1
550,2001,1670138650,14.202778,0.7,-0.094304,5978.846967,65.13975,1
551,2001,1670138651,14.902778,0.8,-0.009255,6273.521216,36.321325,1
552,2001,1670138657,17.311111,-0.679167,0.081104,7287.340954,-105.23743,1
553,2001,1670138659,15.952778,-0.930556,0.016956,6715.53259,-82.033293,1
554,2001,1670138679,2.305556,0.761111,0.0,970.554074,80.558153,1
555,2001,1670138691,12.275,0.247222,0.044969,5167.32344,-25.745361,1
556,2001,1670138699,12.366667,-0.225,0.0,5205.911734,-27.84655,1
557,2001,1670138717,8.219444,0.711111,0.0,3460.083742,14.405402,1
558,2001,1670138719,9.641667,0.573611,0.0,4058.786979,19.141915,1
559,2001,1670138721,10.788889,0.394444,0.0,4541.725331,24.014527,1
560,2001,1670138725,11.822222,0.4,-0.03218,4976.720652,21.116588,1
561,2001,1670138733,13.936111,-0.355556,0.027018,5866.59011,-52.275429,1
562,2001,1670138752,14.497222,0.119444,-0.050316,6102.797246,13.544832,0
563,2001,1670138753,14.616667,0.140278,-0.006783,6153.078963,-2.832913,1
564,2001,1670138755,14.897222,0.141667,-0.025861,6271.182532,8.621374,0
565,2001,1670138757,15.180556,-0.015278,-0.069651,6390.455442,15.43131,0
566,2001,1670138759,15.15,-0.076389,-0.08616,6377.592677,6.46691,0
567,2001,1670138765,14.791667,-0.095833,0.041847,6226.747526,-45.724209,1
568,2001,1670138775,17.516667,0.338889,0.022517,7373.872281,-9.611701,1
569,2001,1670138784,15.963889,-0.444444,-0.112132,6720.209959,8.284571,0
570,2001,1670138788,14.6,-0.055556,-0.068585,6146.06291,-1.312867,1
571,2001,1670138789,14.544444,-0.056944,-0.015817,6122.676065,-9.380064,1
572,2001,1670138791,14.430556,1.084722,-0.074648,6074.733032,16.321712,0
573,2001,1670138799,11.661111,-0.588889,-0.018366,4908.898801,-38.7135,1
574,2001,1670138804,9.3,-0.344444,0.044595,3914.957881,-60.14652,1
575,2001,1670138805,8.955556,0.119444,0.055722,3769.959441,-38.595114,1
576,2001,1670138810,10.9,0.622222,0.055999,4588.499022,-9.074992,1
577,2001,1670138817,7.661111,-0.995833,0.101085,3225.045949,-132.033813,1
578,2001,1670138819,5.669444,-0.319444,0.055105,2386.627549,-63.907081,1
579,2001,1670138821,5.030556,1.097222,0.0,2117.67883,11.226411,1
580,2001,1670138825,8.761111,0.836111,-0.074132,3688.105483,80.814626,1
581,2001,1670138827,10.433333,1.329167,-0.038459,4392.049522,77.884047,1
582,2001,1670138833,16.327778,0.483333,0.011781,6873.393795,16.102235,0
583,2001,1670138840,19.055556,0.380556,-0.058826,8021.687892,11.834848,0
584,2001,1670138841,19.436111,-0.198611,-0.092208,8181.887782,-0.47871,1
585,2001,1670138849,17.372222,0.002778,0.046334,7313.066484,-43.779101,1
586,2001,1670138855,16.497222,-1.155556,0.024248,6944.723672,-100.176441,1
587,2001,1670138875,0.0,0.0,0.0,0.0,-2.672586,1
588,2001,1670138891,1.163889,0.869444,0.0,489.954406,29.354896,1
589,2001,1670138892,2.033333,0.702778,0.0,855.958533,33.576615,1
590,2001,1670138893,2.736111,0.993056,0.0,1151.802124,31.642956,1
591,2001,1670138910,5.088889,0.568056,0.0,2142.235017,18.25743,1
592,2001,1670138914,7.530556,0.880556,0.0,3170.086862,30.033411,1
593,2001,1670138915,8.411111,0.894444,0.027262,3540.768358,26.03589,1
594,2001,1670138917,10.233333,0.818056,0.020155,4307.85688,25.659055,1
595,2001,1670138921,13.230556,0.865278,-0.028116,5569.577177,30.558881,1
596,2001,1670138934,6.236111,-1.211111,0.0,2625.17337,-85.431479,1
597,2001,1670138937,5.088889,0.508333,0.0,2142.235017,-1.724587,1
598,2001,1670138961,3.2,0.295833,0.0,1347.082282,9.079862,0
599,2001,1670138972,4.980556,-0.133333,-0.058432,2096.630669,-2.095153,1
600,2001,1670138983,1.683333,0.226389,0.0,708.621409,1.213861,0
601,2001,1670138985,2.136111,0.636111,0.0,899.224197,7.527138,0
602,2001,1670138989,3.055556,-0.508333,0.0,1286.276484,-42.564351,1
603,2001,1670139005,0.252778,0.004167,0.0,106.410146,0.25021,0
604,2001,1670139007,0.261111,0.005556,0.0,109.918172,0.333894,0
605,2001,1670139010,0.236111,0.030556,0.0,99.394092,1.841679,0
606,2001,1670139023,0.186111,0.013889,0.0,78.345931,0.836974,0
607,2001,1670139024,0.2,0.016667,0.0,84.192643,1.004394,0
608,2001,1670139025,0.216667,0.041667,0.0,91.208696,2.51186,0
609,2001,1670139026,0.258333,0.009722,0.0,108.74883,0.585181,0
610,2001,1670139033,0.169444,0.011111,0.0,71.329878,0.669562,0
611,2001,1670139034,0.180556,0.0125,0.0,76.007247,0.753253,0
612,2001,1670139043,2.191667,0.216667,0.0,922.611042,1.790962,0
613,2001,1670139044,2.408333,-0.036111,0.0,1013.819738,-14.029508,1
614,2001,1670139046,2.0,-0.766667,0.0,841.926426,-58.05468,1
615,2001,1670139093,0.622222,-0.198611,0.0,261.932666,-23.739517,1
616,2001,1670139096,0.216667,0.986111,-0.071969,91.208696,101.732466,0
617,2001,1670139101,3.683333,0.766667,0.0,1550.547835,48.105444,1
618,2001,1670139103,5.405556,0.841667,-0.059615,2275.540035,36.800752,1
619,2001,1670139111,2.802778,0.741667,0.0,1179.866339,4.872874,0
620,2001,1670139119,6.902778,-1.727778,0.033458,2905.815512,-136.389238,1
621,2001,1670139123,5.041667,1.208333,0.0,2122.356199,21.934798,1
622,2001,1670139124,6.25,0.829167,0.038979,2631.020081,22.189877,1
623,2001,1670139126,7.908333,1.094444,0.031798,3329.11741,11.030047,1
624,2001,1670139128,9.255556,-0.891667,0.0,3896.248405,-66.939348,1
625,2001,1670139130,7.125,-1.172222,0.0,2999.362893,-83.282213,1
626,2001,1670139134,6.491667,0.938889,0.0,2732.752858,14.737105,1
627,2001,1670139153,0.725,0.566667,0.0,305.198329,56.393977,1
628,2001,1670139155,3.980556,1.725,0.0,1675.667456,88.201137,1
629,2001,1670139156,5.705556,0.8875,-0.033769,2401.828999,76.785554,1
630,2001,1670139158,7.480556,1.144444,-0.034042,3149.038702,71.697234,1
631,2001,1670139160,9.769444,0.4,-0.108645,4112.576723,60.433186,1
632,2001,1670139161,10.169444,0.0,-0.09403,4280.962008,35.33236,1
633,2001,1670139167,5.241667,-0.955556,0.0,2206.548842,-69.832423,1
634,2001,1670139172,5.163889,0.344444,-0.04834,2173.807258,48.082305,1
635,2001,1670139177,9.713889,0.779167,-0.062397,4089.189877,49.755414,1
636,2001,1670139189,12.722222,-0.102778,-0.028213,5355.587543,-4.037014,1
637,2001,1670139197,5.505556,-1.252778,0.0,2317.636356,-87.802653,1
638,2001,1670139202,3.95,0.918056,0.0,1662.804691,35.292198,1
639,2001,1670139204,5.786111,1.272222,0.0,2435.739924,46.248741,1
640,2001,1670139207,8.513889,0.75,-0.041583,3584.034022,44.688162,1
641,2001,1670139208,9.263889,1.097222,-0.03224,3899.756432,15.39631,1
642,2001,1670139214,7.305556,0.658333,-0.034867,3075.370139,18.100694,1
643,2001,1670139215,7.963889,0.169444,-0.048475,3352.504255,14.981341,1
644,2001,1670139216,8.133333,-0.313889,-0.055105,3423.834132,-2.412953,1
645,2001,1670139218,6.8,-1.161111,-0.053305,2862.549848,-51.202118,1
646,2001,1670139228,10.591667,0.361111,0.0,4458.702031,31.097313,1
647,2001,1670139229,10.952778,0.818056,0.0,4610.716525,27.483043,1
648,2001,1670139233,14.275,0.383333,-0.012785,6009.249866,22.691555,0
649,2001,1670139235,15.041667,-0.180556,-0.050942,6331.988329,15.993016,0
650,2001,1670139238,14.691667,0.480556,-0.056554,6184.651204,22.674754,0
651,2001,1670139247,18.452778,-0.205556,-0.021469,7767.940622,-17.145672,1
652,2001,1670139250,17.655556,-0.158333,0.039738,7432.339394,-49.787955,1
653,2001,1670139257,17.244444,-0.983333,0.023972,7259.27674,-90.044526,1
654,2001,1670139272,3.055556,-0.622222,0.0,1286.276484,-49.432218,1
655,2001,1670139283,0.0,0.0,0.0,0.0,-0.000304,1
656,2001,1670139288,1.702778,1.718056,0.119729,716.806804,13.424858,1
657,2001,1670139295,8.230556,0.730556,0.046334,3464.761111,-3.908955,1
658,2001,1670139297,9.358333,0.497222,-0.019994,3939.514068,8.588219,0
659,2001,1670139298,9.855556,0.422222,0.0,4148.826333,2.946001,0
660,2001,1670139305,11.95,0.338889,0.0,5030.510395,1.044194,0
661,2001,1670139307,12.65,0.154167,-0.062484,5325.184645,11.256973,0
662,2001,1670139346,17.811111,-0.022222,0.062654,7497.822561,-55.109707,1
663,2001,1670139369,17.841667,0.477778,0.053216,7510.685325,-19.444018,1
664,2001,1670139377,19.111111,0.011111,0.072119,8045.074737,-59.434738,1
665,2001,1670139391,19.6,0.108333,0.065951,8250.878975,-50.271701,1
666,2001,1670139398,20.161111,0.258333,0.093749,8487.086111,-57.855778,1
667,2001,1670139414,21.152778,-0.441667,0.046844,8904.541297,-73.281258,1
668,2001,1670139421,19.122222,0.123611,-0.023159,8049.752106,-0.036486,1
669,2001,1670139425,19.588889,-0.091667,-0.061748,8246.201606,24.723362,0
670,2001,1670139429,20.777778,1.466667,-0.013388,8746.680092,39.810258,0
671,2001,1670139442,24.833333,-0.136111,-0.120081,10453.91979,37.844916,0
672,2001,1670139443,24.697222,0.083333,-0.10732,10396.622019,30.853905,0
673,2001,1670139449,20.727778,0.645833,-0.10764,8725.631932,1.728304,0
674,2001,1670139468,23.730556,-0.030556,-0.095668,9989.690913,48.772098,0
675,2001,1670139474,22.027778,0.052778,-0.094336,9272.884109,25.738207,0
676,2001,1670139477,21.297222,-0.079167,-0.04482,8965.347095,-1.459103,1
677,2001,1670139481,20.911111,0.8625,-0.091488,8802.808521,27.345748,0
678,2001,1670139502,22.569444,0.040278,-0.150929,9500.905849,38.676814,0
679,2001,1670139504,22.65,-0.697222,-0.158369,9534.816775,24.295049,0
680,2001,1670139511,20.002778,0.634722,-0.126455,8420.433602,-4.875108,1
681,2001,1670139514,20.661111,1.169444,0.037861,8697.567718,0.896227,0
682,2001,1670139516,23.0,0.325,-0.221565,9682.153899,61.948052,0
683,2001,1670139529,23.85,-0.769444,-0.179974,10039.97263,34.713223,0
684,2001,1670139533,22.088889,0.886111,0.110494,9298.609638,-31.113396,1
685,2001,1670139537,23.483333,0.397222,-0.016825,9885.619452,-0.740406,1
686,2001,1670139541,24.630556,-0.133333,-0.135465,10368.557805,17.879586,0
687,2001,1670139549,23.325,-0.025,-0.160058,9818.966943,35.951316,0
688,2001,1670139552,23.380556,1.111111,0.041112,9842.353789,-0.867961,1
689,2001,1670139555,24.419444,0.238889,-0.037005,10279.687793,2.394419,0
690,2001,1670139561,22.955556,0.363889,-0.092492,9663.444423,26.755758,0
691,2001,1670139562,23.319444,0.247222,-0.141487,9816.628259,38.155843,0
692,2001,1670139563,23.566667,-0.463889,-0.108863,9920.69972,14.091289,0
693,2001,1670139565,23.113889,-0.130556,-0.063749,9730.096932,0.535665,0
694,2001,1670139567,22.852778,-0.419444,-0.107598,9620.178759,10.608055,0
695,2001,1670139579,21.647222,0.094444,-0.245793,9112.684219,79.971418,0
696,2001,1670139580,21.741667,0.008333,-0.210533,9152.441856,55.146874,0
697,2001,1670139585,20.777778,0.113889,-0.043954,8746.680092,8.771946,0
698,2001,1670139588,20.872222,0.001389,-0.092642,8786.437729,10.903345,0
699,2001,1670139594,21.041667,-0.169444,-0.06831,8857.767607,21.024892,0
700,2001,1670139598,21.005556,0.008333,-0.17761,8842.566158,54.301492,0
701,2001,1670139599,21.013889,0.016667,-0.088626,8846.074184,30.266816,0
702,2001,1670139605,20.933333,0.008333,-0.05569,8812.163259,12.027382,0
703,2001,1670139607,21.344444,0.163889,0.102528,8985.225913,-69.486322,1
704,2001,1670139609,21.386111,-0.497222,-0.087916,9002.766047,2.348618,0
705,2001,1670139611,20.391667,-0.277778,-0.123911,8584.141519,10.056598,0
706,2001,1670139615,19.066667,-0.625,-0.096912,8026.365261,0.358214,0
707,2001,1670139625,15.772222,-0.120833,-0.072849,6639.525343,-0.393815,1
708,2001,1670139627,15.530556,-0.011111,-0.087646,6537.792566,21.78392,0
709,2001,1670139628,15.519444,-0.25,-0.113733,6533.115197,26.526487,0
710,2001,1670139633,13.766667,-0.256944,-0.023171,5795.260232,-16.75439,1
711,2001,1670139676,7.377778,0.601389,-0.043539,3105.773038,71.60766,1
712,2001,1670139679,9.677778,0.054167,-0.053704,4073.988428,5.368699,0
713,2001,1670139691,1.630556,1.294444,-0.100083,686.403906,71.580434,1
714,2001,1670139693,4.219444,0.5625,-0.095765,1776.23089,73.265161,1
715,2001,1670139695,5.344444,0.036111,-0.080934,2249.814505,71.500677,1
716,2001,1670139699,8.358333,2.05,-0.033186,3518.550855,91.996631,1
717,2001,1670139701,11.066667,-0.448611,-0.077545,4658.659557,32.722499,1
718,2001,1670139707,8.4,-0.611111,0.0,3536.090989,-49.771837,1
719,2001,1670139708,7.788889,-1.119444,0.023356,3278.835692,-93.987188,1
720,2001,1670139735,12.636111,0.547222,0.0,5319.337933,14.028731,0
721,2001,1670139747,12.358333,0.372222,0.0,5202.403707,-2.061029,1
722,2001,1670139757,9.738889,-1.122222,-0.037005,4099.713958,-59.239202,1
723,2001,1670139776,7.630556,0.219444,0.0,3212.183184,-2.621317,1
724,2001,1670139786,7.558333,0.575,-0.046341,3181.780285,24.967388,1
725,2001,1670139787,8.133333,0.0875,-0.089103,3423.834132,28.411435,1
726,2001,1670139789,8.308333,-0.208333,-0.058207,3497.502695,18.692579,1
727,2001,1670139803,15.197222,0.597222,-0.012692,6397.471495,26.94924,0
728,2001,1670139805,16.527778,0.427778,-0.033872,6957.586437,17.718257,0
729,2001,1670139809,16.091667,-0.158333,0.0,6773.999703,-25.574529,1
730,2001,1670139816,16.636111,0.131944,-0.017391,7003.190785,-0.425535,1
731,2001,1670139837,0.0,0.0,0.0,0.0,-0.007139,1
732,2001,1670139851,0.544444,1.056944,0.0,229.191083,41.706371,1
733,2001,1670139857,6.436111,0.741667,-0.040088,2709.366013,46.019337,1
734,2001,1670139861,8.138889,0.633333,0.0,3426.172817,19.715116,1
735,2001,1670139871,9.075,0.522222,0.009774,3820.241158,0.579232,0
736,2001,1670139874,10.627778,0.005556,0.035858,4473.90348,-34.3495,1
737,2001,1670139879,7.736111,-0.483333,-0.038829,3256.618189,-19.062249,1
738,2001,1670139890,0.222222,0.0,0.0,93.547381,-0.000814,1
739,2001,1670139906,0.0,0.2,0.0,0.0,13.640402,1
740,2001,1670139908,0.838889,0.930556,0.0,353.141362,75.447275,1
741,2001,1670139909,1.769444,2.505556,-0.054026,744.871019,109.14863,1
742,2001,1670139910,4.275,1.497222,-0.064803,1799.617736,99.339348,1
743,2001,1670139911,5.772222,0.630556,-0.020277,2429.893213,80.487234,1
744,2001,1670139913,7.033333,1.411111,-0.032205,2960.774598,83.670546,1
745,2001,1670139915,9.855556,1.477778,-0.044812,4148.826333,82.103521,1
746,2001,1670139916,11.333333,0.983333,-0.030448,4770.916414,67.454999,1
747,2001,1670139918,13.097222,1.044444,0.0,5513.448748,46.009494,1
748,2001,1670139919,14.141667,0.697222,-0.025941,5953.121437,34.458955,1
749,2001,1670139922,15.541667,0.430556,0.0,6542.469935,-14.255255,1
750,2001,1670139942,2.247222,2.644444,-0.043236,945.997887,93.97738,1
751,2001,1670139946,7.208333,0.338889,-0.1068,3034.44316,38.188665,1
752,2001,1670139964,0.463889,1.208333,0.0,195.280157,61.106609,1
753,2001,1670139965,1.672222,2.245833,0.0,703.94404,70.408309,1
754,2001,1670139971,10.272222,1.358333,0.053758,4324.227671,5.901463,0
755,2001,1670139973,12.011111,0.247222,0.023088,5056.235925,-12.793993,1
756,2001,1670139976,12.361111,0.35,-0.007402,5203.57305,11.31871,0
757,2001,1670139978,13.061111,0.204167,-0.070206,5498.247299,32.051342,1
758,2001,1670139980,13.469444,0.2,-0.111765,5670.140611,37.782726,1
759,2001,1670139984,13.277778,-1.811111,-0.040885,5589.455995,-99.843584,1
760,2001,1670139988,8.169444,-0.583333,-0.042044,3439.035582,-23.316639,1
761,2001,1670139993,4.1,-0.572222,0.0,1725.949173,-46.540306,1
762,2001,1670139995,2.897222,-0.411111,0.0,1219.623975,-36.685994,1
763,2001,1670140009,0.0,0.0,0.0,0.0,-0.000223,1
764,2001,1670140011,0.0,0.0,0.0,0.0,-3.7e-05,1
765,2001,1670140012,0.0,0.0,0.0,0.0,-6e-06,1
766,2001,1670140036,0.0,0.0,0.0,0.0,1.174981,1
767,2001,1670140045,0.361111,0.930556,0.0,152.014494,44.357111,0
768,2001,1670140046,1.291667,0.744444,0.0,543.74415,40.835763,1
769,2001,1670140048,3.163889,0.427778,0.0,1331.880832,11.646393,1
770,2001,1670140068,0.0,0.0,0.0,0.0,-0.013704,1
771,2001,1670140076,0.0,0.0,0.0,0.0,-2e-06,1
772,2001,1670140602,1.311111,0.059722,-0.078642,551.929546,-0.008277,1
773,2001,1670140609,1.405556,-0.059722,0.0,591.687183,-15.390264,1
774,2001,1670140611,1.286111,-0.025,0.0,541.405466,-13.2911,1
775,2001,1670140645,0.483333,0.020833,-0.137627,203.465553,10.792642,0
776,2001,1670140652,0.977778,0.036111,0.0,411.608475,-9.594391,1
777,2001,1670140653,1.013889,0.005556,0.0,426.809924,-11.438176,1
778,2001,1670140664,0.888889,0.561111,0.0,374.189523,17.686036,1
779,2001,1670140668,3.375,0.401389,0.0,1420.750844,13.762685,1
780,2001,1670140670,4.177778,0.180556,0.0,1758.690757,-1.155994,1
781,2001,1670140672,4.372222,0.211111,0.0,1840.544715,1.256789,0
782,2001,1670140675,4.775,0.347222,-0.042737,2010.099342,23.426362,1
783,2001,1670140678,5.891667,-0.075,-0.034197,2480.17493,9.487593,0
784,2001,1670140684,4.275,0.194444,-0.069451,1799.617736,15.50146,1
785,2001,1670140685,4.469444,1.122222,0.0,1881.471694,21.954162,1
786,2001,1670140686,5.591667,0.638889,0.045655,2353.885966,-0.559901,1
787,2001,1670140693,8.930556,0.304167,0.039078,3759.435361,-17.685016,1
788,2001,1670140699,10.977778,0.715278,0.077362,4621.240605,-16.003941,1
789,2001,1670140747,10.488889,0.491667,0.035858,4415.436368,-4.987002,1
790,2001,1670140749,11.472222,0.386111,0.0,4829.383527,1.68477,0
791,2001,1670140753,12.227778,0.0625,0.0,5147.444621,-10.453039,1
792,2001,1670140756,12.438889,-0.030556,-0.032714,5236.314633,1.004849,0
793,2001,1670140768,13.2,0.044444,0.0,5556.714412,-11.949536,1
794,2001,1670140774,13.025,-0.386111,0.034467,5483.045849,-58.086792,1
795,2001,1670140789,6.761111,-1.276389,0.0,2846.179057,-89.480469,1
796,2001,1670140814,0.0,0.0,0.0,0.0,-0.0,1
797,2001,1670140817,0.0,0.0,0.0,0.0,-0.0,1
798,2001,1670140819,0.0,0.0,0.0,0.0,-0.0,1
799,2001,1670140826,0.730556,0.326389,0.0,307.537014,6.078219,0
800,2001,1670140835,3.283333,0.086111,0.0,1382.162549,-6.741244,1
801,2001,1670140839,4.819444,0.294444,0.0,2028.808818,17.466981,1
802,2001,1670140846,8.472222,0.922222,0.0,3566.493888,20.33795,1
803,2001,1670140847,9.394444,0.930556,0.0,3954.715518,15.015487,1
804,2001,1670140854,11.630556,0.166667,-0.033608,4896.036036,7.536386,0
805,2001,1670140855,11.797222,0.393056,0.0,4966.196571,4.020848,0
806,2001,1670140863,13.380556,0.102778,-0.029993,5632.721658,-0.10266,1
807,2001,1670140882,5.338889,-0.719444,0.0,2247.475821,-55.611125,1
808,2001,1670140885,3.183333,-0.425,0.0,1340.066228,-37.552229,1
809,2001,1670140902,2.625,1.475,0.0,1105.028434,51.030533,1
810,2001,1670140903,4.1,0.602778,0.0,1725.949173,34.604177,1
811,2001,1670140904,4.702778,0.504167,0.0,1979.696443,19.440021,1
812,2001,1670140906,5.711111,0.461111,0.0,2404.167683,0.819855,0
813,2001,1670140934,0.0,0.0,0.0,0.0,-1.099354,1
814,2001,1670140936,0.0,0.0,0.0,0.0,-0.183226,1
815,2001,1670140937,0.0,0.0,0.0,0.0,-0.030538,1
816,2001,1670140960,0.230556,-0.115278,0.0,97.055407,-6.952499,1
817,2001,1670140963,0.0,0.0,0.0,0.0,-0.193125,1
818,2001,1670140967,0.0,0.0,0.0,0.0,-0.000149,1
819,2001,1670140980,0.15,-0.075,0.0,63.144482,-4.523113,1
820,2001,1670140996,1.244444,0.477778,0.0,523.865332,24.210725,1
821,2001,1670141000,5.169444,1.138889,0.043817,2176.145943,18.106328,1
822,2001,1670141003,8.466667,1.143056,0.081469,3564.155203,7.613823,0
823,2001,1670141012,12.583333,-0.494444,0.061721,5297.12043,-80.418826,1
824,2001,1670141026,0.627778,-0.627778,0.0,264.27135,-49.619766,1
825,2001,1670141037,1.811111,2.494444,0.0,762.411152,94.449421,1
826,2001,1670141039,5.277778,1.026389,-0.094086,2221.750291,85.19968,1
827,2001,1670141041,7.330556,1.020833,-0.062531,3085.89422,72.893418,1
828,2001,1670141043,9.372222,0.933333,0.0,3945.36078,48.597672,1
829,2001,1670141050,13.591667,0.138889,0.097301,5721.59167,-63.476334,1
830,2001,1670141058,6.558333,-1.45,-0.052975,2760.817072,-68.763802,1
831,2001,1670141078,0.230556,0.138889,0.0,97.055407,8.374572,0
832,2001,1670141082,1.219444,0.966667,0.0,513.341251,45.016603,1
833,2001,1670141084,3.494444,0.972222,-0.069447,1471.032561,66.131169,1
834,2001,1670141091,9.455556,1.347222,0.083,3980.441047,15.900322,1
835,2001,1670141096,14.486111,0.702778,0.087962,6098.119877,-24.430261,1
836,2001,1670141127,18.669444,0.211111,0.137282,7859.149318,-85.105763,1
837,2001,1670141128,18.880556,0.231944,0.114212,7948.01933,-70.560564,1
838,2001,1670141148,20.047222,0.011111,0.13119,8439.143078,-94.506845,1
839,2001,1670141152,19.775,-0.180556,0.011978,8324.547537,-36.132984,1
840,2001,1670141158,19.255556,-0.155556,0.0,8105.880535,-27.251315,1
841,2001,1670141198,18.475,-0.059722,0.045994,7777.29536,-48.000307,1
842,2001,1670141202,18.416667,-0.019444,0.054395,7752.739173,-50.463141,1
843,2001,1670141205,18.125,0.133333,0.016221,7629.958236,-18.666235,1
844,2001,1670141237,18.197222,0.641667,-0.178267,7660.361134,79.26567,1
845,2001,1670141238,18.838889,0.151389,-0.137345,7930.479196,64.186978,1
846,2001,1670141255,19.563889,0.195833,-0.051914,8235.677526,-8.543959,1
847,2001,1670141262,19.622222,-0.229167,0.035235,8260.233713,-52.625382,1
848,2001,1670141275,18.952778,0.115278,0.068615,7978.422229,-51.001982,1
849,2001,1670141281,18.844444,0.019444,-0.121908,7932.817881,22.29975,0
850,2001,1670141282,18.863889,0.205556,0.0,7941.003276,-5.228933,1
851,2001,1670141294,19.588889,-0.308333,-0.016565,8246.201606,-26.939708,1
852,2001,1670141296,18.972222,0.163889,0.136445,7986.607625,-87.655343,1
853,2001,1670141308,19.413889,0.005556,-0.040106,8172.533044,3.2286,0
854,2001,1670141328,6.358333,-0.863889,0.0,2676.624429,-64.518244,1
855,2001,1670141338,0.0,0.0,0.0,0.0,-0.099854,1
856,2001,1670141354,0.0,0.0,0.0,0.0,-0.0,1
857,2001,1670141356,0.0,0.0,0.0,0.0,-0.0,1
858,2001,1670141361,0.0,0.0,0.0,0.0,7.982477,1
859,2001,1670141364,0.647222,0.727778,0.0,272.456746,49.031132,1
860,2001,1670141371,9.075,1.123611,0.0,3820.241158,50.589436,1
861,2001,1670141374,11.738889,0.336111,-0.090246,4941.640384,66.80858,1
862,2001,1670141379,15.130556,0.645833,-0.032937,6369.407281,6.65298,0
863,2001,1670141384,16.972222,0.369444,0.067463,7144.681199,-33.826933,1
864,2001,1670141385,17.341667,0.433333,0.0,7300.203719,4.605569,0
865,2001,1670141386,17.775,0.466667,-0.107738,7482.621111,18.468279,0
866,2001,1670141395,18.947222,-0.355556,-0.079495,7976.083544,9.52793,0
867,2001,1670141397,18.236111,0.277778,-0.043236,7676.731926,2.805883,0
868,2001,1670141404,18.197222,0.154167,-0.066439,7660.361134,32.550736,0
869,2001,1670141407,18.863889,0.175,-0.070089,7941.003276,24.353403,0
870,2001,1670141416,19.622222,0.038889,-0.054355,8260.233713,10.925694,0
871,2001,1670141417,19.661111,0.023611,-0.059274,8276.604505,15.87802,0
872,2002,1670141419,19.708333,-0.036111,-0.058338,8296.483323,18.759674,0
873,2002,1670141423,19.786111,0.004167,-0.045675,8329.224906,11.777831,0
874,2002,1670141441,9.075,-1.291667,0.036966,3820.241158,-112.722059,1
875,2002,1670141449,0.0,0.0,0.0,0.0,-2.188339,1
876,2002,1670141452,0.0,0.0,0.0,0.0,-0.060787,1
877,2002,1670141462,0.0,0.0,0.0,0.0,-0.0,1
878,2002,1670141490,0.572222,0.611111,0.0,240.884505,38.945551,1
879,2002,1670141503,16.216667,0.834722,-0.06894,6826.620104,79.630727,1
880,2002,1670141505,17.886111,0.880556,-0.06089,7529.394801,63.330784,1
881,2002,1670141509,20.077778,0.368056,-0.057034,8452.005843,42.837986,0
882,2002,1670141511,20.813889,0.35,-0.08071,8761.881542,42.894708,0
883,2002,1670141515,21.708333,-0.136111,-0.016334,9138.409749,-18.133102,1
884,2002,1670141518,21.463889,0.102778,-0.104945,9035.50763,10.877394,0
885,2002,1670141519,21.566667,0.0,-0.136826,9078.773294,27.720859,0
886,2002,1670141521,21.566667,0.163889,-0.041194,9078.773294,10.486939,0
887,2002,1670141528,21.194444,0.036111,-0.081632,8922.081431,6.480719,0
888,2002,1670141529,21.230556,-0.181944,-0.057044,8937.282881,18.915525,0
889,2002,1670141531,20.866667,-0.083333,-0.130625,8784.099045,27.451351,0
890,2002,1670141532,20.783333,-0.233333,-0.103906,8749.018777,14.581335,0
891,2002,1670141537,19.080556,-0.869444,0.016237,8032.211973,-79.733043,1
892,2002,1670141543,16.297222,-0.344444,0.0,6860.53103,-36.907424,1
893,2002,1670141553,7.391667,-0.833333,0.0,3111.619749,-62.909959,1
894,2002,1670141571,0.0,0.0,0.0,0.0,-1e-06,1
895,2002,1670141576,0.0,0.0,0.0,0.0,-0.0,1
896,2002,1670141578,0.0,0.0,0.0,0.0,-0.0,1
897,2002,1670141590,0.266667,-0.022222,0.0,112.256857,-1.341244,1
898,2002,1670141592,0.222222,-0.005556,0.0,93.547381,-0.335832,1
899,2002,1670141596,0.138889,0.408333,0.0,58.467113,49.183256,0
900,2002,1670141598,0.955556,0.608333,-0.20482,402.253737,98.975394,1
901,2002,1670141607,7.136111,-0.011111,0.0,3004.040262,-13.266079,1
902,2002,1670141610,9.213889,0.822222,0.0,3878.708271,39.871952,1
903,2002,1670141611,10.036111,0.011111,-0.050203,4224.833579,49.48266,1
904,2002,1670141640,16.841667,0.241667,0.0,7089.722112,-1.860572,1
905,2002,1670141650,7.680556,0.175,0.057268,3233.231344,-35.800979,1
906,2002,1670141661,0.0,0.0,0.0,0.0,-4.670913,1
907,2002,1670141674,0.0,0.0,0.0,0.0,-0.0,1
908,2002,1670141687,0.0,0.0,0.0,0.0,-0.0,1
909,2002,1670141697,4.722222,1.208333,0.0,1987.881839,50.066171,1
910,2002,1670141698,5.930556,1.394444,0.0,2496.545722,47.393623,1
911,2002,1670141699,7.325,1.277778,0.026261,3083.555535,10.236843,1
912,2002,1670141719,0.0,0.843056,0.0,0.0,62.991885,1
913,2002,1670141722,4.619444,1.202778,0.0,1944.616176,46.932443,1
914,2002,1670141725,5.652778,-1.169444,0.0,2379.611496,-82.804475,1
915,2002,1670141729,4.038889,1.019444,0.0,1700.223644,36.691613,1
916,2002,1670141730,5.058333,1.638889,0.0,2129.372252,54.761556,1
917,2002,1670141733,9.3,0.238889,0.0,3914.957881,16.108752,1
918,2002,1670141735,9.708333,0.990278,0.017091,4086.851193,13.28122,1
919,2002,1670141742,14.508333,0.35,-0.033768,6107.474615,3.900541,0
920,2002,1670141777,0.0,0.0,0.0,0.0,-2.073436,1
921,2002,1670141781,0.0,0.0,0.0,0.0,-0.057595,1
922,2002,1670141785,0.0,0.673611,0.0,0.0,41.101807,1
923,2002,1670141788,2.802778,1.997222,0.0,1179.866339,46.526523,1
924,2002,1670141809,6.302778,1.290278,0.0,2653.237584,37.370084,1
925,2002,1670141811,8.883333,0.088889,-0.044598,3739.556542,18.901691,1
926,2002,1670141825,2.452778,-0.738889,0.0,1032.529214,-56.412839,1
927,2002,1670141829,0.0,0.0,0.0,0.0,-0.533138,1
928,2002,1670141839,0.0,0.0,0.0,0.0,-1.1e-05,1
929,2002,1670141857,0.277778,0.047222,0.0,116.934226,2.84638,0
930,2002,1670141862,0.313889,0.0,0.0,132.135675,-11.757866,1
931,2002,1670141868,0.230556,0.072222,0.0,97.055407,4.354356,0
932,2002,1670141872,0.194444,0.083333,0.0,81.853958,5.024645,0
933,2002,1670141883,0.144444,0.413889,0.0,60.805797,24.958492,0
934,2002,1670141888,3.236111,0.468056,0.0,1362.283731,4.812768,0
935,2002,1670141891,3.936111,0.55,0.0,1656.95798,0.86942,0
936,2002,1670141894,5.966667,1.105556,0.046336,2511.747171,13.8521,1
937,2002,1670141914,8.811111,0.536111,-0.113924,3709.153643,39.824492,1
938,2002,1670141922,3.138889,-0.011111,0.104684,1321.356752,-73.946428,1
939,2002,1670141925,4.341667,1.116667,0.074863,1827.68195,5.445704,0
940,2002,1670141926,5.458333,1.380556,0.054004,2297.757538,23.454528,1
941,2002,1670141937,14.063889,0.204167,-0.044737,5920.379854,20.392232,0
942,2002,1670141947,11.713889,-1.422222,-0.043968,4931.116303,-73.935435,1
943,2002,1670141949,8.869444,-2.197222,0.0,3733.709831,-145.553151,1
944,2002,1670141951,4.461111,-1.622222,0.0,1877.963667,-109.909677,1
945,2002,1670141956,5.638889,1.583333,0.0,2373.764784,53.183749,1
946,2002,1670141958,8.386111,0.688889,0.051962,3530.244278,-1.88788,1
947,2002,1670141959,9.075,0.9875,-0.028561,3820.241158,38.661408,1
948,2002,1670141964,12.280556,-0.005556,-0.10883,5169.662124,40.520831,1
949,2002,1670141975,8.080556,1.026389,0.0,3401.61663,0.382612,0
950,2002,1670141981,8.325,-1.822222,0.0,3504.518748,-122.785059,1
951,2002,1670141985,5.15,0.745833,0.054043,2167.960547,10.445571,0
952,2002,1670141987,6.641667,1.122222,0.046334,2795.89734,27.422141,1
953,2002,1670141989,8.947222,0.809722,0.0,3766.451414,26.816225,1
954,2002,1670141993,11.086111,-0.85,0.0,4666.844953,-65.040791,1
955,2002,1670141999,4.847222,1.033333,0.0,2040.502241,25.679745,1
956,2002,1670142002,7.769444,0.384722,0.017571,3270.650297,-3.808459,1
957,2002,1670142009,8.344444,0.605556,0.096328,3512.704144,-32.868522,1
958,2002,1670142010,8.95,0.941667,0.063007,3767.620756,3.921439,0
959,2002,1670142011,9.891667,1.234722,0.021277,4164.027782,31.753453,1
960,2002,1670142015,14.580556,1.047222,0.0,6137.877514,35.278842,1
961,2002,1670142016,15.627778,0.322222,-0.009141,6578.719545,22.265011,0
962,2002,1670142020,16.466667,0.223611,-0.056766,6931.860907,21.776498,0
963,2002,1670142045,12.002778,-1.230556,0.112619,5052.727898,-154.322818,1
964,2002,1670142047,9.541667,-0.877778,0.058588,4016.690657,-100.589361,1
965,2002,1670142049,8.097222,-0.872222,0.031199,3408.632683,-83.765928,1
966,2002,1670142063,4.275,-0.186111,-0.08803,1799.617736,89.221397,1
967,2002,1670142064,4.088889,1.888889,-0.098212,1721.271804,122.841514,1
968,2002,1670142065,5.977778,2.325,-0.04995,2516.42454,131.473313,1
969,2002,1670142066,8.302778,1.975,-0.029239,3495.16401,111.098228,1
970,2002,1670142067,10.277778,1.231944,-0.016151,4326.566356,80.345099,1
971,2002,1670142069,12.741667,0.463889,-0.040165,5363.772939,63.395586,1
972,2002,1670142071,13.669444,0.883333,-0.048026,5754.333253,66.949914,1
973,2002,1670142072,14.552778,0.886111,-0.075794,6126.184091,69.910258,1
974,2002,1670142073,15.438889,0.838889,-0.085407,6499.204272,52.925967,1
975,2002,1670142090,20.258333,0.308333,0.141021,8528.01309,-82.433605,1
976,2002,1670142094,20.669444,0.169444,0.052287,8701.075744,-39.288808,1
977,2002,1670142098,21.658333,0.568056,0.0,9117.361588,7.698674,0
978,2002,1670142115,18.616667,-0.218056,0.093519,7836.931815,-85.461424,1
979,2002,1670142123,16.483333,-0.555556,-0.120442,6938.876961,8.114274,0
980,2002,1670142129,15.275,0.338889,-0.130584,6430.213079,48.615499,1
981,2002,1670142130,15.613889,0.416667,-0.144913,6572.872834,71.088534,1
982,2002,1670142131,16.030556,0.308333,-0.131373,6748.274173,61.50217,1
983,2002,1670142132,16.338889,0.016667,-0.098912,6878.071164,25.703457,0
984,2002,1670142145,14.491667,0.084722,-0.0406,6100.458562,15.583403,0
985,2002,1670142150,15.102778,0.288889,-0.05411,6357.713859,8.805084,0
986,2002,1670142154,15.511111,0.272222,-0.031723,6529.607171,4.969081,0
987,2002,1670142169,2.813889,-1.406944,0.0,1184.543708,-96.730109,1
988,2002,1670142175,0.0,0.0,0.0,0.0,-0.074637,1
989,2002,1670142183,0.0,0.0,0.0,0.0,-2e-06,1
990,2002,1670142192,5.941667,1.213889,0.0,2501.223091,64.035235,1
991,2002,1670142195,9.641667,0.888889,-0.029666,4058.786979,54.308561,1
992,2002,1670142196,10.530556,0.509722,-0.026939,4432.976501,42.869109,1
993,2002,1670142198,11.55,0.763889,0.0,4862.12511,41.324559,1
994,2002,1670142202,14.141667,0.427778,-0.10349,5953.121437,58.003916,1
995,2002,1670142203,14.569444,0.327778,-0.105904,6133.200145,52.170828,1
996,2002,1670142204,14.897222,0.036111,-0.078216,6271.182532,32.308495,1
997,2002,1670142205,14.933333,0.156944,-0.031339,6286.383981,6.177328,0
998,2002,1670142209,14.744444,-0.355556,0.033767,6206.868707,-56.620892,1
999,2002,1670142225,1.847222,-0.263889,0.0,777.612602,-27.725865,1
1000,2002,1670142226,1.583333,-0.281944,0.0,666.525087,-28.799744,1
1001,2002,1670142243,0.175,-0.030556,0.0,73.668562,-1.843104,1
1002,2002,1670142244,0.144444,-0.144444,0.0,60.805797,-8.71081,1
1003,2002,1670142255,0.277778,0.041667,0.0,116.934226,2.511362,0
1004,2002,1670142256,0.319444,-0.069444,0.0,134.47436,-15.945648,1
1005,2002,1670142258,0.180556,-0.180556,0.0,76.007247,-10.88862,1
1006,2002,1670142274,4.697222,0.916667,0.0,1977.357759,55.388889,1
1007,2002,1670142279,10.838889,0.688889,-0.130444,4562.773492,95.33468,1
1008,2002,1670142283,13.719444,1.008333,0.0,5775.381414,36.741,1
1009,2002,1670142284,14.727778,0.572222,0.012678,6199.852654,13.736082,0
1010,2002,1670142292,14.569444,0.25,-0.022139,6133.200145,0.441822,0
1011,2002,1670142298,15.488889,-0.066667,-0.035563,6520.252433,-0.884178,1
1012,2002,1670142303,15.263889,-0.005556,-0.040514,6425.53571,4.691019,0
1013,2002,1670142306,15.005556,-0.079167,-0.01914,6316.78688,-8.991454,1
1014,2002,1670142313,10.511111,-0.615278,-0.122989,4424.791106,12.271439,1
1015,2002,1670142339,0.452778,-0.226389,0.0,190.602788,-25.411602,1
1016,2002,1670142341,0.0,0.231944,0.0,0.0,-5.443778,1
1017,2002,1670142347,0.230556,-0.008333,0.0,97.055407,-0.503403,1
1018,2002,1670142348,0.222222,0.076389,0.0,93.547381,4.605682,0
1019,2002,1670142356,0.158333,0.144444,0.0,66.652509,8.710053,0
1020,2002,1670142360,0.236111,0.129167,0.0,99.394092,7.788247,0
1021,2002,1670142365,0.15,0.286111,0.0,63.144482,17.253052,0
1022,2002,1670142374,1.569444,2.138889,0.0,660.678376,67.353902,1
1023,2002,1670142377,6.472222,0.833333,0.026408,2724.567462,24.427484,1
1024,2002,1670142380,8.694444,0.344444,0.055105,3660.041269,-24.58879,1
1025,2002,1670142433,0.0,0.0,0.0,0.0,-0.003619,1
1026,2002,1670142442,0.144444,0.519444,0.0,60.805797,31.323832,0
1027,2002,1670142449,8.061111,0.969444,0.046772,3393.431234,6.463509,0
1028,2002,1670142451,10.0,0.754167,0.013118,4209.63213,0.353047,0
1029,2002,1670142456,11.641667,-0.169444,0.0,4900.713405,-24.209323,1
1030,2002,1670142457,11.472222,0.341667,-0.024153,4829.383527,16.851169,1
1031,2002,1670142461,13.566667,0.683333,-0.051438,5711.06759,46.328287,1
1032,2002,1670142468,16.080556,-0.102778,0.118464,6769.322334,-91.607701,1
1033,2002,1670142476,16.797222,-0.308333,0.0,7071.012636,-35.002692,1
1034,2002,1670142495,0.163889,-0.002778,0.0,68.991193,-0.167952,1
1035,2002,1670142499,0.138889,-0.069444,0.0,58.467113,-4.188042,1
1036,2002,1670142511,2.052778,1.569444,0.025485,864.143929,56.535076,1
1037,2002,1670142513,5.191667,1.1,0.0,2185.500681,60.969832,1
1038,2002,1670142517,10.166667,1.377778,0.0382,4279.792666,44.848802,1
1039,2002,1670142518,11.544444,1.152778,0.044968,4859.786426,18.588279,1
1040,2002,1670142519,12.697222,0.261111,0.029833,5345.063463,-16.197279,1
1041,2002,1670142520,12.958333,0.504167,0.018377,5454.981635,-2.662771,1
1042,2002,1670142541,16.730556,0.776389,-0.076162,7042.948422,31.887467,0
1043,2002,1670142543,18.283333,0.522222,-0.083566,7696.610744,43.414031,0
1044,2002,1670142545,19.327778,0.75,0.0,8136.283434,31.407224,0
1045,2002,1670142570,18.827778,-0.069444,0.027216,7925.801827,-37.78118,1
1046,2002,1670142576,17.986111,0.990278,-0.079154,7571.491123,21.934198,0
1047,2002,1670142578,19.966667,0.327778,-0.048676,8405.232153,15.343031,0
1048,2002,1670142587,21.194444,-0.329167,0.113095,8922.081431,-105.275928,1
1049,2002,1670142593,21.013889,0.190278,-0.110193,8846.074184,20.719522,0
1050,2002,1670142598,21.575,0.244444,-0.037954,9082.281321,11.934412,0
1051,2002,1670142607,22.641667,-0.098611,0.069782,9531.308748,-67.113898,1
1052,2002,1670142610,22.577778,-0.097222,0.006589,9504.413876,-29.898304,1
1053,2002,1670142613,22.866667,0.180556,-0.065307,9626.025471,4.831162,0
1054,2002,1670142616,23.305556,0.413889,-0.045512,9810.781548,17.116391,0
1055,2002,1670142618,24.133333,0.416667,-0.099535,10159.245541,20.008005,0
1056,2002,1670142631,20.594444,-1.6875,0.077876,8669.503503,-166.206877,1
1057,2002,1670142643,10.052778,0.966667,-0.06136,4231.849633,67.060275,1
1058,2002,1670142644,11.019444,0.975,-0.084597,4638.780739,74.063258,1
1059,2002,1670142646,12.969444,0.616667,-0.046236,5459.659004,67.664659,1
1060,2002,1670142649,15.377778,1.334722,-0.02868,6473.478742,52.189358,1
1061,2002,1670142664,17.738889,-0.452778,-0.016937,7467.419662,-34.292277,1
1062,2002,1670142665,17.286111,-0.195833,0.027794,7276.816874,-44.824083,1
1063,2002,1670142685,7.136111,-1.252778,0.0,3004.040262,-88.142586,1
1064,2002,1670142691,10.205556,1.029167,0.071001,4296.163457,12.8213,1
1065,2002,1670142698,7.197222,-1.713889,0.0,3029.765791,-115.963519,1
1066,2002,1670142702,6.769444,0.406944,0.0,2849.687084,1.21817,0
1067,2002,1670142709,6.4,0.444444,-0.040414,2694.164563,31.53715,1
1068,2002,1670142712,8.216667,0.316667,-0.043234,3458.9144,72.250594,1
1069,2002,1670142713,8.533333,2.552778,-0.025961,3592.219418,91.005454,1
1070,2002,1670142714,11.086111,1.569444,0.0,4666.844953,63.920004,1
1071,2002,1670142715,12.655556,0.434722,0.019108,5327.523329,18.30411,1
1072,2002,1670142730,5.391667,1.188889,0.0,2269.693323,31.753725,1
1073,2002,1670142733,9.575,1.244444,0.072588,4030.722765,15.194877,1
1074,2002,1670142736,11.627778,0.591667,0.0,4894.866693,8.310096,0
1075,2002,1670142738,12.644444,0.569444,0.024933,5322.84596,7.009171,0
1076,2002,1670142740,13.783333,0.541667,0.017475,5802.276286,3.281598,0
1077,2002,1670142745,15.427778,-0.108333,0.137803,6494.526903,-102.849133,1
1078,2002,1670142757,3.736111,0.876389,-0.033185,1572.765337,33.777021,1
1079,2002,1670142759,5.488889,0.841667,-0.035008,2310.620302,42.188131,1
1080,2002,1670142761,7.172222,0.976389,-0.022128,3019.241711,16.093859,1
1081,2002,1670142771,9.055556,-0.263889,0.0,3812.055762,-29.021927,1
1082,2002,1670142776,6.786111,1.054167,-0.017952,2856.703137,11.60147,1
1083,2002,1670142785,6.158333,-0.022222,-0.046336,2592.431787,1.673552,0
1084,2002,1670142788,5.133333,-0.616667,0.0,2160.944493,-49.377794,1
1085,2002,1670142800,0.0,0.0,0.0,0.0,-0.001253,1
1086,2002,1670142806,0.0,0.0,0.0,0.0,-1e-06,1
1087,2002,1670142824,1.619444,1.297222,0.0,681.726537,32.179145,1
1088,2002,1670142829,4.630556,0.136111,0.038979,1949.293545,-26.799732,1
1089,2002,1670142836,4.475,0.947222,0.0,1883.810378,10.996759,1
1090,2002,1670142842,6.938889,-0.291667,0.041195,2921.016961,-54.336727,1
1091,2002,1670142848,4.897222,1.472222,0.0,2061.550401,38.175675,1
1092,2002,1670142849,6.369444,1.891667,0.0,2681.301798,61.90735,1
1093,2002,1670142850,8.261111,1.022222,0.0,3477.623876,48.690455,1
1094,2002,1670142856,11.719444,0.011111,-0.024184,4933.454988,12.298434,0
1095,2002,1670142857,11.730556,0.225,-0.056381,4938.132357,14.136895,1
1096,2002,1670142862,9.055556,-2.009722,0.0,3812.055762,-134.301311,1
1097,2002,1670142867,3.425,1.4125,-0.038202,1441.799005,62.570098,1
1098,2002,1670142869,6.25,1.847222,0.0,2631.020081,86.950889,1
1099,2002,1670142870,8.097222,1.636111,-0.034867,3408.632683,88.28288,1
1100,2002,1670142873,10.936111,0.602778,-0.068266,4603.700471,61.456983,1
1101,2002,1670142876,12.825,0.925,0.0,5398.853207,35.396056,1
1102,2002,1670142879,14.791667,0.076389,0.029973,6226.747526,-28.368401,1
1103,2002,1670142882,15.036111,0.047222,-0.017216,6329.649644,-2.515712,1
1104,2002,1670142885,13.283333,-0.55,-0.027735,5591.794679,-31.527326,1
1105,2002,1670142897,5.35,2.011111,0.0,2252.15319,75.371051,1
1106,2002,1670142899,9.125,0.654167,0.0,3841.289319,43.488013,1
1107,2002,1670142901,10.433333,0.394444,-0.027262,4392.049522,22.100484,1
1108,2002,1670142902,10.827778,0.011111,-0.027997,4558.096123,-0.792388,1
1109,2002,1670142915,6.044444,0.802778,0.0,2544.488754,28.389466,1
1110,2002,1670142962,0.602778,0.719444,0.0,253.74727,33.427457,1
1111,2002,1670142967,7.927778,1.815278,0.029482,3337.302805,62.847232,1
1112,2002,1670142971,13.308333,0.791667,0.035577,5602.31876,15.691623,0
1113,2002,1670142976,16.888889,0.25,-0.032865,7109.600931,-4.183715,1
1114,2002,1670143006,12.886111,0.929167,-0.010554,5424.578736,2.256647,0
1115,2002,1670143013,15.377778,-0.1,-0.044584,6473.478742,4.833695,0
1116,2002,1670143014,15.277778,0.052778,-0.061058,6431.382421,8.821144,0
1117,2002,1670143023,19.019444,0.573611,0.064609,8006.486443,-21.058014,1
1118,2002,1670143036,23.716667,0.219444,0.096429,9983.844202,-64.338487,1
1119,2002,1670143050,21.561111,-0.097222,0.149996,9076.434609,-112.992722,1
1120,2002,1670143059,21.175,0.158333,-0.051566,8913.896035,2.315491,0
1121,2002,1670143067,22.161111,-0.025,0.080668,9329.012537,-68.691096,1
1122,2002,1670143072,22.238889,-0.013889,0.046589,9361.75412,-48.112616,1
1123,2002,1670143084,19.836111,-0.066667,0.119313,8350.273067,-92.149164,1
1124,2002,1670143087,19.708333,-0.005556,0.116215,8296.483323,-86.576263,1
1125,2002,1670143108,19.641667,-0.227778,0.14536,8268.419109,-116.873811,1
1126,2002,1670143114,17.841667,0.3875,-0.015817,7510.685325,-0.851525,1
1127,2002,1670143116,18.616667,0.802778,0.036788,7836.931815,0.051,0
1128,2002,1670143117,19.419444,-0.054167,-0.020821,8174.871728,-9.001539,1
1129,2002,1670143119,19.311111,0.204167,-0.102017,8129.26738,31.71755,0
1130,2002,1670143121,19.719444,0.319444,-0.097128,8301.160692,52.352283,0
1131,2002,1670143122,20.038889,0.8,-0.102302,8435.635052,49.157866,0
1132,2002,1670143123,20.838889,0.680556,0.026474,8772.405622,17.909291,0
1133,2002,1670143124,21.519444,0.238889,0.015669,9058.894475,-14.195802,1
1134,2002,1670143132,22.419444,-0.027778,-0.12418,9437.761367,4.206335,0
1135,2002,1670143143,19.333333,0.2,-0.031426,8138.622118,3.75117,0
1136,2002,1670143144,19.533333,0.036111,-0.098516,8222.814761,17.588883,0
1137,2002,1670143149,18.930556,0.361111,0.096909,7969.067491,-52.710159,1
1138,2002,1670143155,20.352778,0.775,0.101217,8567.770727,-31.187107,1
1139,2002,1670143161,21.344444,0.030556,-0.053225,8985.225913,7.510843,0
1140,2002,1670143162,21.375,0.027778,-0.153557,8998.088678,34.564986,0
1141,2002,1670143165,21.441667,0.011111,-0.05911,9026.152892,36.968193,0
1142,2002,1670143167,21.422222,-0.047222,-0.219359,9017.967496,65.658985,0
1143,2002,1670143168,21.375,-0.047222,-0.161799,8998.088678,34.211475,0
1144,2002,1670143172,20.886111,-0.097222,-0.064206,8792.284441,25.910367,0
1145,2002,1670143176,20.486111,0.019444,-0.028808,8623.899155,-0.568574,1
1146,2002,1670143180,21.025,0.440278,-0.0829,8850.751553,18.39037,0
1147,2002,1670143182,21.905556,0.230556,-0.142132,9221.433049,50.197532,0
1148,2002,1670143183,22.136111,0.026389,-0.156632,9318.488457,41.656429,0
1149,2002,1670143185,22.188889,-0.083333,-0.045417,9340.70596,2.403215,0
1150,2002,1670143186,22.105556,-0.144444,0.02677,9305.625692,-44.25512,1
1151,2002,1670143200,20.619444,-0.263889,-0.062989,8680.027584,1.028181,0
1152,2002,1670143206,19.044444,-0.555556,-0.058164,8017.010523,-17.049399,1
1153,2002,1670143211,19.938889,-0.219444,-0.08269,8393.53873,14.088258,0
1154,2002,1670143223,20.288889,0.138889,-0.107571,8540.875855,34.077976,0
1155,2002,1670143227,21.627778,0.297222,-0.01361,9104.498823,19.95912,0
1156,2002,1670143229,21.744444,0.241667,-0.157618,9153.611198,57.375353,0
1157,2002,1670143232,20.386111,-0.004167,-0.109391,8581.802834,12.444317,0
1158,2002,1670143239,22.944444,0.097222,-0.00869,9658.767054,-9.466859,1
1159,2002,1670143244,22.461111,-0.016667,-0.092529,9455.301501,-1.618223,1
1160,2002,1670143249,22.125,-0.025,-0.098783,9313.811088,7.99674,0
1161,2002,1670143251,22.075,0.025,-0.110022,9292.762927,30.542792,0
1162,2002,1670143259,23.488889,0.205556,-0.059399,9887.958137,14.503003,0
1163,2002,1670143260,23.694444,-0.066667,-0.0883,9974.489464,20.257529,0
1164,2002,1670143271,20.855556,-0.363889,-0.116753,8779.421676,1.720784,0
1165,2002,1670143289,17.697222,-0.066667,-0.035719,7449.879528,7.540174,0
1166,2002,1670143290,17.630556,-0.072222,-0.078138,7421.815314,19.901152,0
1167,2002,1670143293,17.475,-0.036111,-0.140254,7356.332147,33.659201,0
1168,2002,1670143299,18.469444,0.175,-0.067756,7774.956676,31.386921,0
1169,2002,1670143303,18.7,-0.156944,-0.140776,7872.012083,40.728943,0
1170,2002,1670143305,18.386111,-0.380556,-0.159698,7739.876408,35.765563,0
1171,2002,1670143306,18.005556,0.020833,-0.03014,7579.676519,24.265967,0
1172,2002,1670143309,17.927778,0.169444,-0.112274,7546.934935,42.699174,0
1173,2002,1670143311,17.963889,0.038889,-0.096641,7562.136385,23.32154,0
1174,2002,1670143325,17.038889,0.0875,-0.053549,7172.745413,19.760102,0
1175,2002,1670143337,16.102778,-0.627778,-0.121072,6778.677072,12.236056,0
1176,2002,1670143340,14.352778,0.258333,-0.067302,6041.991449,17.379727,0
1177,2002,1670143341,14.611111,0.863889,-0.019035,6150.740279,2.533892,0
1178,2002,1670143347,15.722222,0.175,-0.082514,6618.477182,17.323652,0
1179,2002,1670143381,0.0,0.0,0.0,0.0,-0.0,1
1180,2002,1670143388,0.586111,0.85,0.0,246.731217,57.712226,1
1181,2002,1670143390,2.588889,1.429167,-0.106793,1089.826985,102.863961,1
1182,2002,1670143393,5.983333,1.126389,-0.026765,2518.763224,80.631791,1
1183,2002,1670143395,8.236111,1.408333,-0.03955,3467.099796,73.824817,1
1184,2002,1670143396,9.644444,0.430556,-0.062031,4059.956321,56.522183,1
1185,2002,1670143402,10.030556,-0.133333,-0.099611,4222.494895,19.2202,1
1186,2002,1670143407,10.761111,0.186111,0.033274,4530.031909,-21.991488,1
1187,2002,1670143410,11.919444,0.5,0.0,5017.647631,5.851206,0
1188,2002,1670143414,13.241667,0.361111,0.0,5574.254546,5.007306,0
1189,2002,1670143416,14.055556,0.266667,0.0,5916.871827,3.354613,0
1190,2002,1670143417,14.322222,0.184722,-0.016416,6029.128684,-0.923221,1
1191,2002,1670143419,14.691667,-0.205556,-0.016684,6184.651204,-17.903048,1
1192,2002,1670143428,12.263889,-0.808333,0.015572,5162.646071,-72.133423,1
1193,2002,1670143432,7.633333,-1.776389,-0.054484,3213.352526,-87.81091,1
1194,2002,1670143446,0.786111,1.019444,0.0,330.923859,63.308219,1
1195,2002,1670143449,5.766667,1.225,-0.059933,2427.554528,84.639269,1
1196,2002,1670143450,6.991667,1.219444,0.0,2943.234464,61.545879,1
1197,2002,1670143470,7.655556,-0.288889,0.0,3222.707264,-30.143686,1
1198,2002,1670143471,7.366667,0.113889,-0.083939,3101.095669,6.3623,0
1199,2002,1670143474,7.336111,-0.259722,-0.046818,3088.232904,-0.782608,1
1200,2002,1670143490,0.0,0.0,0.0,0.0,-0.002813,1
1201,2002,1670143500,0.0,0.0,0.0,0.0,-0.0,1
1202,2002,1670143506,1.605556,1.231944,0.0,675.879825,49.324198,1
1203,2002,1670143509,5.313889,1.605556,-0.013369,2236.95174,81.853477,1
1204,2002,1670143511,8.525,1.444444,-0.021474,3588.711391,87.918531,1
1205,2002,1670143514,12.938889,0.573611,0.014803,5446.796239,29.694001,1
1206,2002,1670143516,14.086111,0.293056,-0.006896,5929.734592,16.71847,0
1207,2002,1670143520,15.277778,-0.091667,-0.033691,6431.382421,-1.326274,1
1208,2002,1670143529,14.497222,0.151389,-0.006717,6102.797246,-2.144238,1
1209,2002,1670143543,5.133333,-1.252778,-0.053429,2160.944493,-56.329309,1
1210,2002,1670143545,2.627778,-1.313889,0.0,1106.197776,-91.101857,1
1211,2002,1670143551,0.0,1.772222,-0.042044,0.0,51.972334,1
1212,2002,1670143554,3.869444,0.513889,0.0,1628.893766,35.322491,1
1213,2002,1670143557,6.744444,0.916667,0.0,2839.163003,39.940128,1
1214,2002,1670143559,8.277778,0.627778,-0.044714,3484.63993,33.90369,1
1215,2002,1670143564,10.688889,0.536111,0.0,4499.62901,14.479139,1
1216,2002,1670143575,13.725,0.025,-0.064597,5777.720098,9.507337,0
1217,2002,1670143587,7.933333,-0.841667,0.0,3339.64149,-63.549381,1
1218,2002,1670143594,0.0,0.0,0.0,0.0,-25.397639,1
1219,2002,1670143603,6.286111,1.388889,-0.080049,2646.221531,107.899473,1
1220,2002,1670143608,10.716667,0.522222,0.035338,4511.322433,-2.918789,1
1221,2002,1670143612,11.755556,-0.016667,-0.033126,4948.656437,1.341072,0
1222,2002,1670143615,11.425,-0.061111,-0.079376,4809.504709,11.770688,0
1223,2002,1670143617,11.302778,-0.236111,-0.044812,4758.053649,-1.75745,1
1224,2002,1670143627,9.152778,-0.309722,-0.017866,3852.982741,-21.311738,1
1225,2002,1670143636,7.558333,0.393056,-0.111571,3181.780285,47.127988,1
1226,2002,1670143639,8.325,0.091667,-0.047612,3504.518748,15.424103,1
1227,2002,1670143641,8.230556,-0.019444,-0.036037,3464.761111,0.331265,0
1228,2002,1670143643,8.055556,-0.333333,-0.036037,3391.092549,-11.74159,1
1229,2002,1670143644,7.722222,-0.411111,-0.042694,3250.771478,-12.431977,1
1230,2002,1670143652,3.713889,-0.908333,0.0,1563.410599,-66.759136,1
1231,2002,1670143679,3.730556,0.354167,-0.025894,1570.426653,21.983792,1
1232,3001,1651647204,2.572222,0.977778,-0.107739,1082.810931,89.368207,1
1233,3001,1651647205,3.55,1.031944,-0.116761,1494.419406,109.024113,1
1234,3001,1651647210,9.547222,1.425,-0.080541,4019.029342,101.349165,1
1235,3001,1651647234,6.594444,0.869444,0.0,2776.018521,17.529692,1
1236,3001,1651647237,9.25,1.152778,0.0,3893.90972,21.598164,1
1237,3001,1651647245,6.688889,0.211111,0.029757,2815.776158,-17.246976,1
1238,3001,1651647248,7.638889,0.808333,-0.055984,3215.69121,35.00565,1
1239,3001,1651647255,7.408333,-1.033333,-0.029757,3118.635803,-57.480686,1
1240,3001,1651647258,6.316667,0.438889,0.0,2659.084295,4.513499,0
1241,3001,1651647259,6.755556,0.280556,0.0,2843.840372,10.060976,0
1242,3001,1651647261,7.316667,0.625,0.0,3080.047508,13.38915,1
1243,3001,1651647271,1.744444,0.959722,0.0,734.346938,6.504079,0
1244,3001,1651647277,5.880556,1.0625,0.063308,2475.497561,0.717495,0
1245,3001,1651647285,7.661111,-0.861111,0.0,3225.045949,-64.651935,1
1246,3001,1651647295,3.555556,0.223611,0.0,1496.758091,4.125437,0
1247,3001,1651647297,4.002778,0.622222,0.0,1685.022194,28.552365,1
1248,3001,1651647298,4.625,1.331944,0.0,1946.95486,48.574218,1
1249,3001,1651647300,7.288889,0.819444,-0.025572,3068.354086,55.558549,1
1250,3001,1651647303,10.138889,0.933333,-0.026946,4268.099243,44.106151,1
1251,3001,1651647304,11.072222,0.405556,-0.012788,4660.998242,19.150618,1
1252,3001,1651647320,7.661111,0.5625,0.033613,3225.045949,7.190831,0
1253,3001,1651647327,7.530556,0.216667,-0.029996,3170.086862,9.243796,0
1254,3001,1651647329,7.963889,0.519444,-0.033613,3352.504255,33.455627,1
1255,3001,1651647330,8.483333,1.491667,0.0,3571.171257,37.804083,1
1256,3001,1651647358,0.0,0.0,0.0,0.0,-0.851583,1
1257,3001,1651647359,0.0,0.0,0.0,0.0,-0.14193,1
1258,3001,1651647371,1.8,0.977778,0.0,757.733783,38.883586,1
1259,3001,1651647372,2.777778,0.719444,0.0,1169.342258,35.941804,1
1260,3001,1651647373,3.497222,0.6,0.0,1472.201903,38.725501,1
1261,3001,1651647375,4.697222,0.806944,-0.041403,1977.357759,49.219771,1
1262,3001,1651647377,6.311111,0.630556,-0.031491,2656.745611,56.833989,1
1263,3001,1651647382,9.716667,-0.205556,-0.038411,4090.35922,-3.127393,1
1264,3001,1651647404,0.0,0.0,0.0,0.0,-0.000168,1
1265,3001,1651647407,0.0,0.0,0.0,0.0,-5e-06,1
1266,3001,1651647413,0.0,0.0,0.0,0.0,-0.0,1
1267,3001,1651647424,0.258333,-0.033333,0.0,108.74883,-2.011208,1
1268,3001,1651647432,0.163889,0.3,0.0,68.991193,18.090525,0
1269,3001,1651647435,0.688889,0.633333,0.0,289.99688,18.56029,0
1270,3001,1651647436,1.322222,0.947222,0.0,556.606915,31.109866,1
1271,3001,1651647437,2.269444,0.444444,-0.033465,955.352625,31.366101,1
1272,3001,1651647439,3.158333,0.416667,0.0,1329.542148,33.256508,1
1273,3001,1651647441,3.991667,0.7,-0.036046,1680.344825,47.621537,1
1274,3001,1651647445,8.102778,1.388889,-0.01789,3410.971368,62.28979,1
1275,3001,1651647453,14.166667,1.102778,0.0,5963.645518,41.067411,1
1276,3001,1651647454,15.269444,0.858333,-0.029996,6427.874394,44.657718,1
1277,3001,1651647463,18.513889,0.488889,-0.046802,7793.666152,18.134005,0
1278,3001,1651647479,16.972222,-1.111111,-0.018191,7144.681199,-72.815981,1
1279,3001,1651647480,15.861111,-1.134722,-0.006908,6676.944295,-80.271598,1
1280,3001,1651647488,3.816667,-1.1,0.0,1606.676263,-78.330018,1
1281,3001,1651647494,0.0,0.0,0.0,0.0,-1.155249,1
1282,3001,1651647499,0.0,0.0,0.0,0.0,-0.005348,1
1283,3001,1651647506,0.0,0.0,0.0,0.0,-1e-06,1
1284,3001,1651647509,0.0,0.0,0.0,0.0,-0.0,1
1285,3001,1651647514,0.0,0.0,0.0,0.0,-0.0,1
1286,3001,1651647526,0.15,0.080556,0.0,63.144482,4.857389,0
1287,3001,1651647527,0.230556,-0.230556,0.0,97.055407,-13.904121,1
1288,3001,1651647545,0.380556,-0.380556,0.0,160.199889,-34.707357,1
1289,3001,1651647551,0.158333,0.020833,0.0,66.652509,1.255904,0
1290,3001,1651647553,0.2,0.216667,0.0,84.192643,13.06504,0
1291,3001,1651647556,0.191667,0.030556,0.0,80.684616,1.841993,0
1292,3001,1651647563,2.336111,0.9,0.043405,983.416839,5.776288,0
1293,3001,1651647585,1.95,-0.975,0.0,820.878265,-70.614595,1
1294,3001,1651647587,0.0,0.0,0.0,0.0,-11.769099,1
1295,3001,1651647596,0.0,0.0,0.0,0.0,-0.000252,1
1296,3001,1651647616,0.191667,0.033333,0.0,80.684616,2.009502,0
1297,3001,1651647621,0.175,0.069444,0.0,73.668562,4.187219,0
1298,3001,1651647625,0.252778,-0.252778,0.0,106.410146,-15.244369,1
1299,3001,1651647637,0.180556,-0.090278,0.0,76.007247,-5.444579,1
1300,3001,1651647642,0.0,0.0,0.0,0.0,1.56283,1
1301,3001,1651647647,0.252778,-0.022222,0.0,106.410146,-1.341125,1
1302,3001,1651647648,0.230556,0.030556,0.0,97.055407,1.841722,0
1303,3001,1651647669,0.4,0.2375,0.0,168.385285,2.563137,0
1304,3001,1651647673,2.552778,1.655556,0.0,1074.625535,51.613116,1
1305,3001,1651647676,5.263889,0.866667,-0.017104,2215.90358,45.952188,1
1306,3001,1651647678,6.997222,0.95,-0.024253,2945.573149,52.398988,1
1307,3001,1651647679,7.947222,0.970833,-0.025433,3345.488201,50.147837,1
1308,3001,1651647687,14.163889,0.176389,0.085319,5962.476175,-54.475993,1
1309,3001,1651647693,16.066667,0.605556,0.018191,6763.475622,0.736036,0
1310,3001,1651647694,16.672222,0.3375,-0.038416,7018.392235,6.138522,0
1311,3001,1651647716,22.425,0.622222,0.0,9440.100052,0.433337,0
1312,3001,1651647718,23.030556,-0.251389,-0.017499,9695.016664,-25.375444,1
1313,3001,1651647726,20.891667,0.223611,-0.030285,8794.623125,-6.742215,1
1314,3001,1651647736,18.475,-0.561111,0.039758,7777.29536,-74.576564,1
1315,3001,1651647742,17.558333,0.569444,0.0,7391.412415,-3.103256,1
1316,3001,1651647751,19.666667,0.133333,0.081873,8278.943189,-58.127121,1
1317,3001,1651647768,18.961111,-0.138889,0.02184,7981.930255,-38.894717,1
1318,3001,1651647770,18.683333,0.484722,-0.012967,7864.99603,10.920863,0
1319,3001,1651647783,24.491667,0.516667,-0.080062,10310.090692,27.233156,0
1320,3001,1651647784,25.008333,0.672222,-0.093163,10527.588352,38.205501,0
1321,3001,1651647794,25.558333,-0.675,-0.063998,10759.118119,-25.616166,1
1322,3001,1651647799,21.5,-1.116667,-0.050609,9050.70908,-56.967025,1
1323,3001,1651647807,14.147222,0.005556,-0.043406,5955.460122,1.786494,0
1324,3001,1651647814,10.313889,-1.413889,0.0,4341.767805,-98.772583,1
1325,3001,1651647817,6.225,-1.297222,-0.051272,2620.496001,-60.481274,1
1326,3001,1651647821,3.283333,1.1125,-0.036371,1382.162549,71.906401,1
1327,3001,1651647823,5.508333,1.768056,-0.039604,2318.805698,94.994837,1
1328,3001,1651647831,15.475,0.665278,-0.062543,6514.405721,56.43643,1
1329,3001,1651647833,16.805556,1.131944,0.049378,7074.520663,44.803453,1
1330,3001,1651647836,19.986111,0.941667,-0.10606,8413.417549,55.649364,0
1331,3001,1651647839,21.741667,0.3875,-0.02421,9152.441856,25.098107,0
1332,3001,1651647844,24.2,0.144444,0.0,10187.309755,-12.703719,1
1333,3001,1651647847,24.322222,0.131944,0.105152,10238.760814,-75.186342,1
1334,3001,1651647856,23.161111,0.230556,0.081075,9749.97575,-54.265389,1
1335,3001,1651647899,27.930556,0.25,-0.061234,11757.736408,11.948929,0
1336,3001,1651647901,28.355556,0.195833,0.012324,11936.645773,-20.449506,1
1337,3001,1651647908,28.675,-0.008333,-0.006898,12071.120133,-21.764087,1
1338,3001,1651647911,28.65,-0.015278,-0.017183,12060.596053,-16.112221,1
1339,3001,1651647918,28.305556,0.025,-0.033272,11915.597613,-3.900905,1
1340,3001,1651647921,28.377778,0.141667,0.03211,11946.000511,-35.3589,1
1341,3001,1651647930,27.363889,-0.102778,-0.040082,11519.190587,-6.738763,1
1342,3001,1651647932,27.969444,0.226389,-0.02585,11774.107199,5.337367,0
1343,3001,1651647948,28.547222,0.004167,-0.10365,12017.330389,38.938603,0
1344,3001,1651647952,27.866667,-0.197222,-0.144944,11730.841536,12.026602,0
1345,3001,1651647957,26.488889,-1.4375,0.029313,11150.847776,-127.23618,1
1346,3001,1651647989,0.0,0.0,0.0,0.0,-2.3e-05,1
1347,3001,1651647998,0.0,0.0,0.0,0.0,-0.0,1
1348,3001,1651648011,0.0,0.0,0.0,0.0,16.717019,1
1349,3001,1651648013,0.0,0.820833,0.0,0.0,40.822197,1
1350,3001,1651648015,1.641667,1.352778,0.0,691.081275,56.805454,1
1351,3001,1651648016,2.994444,1.269444,0.0,1260.550954,60.639894,1
1352,3001,1651648017,4.263889,1.097222,0.0,1794.940367,59.209003,1
1353,3001,1651648019,6.352778,0.295833,-0.029412,2674.285745,34.147852,1
1354,3001,1651648031,0.0,0.0,0.0,0.0,-17.9355,1
1355,3001,1651648042,0.0,0.0,0.0,0.0,-6.4e-05,1
1356,3001,1651648068,12.669444,0.608333,0.031365,5333.37004,4.675783,0
1357,3001,1651648069,13.277778,0.9,0.026865,5589.455995,4.949555,0
1358,3001,1651648070,14.177778,0.438889,0.033009,5968.322887,-7.998095,1
1359,3001,1651648074,16.344444,0.436111,0.057847,6880.409848,-23.827407,1
1360,3001,1651648078,18.211111,0.440278,0.0,7666.207846,-0.421091,1
1361,3001,1651648081,19.363889,0.313889,-0.009707,8151.484883,-0.962503,1
1362,3001,1651648103,25.444444,0.216667,0.021423,10711.175086,-21.95619,1
1363,3001,1651648105,25.877778,0.025,0.0,10893.592479,-21.292191,1
1364,3001,1651648123,28.208333,-0.198611,0.067911,11874.670634,-76.716613,1
1365,3001,1651648125,27.811111,-0.072222,0.007024,11707.454691,-32.995066,1
1366,3001,1651648167,27.897222,-0.030556,-0.031181,11743.704301,-8.102145,1
1367,3001,1651648199,22.625,-0.011111,-0.031743,9524.292694,-2.206198,1
1368,3001,1651648203,22.105556,-0.622222,0.020408,9305.625692,-69.329494,1
1369,3001,1651648204,21.483333,-0.540278,0.022489,9043.693026,-65.162999,1
1370,3001,1651648214,8.997222,-1.541667,0.041546,3787.499575,-130.462687,1
1371,3001,1651648231,5.272222,0.397222,0.018215,2219.411606,37.715027,1
1372,3001,1651648235,8.236111,1.063889,0.033196,3467.099796,37.886609,1
1373,3001,1651648236,9.3,0.829167,0.0,3914.957881,41.852964,1
1374,3001,1651648238,10.958333,1.058333,0.0,4613.055209,48.507312,1
1375,3001,1651648242,14.527778,-0.061111,-0.036638,6115.660011,16.155362,0
1376,3001,1651648257,19.863889,0.019444,0.026228,8361.966489,-32.501935,1
1377,3001,1651648261,19.961111,0.008333,0.163115,8402.893468,-113.12487,1
1378,3001,1651648270,21.591667,-0.080556,0.063355,9089.297374,-61.494827,1
1379,3001,1651648275,21.669444,0.105556,0.011516,9122.038957,-19.902704,1
1380,3001,1651648278,22.044444,0.013889,0.058331,9279.900162,-53.180927,1
1381,3001,1651648293,23.777778,0.380556,-0.032678,10009.569731,2.875335,0
1382,3001,1651648303,26.072222,0.048611,-0.005723,10975.446437,-16.670609,1
1383,3001,1651648309,25.661111,0.144444,0.0,10802.383783,-13.905151,1
1384,3001,1651648310,25.805556,0.366667,0.0,10863.18958,-0.627032,1
1385,3001,1651648323,24.630556,-0.108333,-0.024586,10368.557805,-13.839639,1
1386,3001,1651648324,24.522222,-0.019444,-0.081787,10322.953457,2.453986,0
1387,3001,1651648328,25.047222,0.244444,-0.015685,10543.959144,0.319931,0
1388,3001,1651648339,24.219444,0.120833,0.043181,10195.495151,-39.506282,1
1389,3001,1651648346,23.730556,-0.109722,0.0,9989.690913,-27.659724,1
1390,3001,1651648379,4.744444,2.169444,-0.068322,1997.236577,134.186431,1
1391,3001,1651648380,6.913889,2.055556,-0.061733,2910.492881,118.487167,1
1392,3001,1651648383,11.966667,0.472222,-0.047917,5037.526449,67.493495,1
1393,3001,1651648385,13.277778,1.334722,-0.044347,5589.455995,80.782231,1
1394,3001,1651648387,15.947222,1.430556,-0.029634,6713.193905,80.509158,1
1395,3001,1651648388,17.377778,0.983333,-0.026128,7315.405168,80.78882,1
1396,3001,1651648394,22.436111,0.704167,-0.018779,9444.777421,56.849567,0
1397,3001,1651648400,25.913889,-0.386111,-0.06247,10908.793928,-9.394908,1
1398,3001,1651648403,24.605556,-0.722222,-0.095279,10358.033724,-9.317948,1
1399,3001,1651648428,3.725,1.654167,0.0,1568.087968,74.939038,1
1400,3001,1651648430,7.033333,1.233333,0.0,2960.774598,64.944163,1
1401,3001,1651648438,14.394444,1.444444,-0.048483,6059.531583,80.915597,1
1402,3001,1651648439,15.838889,0.563889,-0.065977,6667.589557,68.037501,1
1403,3001,1651648441,16.966667,0.555556,-0.063448,7142.342514,61.704208,1
1404,3001,1651648445,18.958333,0.420833,-0.106908,7980.760913,75.524972,1
1405,3001,1651648448,20.65,0.127778,-0.107623,8692.890349,56.914478,0
1406,3001,1651648449,20.777778,0.190278,-0.056309,8746.680092,39.189501,0
1407,3001,1651648451,21.158333,0.397222,-0.040279,8906.879982,32.260487,0
1408,3001,1651648452,21.555556,0.172222,-0.077791,9074.095925,27.211977,0
1409,3001,1651648458,22.311111,-0.197222,-0.035216,9392.157019,-11.155029,1
1410,3001,1651648478,10.813889,-1.183333,-0.064455,4552.249412,-47.158108,1
1411,3001,1651648515,0.0,0.0,0.0,0.0,-1.563484,1
1412,3001,1651648517,0.0,0.0,0.0,0.0,-0.260581,1
1413,3001,1651648539,0.0,0.0,0.0,0.0,-0.0,1
1414,3001,1651648543,0.0,0.0,0.0,0.0,-0.0,1
1415,3001,1651648554,0.0,0.0,0.0,0.0,15.917943,1
1416,3001,1651648557,1.6,1.388889,0.0,673.541141,38.234462,1
1417,3001,1651648559,4.377778,0.369444,0.0,1842.883399,15.006579,1
1418,3001,1651648563,4.533333,-0.658333,-0.067511,1908.366566,-12.114164,1
1419,3001,1651648564,3.875,0.305556,-0.039396,1631.23245,25.466796,1
1420,3001,1651648566,4.486111,1.3,0.0,1888.487747,54.756493,1
1421,3001,1651648567,5.786111,1.731944,0.012598,2435.739924,65.850799,1
1422,3001,1651648575,0.0,0.0,0.0,0.0,-2.596572,1
1423,3001,1651648579,10.022222,-0.533333,0.0,4218.986868,-45.574426,1
1424,3001,1651648592,0.0,0.0,0.0,0.0,-3.4e-05,1
1425,3001,1651648593,1.019444,-0.293056,0.0,429.148609,-29.445576,1
1426,3001,1651648599,0.330556,0.625,0.0,139.151729,25.931474,0
1427,3001,1651648600,0.955556,1.354167,0.0,402.253737,46.176088,1
1428,3001,1651648605,5.494444,0.755556,0.0,2312.958987,32.24531,1
1429,3001,1651648606,6.25,0.763889,-0.020635,2631.020081,32.411469,1
1430,3001,1651648607,0.0,0.191667,0.0,0.0,23.061963,1
1431,3001,1651648608,7.777778,0.547222,0.0,3274.158323,24.917505,1
1432,3001,1651648609,8.325,0.629167,0.010905,3504.518748,16.786857,1
1433,3001,1651648609,0.191667,-0.095833,-0.089911,80.684616,46.999832,0
1434,3001,1651648611,9.583333,0.644444,0.019525,4034.230791,3.968759,0
1435,3001,1651648615,11.219444,0.936111,0.0,4722.973381,10.80732,0
1436,3001,1651648616,12.155556,0.008333,-0.037021,5117.041723,5.099097,0
1437,3001,1651648620,11.847222,0.716667,-0.030249,4987.244732,8.142052,0
1438,3001,1651648622,0.138889,0.011111,0.0,58.467113,1.775029,0
1439,3001,1651648627,13.802778,0.323611,0.027602,5810.461682,-11.601361,1
1440,3001,1651648633,0.0,0.0,0.0,0.0,-0.019153,1
1441,3001,1651648635,15.45,0.791667,0.0,6503.881641,4.279725,0
1442,3001,1651648636,16.241667,0.229167,-0.015644,6837.144185,5.532067,0
1443,3001,1651648644,15.711111,0.036111,-0.012677,6613.799813,-6.197037,1
1444,3001,1651648648,0.191667,0.086111,0.0,80.684616,5.192172,0
1445,3001,1651648648,15.727778,0.102778,-0.044342,6620.815867,4.251317,0
1446,3001,1651648649,0.277778,0.677778,0.0,116.934226,40.870915,0
1447,3001,1651648649,15.830556,0.002778,-0.018517,6664.08153,-4.835547,1
1448,3001,1651648652,16.497222,0.155556,0.064445,6944.723672,-44.695108,1
1449,3001,1651648654,4.125,1.975,0.0,1736.473254,69.212651,1
1450,3001,1651648655,6.1,1.283333,0.0,2567.875599,51.076411,1
1451,3001,1651648656,7.383333,0.519444,0.0,3108.111723,13.634829,1
1452,3001,1651648660,17.397222,-0.058333,0.014309,7323.590564,-28.674505,1
1453,3001,1651648662,17.280556,0.041667,0.0,7274.478189,-14.168189,1
1454,3001,1651648662,8.869444,0.538889,0.021509,3733.709831,-3.236816,1
1455,3001,1651648667,8.997222,0.227778,-0.032257,3787.499575,15.228033,1
1456,3001,1651648668,9.225,0.841667,0.0,3883.38564,25.464069,1
1457,3001,1651648681,14.672222,0.519444,0.060385,6176.465809,-19.434072,1
1458,3001,1651648688,17.183333,0.1,-0.0682,7233.55121,0.141763,0
1459,3001,1651648690,18.391667,0.663889,0.086276,7742.215093,-27.907018,1
1460,3001,1651648691,19.055556,0.195833,0.045114,8021.687892,-32.432625,1
1461,3001,1651648704,0.0,0.0,0.0,0.0,-1.956854,1
1462,3001,1651648711,20.383333,0.070833,0.01236,8580.633492,-21.60055,1
1463,3001,1651648718,1.472222,1.636111,0.0,619.751397,59.573944,1
1464,3001,1651648719,3.108333,1.233333,0.0,1308.493987,60.156435,1
1465,3001,1651648719,17.758333,-3.297222,-0.033008,7475.605058,-196.384645,1
1466,3001,1651648721,5.344444,1.230556,0.0,2249.814505,52.5005,1
1467,3001,1651648722,6.575,0.916667,0.0,2767.833126,44.190291,1
1468,3001,1651648723,7.491667,0.930556,0.018024,3153.716071,37.000316,1
1469,3001,1651648724,9.352778,-3.077778,0.048344,3937.175384,-227.19123,1
1470,3001,1651648727,10.591667,0.636111,-0.018048,4458.702031,38.429824,1
1471,3001,1651648730,12.933333,0.875,-0.010638,5444.457555,35.251497,1
1472,3001,1651648732,14.683333,-0.033333,-0.060269,6181.143178,22.328393,0
1473,3001,1651648732,0.0,0.0,0.0,0.0,-2.095223,1
1474,3001,1651648733,14.65,-0.323611,-0.070802,6167.111071,11.985023,0
1475,3001,1651648735,14.002778,-0.169444,-0.056676,5894.654324,4.261081,0
1476,3001,1651648753,5.783333,1.697222,-0.039384,2434.570582,99.723204,1
1477,3001,1651648756,16.894444,-0.205556,0.026791,7111.939615,-44.600812,1
1478,3001,1651648757,10.155556,2.469444,-0.052491,4275.115297,98.11139,1
1479,3001,1651648759,12.625,0.570833,-0.007126,5314.660564,8.816547,0
1480,3001,1651648760,15.463889,-1.015278,0.02498,6509.728352,-91.602512,1
1481,3001,1651648765,11.908333,0.083333,-0.026272,5012.970262,5.163138,0
1482,3001,1651648772,17.366667,0.180556,0.059998,7310.727799,-41.067138,1
1483,3001,1651648774,17.572222,0.016667,0.126011,7397.259126,-89.625246,1
1484,3001,1651648787,16.327778,-0.211111,0.0,6873.393795,-28.883433,1
1485,3001,1651648793,3.766667,1.115278,-0.084354,1585.628102,136.223419,1
1486,3001,1651648795,5.997222,1.225,-0.019118,2524.609936,80.775628,1
1487,3001,1651648798,9.177778,0.344444,0.0,3863.506822,24.896123,1
1488,3001,1651648800,9.819444,0.258333,-0.028672,4133.624883,30.14946,1
1489,3001,1651648803,10.65,0.497222,-0.087371,4483.258219,44.537653,1
1490,3001,1651648807,4.461111,-1.247222,0.0,1877.963667,-87.295967,1
1491,3001,1651648808,3.213889,-1.45,0.0,1352.928993,-99.36626,1
1492,3001,1651648813,4.763889,-1.655556,0.0,2005.421973,-111.965847,0
1493,3001,1651648813,0.0,0.0,0.0,0.0,30.010282,1
1494,3001,1651648818,5.525,1.655556,-0.098417,2325.821752,128.632102,1
1495,3001,1651648823,11.975,1.277778,0.079584,5041.034476,26.974899,1
1496,3001,1651648827,16.077778,0.763889,0.0,6768.152991,46.051802,1
1497,3001,1651648832,20.947222,0.830556,0.036104,8818.00997,32.87273,0
1498,3001,1651648833,21.777778,0.347222,-0.074018,9167.643305,35.227705,0
1499,3001,1651648834,22.125,0.509722,-0.073039,9313.811088,23.267653,0
1500,3001,1651648838,0.0,0.0,0.0,0.0,0.243696,1
1501,3001,1651648839,0.0,0.075,0.0,0.0,-0.825005,1
1502,3001,1651648842,25.897222,-0.222222,-0.135957,10901.777875,45.202931,0
1503,3001,1651648843,25.675,0.380556,-0.108142,10808.230494,39.292081,0
1504,3001,1651648844,26.055556,-0.519444,-0.111895,10968.430383,17.286447,0
1505,3001,1651648847,24.738889,-0.008333,-0.034943,10414.162153,-1.808469,1
1506,3001,1651648849,1.45,3.530556,0.0,610.396659,126.709587,1
1507,3001,1651648850,4.980556,2.0,0.0,2096.630669,113.135926,1
1508,3001,1651648853,24.8,1.283333,-0.046512,10439.887683,9.738277,0
1509,3001,1651648859,16.25,-2.605556,0.019056,6840.652211,-184.433104,1
1510,3001,1651648868,7.263889,-1.213889,0.0,3057.830006,-85.827805,1
1511,3001,1651648876,0.0,0.0,0.0,0.0,-1.541965,1
1512,3001,1651648878,1.105556,1.930556,-0.044101,465.398219,103.693139,1
1513,3001,1651648879,3.036111,2.095833,-0.0536,1278.091088,109.130581,1
1514,3001,1651648882,7.952778,1.425,-0.056303,3347.826886,103.07071,1
1515,3001,1651648884,11.163889,1.527778,-0.047822,4699.586536,99.812695,1
1516,3001,1651648891,18.766667,0.822222,0.024681,7900.076297,31.566971,0
1517,3001,1651648892,19.588889,0.172222,-0.020062,8246.201606,32.467123,0
1518,3001,1651648895,8.708333,-0.731944,-0.013859,3665.88798,-48.997989,1
1519,3001,1651648896,21.108333,0.261111,-0.012982,8885.831821,21.944227,0
1520,3001,1651648898,21.605556,0.088889,-0.022383,9095.144085,-0.93504,1
1521,3001,1651648900,21.236111,-0.736111,0.0,8939.621565,-63.583222,1
1522,3001,1651648904,20.597222,-0.647222,0.081225,8670.672846,-105.435899,1
1523,3001,1651648904,3.713889,-0.241667,0.0,1563.410599,-26.556984,1
1524,3001,1651648907,3.230556,-0.830556,0.0,1359.945046,-62.013532,1
1525,3001,1651648913,13.869444,-1.6,-0.017104,5838.525896,-101.358423,1
1526,3001,1651648915,9.311111,-1.383333,0.0,3919.63525,-96.605445,1
1527,3001,1651648920,0.0,0.0,0.0,0.0,-0.004712,1
1528,3001,1651648925,0.0,0.0,0.0,0.0,-19.500342,1
1529,3001,1651648930,0.169444,2.522222,0.0,71.329878,152.097666,0
1530,3001,1651648931,2.691667,0.609722,0.055424,1133.092648,-7.651833,1
1531,3001,1651648939,8.488889,1.255556,0.0,3573.509942,36.248854,1
1532,3001,1651648940,9.744444,0.713889,0.0,4102.052642,22.70072,1
1533,3001,1651648944,12.322222,1.494444,0.0,5187.202258,25.447678,1
1534,3001,1651648945,13.816667,0.088889,0.0,5816.308393,-9.544141,1
1535,3001,1651648954,16.925,1.061111,0.055959,7124.80238,-1.497465,1
1536,3001,1651648955,17.986111,0.538889,0.026885,7571.491123,-0.391429,1
1537,3001,1651649003,20.866667,0.6,-0.031789,8784.099045,26.935191,0
1538,3001,1651649006,23.077778,0.627778,-0.024137,9714.895482,16.405304,0
1539,3001,1651649026,0.0,0.0,0.0,0.0,-7.811951,1
1540,3001,1651649035,0.802778,0.983333,0.0,337.939913,49.04163,1
1541,3001,1651649036,1.786111,0.915278,0.0,751.887072,73.07967,1
1542,3001,1651649043,11.522222,1.369444,-0.056778,4850.431688,80.821384,1
1543,3001,1651649045,13.766667,1.080556,-0.034356,5795.260232,52.226506,1
1544,3001,1651649046,14.847222,0.552778,0.008982,6250.134371,38.125037,1
1545,3001,1651649049,16.95,1.888889,0.031817,7135.32646,41.954392,0
1546,3001,1651649050,18.838889,0.875,0.0297,7930.479196,18.967334,0
1547,3001,1651649054,20.341667,1.547222,-0.047574,8563.093358,48.556635,0
1548,3001,1651649056,22.402778,0.0,-0.068384,9430.745314,14.262662,0
1549,3001,1651649079,0.0,0.0,0.0,0.0,-13.856359,1
1550,3001,1651649088,0.0,1.522222,0.0,0.0,58.942126,1
1551,3001,1651649089,1.522222,0.929167,-0.045503,640.799558,71.955362,1
1552,3001,1651649094,7.558333,1.0125,-0.055446,3181.780285,86.346564,1
1553,3001,1651649096,9.583333,1.761111,-0.036411,4034.230791,98.159007,1
1554,3001,1651649097,11.344444,1.475,-0.052467,4775.593783,95.851095,1
1555,3001,1651649098,12.819444,1.183333,-0.040726,5396.514522,84.759169,1
1556,3001,1651649103,18.355556,1.122222,-0.019407,7727.013643,43.32394,0
1557,3001,1651649109,22.358333,0.305556,-0.104574,9412.035837,61.077179,0
1558,3001,1651649111,22.969444,0.613889,-0.072648,9669.291134,52.003022,0
1559,3001,1651649112,23.583333,0.452778,-0.050434,9927.715773,37.440797,0
1560,3001,1651649116,24.713889,0.041667,-0.038948,10403.638073,15.229938,0
1561,3001,1651649117,24.755556,0.011111,-0.124698,10421.178206,35.931201,0
1562,3001,1651649118,24.766667,0.008333,-0.134414,10425.855575,41.663318,0
1563,3001,1651649121,24.502778,0.088889,-0.0895,10314.768061,33.572408,0
1564,3001,1651649123,23.886111,-0.411111,-0.14767,10055.17408,28.445148,0
1565,3001,1651649129,21.363889,-0.701389,0.03059,8993.411309,-79.551855,1
1566,3001,1651649133,18.880556,-0.366667,0.035189,7948.01933,-60.419031,1
1567,3001,1651649143,15.988889,0.211111,-0.03757,6730.734039,5.081899,0
1568,3001,1651649156,17.533333,-0.002778,0.031084,7380.888335,-35.256207,1
1569,3001,1651649163,19.238889,0.325,0.0356,8098.864481,-19.175896,1
1570,3001,1651649164,19.563889,0.602778,0.0,8235.677526,-0.721544,1
1571,3001,1651649174,22.141667,0.405556,0.013904,9320.827141,-3.556225,1
1572,3001,1651649176,22.752778,0.102778,0.01502,9578.082438,-22.923282,1
1573,3001,1651649183,22.902778,0.125,0.0,9641.22692,-12.86862,1
1574,3001,1651649204,25.288889,0.619444,-0.0073,10645.69192,-0.740526,1
1575,3001,1651649214,0.175,-0.025,0.0,73.668562,-1.508086,1
1576,3001,1651649222,0.411111,-0.0125,0.0,173.062654,-12.512819,1
1577,3001,1651649229,25.572222,-0.086111,0.031958,10764.96483,-46.509331,1
1578,3001,1651649236,0.611111,0.102778,0.0,257.255297,-5.564568,1
1579,3001,1651649238,27.708333,0.086111,0.033613,11664.189027,-38.972425,1
1580,3001,1651649241,1.888889,1.425,0.0,795.152736,53.339587,1
1581,3001,1651649242,3.313889,1.372222,0.0,1395.025314,64.072209,1
1582,3001,1651649253,27.369444,0.213889,-0.030042,11521.529271,-1.326559,1
1583,3001,1651649254,27.583333,0.173611,0.010583,11611.568625,-20.054351,1
1584,3001,1651649257,27.825,-0.116667,-0.015015,11713.301402,-22.732488,1
1585,3001,1651649258,27.708333,-0.102778,-0.056151,11664.189027,-2.373362,1
1586,3001,1651649263,27.538889,-0.088889,-0.048481,11592.859149,-1.123024,1
1587,3001,1651649282,2.247222,0.931944,0.0,945.997887,19.611259,1
1588,3001,1651649286,5.688889,0.672222,0.029843,2394.812945,9.25506,0
1589,3001,1651649288,25.361111,-0.483333,0.0,10676.094819,-51.509751,1
1590,3001,1651649292,8.591667,0.604167,0.0,3616.775605,9.011592,0
1591,3001,1651649295,10.138889,0.129167,0.049176,4268.099243,-34.542541,1
1592,3001,1651649300,23.480556,0.102778,0.012016,9884.45011,-21.712681,1
1593,3001,1651649307,24.086111,-0.097222,0.017095,10139.366722,-37.232967,1
1594,3001,1651649323,4.044444,0.652778,0.0,1702.562328,10.916558,1
1595,3001,1651649323,22.963889,-0.561111,0.058331,9666.95245,-88.537743,1
1596,3001,1651649324,4.697222,0.872222,0.023529,1977.357759,7.020051,0
1597,3001,1651649329,19.369444,-1.098611,0.05371,8153.823567,-115.732205,1
1598,3001,1651649332,15.819444,-1.769444,0.096005,6659.404161,-178.878402,1
1599,3001,1651649336,10.416667,0.265278,-0.021869,4385.033469,9.427698,0
1600,3001,1651649342,12.747222,0.295833,-0.023484,5366.111624,18.494887,1
1601,3001,1651649344,13.338889,0.130556,-0.029655,5615.181525,15.205285,0
1602,3001,1651649348,0.0,0.0,0.0,0.0,-0.063374,1
1603,3001,1651649356,0.469444,0.713889,0.119629,197.618842,-38.77809,1
1604,3001,1651649359,4.008333,1.669444,0.0,1687.360879,47.566382,1
1605,3001,1651649361,7.347222,0.838889,0.0,3092.910273,24.558747,1
1606,3001,1651649362,8.186111,-0.083333,0.0,3446.051635,-17.886629,1
1607,3001,1651649363,13.611111,0.576389,-0.0134,5729.777066,8.30915,0
1608,3001,1651649364,8.533333,0.905556,0.040407,3592.219418,6.181303,0
1609,3001,1651649365,14.763889,0.319444,0.0,6215.054103,3.909477,0
1610,3001,1651649366,10.344444,1.35,0.065472,4354.63057,10.200121,1
1611,3001,1651649366,15.083333,0.268056,0.0,6349.528463,-6.26841,1
1612,3001,1651649370,16.472222,0.1,0.064447,6934.199592,-48.032851,1
1613,3001,1651649372,16.672222,-0.122222,0.017443,7018.392235,-33.96171,1
1614,3001,1651649380,9.594444,-0.843056,0.0,4038.90816,-64.113288,1
1615,3001,1651649385,20.075,0.755556,-0.049831,8450.836501,26.187779,0
1616,3001,1651649386,20.830556,0.308333,-0.01379,8768.897595,13.270039,0
1617,3001,1651649394,7.3,0.426389,0.025933,3073.031455,-2.160745,1
1618,3001,1651649394,23.030556,-0.036111,-0.021052,9695.016664,-10.304516,1
1619,3001,1651649395,22.994444,0.161111,-0.034972,9679.815215,-0.397111,1
1620,3001,1651649403,8.333333,0.283333,0.048031,3508.026775,-24.024607,1
1621,3001,1651649408,11.375,1.081944,0.0,4788.456548,31.039696,1
1622,3001,1651649410,13.538889,0.655556,0.036423,5699.374167,19.833884,0
1623,3001,1651649411,14.194444,0.452778,0.0,5975.33894,18.417049,0
1624,3001,1651649413,15.125,0.604167,-0.04264,6367.068597,25.986832,0
1625,3001,1651649423,17.413889,0.463889,0.0,7330.606618,10.563351,0
1626,3001,1651649427,21.369444,0.35,-0.041592,8995.749993,13.426139,0
1627,3001,1651649427,19.394444,0.422222,-0.026845,8164.347648,4.591336,0
1628,3001,1651649428,21.719444,0.236111,-0.025641,9143.087118,11.486263,0
1629,3001,1651649429,21.955556,0.25,-0.019231,9242.48121,7.761304,0
1630,3001,1651649431,22.455556,-0.019444,-0.042839,9452.962816,5.246227,0
1631,3001,1651649436,22.125,-0.138889,0.03377,9313.811088,-48.044454,1
1632,3001,1651649440,18.294444,-0.8,-0.026698,7701.288113,-49.822248,1
1633,3001,1651649445,22.841667,-0.091667,0.012719,9615.50139,-33.363651,1
1634,3001,1651649448,22.963889,-0.147222,-0.087838,9666.95245,13.041186,0
1635,3001,1651649449,22.816667,-0.036111,-0.050941,9604.97731,22.540527,0
1636,3001,1651649451,23.416667,0.208333,-0.069608,9857.555238,17.779564,0
1637,3001,1651649455,23.191667,0.005556,-0.061705,9762.838515,-1.267104,1
1638,3001,1651649458,22.969444,-0.086111,-0.050941,9669.291134,8.362737,0
1639,3001,1651649460,22.647222,0.272222,-0.057739,9533.647432,24.756321,0
1640,3001,1651649462,23.433333,0.063889,-0.078327,9864.571291,37.322476,0
1641,3001,1651649464,23.561111,0.236111,-0.113984,9918.361035,39.223002,0
1642,3001,1651649465,23.797222,0.344444,-0.060701,10017.755127,22.061591,0
1643,3001,1651649468,24.236111,0.030556,-0.060029,10202.511204,10.430063,0
1644,3001,1651649470,24.641667,0.155556,-0.028677,10373.235174,-1.224174,1
1645,3001,1651649473,24.816667,-0.297222,-0.089284,10446.903736,-0.930847,1
1646,3001,1651649475,24.430556,0.15,-0.032678,10284.365162,14.555474,0
1647,3001,1651649476,24.580556,0.063889,-0.093164,10347.509644,22.462199,0
1648,3001,1651649479,24.616667,-0.102778,-0.084354,10362.711093,19.51828,0
1649,3001,1651649480,24.513889,-0.236111,-0.096129,10319.44543,11.751877,0
1650,3001,1651649481,24.277778,-0.126389,-0.054044,10220.051338,-3.722105,1
1651,3001,1651649484,4.819444,0.922222,0.0,2028.808818,49.479,1
1652,3001,1651649485,5.741667,1.102778,0.013758,2417.030448,51.429897,1
1653,3001,1651649485,22.913889,-0.375,-0.083337,9645.904289,-2.075037,1
1654,3001,1651649490,10.730556,0.222222,-0.045092,4517.169144,34.569524,1
1655,3001,1651649496,21.313889,-0.069444,-0.099143,8972.363148,28.249179,0
1656,3001,1651649498,21.175,-0.102778,-0.108812,8913.896035,35.011104,0
1657,3001,1651649499,21.072222,-0.119444,-0.102977,8870.630372,38.79503,0
1658,3001,1651649500,20.952778,-0.030556,-0.130777,8820.348655,38.35681,0
1659,3001,1651649501,20.922222,-0.063889,-0.084353,8807.48589,26.474872,0
1660,3001,1651649503,20.794444,0.025,-0.032357,8753.696146,16.454836,0
1661,3001,1651649504,20.819444,0.052778,-0.052895,8764.220226,16.309521,0
1662,3001,1651649509,20.619444,-0.066667,-0.019749,8680.027584,-11.177686,1
1663,3001,1651649514,0.608333,-0.104167,0.0,256.085955,-18.04393,1
1664,3001,1651649517,0.508333,0.138889,0.0,213.989633,-3.385054,1
1665,3001,1651649524,14.441667,-0.630556,-0.042645,6079.410401,-28.14984,1
1666,3001,1651649527,0.838889,0.370833,0.0,353.141362,7.185267,0
1667,3001,1651649533,4.491667,0.647222,0.0,1890.826432,28.555705,1
1668,3001,1651649534,5.138889,1.055556,0.027511,2163.283178,24.816452,1
1669,3001,1651649537,8.472222,-0.35,-0.069251,3566.493888,-0.49053,1
1670,3001,1651649539,8.188889,-0.380556,0.0,3447.220978,-35.810839,1
1671,3001,1651649544,6.030556,0.025,-0.041253,2538.642043,7.57744,0
1672,3001,1651649545,6.055556,0.511111,-0.029266,2549.166123,22.948998,1
1673,3001,1651649547,7.077778,0.561111,-0.02751,2979.484074,22.155946,1
1674,3001,1651649548,7.638889,0.023611,-0.024687,3215.69121,8.648715,0
1675,3001,1651649551,0.936111,-0.397222,0.0,394.068341,-35.724474,1
1676,3001,1651649561,0.0,0.158333,-0.089909,0.0,75.331743,1
1677,3001,1651649562,0.158333,2.305556,0.0,66.652509,139.032027,0
1678,3001,1651649563,2.463889,1.291667,-0.067511,1037.206583,93.576516,1
1679,3001,1651649566,0.586111,0.434722,0.0,246.731217,5.011538,0
1680,3001,1651649568,4.352778,1.305556,0.0,1832.359319,41.018398,1
1681,3001,1651649571,8.466667,0.777778,-0.020019,3564.155203,28.104989,1
1682,3001,1651649577,10.130556,-0.680556,0.0,4264.591216,-54.488405,1
1683,3001,1651649580,0.355556,0.313889,0.0,149.675809,7.170187,0
1684,3001,1651649582,1.027778,-0.0125,-0.107911,432.656636,23.311812,1
1685,3001,1651649586,1.441667,0.4,0.0,606.888632,10.09818,0
1686,3001,1651649608,0.0,0.120833,0.0,0.0,3.353565,1
1687,3001,1651649612,0.325,0.0,0.0,136.813044,-11.757983,1
1688,3001,1651649613,0.0,0.0,0.0,0.0,-0.02094,1
1689,3001,1651649617,0.0,0.0,0.0,0.0,-9.7e-05,1
1690,3001,1651649627,0.0,0.072222,0.0,0.0,-0.154942,1
1691,3001,1651649632,0.0,0.0,0.0,0.0,3.845795,1
1692,3001,1651649634,0.15,0.447222,0.0,63.144482,26.968572,0
1693,3001,1651649637,1.683333,1.238889,0.0,708.621409,55.978823,1
1694,3001,1651649638,2.922222,1.666667,0.0,1230.148056,59.693741,1
1695,3001,1651649639,4.588889,1.044444,0.026811,1931.753411,44.886689,1
1696,3001,1651649641,6.677778,0.977778,0.033509,2811.098789,32.244663,1
1697,3001,1651649644,1.055556,-0.272222,0.0,444.350058,-28.190494,1
1698,3001,1651649646,9.908333,0.7,0.0,4171.043836,11.710618,1
1699,3001,1651649648,11.175,0.955556,0.021859,4704.263905,4.524157,0
1700,3001,1651649648,0.85,0.338889,0.0,357.818731,10.08448,0
1701,3001,1651649649,12.130556,0.081944,0.031234,5106.517642,-27.592602,1
1702,3001,1651649652,2.736111,0.505556,0.0,1151.802124,18.324572,1
1703,3001,1651649653,3.241667,0.436111,0.0,1364.622415,17.830143,1
1704,3001,1651649654,3.677778,0.748611,0.0,1548.20915,11.272579,1
1705,3001,1651649671,3.658333,-0.497222,0.0,1540.023754,-41.961055,1
1706,3001,1651649677,3.555556,0.802778,0.0,1496.758091,24.60207,1
1707,3001,1651649678,4.358333,0.647222,0.030497,1834.698003,19.119763,1
1708,3001,1651649679,5.005556,1.083333,0.056826,2107.15475,15.193255,1
1709,3001,1651649685,0.0,0.0,0.0,0.0,-0.00117,1
1710,3001,1651649686,9.225,0.708333,0.0,3883.38564,4.091436,0
1711,3001,1651649687,9.933333,0.694444,0.0,4181.567916,22.948979,1
1712,3001,1651649688,10.627778,0.752778,0.0,4473.90348,31.821262,1
1713,3001,1651649689,11.380556,0.870833,-0.010997,4790.795232,35.08902,1
1714,3001,1651649691,13.122222,0.511111,-0.019526,5523.972828,31.327275,1
1715,3001,1651649692,13.633333,0.688889,-0.013755,5739.131804,22.817442,1
1716,3001,1651649692,0.0,0.0,0.0,0.0,-0.0,1
1717,3001,1651649693,14.322222,0.266667,-0.02133,6029.128684,1.132147,0
1718,3001,1651649694,0.0,0.0,0.0,0.0,-0.0,1
1719,3001,1651649699,15.716667,0.302778,-0.008901,6616.138498,6.783001,0
1720,3001,1651649701,0.225,0.011111,0.0,94.716723,0.669201,0
1721,3001,1651649706,17.255556,-0.5,0.057055,7263.954109,-80.318355,1
1722,3001,1651649708,17.008333,-0.561111,0.026812,7159.882648,-66.117711,1
1723,3001,1651649713,0.191667,0.086111,0.0,80.684616,5.192172,0
1724,3001,1651649713,16.816667,-0.061111,-0.026032,7079.198032,-4.801125,1
1725,3001,1651649721,0.158333,-0.019444,0.0,66.652509,-1.172976,1
1726,3001,1651649722,0.138889,0.055556,0.0,58.467113,0.568586,0
1727,3001,1651649723,0.194444,0.008333,0.0,81.853958,0.501903,0
1728,3001,1651649723,13.230556,-0.719444,-0.01676,5569.577177,-48.175039,1
1729,3001,1651649727,0.191667,-0.191667,0.0,80.684616,-11.558724,1
1730,3001,1651649730,0.272222,-0.041667,0.0,114.595541,-2.513857,1
1731,3001,1651649733,7.572222,0.761111,0.0,3187.626996,30.061448,1
1732,3002,1651649734,8.333333,0.756944,-0.014978,3508.026775,47.379806,1
1733,3002,1651649737,10.916667,0.683333,-0.052903,4595.515075,34.106459,1
1734,3002,1651649741,12.886111,0.627778,0.03025,5424.578736,6.992806,0
1735,3002,1651649742,13.513889,0.338889,-0.02133,5688.850087,16.756703,0
1736,3002,1651649743,13.852778,1.180556,0.0,5831.509842,7.042344,0
1737,3002,1651649744,15.033333,0.151389,0.053585,6328.480302,-37.820208,1
1738,3002,1651649748,15.788889,-0.061111,-0.033153,6646.541396,-0.061698,1
1739,3002,1651649749,15.727778,0.006944,0.0,6620.815867,-15.416797,1
1740,3002,1651649753,5.258333,0.263889,0.0,2213.564895,7.089869,0
1741,3002,1651649755,5.786111,0.216667,0.0,2435.739924,-2.861385,1
1742,3002,1651649761,7.083333,0.959722,0.022062,2981.822759,24.70561,1
1743,3002,1651649765,11.080556,0.830556,0.042136,4664.506269,4.640168,0
1744,3002,1651649771,1.738889,-0.869444,0.0,732.008254,-64.236412,1
1745,3002,1651649781,3.183333,0.736111,-0.030025,1340.066228,98.325213,1
1746,3002,1651649784,20.855556,-0.147222,0.028385,8779.421676,-44.484969,1
1747,3002,1651649789,5.777778,-2.119444,-0.039038,2432.231897,-117.166241,1
1748,3002,1651649795,1.755556,-0.402778,0.0,739.024307,-36.095866,1
1749,3002,1651649801,20.947222,0.175,0.065669,8818.00997,-46.987332,1
1750,3002,1651649809,0.905556,0.466667,0.0,381.205576,-1.602253,1
1751,3002,1651649813,2.602778,1.208333,0.0,1095.673696,41.269748,1
1752,3002,1651649814,3.811111,0.916667,0.024087,1604.337578,37.557499,1
1753,3002,1651649816,5.644444,0.461111,-0.029268,2376.103469,36.486326,1
1754,3002,1651649819,7.541667,1.005556,-0.059449,3174.764231,55.536418,1
1755,3002,1651649821,9.552778,0.205556,-0.067252,4021.368026,49.720578,1
1756,3002,1651649826,10.005556,-0.091667,0.0,4211.970815,-18.934996,1
1757,3002,1651649833,9.069444,-1.202778,0.0,3817.902474,-85.644108,1
1758,3002,1651649850,21.483333,0.159722,0.089637,9043.693026,-62.307814,1
1759,3002,1651649851,10.825,0.163889,-0.048035,4556.926781,56.757475,1
1760,3002,1651649853,11.152778,0.5,0.0,4694.909167,44.935704,1
1761,3002,1651649854,11.652778,2.211111,0.046166,4905.390774,44.820132,1
1762,3002,1651649855,21.736111,0.141667,0.0,9150.103172,-11.004723,1
1763,3002,1651649857,14.552778,0.408333,-0.018897,6126.184091,18.740014,0
1764,3002,1651649857,22.019444,0.030556,-0.035556,9269.376082,-1.264845,1
1765,3002,1651649858,14.961111,0.008333,-0.048508,6298.077403,12.05726,0
1766,3002,1651649858,22.05,0.013889,-0.017651,9282.238847,-8.56032,1
1767,3002,1651649861,22.347222,0.131944,-0.063627,9407.358468,17.576649,0
1768,3002,1651649861,15.433333,0.194444,0.040217,6496.865587,-27.582563,1
1769,3002,1651649863,22.611111,0.4,-0.01283,9518.445983,13.199374,0
1770,3002,1651649864,23.011111,0.205556,-0.02718,9686.831268,6.968166,0
1771,3002,1651649864,15.530556,-0.416667,0.029411,6537.792566,-58.141101,1
1772,3002,1651649882,2.238889,-0.222222,-0.083044,942.48986,-4.123636,1
1773,3002,1651649884,23.233333,0.008333,0.052106,9780.378649,-50.753982,1
1774,3002,1651649889,0.0,0.0,0.0,0.0,-0.949456,1
1775,3002,1651649893,22.925,-0.204167,0.024749,9650.581658,-47.278147,1
1776,3002,1651649896,0.175,-0.175,0.0,73.668562,-10.55357,1
1777,3002,1651649899,0.0,0.0,0.0,0.0,-0.048859,1
1778,3002,1651649904,0.0,0.072222,0.0,0.0,38.541272,1
1779,3002,1651649906,0.144444,0.216667,-0.13772,60.805797,93.763355,0
1780,3002,1651649907,0.361111,0.411111,0.0,152.014494,13.032935,0
1781,3002,1651649909,3.180556,2.2375,-0.06155,1338.896886,113.964106,1
1782,3002,1651649911,7.655556,1.213889,0.0,3222.707264,84.785596,1
1783,3002,1651649913,10.011111,1.158333,-0.016646,4214.309499,29.695134,1
1784,3002,1651649916,21.325,0.261111,0.0,8977.040517,-3.509894,1
1785,3002,1651649916,10.511111,-0.541667,-0.019118,4424.791106,-35.003323,1
1786,3002,1651649917,9.969444,-0.122222,-0.062346,4196.769365,2.317031,0
1787,3002,1651649924,11.611111,0.048611,-0.054817,4887.85064,14.8377,1
1788,3002,1651649925,21.086111,-0.086111,-0.089824,8876.477083,8.952817,0
1789,3002,1651649929,12.183333,0.243056,-0.039862,5128.735145,27.379908,1
1790,3002,1651649934,14.872222,-0.069444,-0.028282,6260.658451,-2.964412,1
1791,3002,1651649938,13.508333,-0.586111,-0.016453,5686.511402,-40.437744,1
1792,3002,1651649940,21.530556,0.255556,-0.05131,9063.571844,13.355627,0
1793,3002,1651649943,22.111111,0.241667,-0.076218,9307.964376,11.99619,0
1794,3002,1651649944,22.352778,-0.126389,-0.061176,9409.697153,6.158867,0
1795,3002,1651649946,10.463889,-1.275,0.0,4404.912287,-90.448533,1
1796,3002,1651649947,22.008333,-0.088889,-0.15156,9264.698713,35.43232,0
1797,3002,1651649948,21.919444,0.175,-0.147167,9227.279761,47.32702,0
1798,3002,1651649949,22.094444,0.005556,-0.080527,9300.948323,33.933894,0
1799,3002,1651649958,23.313889,0.494444,-0.053147,9814.289574,36.564133,0
1800,3002,1651649958,2.072222,-0.95,0.0,872.329325,-69.115122,1
1801,3002,1651649959,23.808333,0.075,-0.068483,10022.432496,21.779228,0
1802,3002,1651649971,0.0,0.0,0.0,0.0,10.137089,1
1803,3002,1651649972,26.055556,0.011111,0.007789,10968.430383,-26.859954,1
1804,3002,1651649973,0.572222,0.513889,0.0,240.884505,39.482255,1
1805,3002,1651649974,1.086111,1.702778,0.0,457.212823,50.280321,1
1806,3002,1651649979,26.222222,-0.555556,0.011972,11038.590919,-63.633631,1
1807,3002,1651649980,25.666667,-0.615278,-0.012276,10804.722467,-52.507093,1
1808,3002,1651649985,23.788889,-0.277778,0.096784,10014.2471,-94.586567,1
1809,3002,1651649986,0.786111,1.977778,0.0,330.923859,66.789213,1
1810,3002,1651649991,5.258333,-0.438889,0.0,2213.564895,-38.678642,1
1811,3002,1651650002,3.030556,-0.541667,0.0,1275.752404,-44.571949,1
1812,3002,1651650010,0.508333,-0.094444,0.0,213.989633,-17.455807,1
1813,3002,1651650012,3.95,0.330556,0.0,1662.804691,1.564479,0
1814,3002,1651650013,4.280556,0.580556,0.0,1801.95642,6.855701,0
1815,3002,1651650015,0.0,0.0,0.0,0.0,-0.594158,1
1816,3002,1651650017,0.0,0.0,0.0,0.0,-0.099026,1
1817,3002,1651650018,3.919444,-0.477778,0.0,1649.941927,-40.821122,1
1818,3002,1651650027,2.138889,-0.555556,0.0,900.393539,-45.333479,1
1819,3002,1651650031,12.347222,1.177778,0.013298,5197.726338,37.082945,1
1820,3002,1651650040,18.813889,0.616667,0.100301,7919.955116,-39.206582,1
1821,3002,1651650041,19.430556,0.525,0.019446,8179.549097,-3.387048,1
1822,3002,1651650043,20.480556,0.327778,-0.01496,8621.560471,1.724825,0
1823,3002,1651650047,0.0,0.0,0.0,0.0,4.713136,1
1824,3002,1651650059,22.75,0.308333,-0.059924,9576.913096,4.456777,0
1825,3002,1651650062,23.336111,-0.038889,-0.03427,9823.644312,-2.93484,1
1826,3002,1651650073,21.797222,-0.163889,0.0,9175.828701,-29.474582,1
1827,3002,1651650083,15.094444,-2.130556,-0.030881,6354.205832,-125.837858,1
1828,3002,1651650085,10.833333,-2.191667,-0.038348,4560.434808,-123.31193,1
1829,3002,1651650093,0.222222,-0.222222,0.0,93.547381,-13.401531,1
1830,3002,1651650094,0.0,0.158333,0.0,0.0,-0.149298,1
1831,3002,1651650095,0.158333,0.066667,0.0,66.652509,4.019802,0
1832,3002,1651650096,0.225,0.191667,0.0,94.716723,11.557284,0
1833,3002,1651650098,0.608333,0.241667,0.0,256.085955,4.695083,0
1834,3002,1651650099,7.741667,1.555556,0.044102,3258.956874,51.559301,1
1835,3002,1651650102,11.833333,1.716667,0.073418,4981.398021,33.967877,1
1836,3002,1651650105,15.069444,0.797222,0.023465,6343.681752,34.396995,1
1837,3002,1651650107,16.925,0.670833,-0.030885,7124.80238,52.282569,1
1838,3002,1651650107,0.772222,0.013889,0.0,325.077148,-10.92853,1
1839,3002,1651650108,0.786111,0.0,0.0,330.923859,-11.766432,1
1840,3002,1651650109,0.786111,0.286111,0.0,330.923859,0.944211,0
1841,3002,1651650110,19.436111,1.005556,-0.041234,8181.887782,45.166444,0
1842,3002,1651650112,21.447222,0.794444,0.017089,9028.491577,17.954543,0
1843,3002,1651650116,4.305556,0.644444,0.0,1812.4805,18.175899,1
1844,3002,1651650118,5.911111,1.055556,0.0,2488.360326,45.291647,1
1845,3002,1651650120,24.241667,0.455556,-0.047916,10204.849889,10.801323,0
1846,3002,1651650121,9.233333,0.644444,0.0,3886.893667,21.593354,1
1847,3002,1651650123,10.036111,0.447222,0.0,4224.833579,5.044022,0
1848,3002,1651650129,11.333333,0.375,0.0,4770.916414,4.651235,0
1849,3002,1651650133,12.638889,-0.291667,0.031151,5320.507275,-50.28103,1
1850,3002,1651650136,17.783333,-0.933333,-0.033096,7486.129138,-53.797485,1
1851,3002,1651650138,15.916667,-0.875,-0.063309,6700.33114,-31.487127,1
1852,3002,1651650141,9.202778,-0.563889,0.0,3874.030902,-47.157224,1
1853,3002,1651650142,8.638889,-0.727778,0.026272,3636.654423,-72.311722,1
1854,3002,1651650143,9.575,-1.388889,0.029757,4030.722765,-114.506307,1
1855,3002,1651650147,5.030556,-0.122222,0.0,2117.67883,-19.543971,1
1856,3002,1651650152,0.225,0.018056,0.0,94.716723,1.087973,0
1857,3002,1651650157,0.0,0.294444,0.0,0.0,4.709682,1
1858,3002,1651650158,0.294444,0.018056,0.0,123.950279,1.087379,0
1859,3002,1651650161,2.577778,1.655556,0.0,1085.149616,59.169101,1
1860,3002,1651650164,0.169444,1.111111,0.0,71.329878,67.003112,0
1861,3002,1651650167,4.125,1.198611,0.04274,1736.473254,48.987874,1
1862,3002,1651650168,6.363889,1.080556,0.0,2678.963114,21.675519,1
1863,3002,1651650170,7.588889,1.341667,0.032706,3194.64305,52.440637,1
1864,3002,1651650172,9.630556,0.005556,0.03997,4054.10961,-36.430005,1
1865,3002,1651650174,10.108333,0.916667,0.048283,4255.236478,-4.079928,1
1866,3002,1651650175,13.936111,0.888889,-0.026865,5866.59011,49.123418,1
1867,3002,1651650179,16.483333,0.35,-0.020406,6938.876961,25.054823,0
1868,3002,1651650181,17.183333,0.154167,-0.058244,7233.55121,22.107838,0
1869,3002,1651650183,17.491667,0.030556,-0.076193,7363.348201,9.593959,0
1870,3002,1651650183,8.802778,-0.372222,0.033201,3705.645617,-54.986176,1
1871,3002,1651650188,18.55,0.093056,-0.053231,7808.867601,10.015155,0
1872,3002,1651650192,8.138889,0.916667,0.0,3426.172817,15.868806,1
1873,3002,1651650199,12.166667,0.386111,0.077062,5121.719092,-36.13168,1
1874,3002,1651650201,12.938889,-0.355556,0.076833,5446.796239,-81.042505,1
1875,3002,1651650202,12.583333,-0.325,0.05809,5297.12043,-68.072717,1
1876,3002,1651650208,15.505556,0.5,-0.017918,6527.268486,35.635447,1
1877,3002,1651650230,4.883333,0.2,-0.106311,2055.70369,48.560672,1
1878,3002,1651650236,9.291667,1.136111,0.0,3911.449854,64.569197,1
1879,3002,1651650238,7.177778,1.530556,0.0,3021.580396,49.230676,1
1880,3002,1651650239,8.708333,0.872222,0.0,3665.88798,20.087351,1
1881,3002,1651650239,13.258333,1.505556,0.04699,5581.270599,46.788486,1
1882,3002,1651650241,10.452778,-0.261111,0.0,4400.234918,-29.303929,1
1883,3002,1651650244,10.3,0.490278,0.068653,4335.921094,-24.236416,1
1884,3002,1651650246,11.280556,0.766667,0.043886,4748.698911,3.811654,0
1885,3002,1651650263,11.605556,0.258333,-0.025933,4885.511955,2.448515,0
1886,3002,1651650263,22.511111,0.325,0.127986,9476.349662,-75.444822,1
1887,3002,1651650264,11.863889,0.869444,0.031256,4994.260785,5.856273,0
1888,3002,1651650270,14.269444,0.336111,0.044343,6006.911181,-20.890828,1
1889,3002,1651650276,17.202778,0.572222,-0.01741,7241.736606,22.411699,0
1890,3002,1651650277,17.775,0.436111,-0.045641,7482.621111,18.240324,0
1891,3002,1651650285,19.575,0.411111,0.009986,8240.354895,1.820618,0
1892,3002,1651650291,19.755556,-0.065278,-0.04732,8316.362141,-11.260422,1
1893,3002,1651650296,22.136111,-0.011111,-0.048262,9318.488457,-1.296159,1
1894,3002,1651650308,12.636111,-1.216667,0.056448,5319.337933,-120.902653,1
1895,3002,1651650312,5.936111,-1.388889,0.0,2498.884406,-96.091832,1
1896,3002,1651650318,21.308333,0.165278,-0.011652,8970.024464,-2.427478,1
1897,3002,1651650334,0.538889,0.679167,0.0,226.852398,26.422477,1
1898,3002,1651650335,20.377778,0.019444,-0.043211,8578.294807,7.672776,0
1899,3002,1651650336,20.397222,0.325,-0.09579,8586.480203,16.874284,0
1900,3002,1651650341,5.827778,0.977778,0.0,2453.280058,36.98072,1
1901,3002,1651650345,21.391667,0.030556,-0.058408,9005.104732,5.404307,0
1902,3002,1651650349,20.747222,-0.136111,-0.046868,8733.817328,0.891836,0
1903,3002,1651650352,20.216667,0.269444,-0.041988,8510.472956,4.576541,0
1904,3002,1651650353,5.638889,-0.819444,0.0,2373.764784,-61.695759,1
1905,3002,1651650360,19.622222,-0.208333,-0.088194,8260.233713,-0.946072,1
1906,3002,1651650363,0.0,0.0,0.0,0.0,-3.431704,1
1907,3002,1651650364,17.630556,-0.905556,0.072647,7421.815314,-114.124356,1
1908,3002,1651650373,8.566667,-1.536111,-0.028947,3606.251525,-88.580832,1
1909,3002,1651650382,0.647222,0.336111,0.0,272.456746,1.947191,0
1910,3002,1651650390,2.627778,1.986111,-0.086649,1106.197776,166.38672,1
1911,3002,1651650391,8.180556,1.255556,-0.027067,3443.712951,58.754925,1
1912,3002,1651650391,4.613889,1.201389,-0.085322,1942.277491,110.442688,1
1913,3002,1651650393,10.536111,0.019444,-0.065462,4435.315186,42.116031,1
1914,3002,1651650393,7.016667,0.111111,-0.100426,2953.758545,59.249028,1
1915,3002,1651650396,10.916667,1.455556,-0.088105,4595.515075,73.474206,1
1916,3002,1651650398,13.386111,0.772222,0.0,5635.060343,25.238357,1
1917,3002,1651650399,3.411111,-0.633333,-0.17839,1435.952293,27.092498,1
1918,3002,1651650402,2.494444,0.263889,-0.12419,1050.069348,68.069313,1
1919,3002,1651650403,2.758333,0.804167,-0.072262,1161.156863,82.625523,1
1920,3002,1651650403,13.544444,-0.122222,-0.061885,5701.712852,4.564992,0
1921,3002,1651650406,14.019444,-0.030556,0.044067,5901.670378,-42.723264,1
1922,3002,1651650407,13.988889,-0.216667,0.033152,5888.807613,-47.526412,1
1923,3002,1651650412,13.755556,0.427778,-0.007097,5790.582863,13.067492,0
1924,3002,1651650419,12.391667,0.313889,-0.03975,5216.435814,3.963029,0
1925,3002,1651650421,13.019444,0.216667,-0.030248,5480.707165,-0.788406,1
1926,3002,1651650422,13.236111,-0.180556,0.0,5571.915861,-25.533505,1
1927,3002,1651650424,3.972222,-1.986111,0.0,1672.159429,-131.785358,1
1928,3002,1651650426,12.636111,-0.747222,0.015475,5319.337933,-68.544193,1
1929,3002,1651650427,11.888889,-0.313889,0.0,5004.784866,-33.015723,1
1930,3002,1651650430,0.0,0.0,0.0,0.0,-0.610117,1
1931,3002,1651650437,1.063889,2.333333,-0.05373,447.858085,102.125497,1
1932,3002,1651650439,5.730556,1.593056,-0.046196,2412.353079,106.862441,1
1933,3002,1651650441,1.063889,-0.286111,0.0,447.858085,-29.02833,1
1934,3002,1651650442,10.305556,1.722222,-0.034198,4338.259778,92.208553,1
1935,3002,1651650443,12.027778,1.477778,0.0,5063.251979,73.284684,1
1936,3002,1651650444,13.505556,0.841667,0.0,5685.34206,57.932469,1
1937,3002,1651650448,0.783333,0.327778,0.0,329.754517,4.489955,0
1938,3002,1651650449,17.280556,0.35,-0.076825,7274.478189,56.15449,1
1939,3002,1651650449,1.111111,0.244444,0.0,467.736903,5.430549,0
1940,3002,1651650452,18.652778,0.134722,-0.050487,7852.133265,23.57629,0
1941,3002,1651650453,2.208333,-0.366667,0.0,929.627095,-33.947848,1
1942,3002,1651650459,0.705556,-0.15,0.0,297.012934,-20.809935,1
1943,3002,1651650462,16.380556,0.643056,0.08249,6895.611297,-25.796765,1
1944,3002,1651650473,13.9,-1.291667,0.047027,5851.388661,-120.454276,1
1945,3002,1651650483,0.211111,0.097222,0.0,88.870012,5.862079,0
1946,3002,1651650486,0.0,0.0,0.0,0.0,-0.247674,1
1947,3002,1651650489,0.0,0.0,0.0,0.0,-0.00688,1
1948,3002,1651650499,0.230556,0.029167,0.0,97.055407,1.757968,0
1949,3002,1651650502,1.6,0.627778,0.0,673.541141,40.456792,1
1950,3002,1651650514,1.163889,-0.147222,0.0,489.954406,-20.656556,1
1951,3002,1651650514,0.0,0.0,0.0,0.0,-0.0,1
1952,3002,1651650516,0.0,0.0,0.0,0.0,2.239566,1
1953,3002,1651650523,0.0,0.222222,0.0,0.0,-2.330108,1
1954,3002,1651650524,0.222222,0.105556,0.0,93.547381,6.364526,0
1955,3002,1651650527,0.163889,0.022222,0.0,68.991193,1.339629,0
1956,3002,1651650529,0.211111,0.025,0.0,88.870012,1.506846,0
1957,3002,1651650531,0.252778,0.066667,0.0,106.410146,4.019161,0
1958,3002,1651650532,0.405556,0.388889,0.0,170.72397,11.692302,0
1959,3002,1651650539,4.855556,0.072222,0.059031,2044.010268,-42.448116,1
1960,3002,1651650542,12.661111,0.923611,0.007171,5329.862014,24.420492,1
1961,3002,1651650544,5.869444,1.461111,0.018494,2470.820192,36.801173,1
1962,3002,1651650544,14.508333,0.163889,0.013207,6107.474615,-13.1067,1
1963,3002,1651650546,8.791667,1.830556,0.039202,3700.968248,49.869626,1
1964,3002,1651650547,10.622222,1.838889,0.045961,4471.564796,19.669853,1
1965,3002,1651650558,21.255556,0.069444,0.052793,8947.806961,-46.020695,1
1966,3002,1651650572,23.125,-0.325,0.077347,9734.774301,-85.558577,1
1967,3002,1651650579,20.897222,-0.625,-0.00741,8796.96181,-52.291283,1
1968,3002,1651650583,16.297222,-1.613889,-0.044047,6860.53103,-87.56479,1
1969,3002,1651650583,21.508333,-0.144444,0.115091,9054.217106,-95.520565,1
1970,3002,1651650587,10.819444,-2.288889,0.073917,4554.588096,-195.091836,1
1971,3002,1651650592,0.0,0.0,0.0,0.0,-21.680166,1
1972,3002,1651650593,21.513889,-0.375,-0.023821,9056.555791,-27.998656,1
1973,3002,1651650594,21.138889,-0.508333,0.08123,8898.694586,-97.436532,1
1974,3002,1651650601,20.5,0.201389,0.098083,8629.745867,-64.047741,1
1975,3002,1651650604,21.15,-0.663889,0.088806,8903.371955,-111.254185,1
1976,3002,1651650611,11.061111,1.125,0.0,4656.320873,61.848059,1
1977,3002,1651650612,12.186111,1.422222,0.0,5129.904487,59.886711,1
1978,3002,1651650618,17.119444,0.463889,-0.027661,7206.656338,23.263007,0
1979,3002,1651650622,22.055556,0.111111,0.056201,9284.577531,-46.077768,1
1980,3002,1651650626,18.047222,0.022222,-0.071743,7597.216652,23.231339,0
1981,3002,1651650628,18.091667,0.691667,-0.031514,7615.926129,30.443188,0
1982,3002,1651650633,19.338889,0.036111,-0.13256,8140.960803,43.427899,0
1983,3002,1651650634,19.375,0.116667,-0.104564,8156.162252,34.719555,0
1984,3002,1651650634,21.416667,-0.147222,0.078602,9015.628812,-74.31781,1
1985,3002,1651650635,19.491667,-0.665278,-0.1074,8205.274627,14.287345,0
1986,3002,1651650636,21.122222,-0.116667,0.046317,8891.678532,-53.352274,1
1987,3002,1651650639,22.944444,0.386111,-0.030882,9658.767054,0.473793,0
1988,3002,1651650642,23.269444,-0.275,-0.07421,9795.580098,5.605078,0
1989,3002,1651650644,18.047222,-0.044444,-0.043099,7597.216652,1.861488,0
1990,3002,1651650652,24.75,0.216667,0.0,10418.839522,-8.792472,1
1991,3002,1651650662,25.275,0.822222,-0.027745,10639.845209,-1.214693,1
1992,3002,1651650663,2.680556,2.252778,-0.041586,1128.415279,119.008262,1
1993,3002,1651650663,26.097222,0.0,0.0,10985.970517,-22.987865,1
1994,3002,1651650666,25.922222,0.236111,0.095537,10912.301955,-64.618124,1
1995,3002,1651650669,26.525,0.141667,-0.026625,11166.049225,1.905404,0
1996,3002,1651650671,14.558333,0.858333,-0.012343,6128.522776,54.694203,1
1997,3002,1651650673,26.658333,0.222222,0.025737,11222.177653,-25.198417,1
1998,3002,1651650674,17.330556,0.591667,-0.013319,7295.52635,38.822208,0
1999,3002,1651650679,26.333333,-0.094444,-0.016046,11085.364609,-19.45409,1
2000,3002,1651650683,25.913889,-0.422222,0.036813,10908.793928,-69.918004,1
2001,3002,1651650684,18.508333,0.022222,0.058199,7791.327467,-50.236285,1
2002,3002,1651650685,18.530556,-0.005556,0.0,7800.682205,-17.754054,1
2003,3002,1651650693,16.369444,0.027778,-0.066117,6890.933928,-1.192583,1
2004,3002,1651650695,16.425,-0.25,0.0,6914.320774,-31.281072,1
2005,3002,1651650697,22.516667,0.241667,-0.058082,9478.688346,12.268747,0
2006,3002,1651650699,16.163889,-0.498611,-0.06566,6804.402601,-7.539541,1
2007,3002,1651650702,14.986111,-0.290278,-0.084442,6308.601484,9.070676,0
2008,3002,1651650702,23.341667,0.102778,-0.057739,9825.982997,19.595752,0
2009,3002,1651650703,23.444444,0.544444,-0.040694,9869.24866,11.546724,0
2010,3002,1651650708,24.075,-0.183333,-0.073575,10134.689353,23.477861,0
2011,3002,1651650709,23.891667,0.486111,-0.062861,10057.512764,32.259397,0
2012,3002,1651650710,13.355556,0.036111,-0.057845,5622.197578,9.094663,0
2013,3002,1651650711,13.391667,-0.216667,-0.061238,5637.399027,12.136692,0
2014,3002,1651650711,24.863889,-0.011111,-0.109882,10466.782554,30.568329,0
2015,3002,1651650712,24.852778,-0.191667,-0.061,10462.105185,25.817047,0
2016,3002,1651650716,25.716667,0.288889,0.011242,10825.770628,-11.84881,1
2017,3002,1651650719,11.066667,0.261111,-0.056301,4658.659557,7.671555,0
2018,3002,1651650724,27.080556,0.163889,-0.026806,11399.917677,14.831716,0
2019,3002,1651650726,27.408333,0.113889,-0.052129,11537.900063,18.721041,0
2020,3002,1651650729,28.180556,-0.020833,-0.062719,11862.977211,25.071689,0
2021,3002,1651650729,5.741667,-1.297222,0.032257,2417.030448,-109.478471,1
2022,3002,1651650731,28.138889,0.119444,-0.086481,11845.437077,26.087797,0
2023,3002,1651650732,28.258333,0.416667,-0.077057,11895.718794,11.677682,0
2024,3002,1651650741,0.0,0.0,0.0,0.0,14.391367,1
2025,3002,1651650744,0.538889,1.680556,0.0,226.852398,64.699976,1
2026,3002,1651650747,5.688889,1.068056,-0.013207,2394.812945,81.132615,1
2027,3002,1651650749,7.825,1.763889,-0.051964,3294.037142,90.122913,1
2028,3002,1651650751,27.286111,-0.747222,-0.039794,11486.449004,-45.699874,1
2029,3002,1651650752,11.775,0.416667,-0.068315,4956.841833,48.801323,1
2030,3002,1651650769,21.472222,0.319444,0.018453,9039.015657,-10.940371,1
2031,3002,1651650781,23.480556,0.352778,0.016378,9884.45011,-9.200151,1
2032,3002,1651650789,0.0,0.0,0.0,0.0,22.660861,1
2033,3002,1651650793,24.061111,0.566667,-0.069502,10128.842642,13.252522,0
2034,3002,1651650794,3.508333,1.230556,0.0,1476.879272,47.509196,1
2035,3002,1651650794,24.627778,0.341667,-0.064417,10367.388463,22.726998,0
2036,3002,1651650796,25.311111,0.216667,-0.025223,10655.046658,17.084518,0
2037,3002,1651650797,5.536111,-0.152778,-0.042737,2330.499121,17.788274,1
2038,3002,1651650799,5.230556,0.031944,-0.046933,2201.871472,13.459235,1
2039,3002,1651650802,5.022222,-0.343056,-0.065659,2114.170803,-0.142223,1
2040,3002,1651650810,2.958333,0.501389,-0.048343,1245.349505,23.016241,1
2041,3002,1651650812,3.961111,0.575,0.0,1667.48206,17.383586,1
2042,3002,1651650812,19.116667,-0.816667,-0.022265,8047.413422,-53.941242,1
2043,3002,1651650820,4.630556,0.056944,0.038587,1949.293545,-31.343525,1
2044,3002,1651650823,3.266667,-1.708333,0.0,1375.146496,-114.950234,1
2045,3002,1651650828,0.0,0.0,0.0,0.0,-0.48967,1
2046,3002,1651650831,0.0,0.0,0.0,0.0,-0.013602,1
2047,3002,1651650837,0.0,0.0,0.0,0.0,-2e-06,1
2048,3002,1651650838,0.0,0.0,0.0,0.0,-0.0,1
2049,3002,1651650841,0.0,0.0,0.0,0.0,-0.0,1
2050,3002,1651650842,0.0,0.0,0.0,0.0,-0.0,1
2051,3002,1651650844,4.536111,0.330556,0.055984,1909.535908,-25.034675,1
2052,3002,1651650846,0.9,0.555556,0.0,378.866892,44.205661,1
2053,3002,1651650847,1.455556,1.769444,0.0,612.735343,70.978926,1
2054,3002,1651650849,6.727778,0.597222,0.038618,2832.14695,6.857461,0
2055,3002,1651650853,7.463889,1.441667,0.029541,3142.022648,22.732724,1
2056,3002,1651650854,8.905556,1.455556,0.054818,3748.91128,32.329505,1
2057,3002,1651650855,9.019444,0.272222,-0.070005,3796.854313,27.785189,1
2058,3002,1651650858,9.161111,0.083333,-0.033613,3856.490768,6.449559,0
2059,3002,1651650862,15.766667,0.886111,-0.011734,6637.186658,40.575923,1
2060,3002,1651650864,17.486111,0.7125,-0.046575,7361.009516,36.275239,0
2061,3002,1651650866,18.911111,0.538889,-0.014477,7960.882095,18.332795,0
2062,3002,1651650866,7.386111,0.525,0.0,3109.281065,12.739995,1
2063,3002,1651650874,19.552778,0.394444,-0.048607,8231.000157,20.172812,0
2064,3002,1651650876,7.172222,-1.6,0.044619,3019.241711,-135.296708,1
2065,3002,1651650877,20.597222,0.227778,-0.024125,8670.672846,17.390994,0
2066,3002,1651650878,20.825,0.102778,-0.039017,8766.558911,14.720054,0
2067,3002,1651650883,0.0,0.0,0.0,0.0,-1.865932,1
2068,3002,1651650893,23.102778,0.305556,-0.043704,9725.419563,6.088888,0
2069,3002,1651650911,22.686111,-0.097222,-0.064798,9550.018224,4.659939,0
2070,3002,1651650922,21.916667,-1.683333,-0.009849,9226.110418,-115.398012,1
2071,3002,1651650925,3.152778,1.031944,0.033613,1327.203463,15.279022,1
2072,3002,1651650927,16.833333,-0.2,0.0,7086.214086,-28.48987,1
2073,3002,1651650931,5.216667,0.491667,0.0,2196.024761,-3.151617,1
2074,3002,1651650950,0.0,0.0,0.0,0.0,33.826477,1
2075,3002,1651650951,0.0,1.398611,-0.062338,0.0,75.602812,1
2076,3002,1651650954,4.088889,2.697222,-0.051274,1721.271804,117.072894,1
2077,3002,1651650955,6.786111,1.188889,-0.043406,2856.703137,99.438377,1
2078,3002,1651650957,4.294444,0.036111,0.0,1807.803131,-9.882761,1
2079,3002,1651650959,10.072222,0.963889,-0.078556,4240.035029,69.598452,1
2080,3002,1651650960,11.036111,0.219444,-0.048222,4645.796792,50.460982,1
2081,3002,1651650961,11.255556,0.081944,-0.061149,4738.174831,54.730169,1
2082,3002,1651650961,3.986111,-0.295833,0.040092,1678.006141,-53.409065,1
2083,3002,1651650964,11.894444,2.155556,-0.102608,5007.12355,105.111568,1
2084,3002,1651650965,14.05,0.530556,-0.098742,5914.533143,79.034199,1
2085,3002,1651650966,14.580556,0.0,-0.083775,6137.877514,48.791794,1
2086,3002,1651650969,14.580556,1.244444,-0.025053,6137.877514,39.209943,1
2087,3002,1651650970,15.825,0.930556,0.012528,6661.742846,14.58257,0
2088,3002,1651650974,17.480556,0.905556,0.02316,7358.670832,5.866817,0
2089,3002,1651650976,19.455556,0.3625,-0.042336,8190.073177,38.492732,0
2090,3002,1651650978,20.180556,0.311111,-0.097027,8495.271507,53.507215,0
2091,3002,1651650979,20.491667,0.769444,-0.08665,8626.23784,58.152722,0
2092,3002,1651650979,3.097222,-0.966667,0.0,1303.816618,-70.207558,1
2093,3002,1651650980,21.261111,0.694444,-0.068724,8950.145645,37.27162,0
2094,3002,1651650984,22.552778,0.247222,-0.022228,9493.889796,4.49972,0
2095,3002,1651650991,0.519444,-0.005556,0.0,218.667002,-12.095709,1
2096,3002,1651650994,0.833333,0.9,0.0,350.802678,43.190832,1
2097,3002,1651650997,6.055556,1.030556,-0.015229,2549.166123,68.71828,1
2098,3002,1651651001,10.108333,0.136111,0.0,4255.236478,-5.233353,1
2099,3002,1651651008,18.652778,-0.102778,0.075143,7852.133265,-67.787021,1
2100,3002,1651651031,18.622222,-0.297222,-0.067496,7839.2705,1.120601,0
2101,3002,1651651036,16.127778,-1.080556,-0.046363,6789.201152,-53.950812,1
2102,3002,1651651038,15.047222,0.0,0.014774,6334.327013,-24.17294,1
2103,3002,1651651041,10.525,-1.563889,0.050843,4430.637817,-137.74879,1
2104,3002,1651651043,17.208333,0.0,0.047871,7244.07529,-44.754478,1
2105,3002,1651651047,18.572222,0.358333,-0.056976,7818.222339,17.302314,0
2106,3002,1651651053,17.280556,-0.355556,-0.017119,7274.478189,-28.057803,1
2107,3002,1651651060,9.902778,-3.513889,0.0,4168.705151,-225.272296,1
2108,3002,1651651062,5.9,0.669444,0.061731,2483.682957,-8.201168,1
2109,3002,1651651066,10.711111,0.313889,-0.044165,4508.983748,40.769916,1
2110,3002,1651651067,1.45,0.241667,0.0,610.396659,4.979912,0
2111,3002,1651651067,0.0,0.0,0.0,0.0,-0.717137,1
2112,3002,1651651070,2.511111,1.419444,0.0,1057.085402,56.456068,1
2113,3002,1651651071,0.0,0.0,0.0,0.0,25.410722,1
2114,3002,1651651072,0.0,2.027778,0.0,0.0,35.114578,1
2115,3002,1651651073,2.027778,0.0,0.0,853.619849,-11.824051,1
2116,3002,1651651074,7.216667,2.402778,0.070848,3037.951187,52.684115,1
2117,3002,1651651075,9.619444,1.847222,0.052427,4049.432241,11.232407,1
2118,3002,1651651077,10.766667,-1.402778,0.018783,4532.370593,-109.298304,1
2119,3002,1651651079,6.997222,2.15,0.0,2945.573149,20.707256,1
2120,3002,1651651080,9.147222,0.715278,0.008948,3850.644057,44.927833,1
2121,3002,1651651081,0.138889,2.016667,0.0,58.467113,48.736969,0
2122,3002,1651651082,10.577778,1.347222,0.0,4452.85532,56.507192,1
2123,3002,1651651083,11.925,1.491667,-0.035509,5019.986315,38.846549,1
2124,3002,1651651085,6.25,0.591667,-0.102672,2631.020081,38.257426,1
2125,3002,1651651087,7.269444,0.190278,-0.082808,3060.16869,49.560598,1
2126,3002,1651651089,7.65,0.283333,-0.055105,3220.368579,49.25886,1
2127,3002,1651651090,15.730556,1.319444,0.0,6621.985209,23.967898,0
2128,3002,1651651090,7.933333,0.533333,-0.046929,3339.64149,62.626317,1
2129,3002,1651651090,0.0,0.0,0.0,0.0,-3.552807,1
2130,3002,1651651091,8.466667,1.422222,-0.051438,3564.155203,79.063315,1
2131,3002,1651651092,9.888889,1.794444,-0.017103,4162.85844,67.609974,1
2132,3002,1651651093,0.0,0.0,0.0,0.0,-0.098689,1
2133,3002,1651651094,17.327778,0.338889,0.02811,7294.357008,-12.788139,1
2134,3002,1651651098,16.955556,0.0,-0.018346,7137.665145,-5.711875,1
2135,3002,1651651100,12.475,0.155556,0.104545,5251.516082,-66.218856,1
2136,3002,1651651101,0.736111,2.204167,0.044619,309.875698,31.093727,1
2137,3002,1651651101,12.630556,-0.372222,0.115093,5316.999249,-104.25951,1
2138,3002,1651651102,17.397222,-0.466667,0.0,7323.590564,-44.889048,1
2139,3002,1651651103,5.144444,0.380556,0.05404,2165.621862,-20.976557,1
2140,3002,1651651107,12.872222,0.286111,-0.029411,5418.732025,-1.341163,1
2141,3002,1651651110,15.813889,-0.066667,-0.007135,6657.065477,-15.706293,1
2142,3002,1651651111,12.530556,0.486111,-0.021287,5274.902927,10.11048,0
2143,3002,1651651121,11.369444,-0.015278,-0.052427,4786.117863,8.81603,0
2144,3002,1651651121,2.125,0.108333,0.0,894.546828,-5.29786,1
2145,3002,1651651123,11.338889,-0.313889,-0.090657,4773.255099,9.059418,0
2146,3002,1651651124,3.527778,0.766667,0.0,1485.064668,31.928874,1
2147,3002,1651651127,5.855556,0.730556,-0.028947,2464.973481,41.575465,1
2148,3002,1651651129,9.166667,-1.336111,-0.044981,3858.829453,-67.270288,1
2149,3002,1651651136,0.0,0.0,0.0,0.0,-3.20814,1
2150,3002,1651651141,13.580556,0.35,0.0,5716.914301,3.086606,0
2151,3002,1651651144,3.977778,0.930556,-0.03892,1674.498114,79.185248,1
2152,3002,1651651145,15.963889,0.408333,-0.089163,6720.209959,59.579427,1
2153,3002,1651651145,0.0,0.0,0.0,0.0,-14.32977,1
2154,3002,1651651148,7.552778,1.075,-0.019988,3179.4416,63.533406,1
2155,3002,1651651148,18.030556,0.338889,0.0,7590.200599,18.590665,0
2156,3002,1651651149,8.627778,1.986111,0.019988,3631.977054,37.202284,1
2157,3002,1651651154,10.469444,-0.433333,0.0,4407.250972,-39.695235,1
2158,3002,1651651159,10.825,0.147222,-0.064423,4556.926781,31.403022,1
2159,3002,1651651159,11.0,-0.190278,0.019207,4630.595343,-36.51301,1
2160,3002,1651651161,10.619444,-0.480556,0.073215,4470.395454,-85.561934,1
2161,3002,1651651161,3.563889,-0.365278,0.0,1500.266117,-33.99313,1
2162,3002,1651651169,7.769444,1.469444,0.028656,3270.650297,36.952873,1
2163,3002,1651651170,9.238889,1.580556,0.027304,3889.232351,48.04887,1
2164,3002,1651651171,10.819444,1.491667,0.041997,4554.588096,33.724679,1
2165,3002,1651651172,10.330556,-0.427778,-0.028174,4348.783859,-22.74913,1
2166,3002,1651651174,9.902778,-0.048611,-0.06746,4168.705151,15.822495,1
2167,3002,1651651176,9.805556,0.175,-0.064449,4127.778172,23.184715,1
2168,3002,1651651177,15.861111,0.641667,0.045301,6676.944295,-3.817825,1
2169,3002,1651651178,9.994444,-0.188889,-0.075009,4207.293446,32.675131,0
2170,3002,1651651180,10.166667,0.205556,-0.105774,4279.792666,58.120049,1
2171,3002,1651651182,18.416667,0.272222,0.054901,7752.739173,-33.17115,1
2172,3002,1651651184,11.008333,0.380556,-0.037557,4634.10337,36.570169,1
2173,3002,1651651185,11.388889,0.269444,-0.042739,4794.303259,19.966678,1
2174,3002,1651651186,6.344444,0.816667,-0.030042,2670.777718,38.572881,1
2175,3002,1651651188,7.819444,0.697222,-0.037061,3291.698457,50.447176,1
2176,3002,1651651190,9.213889,0.430556,-0.059775,3878.708271,51.890685,1
2177,3002,1651651190,11.188889,-0.411111,0.0,4710.110617,-38.61213,1
2178,3002,1651651194,19.852778,1.105556,0.0,8357.28912,26.160398,0
2179,3002,1651651194,11.4,0.011111,-0.064736,4798.980628,9.703148,0
2180,3002,1651651195,9.25,-1.038889,-0.027733,3893.90972,-59.511131,1
2181,3002,1651651196,11.019444,-0.477778,0.0,4638.780739,-42.570287,1
2182,3002,1651651202,21.247222,0.090278,0.097299,8944.298934,-70.804951,1
2183,3002,1651651208,21.986111,0.444444,-0.058318,9255.343975,18.86513,0
2184,3002,1651651209,22.430556,0.179167,-0.114025,9442.438736,36.862618,0
2185,3002,1651651209,0.0,0.0,0.0,0.0,-0.093964,1
2186,3002,1651651211,22.788889,0.555556,-0.025487,9593.283887,36.928801,0
2187,3002,1651651212,23.344444,0.941667,-0.024434,9827.152339,32.146625,0
2188,3002,1651651212,0.0,1.202778,0.0,0.0,57.050938,1
2189,3002,1651651213,1.202778,1.352778,0.0,506.325198,85.877284,1
2190,3002,1651651214,24.858333,-0.025,-0.071439,10464.44387,11.108415,0
2191,3002,1651651215,5.205556,0.788889,0.0,2191.347392,64.741949,1
2192,3002,1651651216,5.994444,0.172222,-0.049892,2523.440594,43.904964,1
2193,3002,1651651216,0.0,0.0,0.0,0.0,-1.2e-05,1
2194,3002,1651651218,6.338889,0.177778,-0.085322,2668.439034,29.949615,1
2195,3002,1651651219,6.516667,-0.230556,-0.096467,2743.276938,-1.964689,1
2196,3002,1651651219,24.55,-0.133333,-0.008219,10334.646879,-24.90434,1
2197,3002,1651651226,2.452778,-0.205556,0.0,1032.529214,-24.251118,1
2198,3002,1651651229,0.0,0.0,0.0,0.0,-0.013645,1
2199,3002,1651651231,0.0,0.0,0.0,0.0,-0.002274,1
2200,3002,1651651233,24.138889,0.055556,-0.060379,10161.584225,1.607829,0
2201,3002,1651651236,0.4,0.833333,0.0,168.385285,38.49381,0
2202,3002,1651651239,4.908333,3.388889,-0.048478,2066.22777,134.166655,1
2203,3002,1651651240,8.297222,0.643056,-0.045584,3492.825326,87.4201,1
2204,3002,1651651240,22.786111,-0.191667,-0.051027,9592.114545,-1.880289,1
2205,3002,1651651241,4.130556,0.688889,0.0,1738.811938,4.98251,0
2206,3002,1651651242,22.594444,0.344444,-0.017663,9511.429929,-2.562734,1
2207,3002,1651651243,10.175,0.411111,-0.017104,4283.300692,62.058961,1
2208,3002,1651651244,10.586111,2.497222,0.0,4456.363347,80.345626,1
2209,3002,1651651245,13.083333,1.269444,0.0,5507.602037,70.372099,1
2210,3002,1651651245,4.136111,0.643056,0.029974,1741.150623,4.157795,0
2211,3002,1651651245,21.605556,-0.205556,0.076405,9095.144085,-76.68385,1
2212,3002,1651651249,15.947222,0.716667,-0.09673,6713.193905,75.113721,1
2213,3002,1651651254,18.191667,0.025,-0.016804,7658.02245,-5.827666,1
2214,3002,1651651256,18.488889,0.777778,-0.026885,7783.142072,10.351496,0
2215,3002,1651651261,10.808333,2.244444,-0.065035,4549.910727,141.632163,1
2216,3002,1651651262,13.052778,2.127778,-0.06096,5494.739272,137.19592,1
2217,3002,1651651263,21.375,0.0,0.09375,8998.088678,-74.266004,1
2218,3002,1651651264,17.219444,1.038889,-0.045645,7248.752659,52.162445,1
2219,3002,1651651271,19.997222,0.05,0.042059,8418.094918,-40.041142,1
2220,3002,1651651273,20.608333,0.166667,-0.071108,8675.350215,17.4344,0
2221,3002,1651651276,21.622222,-0.15,0.0,9102.160139,-28.51173,1
2222,3002,1651651280,0.0,0.0,0.0,0.0,-0.0,1
2223,3002,1651651285,0.0,0.0,0.0,0.0,-0.0,1
2224,3002,1651651285,15.705556,0.061111,-0.018338,6611.461129,-1.358131,1
2225,3002,1651651285,0.0,0.0,0.0,0.0,-0.08808,1
2226,3002,1651651286,15.766667,0.802778,0.027472,6637.186658,1.988453,0
2227,3002,1651651287,0.0,0.0,0.0,0.0,0.266257,1
2228,3002,1651651288,0.0,0.0,0.0,0.0,-0.000408,1
2229,3002,1651651298,0.0,0.0,0.0,0.0,-0.000212,1
2230,3002,1651651304,0.688889,-0.430556,0.0,289.99688,-37.727957,1
2231,3002,1651651305,0.294444,0.805556,0.0,123.950279,48.57617,0
2232,3003,1651651305,0.258333,0.313889,0.0,108.74883,18.927412,0
2233,3003,1651651306,0.0,0.0,0.0,0.0,-0.0,1
2234,3003,1651651310,0.0,0.0,0.0,0.0,-0.493261,1
2235,3003,1651651311,0.0,0.0,0.0,0.0,-0.08221,1
2236,3003,1651651312,5.361111,1.584722,0.05762,2256.830559,30.883803,1
2237,3003,1651651314,8.530556,1.177778,0.064343,3591.050075,17.592051,1
2238,3003,1651651314,0.0,0.205556,0.0,0.0,17.792217,1
2239,3003,1651651320,3.955556,2.875,0.110509,1665.143376,38.167262,1
2240,3003,1651651321,0.241667,0.030556,0.0,101.732776,1.841635,0
2241,3003,1651651322,8.011111,-0.186111,0.077518,3372.383073,-69.522786,1
2242,3003,1651651324,0.163889,0.386111,0.0,68.991193,23.283303,0
2243,3003,1651651324,2.552778,0.259722,0.034197,1074.625535,-16.292167,1
2244,3003,1651651326,3.072222,0.858333,0.0,1293.292538,13.037412,1
2245,3003,1651651326,9.158333,2.608333,0.039198,3855.321426,58.017323,1
2246,3003,1651651327,11.766667,1.088889,-0.015686,4953.333806,36.998028,1
2247,3003,1651651327,3.930556,0.745833,0.0,1654.619296,18.853682,1
2248,3003,1651651329,5.422222,0.652778,0.035098,2282.556088,9.865355,0
2249,3003,1651651329,1.116667,0.818056,0.0441,470.075588,26.728229,1
2250,3003,1651651329,12.855556,0.725,0.010157,5411.715972,-0.108414,1
2251,3003,1651651330,6.075,0.340278,0.014963,2557.351519,-0.639034,1
2252,3003,1651651333,7.233333,-0.416667,0.05762,3044.967241,-71.577068,1
2253,3003,1651651336,2.552778,-1.394444,0.0,1074.625535,-95.953209,1
2254,3003,1651651337,15.380556,0.480556,0.045584,6474.648084,-13.45152,1
2255,3003,1651651339,3.163889,-0.754167,0.0,1331.880832,-57.400005,1
2256,3003,1651651340,0.0,0.0,0.0,0.0,-1.297333,1
2257,3003,1651651344,0.0,0.0,0.0,0.0,4.587615,1
2258,3003,1651651345,17.363889,-0.094444,0.029185,7309.558457,-39.57141,1
2259,3003,1651651345,0.0,0.0,0.0,0.0,-1.71442,1
2260,3003,1651651348,0.35,-0.144444,0.0,147.337125,-20.468727,1
2261,3003,1651651349,0.205556,0.530556,0.0,86.531327,31.993515,0
2262,3003,1651651355,19.097222,0.411111,0.074879,8039.228026,-36.920155,1
2263,3003,1651651359,19.111111,-0.386111,0.026968,8045.074737,-56.908814,1
2264,3003,1651651365,0.0,0.0,0.0,0.0,3.061063,1
2265,3003,1651651367,18.422222,0.719444,-0.025129,7755.077857,19.21979,0
2266,3003,1651651373,0.0,0.0,0.0,0.0,-0.005627,1
2267,3003,1651651381,0.566667,0.713889,0.0,238.545821,32.657658,1
2268,3003,1651651384,2.1,2.572222,0.0,884.022747,72.778046,1
2269,3003,1651651385,4.672222,1.130556,0.0,1966.833679,45.631518,1
2270,3003,1651651387,5.966667,0.686111,0.0,2511.747171,26.691679,1
2271,3003,1651651388,6.652778,1.541667,0.0,2800.574709,40.094734,1
2272,3003,1651651389,0.0,0.0,0.0,0.0,-0.000312,1
2273,3003,1651651399,5.277778,2.186111,0.0,2221.750291,88.13081,1
2274,3003,1651651401,9.069444,0.380556,0.0,3817.902474,21.287091,1
2275,3003,1651651404,6.652778,0.154167,0.117057,2800.574709,-71.759641,1
2276,3003,1651651407,8.502778,1.6,0.063624,3579.356653,36.275769,1
2277,3003,1651651409,11.672222,2.438889,0.0,4913.57617,48.445095,1
2278,3003,1651651414,14.758333,1.936111,-0.012014,6212.715419,62.324587,1
2279,3003,1651651416,17.502778,0.308333,-0.05187,7368.02557,38.634705,0
2280,3003,1651651416,0.0,0.0,0.0,0.0,-0.147496,1
2281,3003,1651651418,18.119444,0.538889,0.0,7627.619551,16.382225,0
2282,3003,1651651422,0.0,2.269444,0.0,0.0,92.414417,1
2283,3003,1651651425,7.136111,0.636111,-0.027731,3004.040262,72.233153,1
2284,3003,1651651428,20.155556,0.016667,-0.039093,8484.747427,14.571009,0
2285,3003,1651651429,20.172222,0.127778,-0.039093,8491.76348,20.996385,0
2286,3003,1651651430,12.147222,1.044444,0.0,5113.533696,29.435089,1
2287,3003,1651651430,20.3,0.122222,-0.084812,8545.553224,34.012592,0
2288,3003,1651651431,20.422222,0.0,-0.114116,8597.004283,41.644284,0
2289,3003,1651651433,12.908333,1.186111,0.031136,5433.933475,-3.818149,1
2290,3003,1651651441,4.95,-1.877778,0.0,2083.767904,-125.396378,1
2291,3003,1651651443,3.369444,0.147222,0.0,1418.412159,-3.065494,1
2292,3003,1651651445,11.725,-0.741667,-0.043755,4935.793672,-33.025494,1
2293,3003,1651651448,5.936111,6.308333,0.108177,2498.884406,85.631644,1
2294,3003,1651651453,7.455556,-0.452778,0.044978,3138.514621,-66.394473,1
2295,3003,1651651454,7.002778,-0.036111,0.043417,2947.911833,-40.24457,1
2296,3003,1651651456,11.833333,-1.411111,0.0,4981.398021,-99.16003,1
2297,3003,1651651457,10.422222,-0.820833,0.0,4387.372153,-63.046466,1
2298,3003,1651651461,9.913889,1.002778,0.0,4173.38252,34.734335,1
2299,3003,1651651462,10.916667,1.069444,-0.032243,4595.515075,54.293342,1
2300,3003,1651651462,4.583333,1.472222,0.0,1929.414726,30.520892,1
2301,3003,1651651463,11.986111,0.911111,-0.042557,5045.711845,54.794135,1
2302,3003,1651651464,8.061111,1.286111,-0.022563,3393.431234,79.488755,1
2303,3003,1651651466,14.388889,0.525,0.012945,6057.192898,13.880122,0
2304,3003,1651651468,15.222222,0.541667,0.0,6407.995576,7.727885,0
2305,3003,1651651471,16.641667,-0.097222,-0.032705,7005.52947,-2.959054,1
2306,3003,1651651474,16.683333,0.359722,0.0,7023.069604,6.654399,0
2307,3003,1651651475,6.286111,-0.638889,0.0,2646.221531,-50.934958,1
2308,3003,1651651477,18.091667,0.547222,-0.031657,7615.926129,20.897049,0
2309,3003,1651651486,0.0,0.0,0.0,0.0,-1.28989,1
2310,3003,1651651487,21.772222,0.211111,0.06018,9165.304621,-42.174566,1
2311,3003,1651651489,22.105556,0.355556,-0.07785,9305.625692,6.978175,0
2312,3003,1651651492,22.466667,-0.15,0.0,9457.640186,-29.12571,1
2313,3003,1651651497,0.0,0.0,0.0,0.0,-0.0,1
2314,3003,1651651502,16.991667,-0.513889,-0.055491,7152.866594,-14.887151,1
2315,3003,1651651517,9.486111,-0.647222,0.0,3993.303812,-52.269818,1
2316,3003,1651651520,0.0,0.0,0.0,0.0,-0.002988,1
2317,3003,1651651526,0.0,0.0,0.0,0.0,-2.858855,1
2318,3003,1651651527,0.0,0.0,0.0,0.0,-0.0,1
2319,3003,1651651532,2.658333,1.827778,0.0,1119.060541,91.067945,1
2320,3003,1651651533,4.486111,1.238889,0.0,1888.487747,80.819095,1
2321,3003,1651651536,8.494444,0.75,-0.048221,3575.848626,72.439762,1
2322,3003,1651651540,10.886111,0.708333,0.0,4582.65231,36.549334,1
2323,3003,1651651540,0.0,0.0,0.0,0.0,-0.0,1
2324,3003,1651651541,11.594444,1.430556,0.0,4880.834586,13.183977,1
2325,3003,1651651546,13.675,0.425,0.0,5756.671938,4.049638,0
2326,3003,1651651549,0.0,0.0,0.0,0.0,-0.0,1
2327,3003,1651651549,14.455556,-0.491667,0.0,6085.257112,-44.851393,1
2328,3003,1651651556,0.0,0.608333,0.0,0.0,-2.734029,1
2329,3003,1651651562,0.930556,0.747222,0.0,391.729657,60.729806,1
2330,3003,1651651564,4.275,0.761111,0.0,1799.617736,36.517502,1
2331,3003,1651651565,5.036111,0.005556,0.0,2120.017514,-11.839481,1
2332,3003,1651651570,2.072222,-0.708333,0.0,872.329325,-54.541842,1
2333,3003,1651651571,1.363889,-0.263889,0.0,574.147049,-27.70027,1
2334,3003,1651651577,1.105556,0.372222,0.0,465.398219,5.785283,0
2335,3003,1651651589,4.305556,0.541667,0.0,1812.4805,23.347519,1
2336,3003,1651651597,4.697222,1.363889,0.0,1977.357759,17.957736,1
2337,3003,1651651598,6.061111,1.186111,0.038209,2551.504808,17.395579,1
2338,3003,1651651598,0.0,0.0,0.0,0.0,-0.0,1
2339,3003,1651651600,0.0,0.0,0.0,0.0,-0.0,1
2340,3003,1651651607,6.347222,0.494444,0.0,2671.94706,27.190025,1
2341,3003,1651651608,0.0,0.0,0.0,0.0,0.225646,1
2342,3003,1651651611,9.502778,1.877778,0.0,4000.319866,76.53034,1
2343,3003,1651651612,11.380556,1.461111,0.0,4790.795232,59.858797,1
2344,3003,1651651614,12.830556,0.838889,-0.028952,5401.191891,41.88547,1
2345,3003,1651651616,14.166667,-0.025,-0.097803,5963.645518,21.015446,0
2346,3003,1651651616,1.080556,1.388889,0.0,454.874138,63.437707,1
2347,3003,1651651617,2.469444,1.636111,0.0,1039.545268,81.475561,1
2348,3003,1651651618,4.105556,1.697222,-0.034197,1728.287858,85.503703,1
2349,3003,1651651619,5.802778,0.755556,-0.044619,2442.755978,77.141639,1
2350,3003,1651651623,9.611111,1.1,-0.034379,4045.924214,78.089206,1
2351,3003,1651651624,10.711111,1.552778,-0.035471,4508.983748,46.24605,1
2352,3003,1651651624,4.002778,-0.827778,0.0,1685.022194,-61.938139,1
2353,3003,1651651627,3.477778,1.022222,0.0,1464.016507,65.513601,1
2354,3003,1651651631,8.844444,2.580556,-0.088461,3723.185751,127.413214,1
2355,3003,1651651632,11.425,1.502778,-0.052177,4809.504709,73.659825,1
2356,3003,1651651633,12.927778,-0.361111,-0.032241,5442.11887,-17.334331,1
2357,3003,1651651636,12.613889,-0.048611,0.011889,5309.983195,-24.299097,1
2358,3003,1651651636,12.983333,0.005556,0.029757,5465.505716,-31.684691,1
2359,3003,1651651639,12.691667,-0.252778,-0.057144,5342.724778,-0.398258,1
2360,3003,1651651643,12.125,-0.297222,-0.054483,5104.178958,-0.076782,1
2361,3003,1651651647,10.561111,1.25,0.0,4445.839266,5.263728,0
2362,3003,1651651649,10.361111,-2.381944,0.0,4361.646624,-157.165558,1
2363,3003,1651651652,9.958333,-0.816667,0.0,4192.091996,-62.639289,1
2364,3003,1651651652,3.425,-2.35,0.0,1441.799005,-153.662277,1
2365,3003,1651651656,4.913889,-0.794444,0.0,2068.566455,-60.062008,1
2366,3003,1651651657,4.119444,0.552778,0.0,1734.134569,15.705984,1
2367,3003,1651651658,4.672222,2.330556,0.0,1966.833679,62.370984,1
2368,3003,1651651660,4.388889,0.175,-0.029914,1847.560768,55.355651,1
2369,3003,1651651662,4.738889,1.305556,-0.030042,1994.897893,29.427249,1
2370,3003,1651651665,8.875,-0.408333,0.0,3736.048515,-37.679004,1
2371,3003,1651651667,8.591667,0.411111,0.0,3616.775605,6.419579,0
2372,3003,1651651668,9.002778,0.35,-0.041583,3789.838259,3.559942,0
2373,3003,1651651671,3.297222,-0.005556,0.0,1388.009261,-12.270547,1
2374,3003,1651651674,3.327778,0.658333,0.0,1400.872025,7.486153,0
2375,3003,1651651675,3.986111,0.725,0.0,1678.006141,20.233638,1
2376,3003,1651651676,5.241667,0.048611,-0.059892,2206.548842,35.582405,1
2377,3003,1651651676,4.711111,0.969444,0.0,1983.20447,4.247068,0
2378,3003,1651651680,8.061111,0.222222,0.0,3393.431234,28.333434,1
2379,3003,1651651681,8.283333,0.219444,0.0,3486.978614,28.545307,1
2380,3003,1651651683,9.991667,0.630556,0.0,4206.124103,40.644699,1
2381,3003,1651651684,1.261111,-0.630556,0.0,530.881385,-49.807004,1
2382,3003,1651651685,11.622222,0.25,0.0,4892.528009,28.928672,1
2383,3003,1651651687,12.913889,0.394444,0.0,5436.272159,32.917135,1
2384,3003,1651651688,13.308333,0.827778,-0.042072,5602.31876,42.788079,1
2385,3003,1651651689,14.136111,0.761111,-0.026763,5950.782753,42.75298,1
2386,3003,1651651690,0.0,0.0,0.0,0.0,-1.591404,1
2387,3003,1651651693,15.475,0.091667,-0.039722,6514.405721,8.904,0
2388,3003,1651651697,15.663889,1.008333,0.0,6593.920995,1.26373,0
2389,3003,1651651699,16.961111,0.822222,0.09684,7140.003829,-23.697656,1
2390,3003,1651651710,16.538889,-1.088889,0.012946,6962.263806,-89.539473,1
2391,3003,1651651712,15.427778,-0.833333,0.028466,6494.526903,-82.659621,1
2392,3003,1651651715,12.377778,-0.952778,0.080523,5210.589103,-118.981366,1
2393,3003,1651651724,4.691667,-0.669444,0.077526,1975.019074,-97.978735,1
2394,3003,1651651726,0.0,0.0,0.0,0.0,16.726166,1
2395,3003,1651651728,0.0,1.105556,0.0,0.0,35.010029,1
2396,3003,1651651733,10.408333,0.980556,0.0,4381.525442,-1.530595,1
2397,3003,1651651737,12.613889,0.525,0.054562,5309.983195,-14.760011,1
2398,3003,1651651739,10.166667,0.918056,0.040889,4279.792666,-5.432626,1
2399,3003,1651651739,13.313889,-0.575,0.0,5604.657444,-49.353832,1
2400,3003,1651651744,11.544444,0.311111,0.025836,4859.786426,-10.373952,1
2401,3003,1651651744,13.288889,-0.052778,0.02222,5594.133364,-30.90847,1
2402,3003,1651651749,13.922222,0.466667,0.126607,5860.743399,-60.939643,1
2403,3003,1651651749,13.397222,-0.705556,0.038057,5639.737712,-79.620166,1
2404,3003,1651651752,12.213889,-1.236111,0.0,5141.59791,-88.757882,1
2405,3003,1651651754,16.108333,0.097222,0.069967,6781.015756,-51.23793,1
2406,3003,1651651756,16.277778,0.411111,0.008836,6852.345634,-5.78071,1
2407,3003,1651651758,5.35,0.566667,0.0,2252.15319,21.474371,1
2408,3003,1651651758,17.1,0.175,0.028508,7198.470942,-22.775894,1
2409,3003,1651651759,5.916667,0.761111,-0.026736,2490.69901,44.416682,1
2410,3003,1651651761,8.0,0.755556,0.0,3367.705704,41.925456,1
2411,3003,1651651762,8.755556,0.548611,0.0,3685.766798,37.684559,1
2412,3003,1651651764,9.852778,1.022222,0.0,4147.65699,42.586467,1
2413,3003,1651651765,10.875,1.483333,0.0,4577.974941,29.797172,1
2414,3003,1651651767,12.5,-0.627778,0.029922,5262.040163,-69.77089,1
2415,3003,1651651772,18.905556,-0.005556,0.074083,7958.54341,-61.460239,1
2416,3003,1651651777,6.497222,0.683333,0.0,2735.091542,30.418163,1
2417,3003,1651651783,11.766667,0.8,0.039008,4953.333806,-0.581444,1
2418,3003,1651651783,18.833333,-0.355556,0.110872,7928.140512,-104.013139,1
2419,3003,1651651784,18.477778,0.056944,0.149348,7778.464703,-101.284548,1
2420,3003,1651651789,8.986111,-2.416667,0.077143,3782.822206,-204.086451,1
2421,3003,1651651793,18.627778,0.447222,0.123027,7841.609184,-62.555173,1
2422,3003,1651651800,18.066667,-2.130556,0.050944,7605.402048,-175.535741,1
2423,3003,1651651803,10.336111,0.0,-0.064348,4351.122543,-8.624822,1
2424,3003,1651651806,6.213889,-1.269444,0.0,2615.818632,-88.944605,1
2425,3003,1651651813,4.069444,-0.844444,0.0,1713.086408,-62.952068,1
2426,3003,1651651831,0.0,0.513889,0.0,0.0,12.083421,1
2427,3003,1651651832,0.513889,0.3,0.0,216.328318,3.155125,0
2428,3003,1651651833,7.094444,-0.016667,0.0,2986.500128,-13.591319,1
2429,3003,1651651835,8.622222,1.280556,0.05859,3629.63837,11.582808,1
2430,3003,1651651836,9.902778,0.905556,0.11143,4168.705151,-24.057046,1
2431,3003,1651651836,2.619444,0.127778,0.0,1102.68975,-4.163983,1
2432,3003,1651651848,6.430556,0.397222,0.037569,2707.027328,-10.554241,1
2433,3003,1651651849,14.672222,0.463889,0.0,6176.465809,7.22738,0
2434,3003,1651651850,15.136111,0.169444,-0.033486,6371.745966,3.788852,0
2435,3003,1651651856,6.363889,-0.119444,-0.043405,2678.963114,11.533921,1
2436,3003,1651651857,6.244444,0.444444,-0.035556,2628.681397,8.555944,0
2437,3003,1651651861,6.919444,0.502778,0.0,2912.831566,3.722643,0
2438,3003,1651651862,7.422222,0.247222,0.0,3124.482514,3.171795,0
2439,3003,1651651866,17.655556,0.059722,0.010855,7432.339394,-19.675345,1
2440,3003,1651651867,5.658333,-1.197222,0.0,2381.95018,-84.480601,1
2441,3003,1651651873,0.0,0.0,0.0,0.0,-1.507013,1
2442,3003,1651651874,19.708333,-0.469444,0.020855,8296.483323,-58.726041,1
2443,3003,1651651875,0.0,0.0,0.0,0.0,-0.041861,1
2444,3003,1651651876,19.205556,0.091667,-0.119362,8084.832374,19.469001,0
2445,3003,1651651876,0.0,0.0,0.0,0.0,-0.006977,1
2446,3003,1651651877,19.297222,0.077778,-0.041691,8123.420669,2.948263,0
2447,3003,1651651883,20.644444,0.488889,-0.087164,8690.551664,38.309772,0
2448,3003,1651651884,2.222222,0.0,0.0,935.473807,-11.837679,1
2449,3003,1651651886,2.458333,1.219444,0.0,1034.867899,30.773533,1
2450,3003,1651651887,3.677778,1.019444,0.0,1548.20915,14.697729,1
2451,3003,1651651897,17.022222,0.416667,-0.031798,7165.729359,1.417469,0
2452,3003,1651651899,17.044444,0.091667,-0.106573,7175.084097,35.74542,0
2453,3003,1651651900,17.136111,-0.102778,-0.116238,7213.672392,44.614999,0
2454,3003,1651651901,17.033333,0.061111,-0.08771,7170.406728,54.624449,1
2455,3003,1651651902,17.094444,0.741667,-0.104554,7196.132258,66.107095,1
2456,3003,1651651903,17.836111,1.891667,0.044403,7508.346641,56.975779,1
2457,3003,1651651906,20.963889,0.516667,-0.056824,8825.026024,1.866173,0
2458,3003,1651651912,0.0,0.0,0.0,0.0,-7e-06,1
2459,3003,1651651914,23.355556,0.633333,-0.173004,9831.829708,30.310356,0
2460,3003,1651651917,0.422222,0.508333,0.0,177.740023,18.894959,0
2461,3003,1651651923,0.0,0.0,0.0,0.0,11.760614,1
2462,3003,1651651925,16.597222,-0.016667,-0.150985,6986.819994,39.559384,0
2463,3003,1651651934,4.202778,0.422222,0.0,1769.214837,3.648084,0
2464,3003,1651651937,17.625,0.797222,0.0,7419.476629,22.393012,0
2465,3003,1651651944,22.122222,-0.336111,-0.136768,9312.641745,25.408945,0
2466,3003,1651651946,21.75,-0.308333,-0.101216,9155.949883,28.926216,0
2467,3003,1651651947,5.863889,1.105556,0.030042,2468.481507,8.918921,0
2468,3003,1651651951,7.558333,0.286111,0.0,3181.780285,-0.323705,1
2469,3003,1651651955,8.030556,0.494444,-0.029914,3380.568469,25.30457,1
2470,3003,1651651955,18.0,0.119444,-0.067229,7577.337834,41.950066,0
2471,3003,1651651956,18.119444,0.597222,-0.121218,7627.619551,74.33147,1
2472,3003,1651651957,8.519444,0.319444,-0.055984,3586.372706,24.428361,1
2473,3003,1651651957,18.716667,0.502778,-0.17333,7879.028137,85.780669,1
2474,3003,1651651958,19.219444,0.077778,-0.169391,8090.679086,65.091878,0
2475,3003,1651651959,19.297222,0.325,-0.035127,8123.420669,22.019349,0
2476,3003,1651651964,4.763889,-2.427778,-0.089911,2005.421973,-105.706246,1
2477,3003,1651651966,1.213889,-0.606944,-0.083025,511.002567,-12.982455,1
2478,3003,1651651968,0.0,0.0,0.0,0.0,-2.163742,1
2479,3003,1651651969,24.730556,-1.838889,0.036861,10410.654126,-154.387735,1
2480,3003,1651651969,0.0,0.0,0.0,0.0,-0.360624,1
2481,3003,1651651976,5.741667,1.95,0.0,2417.030448,74.682139,1
2482,3003,1651651981,9.027778,0.452778,0.0,3800.36234,16.075476,1
2483,3003,1651651982,9.480556,1.030556,0.0,3990.965128,20.808871,1
2484,3003,1651651983,21.338889,0.447222,-0.081465,8982.887229,9.487665,0
2485,3003,1651651983,10.511111,0.0,-0.029994,4424.791106,5.648472,0
2486,3003,1651651985,20.372222,-0.888889,-0.153213,8575.956123,7.697116,0
2487,3003,1651651986,10.488889,-0.538889,0.0,4415.436368,-46.067296,1
2488,3003,1651651994,17.469444,1.211111,-0.096372,7353.993463,52.473212,1
2489,3003,1651651995,18.680556,0.066667,-0.154014,7863.826687,50.714293,0
2490,3003,1651651996,18.747222,0.827778,0.018806,7891.890902,12.42912,0
2491,3003,1651651996,3.563889,-1.083333,0.0,1500.266117,-77.294197,1
2492,3003,1651651998,19.625,1.4,0.0,8261.403055,39.326052,0
2493,3003,1651652002,0.0,0.0,0.0,0.0,-0.376363,1
2494,3003,1651652003,0.0,0.0,0.0,0.0,-0.062727,1
2495,3003,1651652004,0.0,0.0,0.0,0.0,-0.010455,1
2496,3003,1651652009,0.0,0.0,0.0,0.0,-8e-06,1
2497,3003,1651652012,18.397222,1.955556,-0.074543,7744.553777,63.144193,1
2498,3003,1651652013,20.352778,0.658333,-0.209347,8567.770727,90.578816,1
2499,3003,1651652014,21.011111,-0.758333,-0.188694,8844.904842,70.036318,0
2500,3003,1651652015,20.252778,-0.255556,-0.162044,8525.674406,45.224073,0
2501,3003,1651652020,19.544444,0.241667,0.111122,8227.49213,-68.59462,1
2502,3003,1651652021,3.847222,0.330556,0.0,1619.539028,49.247622,1
2503,3003,1651652024,20.752778,2.222222,0.0,8736.156012,66.699153,0
2504,3003,1651652025,4.697222,0.216667,0.0,1977.357759,18.291702,1
2505,3003,1651652034,4.244444,-1.469444,0.0,1786.754971,-100.665578,1
2506,3003,1651652035,20.227778,0.055556,-0.163475,8515.150325,61.234047,0
2507,3003,1651652039,21.252778,1.286111,0.036079,8946.637619,27.466663,0
2508,3003,1651652040,22.538889,1.366667,-0.020565,9488.043084,13.089653,0
2509,3003,1651652048,22.044444,-0.061111,-0.094342,9279.900162,24.553494,0
2510,3003,1651652049,21.983333,-0.022222,-0.13692,9254.174633,42.772467,0
2511,3003,1651652050,21.961111,0.361111,-0.123101,9244.819894,30.539149,0
2512,3003,1651652053,22.069444,0.536111,-0.075615,9290.424243,30.834152,0
2513,3003,1651652054,22.605556,0.405556,-0.086306,9516.107298,49.352793,0
2514,3003,1651652054,0.0,0.0,0.0,0.0,-0.0,1
2515,3003,1651652059,0.0,0.0,0.0,0.0,-0.0,1
2516,3003,1651652062,0.0,0.0,0.0,0.0,-0.0,1
2517,3003,1651652063,24.019444,-0.391667,-0.06414,10111.302508,-7.1888,1
2518,3003,1651652069,20.177778,-0.119444,0.0,8494.102165,-25.673425,1
2519,3003,1651652081,18.288889,1.322222,-0.079661,7698.949429,90.988843,1
2520,3003,1651652082,19.611111,0.616667,-0.065185,8255.556344,93.070496,1
2521,3003,1651652085,22.686111,-0.061111,-0.132904,9550.018224,76.335892,0
2522,3003,1651652089,22.963889,-0.441667,-0.08447,9666.95245,16.660634,0
2523,3003,1651652090,22.522222,0.283333,-0.119747,9481.027031,27.072488,0
2524,3003,1651652091,22.805556,-0.519444,-0.119747,9600.299941,5.524007,0
2525,3003,1651652096,21.827778,-0.166667,-0.083732,9188.691466,16.84284,0
2526,3003,1651652103,21.597222,0.055556,-0.056062,9091.636059,4.397773,0
2527,3003,1651652112,16.441667,-0.241667,-0.082514,6921.336827,8.488066,0
2528,3003,1651652115,14.861111,-0.205556,-0.114406,6255.981082,33.149799,1
2529,3003,1651652117,14.727778,0.3,-0.074216,6199.852654,37.406249,1
2530,3003,1651652119,15.275,-0.227778,-0.04042,6430.213079,-5.577186,1
2531,3003,1651652122,13.308333,-0.452778,-0.046147,5602.31876,-14.852088,1
2532,3003,1651652126,11.147222,-2.386111,-0.06749,4692.570483,-118.027398,1
2533,3003,1651652137,0.313889,0.186111,0.0,132.135675,-0.534765,1
2534,3003,1651652157,0.0,0.0,0.0,0.0,-5.281935,1
2535,3003,1651652174,6.744444,1.316667,-0.036034,2839.163003,92.519985,1
2536,3003,1651652187,0.575,-0.236111,0.0,242.053847,-25.999955,1
2537,3003,1651652190,0.433333,-0.077778,0.0,182.417392,-16.449589,1
2538,3003,1651652194,0.241667,0.091667,0.0,101.732776,5.526833,0
2539,3003,1651652197,0.572222,0.266667,0.0,240.884505,6.764791,0
2540,3003,1651652199,1.05,0.519444,0.0,442.011374,47.433789,1
2541,3003,1651652201,3.597222,2.319444,-0.070582,1514.298225,101.215374,1
2542,3003,1651652204,5.519444,-0.020833,-0.098326,2323.483067,19.368594,1
2543,3003,1651652208,4.866667,0.677778,0.0,2048.687637,21.491798,1
2544,3003,1651652211,7.669444,3.186111,-0.096018,3228.553975,124.648163,1
2545,3003,1651652212,10.855556,0.355556,-0.069933,4569.789546,64.849574,1
2546,3003,1651652215,9.883333,-0.144444,-0.109496,4160.519755,6.647282,0
2547,3003,1651652221,6.25,-1.388889,0.038203,2631.020081,-118.597173,1
2548,3003,1651652227,0.525,-0.525,0.0,221.005687,-43.419981,1
2549,3003,1651652228,0.0,0.0,0.0,0.0,-7.236663,1
2550,3003,1651652237,7.505556,1.322222,0.0,3159.562782,36.216117,1
2551,3003,1651652238,8.827778,0.922222,0.0,3716.169697,61.15794,1
2552,3003,1651652239,9.75,2.677778,0.0,4104.391327,60.074354,1
2553,3003,1651652241,12.655556,0.186111,0.0,5327.523329,-3.174432,1
2554,3003,1651652244,14.547222,0.294444,-0.019405,6123.845407,18.376678,0
2555,3003,1651652246,15.136111,0.575,-0.024021,6371.745966,9.655414,0
2556,3003,1651652248,15.727778,0.363889,0.0,6620.815867,-1.934792,1
2557,3003,1651652274,2.480556,3.027778,0.0,1044.222637,94.636919,1
2558,3003,1651652276,6.013889,1.322222,0.0,2531.625989,62.400486,1
2559,3003,1651652278,8.35,2.102778,0.02521,3515.042829,62.778336,1
2560,3003,1651652283,9.594444,-0.786111,0.0,4038.90816,-60.679354,1
2561,3003,1651652286,7.161111,-0.311111,0.0,3014.564342,-31.362942,1
2562,3003,1651652298,6.244444,0.525,0.0,2628.681397,8.958969,0
2563,3003,1651652299,6.769444,0.966667,-0.049277,2849.687084,35.789947,1
2564,3003,1651652302,7.547222,0.122222,-0.034821,3177.102916,31.199934,1
2565,3003,1651652303,7.669444,0.675,-0.038213,3228.553975,32.944059,1
2566,3003,1651652304,8.344444,0.472222,-0.021205,3512.704144,23.138032,1
2567,3003,1651652312,15.866667,0.505556,0.008934,6679.28298,25.310744,0
2568,3003,1651652314,16.877778,0.547222,-0.011295,7104.923562,21.95469,0
2569,3003,1651652321,17.027778,0.366667,0.0,7168.068044,1.776783,0
2570,3003,1651652338,0.561111,0.569444,0.0,236.207136,4.760519,0
2571,3003,1651652343,1.147222,0.627778,0.0,482.938353,31.774343,1
2572,3003,1651652344,1.775,1.425,0.0,747.209703,53.840914,1
2573,3003,1651652346,4.491667,0.791667,-0.035337,1890.826432,56.7436,1
2574,3003,1651652347,5.283333,0.755556,-0.046319,2224.088975,46.796055,1
2575,3003,1651652349,6.286111,-0.030556,-0.04382,2646.221531,5.737816,0
2576,3003,1651652352,6.558333,0.6875,-0.012245,2760.817072,38.47786,1
2577,3003,1651652356,10.402778,0.858333,-0.026898,4379.186758,57.447997,1
2578,3003,1651652372,0.194444,-0.013889,0.0,81.853958,-0.838168,1
2579,3003,1651652382,0.0,0.0,0.0,0.0,-6e-06,1
2580,3003,1651652385,0.0,0.0,0.0,0.0,-0.0,1
2581,3003,1651652386,0.0,0.0,0.0,0.0,-0.0,1
2582,3003,1651652395,0.0,0.0,0.0,0.0,-0.0,1
2583,3003,1651652400,0.0,0.0,0.0,0.0,-0.0,1
2584,3003,1651652411,6.769444,1.425,0.047612,2849.687084,47.633215,1
2585,3003,1651652412,8.194444,1.75,0.026508,3449.559662,80.752929,1
2586,3003,1651652418,15.247222,0.286111,-0.022045,6418.519656,25.884796,0
2587,3003,1651652421,15.866667,-0.519444,-0.047151,6679.28298,-19.513422,1
2588,3003,1651652423,15.275,-0.172222,0.0,6430.213079,-25.989632,1
2589,3003,1651652439,0.241667,1.322222,0.0,101.732776,79.733304,0
2590,3003,1651652441,1.702778,-1.702778,0.0,716.806804,-114.487051,1
2591,3003,1651652451,2.427778,2.455556,-0.035338,1022.005134,108.613143,1
2592,3003,1651652452,4.883333,0.955556,-0.036037,2055.70369,84.554816,1
2593,3003,1651652453,5.838889,1.188889,-0.040089,2457.957427,50.284828,1
2594,3003,1651652455,6.4,0.905556,-0.092441,2694.164563,64.11187,1
2595,3003,1651652466,11.158333,1.105556,0.065359,4697.247852,4.792624,0
2596,3003,1651652467,12.263889,1.286111,-0.021357,5162.646071,21.609153,1
2597,3003,1651652472,12.480556,-0.375,-0.073502,5253.854767,8.155651,0
2598,3003,1651652474,11.913889,-0.180556,-0.097865,5015.308946,37.191214,1
2599,3003,1651652475,11.733333,1.175,-0.038054,4939.301699,30.213412,1
2600,3003,1651652476,12.908333,-0.258333,-0.032715,5433.933475,-10.849511,1
2601,3003,1651652490,4.886111,-0.847222,0.057844,2056.873032,-97.203208,1
2602,3003,1651652495,5.961111,-0.502778,0.0,2509.408486,-42.661378,1
2603,3003,1651653085,0.469444,-0.018056,0.0,197.618842,-12.848684,1
2604,3003,1651653088,0.427778,0.061111,-0.083025,180.078708,40.713389,0
2605,3003,1651653090,0.55,0.133333,-0.089911,231.529767,23.792431,0
2606,3003,1651653095,0.947222,0.008333,-0.137627,398.74571,8.163736,0
2607,3003,1651653112,1.683333,-0.031944,0.0,708.621409,-13.729324,1
2608,3003,1651653127,1.6,0.388889,0.0,673.541141,54.325844,1
2609,3003,1651653129,2.377778,1.227778,0.0,1000.956973,44.89661,1
2610,3003,1651653133,5.513889,0.419444,0.0,2321.144383,9.320149,0
2611,3003,1651653137,5.838889,-0.75,0.0,2457.957427,-57.545892,1
2612,3003,1651653168,1.105556,-0.116667,0.0,465.398219,-18.811774,1
2613,3003,1651653169,0.988889,-0.243056,0.0,416.285844,-26.429402,1
2614,3003,1651653175,0.35,-0.097222,-0.089911,147.337125,35.206034,0
2615,3003,1651653181,0.35,0.011111,0.0,147.337125,-11.088225,1
2616,3003,1651653183,0.205556,-0.005556,0.0,86.531327,-0.335715,1
2617,3003,1651653190,3.025,0.570833,-0.051753,1273.413719,61.883108,1
2618,3003,1651653192,4.166667,0.813889,-0.06302,1754.013388,51.830482,1
2619,3003,1651653198,8.986111,-0.25,0.042928,3782.822206,-53.378987,1
2620,3003,1651653203,6.655556,-0.966667,0.030449,2801.744051,-88.669656,1
2621,3003,1651653220,0.616667,0.820833,0.0,259.593981,26.980508,1
2622,3003,1651653223,4.094444,0.666667,0.039078,1723.610489,17.511224,1
2623,3003,1651653225,5.427778,0.641667,0.036037,2284.894773,1.555354,0
2624,3003,1651653233,10.030556,-0.030556,0.014087,4222.494895,-23.537325,1
2625,3003,1651653235,9.969444,-0.405556,0.029315,4196.769365,-55.075832,1
2626,3003,1651653242,4.547222,-0.761111,-0.089001,1914.213277,-5.701544,1
2627,3003,1651653275,3.169444,0.697222,0.0,1334.219517,40.771758,1
2628,3003,1651653279,5.627778,0.591667,0.035338,2369.087415,12.766637,1
2629,3003,1651653280,6.219444,0.972222,0.027033,2618.157316,6.351894,0
2630,3003,1651653291,10.547222,-0.011111,-0.019546,4439.992555,-2.769678,1
2631,3003,1651653295,10.688889,0.036111,0.0,4499.62901,-11.46279,1
2632,3003,1651653300,10.469444,0.576389,0.012027,4407.250972,-0.884304,1
2633,3003,1651653302,11.622222,0.241667,0.030955,4892.528009,-17.597676,1
2634,3003,1651653317,13.4,-1.579167,0.012745,5640.907054,-117.436963,1
2635,3003,1651653340,0.294444,0.013889,0.0,123.950279,0.836115,0
2636,3003,1651653354,0.2,0.555556,0.0,84.192643,33.501133,0
2637,3003,1651653355,0.755556,0.993056,0.0,318.061094,39.326702,1
2638,3003,1651653357,2.741667,1.036111,0.0,1154.140809,32.820148,1
2639,3003,1651653362,6.727778,0.85,0.038829,2832.14695,12.614474,1
2640,3003,1651653366,9.738889,0.697222,0.047498,4099.713958,12.102443,1
2641,3003,1651653368,11.133333,0.423611,0.0,4686.723771,14.655645,1
2642,3003,1651653370,11.980556,0.258333,-0.024954,5043.37316,23.77238,1
2643,3003,1651653374,13.977778,0.786111,-0.0318,5884.130244,31.876114,1
2644,3003,1651653375,14.763889,0.463889,0.0,6215.054103,9.702601,0
2645,3003,1651653382,16.7,0.111111,-0.023977,7030.085657,-0.596212,1
2646,3003,1651653407,11.761111,0.848611,0.0,4950.995122,19.730943,1
2647,3003,1651653431,9.194444,-0.361111,0.021498,3870.522875,-47.559853,1
2648,3003,1651653443,5.061111,0.5,0.0,2130.541595,7.172518,0
2649,3003,1651653450,6.991667,0.301389,-0.018509,2943.234464,13.44461,1
2650,3003,1651653454,8.005556,0.272222,-0.077308,3370.044389,33.386145,1
2651,3003,1651653461,9.538889,-0.413889,0.088298,4015.521315,-90.005004,1
2652,3003,1651653462,9.125,-0.719444,0.065575,3841.289319,-95.006994,1
2653,3003,1651653474,0.0,0.0,0.0,0.0,-11.370202,1
2654,3003,1651653478,0.0,0.0,0.0,0.0,13.317553,1
2655,3003,1651653486,3.780556,1.013889,0.0,1591.474814,12.819266,1
2656,3003,1651653490,5.344444,1.069444,0.10773,2249.814505,-10.870498,1
2657,3003,1651653507,15.175,0.35,-0.076192,6388.116757,7.169833,0
2658,3003,1651653514,15.269444,0.4375,0.098813,6427.874394,-47.1504,1
2659,3003,1651653526,18.483333,-0.127778,0.072576,7780.803387,-67.688342,1
2660,3003,1651653531,18.416667,0.2,0.116553,7752.739173,-73.565318,1
2661,3003,1651653532,18.616667,-0.120833,0.084947,7836.931815,-74.588685,1
2662,3003,1651653562,17.202778,-0.094444,0.028845,7241.736606,-39.280109,1
2663,3003,1651653577,17.630556,0.063889,0.054991,7421.815314,-45.319982,1
2664,3003,1651653585,17.969444,0.108333,-0.015449,7564.475069,-1.466387,1
2665,3003,1651653609,20.186111,0.147222,-0.100111,8497.610191,15.069922,0
2666,3003,1651653611,20.480556,0.036111,-0.046422,8621.560471,9.589899,0
2667,3003,1651653622,20.075,-0.998611,-0.044793,8450.836501,-52.288842,1
2668,3003,1651653625,17.605556,-0.677778,0.118456,7411.291233,-127.124947,1
2669,3003,1651653649,17.825,0.165278,0.210335,7503.669272,-129.497754,1
2670,3003,1651653651,18.155556,-0.277778,0.203598,7642.821001,-152.552724,1
2671,3003,1651653665,18.375,0.361111,-0.099813,7735.199039,32.551109,0
2672,3003,1651653667,19.097222,0.455556,-0.168312,8039.228026,65.910254,1
2673,3003,1651653697,17.222222,1.247222,0.014703,7249.922002,-5.209709,1
2674,3003,1651653702,19.136111,-0.219444,0.130787,8055.598818,-107.587151,1
2675,3003,1651653709,17.466667,-0.623611,-0.102011,7352.82412,-3.92439,1
2676,3003,1651653721,12.352778,1.077778,0.120276,5200.065023,-19.723379,1
2677,3003,1651653723,14.508333,0.501389,0.059079,6107.474615,-19.678851,1
2678,3003,1651653738,15.422222,-0.061111,-0.030461,6492.188218,-1.455834,1
2679,3003,1651653740,15.3,0.427778,-0.051733,6440.737159,10.598566,0
2680,3003,1651653778,0.0,0.0,0.0,0.0,-0.001996,1
2681,3003,1651653785,0.0,0.0,0.0,0.0,-0.0,1
2682,3003,1651653793,0.0,0.0,-0.092475,0.0,20.607471,1
2683,3003,1651653795,0.0,0.0,0.0,0.0,10.819018,1
2684,3003,1651653804,0.0,0.0,0.0,0.0,0.002171,1
2685,3003,1651653847,0.0,0.0,0.0,0.0,0.0,1
2686,3003,1651653850,0.0,0.0,0.0,0.0,0.0,1
2687,3003,1651653854,0.0,0.0,0.0,0.0,0.0,1
2688,3003,1651653875,0.0,0.0,0.0,0.0,-0.260581,1
2689,3003,1651653886,0.0,0.0,0.0,0.0,21.275397,1
2690,3003,1651653889,1.508333,1.872222,-0.080222,634.952846,95.945727,1
2691,3003,1651653893,6.280556,1.05,-0.038824,2643.882846,54.557657,1
2692,3003,1651653895,8.333333,0.497222,0.0,3508.026775,23.521931,1
2693,3003,1651653897,9.327778,0.441667,0.0,3926.651304,35.725617,1
2694,3003,1651653898,9.769444,0.741667,-0.078831,4112.576723,59.650876,1
2695,3003,1651653899,10.511111,0.622222,-0.090849,4424.791106,72.33483,1
2696,3003,1651653900,11.133333,0.770833,-0.094839,4686.723771,70.501625,1
2697,3003,1651653902,12.675,0.869444,-0.042533,5335.708725,46.52896,1
2698,3003,1651653911,16.563889,0.252778,-0.025854,6972.787887,-6.363129,1
2699,3003,1651653916,17.855556,0.022222,-0.010826,7516.532037,-9.309742,1
2700,3003,1651653919,17.680556,0.130556,-0.086311,7442.863474,24.421068,0
2701,3003,1651653920,17.811111,-0.005556,-0.054079,7497.822561,22.46369,0
2702,3003,1651653923,17.758333,0.077778,-0.010991,7475.605058,-5.805233,1
2703,3003,1651653932,14.655556,0.273611,-0.062109,6169.449755,29.329674,1
2704,3003,1651653934,15.202778,1.938889,-0.070914,6399.81018,71.652213,1
2705,3003,1651653942,18.988889,-0.002778,-0.061845,7993.623678,10.159908,0
2706,3003,1651653950,19.244444,0.129167,-0.062108,8101.203166,0.015689,0
2707,3003,1651653956,18.597222,-0.205556,0.050548,7828.74642,-59.540286,1
2708,3003,1651653958,17.619444,-1.201389,-0.123186,7417.137945,-17.007398,1
2709,3003,1651654002,0.0,0.0,0.0,0.0,3.916139,1
2710,3003,1651654008,1.502778,1.223611,-0.061747,632.614162,82.311015,1
2711,3003,1651654010,3.95,1.416667,-0.058431,1662.804691,115.417067,1
2712,3003,1651654011,5.366667,1.501389,-0.122873,2259.169243,148.398462,1
2713,3003,1651654014,10.227778,1.395833,-0.159841,4305.518195,163.612827,1
2714,3003,1651654016,13.019444,1.319444,-0.1634,5480.707165,144.009703,1
2715,3003,1651654017,14.338889,0.930556,-0.131344,6036.144738,108.454972,1
2716,3003,1651654020,16.363889,0.545833,-0.04844,6888.595244,55.329907,1
2717,3003,1651654026,18.683333,0.011111,-0.052011,7864.99603,28.759856,0
2718,3003,1651654027,18.694444,0.283333,-0.08283,7869.673399,42.584516,0
2719,3003,1651654031,19.919444,-0.15,-0.116465,8385.353335,27.693022,0
2720,3003,1651654037,20.836111,0.036111,-0.135655,8771.23628,35.339921,0
2721,3003,1651654038,20.872222,0.225,-0.032047,8786.437729,20.224579,0
2722,3003,1651654044,20.741667,-0.019444,-0.019029,8731.478643,-8.836491,1
2723,3003,1651654047,20.819444,0.111111,-0.095889,8764.220226,32.511715,0
2724,3003,1651654049,21.041667,0.036111,-0.108548,8857.767607,32.087818,0
2725,3003,1651654050,21.077778,-0.138889,-0.096788,8872.969056,12.295705,0
2726,3003,1651654060,18.3,-0.072222,-0.086306,7703.626798,4.294627,0
2727,3003,1651654062,18.155556,-0.211111,-0.139155,7642.821001,11.845073,0
2728,3003,1651654065,16.961111,-1.05,0.0,7140.003829,-79.818825,1
2729,3003,1651654086,2.777778,1.4125,-0.073471,1169.342258,125.699228,1
2730,3003,1651654091,9.744444,0.961111,-0.077526,4102.052642,97.753824,1
2731,3003,1651654092,10.705556,0.55,-0.105639,4506.645064,72.99617,1
2732,3004,1651654098,15.355556,0.580556,0.017993,6464.124004,5.329508,0
2733,3004,1651654099,15.936111,0.7875,0.031033,6708.516536,-0.491046,1
2734,3004,1651654106,18.288889,0.175,0.027883,7698.949429,-23.102279,1
2735,3004,1651654107,18.463889,0.255556,0.024368,7772.617991,-16.286411,1
2736,3004,1651654121,22.305556,0.344444,-0.122379,9389.818335,51.81681,0
2737,3004,1651654138,19.872222,-0.025,-0.111555,8365.474516,21.905408,0
2738,3004,1651654143,18.783333,-0.102778,-0.075111,7907.092351,5.003305,0
2739,3004,1651654161,21.216667,0.472222,0.009104,8931.436169,12.881561,0
2740,3004,1651654209,0.802778,0.380556,0.0,337.939913,8.885225,0
2741,3004,1651654215,5.475,1.238889,0.01751,2304.773591,59.581564,1
2742,3004,1651654219,10.761111,0.813889,-0.020769,4530.031909,60.60552,1
2743,3004,1651654220,11.575,0.966667,-0.021393,4872.649191,54.085893,1
2744,3004,1651654222,13.508333,0.880556,0.0,5686.511402,52.529045,1
2745,3004,1651654225,15.927778,0.633333,-0.090416,6705.008509,54.652394,1
2746,3004,1651654238,11.091667,-0.011111,-0.052428,4669.183638,3.744545,0
2747,3004,1651654239,11.080556,-0.013889,-0.052428,4664.506269,13.286221,1
2748,3004,1651654242,11.672222,0.458333,0.0,4913.57617,7.543629,0
2749,3004,1651654247,12.075,-0.468056,-0.119479,5083.130797,1.955723,0
2750,3004,1651654253,5.766667,-1.234722,0.0,2427.554528,-86.762383,1
2751,3004,1651654272,0.0,0.0,0.0,0.0,-2e-06,1
2752,3004,1651654282,0.0,0.0,0.0,0.0,-0.0,1
2753,3004,1651654292,0.0,0.0,0.0,0.0,3.32989,1
2754,3004,1651654295,0.369444,0.361111,0.0,155.52252,10.017673,0
2755,3004,1651654296,0.730556,0.231944,0.0,307.537014,3.230189,0
2756,3004,1651654306,3.055556,0.706944,0.0,1286.276484,14.250278,1
2757,3004,1651654308,4.469444,0.401389,-0.05236,1881.471694,27.735359,1
2758,3004,1651654314,7.166667,0.0125,-0.0208,3016.903027,10.775798,1
2759,3004,1651654316,7.191667,0.115278,-0.034205,3027.427107,10.59486,1
2760,3004,1651654323,7.227778,-0.730556,-0.02814,3042.628556,-40.128914,1
2761,3004,1651654343,0.677778,0.191667,0.0,285.319511,-0.205698,1
2762,3004,1651654346,1.547222,0.241667,0.0,651.323638,15.526129,1
2763,3004,1651654347,1.788889,0.425,-0.069429,753.056414,17.423748,1
2764,3004,1651654350,2.763889,0.4875,-0.044231,1163.495547,44.96064,1
2765,3004,1651654353,4.45,0.601389,-0.13237,1873.286298,87.464656,1
2766,3004,1651654355,5.652778,0.608333,-0.091672,2379.611496,74.954218,1
2767,3004,1651654356,6.261111,0.684722,-0.032658,2635.69745,60.606415,1
2768,3004,1651654358,7.630556,0.508333,-0.057264,3212.183184,54.131497,1
2769,3004,1651654361,9.505556,0.711111,0.0,4001.489208,36.268939,1
2770,3004,1651654364,12.794444,0.411111,-0.0167,5385.990442,30.336372,1
2771,3004,1651654365,13.205556,-0.226389,-0.082527,5559.053096,27.793291,1
2772,3004,1651654368,12.397222,-0.425,-0.117137,5218.774499,32.597675,1
2773,3004,1651654369,11.972222,-0.240278,-0.115195,5039.865133,33.657314,1
2774,3004,1651654371,11.491667,0.188889,-0.073885,4837.568923,25.800131,1
2775,3004,1651654373,11.869444,0.302778,0.0,4996.59947,6.614604,0
2776,3004,1651654380,12.45,-0.561111,0.0,5240.992002,-48.149239,1
2777,3004,1651654407,0.0,0.0,0.0,0.0,-0.003636,1
2778,3004,1651654722,0.0,0.0,0.0,0.0,-0.050536,1
2779,3004,1651654729,0.0,2.022222,-0.069141,0.0,105.46582,1
2780,3004,1651654730,2.022222,0.7,-0.092486,851.281164,94.324643,1
2781,3004,1651654732,3.338889,-0.047222,-0.080942,1405.549395,25.231974,1
2782,3004,1651654737,1.302778,0.816667,0.0,548.421519,4.342824,0
2783,3004,1651654744,1.4,-0.391667,0.0,589.348498,-35.407328,1
2784,3004,1651654751,0.0,0.0,0.0,0.0,-0.232824,1
2785,3004,1651654760,0.0,0.0,0.0,0.0,-0.0,1
2786,3004,1651654766,1.605556,0.045833,0.0,675.879825,-9.034854,1
2787,3004,1651654770,2.341667,-0.283333,0.0,985.755524,-28.932584,1
2788,3004,1651654771,2.058333,-0.427778,0.0,866.482613,-37.622491,1
2789,3004,1651654772,1.630556,-0.411111,0.0,686.403906,-36.591413,1
2790,3004,1651654778,0.0,0.0,0.0,0.0,-0.9129,1
2791,3004,1651654781,1.461111,0.258333,0.0,615.074028,0.310346,0
2792,3004,1651654782,1.719444,-0.525,0.0,723.822858,-43.464191,1
2793,3004,1651654802,0.0,0.0,0.0,0.0,-0.814471,1
2794,3004,1651654822,0.0,0.0,0.0,0.0,-2.317353,1
2795,3004,1651654829,2.525,0.886111,0.0,1062.932113,46.990934,1
2796,3004,1651654831,3.822222,0.447222,0.0,1609.014947,31.492717,1
2797,3004,1651654834,5.508333,0.505556,-0.043404,2318.805698,22.176675,1
2798,3004,1651654839,4.197222,0.036111,0.0,1766.876152,-9.869146,1
2799,3004,1651654846,9.713889,0.140278,-0.014554,4089.189877,12.144318,1
2800,3004,1651654848,9.994444,1.291667,-0.034519,4207.293446,36.916515,1
2801,3004,1651654853,14.008333,0.363889,-0.059286,5896.993009,28.118409,1
2802,3004,1651654857,17.130556,0.155556,-0.05949,7211.333707,29.855109,0
2803,3004,1651654860,17.058333,0.219444,0.023187,7180.930809,-16.947027,1
2804,3004,1651654868,18.161111,-0.536111,-0.058853,7645.159685,-14.929581,1
2805,3004,1651654869,17.625,-1.286111,-0.08797,7419.476629,-42.747408,1
2806,3004,1651654870,16.338889,-1.647222,-0.131145,6878.071164,-38.52302,1
2807,3004,1651654891,0.158333,-0.158333,0.0,66.652509,-9.548424,1
2808,3004,1651654892,0.0,0.0,0.0,0.0,-1.591404,1
2809,3004,1651654911,0.0,0.0,0.0,0.0,-0.0,1
2810,3004,1651654918,0.0,0.0,0.0,0.0,-0.0,1
2811,3004,1651654934,0.0,0.0,0.0,0.0,-0.0,1
2812,3004,1651654940,0.0,0.0,0.0,0.0,-0.0,1
2813,3004,1651654956,0.0,0.0,0.0,0.0,-0.0,1
2814,3004,1651654964,0.0,0.0,0.0,0.0,-0.0,1
2815,3004,1651654972,0.0,0.0,0.0,0.0,-0.0,1
2816,3004,1651654980,2.088889,0.390278,0.0,879.345378,40.953812,1
2817,3004,1651654982,2.869444,0.675,0.0,1207.930553,37.400394,1
2818,3004,1651654984,4.358333,0.358333,0.0,1834.698003,11.879267,1
2819,3004,1651654989,5.783333,1.788889,0.0,2434.570582,53.738406,1
2820,3004,1651654990,7.572222,1.136111,0.0,3187.626996,31.765113,1
2821,3004,1651655018,0.0,0.0,0.0,0.0,-1e-06,1
2822,3004,1651655022,0.0,0.0,0.0,0.0,-0.0,1
2823,3004,1651655029,0.0,0.0,0.0,0.0,-0.0,1
2824,3004,1651655031,0.0,1.441667,0.0,0.0,42.551736,1
2825,3004,1651655032,1.441667,0.629167,0.0,606.888632,38.700734,1
2826,3004,1651655035,3.627778,0.430556,0.0,1527.160989,9.412659,0
2827,3004,1651655038,4.111111,1.330556,-0.033463,1730.626542,52.136079,1
2828,3004,1651655039,5.441667,0.866667,-0.030893,2290.741484,47.33476,1
2829,3004,1651655040,6.308333,0.755556,0.0,2655.576269,22.810069,1
2830,3004,1651655042,7.063889,-0.688889,0.029225,2973.637363,-71.292547,1
2831,3004,1651655049,8.983333,0.05,0.084633,3781.652863,-59.718651,1
2832,3004,1651655051,8.358333,0.288889,0.126286,3518.550855,-69.428863,1
2833,3004,1651655054,9.516667,1.816667,0.039378,4006.166577,38.058979,1
2834,3004,1651655055,11.333333,1.75,0.0,4770.916414,74.596142,1
2835,3004,1651655056,13.083333,1.625,-0.055421,5507.602037,77.023374,1
2836,3004,1651655057,14.708333,0.205556,-0.071077,6191.667258,50.258091,1
2837,3004,1651655062,14.825,0.011111,0.0,6240.779633,-14.710666,1
2838,3004,1651655069,8.858333,0.380556,0.020032,3729.032462,-1.873236,1
2839,3004,1651655071,10.375,0.458333,0.059029,4367.493335,-20.549602,1
2840,3004,1651655077,13.2,0.572222,0.042556,5556.714412,-5.119677,1
2841,3004,1651655081,14.8,0.477778,-0.043823,6230.255552,34.5602,1
2842,3004,1651655083,15.452778,-0.080556,-0.043823,6505.050983,-3.276094,1
2843,3004,1651655093,14.413889,-0.044444,-0.044619,6067.716979,-6.425682,1
2844,3004,1651655095,13.797222,-0.241667,-0.027234,5808.122997,-13.458243,1
2845,3004,1651655102,12.352778,0.169444,-0.09561,5200.065023,34.438273,1
2846,3004,1651655103,12.522222,0.061111,-0.14145,5271.394901,25.370767,1
2847,3004,1651655106,13.019444,-0.158333,-0.022481,5480.707165,-10.883409,1
2848,3004,1651655108,13.216667,0.561111,-0.051438,5563.730465,18.650959,0
2849,3004,1651655109,13.777778,-0.391667,-0.065055,5799.937601,-0.267197,1
2850,3004,1651655114,14.111111,-0.041667,0.054115,5940.258672,-49.329138,1
2851,3004,1651655124,4.675,1.313889,0.0,1968.003021,39.718357,1
2852,3004,1651655126,7.530556,-0.841667,-0.08906,3170.086862,-11.118547,1
2853,3004,1651655131,0.344444,0.125,0.0,144.99844,-4.220294,1
2854,3004,1651655133,0.294444,-0.294444,0.0,123.950279,-17.75738,1
2855,3004,1651655138,0.0,0.0,0.0,0.0,-0.002284,1
2856,3004,1651655142,0.0,0.0,0.0,0.0,-2e-06,1
2857,3004,1651655148,0.0,0.0,0.0,0.0,-0.0,1
2858,3004,1651655151,0.0,0.875,-0.137622,0.0,96.954971,1
2859,3004,1651655153,3.775,0.844444,-0.08803,1589.136129,92.900743,1
2860,3004,1651655154,4.619444,0.293056,-0.086646,1944.616176,64.734601,1
2861,3004,1651655159,8.569444,1.075,0.0,3607.420867,52.362874,1
2862,3004,1651655160,9.644444,0.927778,0.017783,4059.956321,33.689327,1
2863,3004,1651655161,10.572222,0.236111,0.0,4450.516635,25.239444,1
2864,3004,1651655162,10.808333,0.35,-0.024305,4549.910727,40.35152,1
2865,3004,1651655163,11.158333,1.316667,-0.048581,4697.247852,60.150125,1
2866,3004,1651655164,12.475,1.002778,-0.052415,5251.516082,49.520721,1
2867,3004,1651655175,16.283333,0.286111,-0.017599,6854.684318,7.898657,0
2868,3004,1651655197,1.775,0.313889,0.0,747.209703,12.52152,0
2869,3004,1651655199,2.958333,2.916667,0.029757,1245.349505,54.194882,1
2870,3004,1651655217,4.697222,-0.308333,0.0,1977.357759,-30.713598,1
2871,3004,1651655218,4.388889,0.622222,-0.038202,1847.560768,16.632981,1
2872,3004,1651655219,5.011111,1.430556,0.03461,2109.493434,32.945337,1
2873,3004,1651655220,6.441667,1.497222,0.055341,2711.704697,16.182295,1
2874,3004,1651655222,7.977778,-0.3125,0.026122,3358.350966,-46.999431,1
2875,3004,1651655225,7.5,0.505556,0.046132,3157.224098,-9.292031,1
2876,3004,1651655227,8.638889,0.508333,0.107299,3636.654423,-45.215828,1
2877,3004,1651655229,9.3,0.066667,0.088798,3914.957881,-61.243814,1
2878,3004,1651655238,3.580556,-2.638889,0.0,1507.282171,-171.101181,1
2879,3004,1651655243,0.725,-0.502778,0.0,305.198329,-42.084032,1
2880,3004,1651655249,2.372222,0.113889,0.0,998.618289,-4.981177,1
2881,3004,1651655254,3.286111,0.766667,0.0,1383.331892,14.206762,1
2882,3004,1651655256,5.005556,-0.463889,0.046132,2107.15475,-67.23811,1
2883,3004,1651655265,3.319444,0.419444,0.0,1397.363999,4.565976,0
2884,3004,1651655266,3.738889,0.638889,0.0,1573.93468,-2.000178,1
2885,3004,1651655268,3.744444,-3.25,0.0,1576.273364,-207.97295,1
2886,3004,1651655282,1.358333,2.969444,0.0,571.808364,82.710424,1
2887,3004,1651655283,4.327778,0.611111,0.0,1821.835239,31.529406,1
2888,3004,1651655289,7.166667,-0.325,0.080456,3016.903027,-79.405563,1
2889,3004,1651655295,3.483333,1.013889,0.0,1466.355192,16.712877,1
2890,3004,1651655296,4.497222,2.844444,0.0,1893.165116,73.169075,1
2891,3004,1651655298,8.605556,0.483333,0.0,3622.622316,6.609674,0
2892,3004,1651655299,9.088889,-0.666667,0.0,3826.087869,-53.320701,1
2893,3004,1651655326,4.433333,-0.075,0.13822,1866.270244,-97.48016,1
2894,3004,1651655335,7.15,-1.286111,0.051888,3009.886973,-120.626848,1
2895,3004,1651655351,4.438889,0.561111,0.120012,1868.608929,-48.535019,1
2896,3004,1651655359,5.941667,1.286111,0.050944,2501.223091,-2.471256,1
2897,3004,1651655364,8.508333,-0.452778,0.139309,3581.695337,-121.763129,1
2898,3004,1651655366,7.988889,0.155556,0.139261,3363.028335,-84.909132,1
2899,3004,1651655385,2.325,-1.75,0.0,978.73947,-117.376034,1
2900,3004,1651655421,0.0,0.0,0.0,0.0,-0.012021,1
2901,3004,1651655427,0.683333,1.525,0.0,287.658196,58.16986,1
2902,3004,1651655428,2.208333,1.002778,0.0,929.627095,65.116071,1
2903,3004,1651655437,8.247222,0.411111,0.126834,3471.777165,-62.346708,1
2904,3004,1651655449,7.213889,0.3,0.116703,3036.781845,-62.887514,1
2905,3004,1651655462,7.052778,0.159722,0.132984,2968.959994,-80.780556,1
2906,3004,1651655468,7.655556,-0.602778,0.0,3222.707264,-49.072198,1
2907,3004,1651655481,1.455556,0.047222,0.0,612.735343,-8.943528,1
2908,3004,1651655494,3.683333,-0.180556,0.0,1550.547835,-22.86806,1
2909,3004,1651655500,0.277778,0.036111,0.0,116.934226,2.176344,0
2910,3004,1651655501,0.313889,0.086111,0.0,132.135675,-6.565088,1
2911,3004,1651655505,1.836111,1.061111,0.0,772.935233,61.449218,1
2912,3004,1651655519,4.836111,-0.433333,0.0,2035.824872,-38.273337,1
2913,3004,1651655539,0.0,0.705556,0.0,0.0,20.020554,1
2914,3004,1651655541,1.127778,0.316667,0.0,474.752957,10.907474,0
2915,3004,1651655559,1.594444,0.458333,0.0,671.202456,-1.844447,1
2916,3004,1651655565,0.627778,-0.211111,0.0,264.27135,-24.493422,1
2917,3004,1651655573,0.0,0.477778,0.0,0.0,-3.163539,1
2918,3004,1651655579,1.055556,1.213889,0.0,444.350058,59.96824,1
2919,3004,1651655580,2.269444,1.130556,-0.1035,955.352625,80.11622,1
2920,3004,1651655581,3.4,0.675,-0.078639,1431.274924,71.985062,1
2921,3004,1651655585,4.980556,0.327778,-0.064415,2096.630669,59.028546,1
2922,3004,1651655594,3.941667,0.641667,-0.083023,1659.296665,49.060969,1
2923,3004,1651655596,6.111111,0.265278,-0.072275,2572.552968,66.198695,1
2924,3004,1651655600,7.675,1.163889,-0.153699,3230.89266,116.839025,1
2925,3004,1651655603,10.35,0.169444,-0.117619,4356.969255,65.332165,1
2926,3004,1651655604,10.519444,-0.7,-0.113924,4428.299132,20.742431,1
2927,3004,1651655609,4.522222,0.705556,-0.057269,1903.689197,25.757482,1
2928,3004,1651655610,5.227778,0.006944,-0.040176,2200.70213,6.424139,0
2929,3004,1651655613,5.030556,0.061111,0.033458,2117.67883,-28.145111,1
2930,3004,1651655619,8.411111,0.652778,-0.044598,3540.768358,11.797697,1
2931,3004,1651655622,7.155556,-3.491667,-0.058433,3012.225658,-188.811487,1
2932,3004,1651655626,2.258333,0.955556,0.0,950.675256,28.643613,1
2933,3004,1651655628,3.827778,0.669444,0.0,1611.353632,38.763057,1
2934,3004,1651655629,4.497222,0.991667,-0.052615,1893.165116,9.702469,0
2935,3004,1651655641,0.0,0.0,0.0,0.0,-7.488001,1
2936,3004,1651655651,0.0,0.0,0.0,0.0,0.124167,1
2937,3004,1651655663,0.427778,0.116667,0.0,180.078708,-4.723882,1
2938,3004,1651655664,0.544444,-0.544444,0.0,229.191083,-44.592886,1
2939,3004,1651655668,0.886111,1.141667,0.0,373.02018,37.650644,1
2940,3004,1651655669,2.027778,0.461111,0.0,853.619849,25.872559,1
2941,3004,1651655672,2.5,-0.097222,-0.086298,1052.408033,21.780514,1
2942,3004,1651655674,2.305556,0.008333,-0.100076,970.554074,37.231023,1
2943,3004,1651655676,2.583333,0.152778,0.0,1087.4883,-2.653304,1
2944,3004,1651655679,3.780556,0.416667,-0.109878,1591.474814,70.673686,1
2945,3004,1651655681,4.280556,-0.330556,-0.089911,1801.95642,30.757082,1
2946,3004,1651655692,2.391667,-0.483333,0.0,1006.803684,-40.997132,1
2947,3004,1651655700,0.911111,-0.455556,0.0,383.544261,-39.241401,1
2948,3004,1651655707,0.0,0.0,0.0,0.0,18.387622,1
2949,3004,1651655708,0.0,1.063889,0.0,0.0,36.206678,1
2950,3004,1651655711,0.952778,-0.313889,0.0,401.084395,-30.699724,1
2951,3004,1651655713,0.0,0.0,0.0,0.0,-8.381672,1
2952,3004,1651655718,0.0,0.0,0.0,0.0,5.013911,1
2953,3004,1651655722,0.0,0.0,0.0,0.0,-2.903718,1
2954,3004,1651655724,0.0,0.0,0.0,0.0,7.691705,1
2955,3004,1651655727,1.069444,0.802778,0.0,450.196769,17.003697,1
2956,3004,1651655732,3.363889,0.511111,0.069136,1416.073475,-21.699877,1
2957,3004,1651655736,3.286111,1.313889,-0.068313,1383.331892,77.513972,1
2958,3004,1651655737,4.6,1.377778,-0.069136,1936.43078,115.31611,1
2959,3004,1651655750,6.997222,-0.386111,-0.077089,2945.573149,16.80229,1
2960,3004,1651655751,6.611111,0.302778,-0.080927,2783.034575,16.286809,1
2961,3004,1651655752,6.913889,-0.705556,-0.077089,2910.492881,-9.787817,1
2962,3004,1651655759,4.980556,2.138889,-0.044619,2096.630669,49.291513,1
2963,3004,1651655763,5.375,0.833333,0.0,2262.67727,3.544155,0
2964,3004,1651655772,4.233333,0.463889,0.0,1782.077602,-0.334329,1
2965,3004,1651655773,4.697222,0.719444,0.032241,1977.357759,1.443243,0
2966,3004,1651655777,5.705556,0.405556,-0.044971,2401.828999,68.865601,1
2967,3004,1651655779,8.133333,0.911111,-0.089704,3423.834132,95.581515,1
2968,3004,1651655780,9.044444,0.744444,-0.110209,3807.378393,69.780967,1
2969,3004,1651655782,8.997222,-0.477778,-0.086165,3787.499575,9.461799,0
2970,3004,1651655786,6.163889,0.55,-0.043404,2594.770471,0.31261,0
2971,3004,1651655790,7.736111,1.4,-0.039955,3256.618189,64.198497,1
2972,3004,1651655796,4.969444,1.327778,0.0,2091.9533,24.30792,1
2973,3004,1651655797,6.297222,1.388889,0.0,2650.8989,48.482887,1
2974,3004,1651655800,8.472222,-0.091667,-0.099896,3566.493888,11.096666,1
2975,3004,1651655806,5.227778,-0.052778,-0.066097,2200.70213,9.807333,0
2976,3004,1651655808,4.286111,-2.819444,0.0,1804.295105,-182.080796,1
2977,3004,1651655810,0.675,-0.397222,0.0,284.150169,-35.717537,1
2978,3004,1651655811,0.277778,0.247222,0.0,116.934226,14.907025,0
2979,3004,1651655812,0.525,0.238889,0.0,221.005687,6.816523,0
2980,3004,1651655814,1.002778,0.205556,0.0,422.132555,1.455441,0
2981,3004,1651655815,1.208333,0.272222,0.0,508.663882,-3.860628,1
2982,3004,1651655833,0.677778,-0.2,0.0,285.319511,-23.824462,1
2983,3004,1651655837,0.677778,-0.122222,0.0,285.319511,-19.134211,1
2984,3004,1651655840,0.566667,-0.084722,-0.107717,238.545821,0.167258,0
2985,3004,1651655849,0.283333,0.080556,0.0,119.27291,4.856436,0
2986,3004,1651655854,0.230556,0.072222,0.0,97.055407,4.354356,0
2987,3004,1651655868,0.911111,0.108333,-0.134416,383.544261,18.640836,1
2988,3004,1651655874,1.044444,0.5,-0.137616,439.672689,74.368628,1
2989,3004,1651655875,1.544444,0.380556,-0.137616,650.154296,51.315397,1
2990,3004,1651655879,1.636111,-0.186111,0.0,688.74259,-23.023486,1
2991,3004,1651655888,0.344444,-0.344444,0.0,144.99844,-32.529309,1
2992,3004,1651655915,7.336111,-0.15,0.072259,3088.232904,-64.096589,1
2993,3004,1651655921,4.438889,1.2,-0.063009,1868.608929,33.959725,1
2994,3004,1651655922,5.638889,1.044444,-0.061714,2373.764784,86.597586,1
2995,3004,1651655931,12.536111,0.505556,-0.084453,5277.241612,39.099239,1
2996,3004,1651655944,5.658333,1.163889,0.0,2381.95018,23.271621,1
2997,3004,1651655950,2.444444,-0.893056,0.0,1029.021187,-65.708913,1
2998,3004,1651655954,1.630556,-0.072222,0.0,686.403906,-16.15532,1
2999,3004,1651655971,0.0,0.0,0.0,0.0,39.087571,1
3000,3004,1651655983,9.511111,0.658333,-0.084256,4003.827893,77.568093,1
3001,3004,1651655984,10.169444,0.102778,-0.099656,4280.962008,44.761536,1
3002,3004,1651655985,10.272222,0.027778,-0.080221,4324.227671,-3.563881,1
3003,3004,1651655992,4.872222,0.555556,-0.122266,2051.026321,73.884736,1
3004,3004,1651655993,5.427778,0.638889,-0.070264,2284.894773,77.494305,1
3005,3004,1651655994,6.066667,0.866667,-0.076306,2553.843492,81.963512,1
3006,3004,1651655995,6.933333,0.886111,-0.092474,2918.678277,80.441222,1
3007,3004,1651655997,8.447222,0.688889,-0.075564,3555.969808,43.276155,1
3008,3004,1651656017,4.919444,0.955556,-0.064415,2070.90514,72.901996,1
3009,3004,1651656023,9.058333,0.227778,-0.041891,3813.225104,5.918498,0
3010,3004,1651656175,9.455556,1.233333,-0.044812,3980.441047,58.601417,1
3011,3004,1651656176,10.688889,1.2,-0.017935,4499.62901,50.404614,1
3012,3004,1651656177,11.888889,0.380556,0.0,5004.784866,29.959479,1
3013,3004,1651656178,12.269444,0.844444,0.015228,5164.984755,15.129834,1
3014,3004,1651656185,14.419444,0.458333,0.060094,6070.055663,-22.827365,1
3015,3004,1651656192,12.336111,-0.569444,-0.130166,5193.048969,8.970311,0
3016,3004,1651656194,11.116667,-0.741667,-0.083941,4679.707718,-9.194348,1
3017,3004,1651656204,4.630556,-0.294444,0.0,1949.293545,-29.865798,1
3018,3004,1651656208,3.116667,0.402778,0.0,1312.002014,15.291398,1
3019,3004,1651656214,7.727778,1.438889,0.0,3253.110163,52.264719,1
3020,3004,1651656215,9.166667,1.563889,0.017967,3858.829453,27.748169,1
3021,3004,1651656216,10.730556,-0.005556,0.028946,4517.169144,-30.997908,1
3022,3004,1651656228,0.0,0.0,0.0,0.0,-14.331281,1
3023,3004,1651656233,0.0,0.0,0.0,0.0,-0.001843,1
3024,3004,1651656234,0.0,0.0,0.0,0.0,38.484444,1
3025,3004,1651656238,3.827778,1.836111,0.0,1611.353632,41.624199,1
3026,3004,1651656241,4.794444,0.158333,-0.038204,2018.284738,9.324234,0
3027,3004,1651656262,11.133333,-0.288889,-0.081627,4686.723771,2.616479,0
3028,3004,1651656268,7.45,-0.077778,0.0,3136.175937,-17.361798,1
3029,3004,1651656275,6.291667,0.283333,0.0,2648.560215,-12.051963,1
3030,3004,1651656278,6.158333,0.190278,-0.031957,2592.431787,11.323291,1
3031,3004,1651656282,7.427778,0.288889,0.038618,3126.821199,-17.931041,1
3032,3004,1651656287,9.383333,1.861111,0.025652,3950.038149,4.218175,0
3033,3004,1651656294,11.175,0.333333,-0.039938,4704.263905,3.284515,0
3034,3004,1651656295,11.508333,0.180556,-0.03497,4844.584976,17.416906,1
3035,3004,1651656296,11.688889,0.044444,-0.052428,4920.592223,26.500513,1
3036,3004,1651656298,12.119444,-0.225,-0.064736,5101.840273,-3.562977,1
3037,3004,1651656305,11.163889,0.225,0.0,4699.586536,-0.243361,1
3038,3004,1651656321,10.402778,-0.016667,-0.115094,4379.186758,39.970972,1
3039,3004,1651656324,11.405556,0.194444,-0.024512,4801.319313,27.486076,1
3040,3004,1651656327,12.347222,0.308333,-0.032402,5197.726338,18.06871,1
3041,3004,1651656328,12.655556,-0.155556,-0.055885,5327.523329,17.716514,1
3042,3004,1651656341,8.163889,-0.827778,0.0,3436.696897,-62.77304,1
3043,3004,1651656348,2.977778,1.158333,0.032241,1253.534901,41.110298,1
3044,3004,1651656350,6.025,1.636111,-0.084696,2536.303358,109.839579,1
3045,3004,1651656351,7.661111,1.219444,-0.08803,3225.045949,107.293258,1
3046,3004,1651656353,10.047222,0.694444,-0.04822,4229.510948,30.304269,1
3047,3004,1651656355,10.180556,1.025,0.0,4285.639377,7.324718,0
3048,3004,1651656357,12.258333,0.386111,0.0,5160.307386,24.315902,1
3049,3004,1651656358,12.644444,0.663889,0.0,5322.84596,25.70209,1
3050,3004,1651656359,13.308333,0.527778,-0.053566,5602.31876,17.674966,0
3051,3004,1651656365,14.583333,0.777778,0.031686,6139.046856,1.513979,0
3052,3004,1651656377,13.719444,0.052778,0.0,5775.381414,-11.677609,1
3053,3004,1651656378,13.772222,-0.591667,-0.03719,5797.598917,-28.699967,1
3054,3004,1651656393,3.133333,-1.013889,0.0,1319.018067,-73.05892,1
3055,3004,1651656415,0.0,0.0,0.0,0.0,22.203798,1
3056,3004,1651656419,3.563889,1.308333,0.0,1500.266117,38.096194,1
3057,3004,1651656421,5.361111,0.35,0.0,2256.830559,7.398284,0
3058,3004,1651656440,5.266667,0.875,0.029992,2217.072922,24.926486,1
3059,3004,1651656455,8.633333,-0.269444,0.03461,3634.315739,-49.566598,1
3060,3004,1651656462,8.719444,0.772222,0.022128,3670.565349,1.281823,0
3061,3004,1651656473,0.888889,0.072222,0.0,374.189523,-7.414038,1
3062,3004,1651656476,0.0,0.0,0.0,0.0,-1.936933,1
3063,3004,1651656481,0.0,0.0,0.0,0.0,-0.001495,1
3064,3004,1651656489,0.0,0.0,0.0,0.0,-0.0,1
3065,3004,1651656494,0.0,0.0,0.0,0.0,-0.0,1
3066,3004,1651656501,1.05,0.683333,0.0,442.011374,26.661802,1
3067,3004,1651656510,4.352778,0.494444,0.114902,1832.359319,-49.567032,1
3068,3004,1651656511,4.847222,0.594444,0.139534,2040.502241,-57.936636,1
3069,3004,1651656514,7.016667,0.227778,0.096643,2953.758545,-55.497037,1
3070,3004,1651656524,0.544444,0.619444,0.0,229.191083,27.003768,1
3071,3004,1651656525,1.163889,1.052778,0.0,489.954406,22.121073,1
3072,3004,1651656527,2.355556,0.927778,0.0,991.602235,13.082055,1
3073,3004,1651656528,3.283333,0.55,0.0,1382.162549,0.50924,0
3074,3004,1651656531,4.425,0.458333,0.0,1862.762218,3.665607,0
3075,3004,1651656543,3.786111,-0.35,0.084256,1593.813498,-82.525376,1
3076,3004,1651656545,4.119444,0.525,0.084256,1734.134569,-29.803528,1
3077,3004,1651656547,5.241667,0.586111,0.0,2206.548842,-0.286314,1
3078,3004,1651656588,5.85,-0.480556,0.124179,2462.634796,-114.015772,1
3079,3004,1651656597,0.325,-0.325,0.0,136.813044,-31.356532,1
3080,3004,1651656622,4.130556,0.683333,0.0,1738.811938,34.957175,1
3081,3004,1651656623,4.813889,0.861111,0.0,2026.470134,7.34785,0
3082,3004,1651656635,4.497222,0.213889,0.0,1893.165116,-9.284107,1
3083,3004,1651656650,0.0,0.0,0.0,0.0,-0.945477,1
3084,3004,1651656651,0.0,0.0,0.0,0.0,-0.15758,1
3085,3004,1651656660,7.125,-0.288889,0.078639,2999.362893,-76.155388,1
3086,3004,1651656667,4.963889,0.963889,0.0,2089.614616,21.370779,1
3087,3004,1651656668,5.927778,1.619444,0.044972,2495.376379,4.314212,0
3088,3004,1651656681,4.116667,0.869444,0.156697,1732.965227,-51.193262,1
3089,3004,1651656690,0.272222,0.602778,0.0,114.595541,36.348223,0
3090,3004,1651656705,4.402778,0.438889,0.03898,1853.407479,-8.507945,1
3091,3004,1651656706,4.841667,0.683333,0.0,2038.163556,12.41511,1
3092,3004,1651656707,5.525,0.513889,0.029221,2325.821752,28.401187,1
3093,3004,1651656712,7.413889,-2.994444,0.0,3120.974488,-193.237359,1
3094,3004,1651656730,0.0,0.0,0.0,0.0,-5.4e-05,1
3095,3004,1651656743,1.136111,0.680556,0.0,478.260984,34.209141,1
3096,3004,1651656752,2.983333,2.1,-0.086645,1255.873585,73.554438,1
3097,3004,1651656753,5.083333,0.75,-0.053305,2139.896333,56.763255,1
3098,3004,1651656762,0.0,0.0,0.0,0.0,-6.622298,1
3099,3004,1651656768,0.0,0.0,0.0,0.0,-0.000852,1
3100,3004,1651656775,1.266667,0.9,-0.083023,533.22007,58.677905,1
3101,3004,1651656777,3.213889,0.180556,-0.078639,1352.928993,53.259204,1
3102,3004,1651656780,4.425,0.519444,-0.057269,1862.762218,50.726913,1
3103,3004,1651656781,4.944444,0.483333,-0.057269,2081.42922,40.54893,1
3104,3004,1651656801,0.0,0.0,0.0,0.0,-0.0,1
3105,3004,1651656810,0.0,0.0,0.0,0.0,-0.0,1
3106,3004,1651656812,0.0,0.0,0.0,0.0,-0.0,1
3107,3004,1651656817,0.0,0.0,0.0,0.0,-0.0,1
3108,3004,1651656818,0.0,0.0,0.0,0.0,-0.0,1
3109,3004,1651656837,2.525,0.886111,0.0,1062.932113,10.219515,0
3110,3004,1651656845,6.183333,1.619444,-0.065574,2602.955867,75.21982,1
3111,3004,1651656848,7.419444,-0.288889,-0.178101,3123.313172,50.002601,1
3112,3004,1651656855,0.852778,-0.177778,-0.178392,358.988073,-10.512302,1
3113,3004,1651656858,0.0,0.0,0.0,0.0,-1.457456,1
3114,3004,1651656859,0.0,0.0,0.0,0.0,-0.242909,1
3115,3004,1651656868,1.786111,1.202778,-0.124179,751.887072,87.007368,1
3116,3004,1651656869,2.988889,0.488889,-0.110607,1258.21227,77.468474,1
3117,3004,1651656872,4.094444,-0.627778,-0.109878,1723.610489,47.508091,1
3118,3004,1651656874,3.513889,0.847222,-0.103645,1479.217957,72.692484,1
3119,3004,1651656875,4.361111,0.938889,-0.083023,1835.867346,47.916929,1
3120,3004,1651656882,0.658333,0.386111,0.0,277.134115,-35.360655,1
3121,3004,1651656883,1.044444,-1.044444,0.0,439.672689,-74.757601,1
3122,3004,1651656890,0.0,0.0,0.0,0.0,12.977622,1
3123,3004,1651656893,1.377778,1.525,0.0,579.99376,56.322459,1
3124,3004,1651656898,7.922222,0.231944,-0.023181,3334.964121,8.540513,0
3125,3004,1651656909,5.586111,0.622222,-0.052615,2351.547282,41.664207,1
3126,3004,1651656912,4.166667,-2.236111,0.0,1754.013388,-146.887264,1
3127,3004,1651656914,1.522222,-0.441667,0.0,640.799558,-38.428379,1
3128,3004,1651656915,1.080556,0.231944,0.0,454.874138,-14.71341,1
3129,3004,1651656920,0.977778,0.072222,0.0,411.608475,-7.416774,1
3130,3004,1651656924,3.544444,-0.156944,-0.101626,1492.080722,67.113621,1
3131,3004,1651656926,3.230556,0.777778,-0.114903,1359.945046,66.154626,1
3132,3004,1651656927,4.008333,-0.066667,-0.115303,1687.360879,38.315141,1
3133,3004,1651656930,2.855556,1.680556,-0.057269,1202.083842,31.877378,1
3134,3004,1651656945,6.183333,-0.133333,-0.04834,2602.955867,2.637659,0
3135,3004,1651656949,3.066667,-1.702778,0.0,1290.953853,-114.594327,1
3136,3004,1651656950,1.363889,-0.681944,0.0,574.147049,-52.910369,1
3137,3004,1651656953,0.0,0.0,0.0,0.0,30.99734,1
3138,3004,1651656954,0.0,2.427778,0.0,0.0,58.969793,1
3139,3004,1651656955,2.427778,0.644444,0.0,1022.005134,29.131033,1
3140,3004,1651656956,3.072222,-0.077778,0.0,1293.292538,-16.602146,1
3141,3004,1651656963,0.0,0.0,0.0,0.0,-0.046433,1
3142,3004,1651656975,2.488889,0.969444,0.0,1047.730663,80.286912,1
3143,3004,1651656976,3.458333,0.45,-0.089018,1455.831112,66.948208,1
3144,3004,1651656978,4.358333,0.327778,-0.083927,1834.698003,56.570681,1
3145,3004,1651656980,4.841667,0.066667,-0.066841,2038.163556,37.63231,1
3146,3004,1651656983,4.219444,0.019444,-0.064793,1776.23089,10.744625,1
3147,3004,1651656984,4.238889,0.634722,-0.071968,1784.416286,41.518799,1
3148,3004,1651656986,5.508333,0.488889,-0.071968,2318.805698,42.1455,1
3149,3004,1651656987,5.997222,0.0,-0.061715,2524.609936,23.210424,1
3150,3004,1651656997,0.211111,-0.211111,0.0,88.870012,-12.731416,1
3151,3004,1651657013,3.075,0.022222,0.0,1294.46188,-10.572105,1
3152,3004,1651657016,4.147222,0.672222,0.0,1745.827992,4.119021,0
3153,3004,1651657022,3.086111,0.536111,0.0,1299.139249,-0.056053,1
3154,3004,1651657023,3.622222,0.713889,0.0,1524.822305,5.839883,0
3155,3004,1651657029,5.222222,-0.233333,-0.06233,2198.363446,0.584461,0
3156,3004,1651657031,4.886111,0.191667,-0.068313,2056.873032,39.172299,1
3157,3004,1651657034,5.802778,-0.241667,-0.102271,2442.755978,38.380585,1
3158,3004,1651657039,4.619444,0.113889,-0.019211,1944.616176,16.761837,1
3159,3004,1651657046,0.163889,0.016667,0.0,68.991193,1.004611,0
3160,3004,1651657055,2.438889,0.833333,-0.15324,1026.682503,101.948539,1
3161,3004,1651657056,3.272222,0.780556,-0.103645,1377.48518,98.912253,1
3162,3004,1651657058,5.369444,1.225,-0.043404,2260.338585,65.573467,1
3163,3004,1651657060,2.591667,-0.354167,-0.056251,1090.996327,-0.158375,1
3164,3004,1651657064,2.591667,0.391667,-0.107739,1090.996327,74.280483,1
3165,3004,1651657065,2.983333,0.55,-0.10323,1255.873585,86.586024,1
3166,3004,1651657066,3.533333,0.733333,-0.119756,1487.403353,99.53936,1
3167,3004,1651657069,4.413889,-0.683333,-0.06233,1858.084849,-16.647558,1
3168,3004,1651657082,0.0,0.405556,0.0,0.0,28.970134,1
3169,3004,1651657086,5.022222,-0.247222,-0.08803,2114.170803,57.526398,1
3170,3004,1651657089,12.558333,-0.175,-0.105963,5286.59635,23.747539,1
3171,3004,1651657090,12.383333,-0.402778,-0.138202,5212.927788,16.931134,1
3172,3004,1651657090,4.883333,0.002778,-0.088693,2055.70369,13.455206,1
3173,3004,1651657091,11.980556,-0.920833,-0.099775,5043.37316,-11.042637,1
3174,3004,1651657092,4.819444,0.036111,-0.06233,2028.808818,-0.158138,1
3175,3004,1651657094,4.336111,-0.575,0.0,1825.343265,-46.740663,1
3176,3004,1651657095,8.333333,-1.394444,-0.05343,3508.026775,-65.582249,1
3177,3004,1651657098,2.905556,0.613889,-0.086645,1223.132002,34.243152,1
3178,3004,1651657099,3.519444,0.025,-0.057844,1481.556641,8.815718,0
3179,3004,1651657101,3.144444,-1.616667,0.0,1323.695436,-109.409516,1
3180,3004,1651657104,0.0,0.0,0.0,0.0,-2.886796,1
3181,3004,1651657111,0.0,0.0,0.0,0.0,-6.2e-05,1
3182,3004,1651657122,0.0,0.0,0.0,0.0,-0.0,1
3183,3004,1651657123,0.0,0.0,0.0,0.0,9.031752,1
3184,3004,1651657126,1.516667,0.855556,0.0,638.460873,71.73055,1
3185,3004,1651657148,0.0,0.747222,0.0,0.0,5.607827,1
3186,3004,1651657149,0.747222,-0.155556,0.0,314.553067,-21.145951,1
3187,3004,1651657159,1.727778,0.854167,0.0,727.330885,27.052452,1
3188,3004,1651657161,3.436111,0.483333,0.0,1446.476374,11.2578,1
3189,3004,1651657164,3.911111,0.786111,0.0,1646.4339,15.721676,1
3190,3004,1651657165,4.697222,0.640278,0.0,1977.357759,30.789483,1
3191,3004,1651657168,7.216667,0.516667,0.0,3037.951187,15.036841,1
3192,3004,1651657177,6.502778,-0.434722,0.064736,2737.430227,-76.670033,1
3193,3004,1651657179,5.633333,-0.688889,0.0,2371.4261,-53.821805,1
3194,3004,1651657185,0.0,0.0,0.0,0.0,-2.928709,1
3195,3004,1651657187,0.0,0.0,0.0,0.0,-0.081353,1
3196,3004,1651657191,0.0,0.0,0.0,0.0,6.532522,1
3197,3004,1651657197,3.041667,0.344444,0.0,1280.429773,20.141137,1
3198,3004,1651657212,5.669444,0.844444,0.043822,2386.627549,1.84967,0
3199,3004,1651657217,7.491667,0.033333,0.098227,3153.716071,-68.261065,1
3200,3004,1651657225,10.175,0.329167,-0.073835,4283.300692,40.777348,1
3201,3004,1651657229,11.658333,-0.036111,-0.049888,4907.729458,4.863481,0
3202,3004,1651657254,13.458333,0.283333,-0.02015,5665.463242,15.212299,0
3203,3004,1651657255,13.741667,0.106944,-0.047416,5784.736152,15.824334,0
3204,3004,1651657266,15.397222,0.011111,0.025352,6481.664138,-29.892437,1
3205,3004,1651657271,15.613889,-0.022222,0.025352,6572.872834,-32.013349,1
3206,3004,1651657275,15.5,-0.05,-0.151095,6524.929802,28.015993,0
3207,3004,1651657284,14.419444,-0.036111,0.063184,6070.055663,-54.45483,1
3208,3004,1651657285,14.383333,-0.127778,0.056009,6054.854214,-55.760502,1
3209,3004,1651657289,12.366667,-0.811111,0.0,5205.911734,-63.190941,1
3210,3004,1651657314,0.0,0.959722,0.0,0.0,61.887727,1
3211,3004,1651657316,1.919444,1.547222,-0.103502,808.015501,89.859122,1
3212,3004,1651657323,8.705556,0.594444,0.0,3664.718638,23.026219,1
3213,3004,1651657324,9.3,-0.013889,0.0,3914.957881,-14.020115,1
3214,3004,1651657327,9.877778,0.633333,0.0,4158.181071,22.74412,1
3215,3004,1651657330,11.919444,0.441667,-0.024305,5017.647631,29.558803,1
3216,3004,1651657331,12.361111,0.572222,0.0,5203.57305,18.437505,1
3217,3004,1651657332,12.933333,0.622222,0.014882,5444.457555,0.38602,0
3218,3004,1651657338,14.480556,0.547222,-0.027234,6095.781193,17.778479,0
3219,3004,1651657339,15.027778,0.266667,-0.050671,6326.141618,19.919962,0
3220,3004,1651657358,6.744444,-2.072222,0.053305,2839.163003,-168.770143,1
3221,3004,1651657361,1.233333,-1.233333,0.0,519.187963,-86.155306,1
3222,3004,1651657363,0.0,0.0,0.0,0.0,-2.393203,1
3223,3004,1651657385,3.297222,0.513889,0.0,1388.009261,-2.588755,1
3224,3004,1651657388,5.777778,0.927778,0.029411,2432.231897,17.630838,1
3225,3004,1651657405,4.697222,1.240278,0.016095,1977.357759,35.836152,1
3226,3004,1651657407,7.177778,1.288889,0.041524,3021.580396,37.860437,1
3227,3004,1651657408,8.466667,1.394444,0.029669,3564.155203,21.845587,1
3228,3004,1651657437,6.955556,-0.138889,0.02163,2928.033015,-33.640403,1
3229,3004,1651657440,6.394444,-0.470833,0.069931,2691.825879,-81.867569,1
3230,3004,1651657464,4.747222,-0.277778,0.114902,1998.40592,-96.193725,1
3231,3004,1651657474,0.0,0.0,0.0,0.0,-0.403523,1
3232,3005,1651657477,0.0,0.0,0.0,0.0,-0.011209,1
3233,3005,1651657498,3.086111,0.555556,0.106538,1299.139249,-40.850855,1
3234,3005,1651657521,5.236111,-0.338889,0.069136,2204.210157,-73.223059,1
3235,3005,1651657522,4.897222,0.344444,0.058766,2061.550401,-25.884027,1
3236,3005,1651657528,7.027778,-0.081944,0.062212,2958.435914,-54.034723,1
3237,3005,1651657537,5.647222,-0.966667,0.053728,2377.272811,-102.124989,1
3238,3005,1651657551,4.988889,-0.652778,0.103645,2100.138696,-112.283094,1
3239,3005,1651657553,4.3,0.480556,0.083023,1810.141816,-31.787542,1
3240,3005,1651657554,4.780556,0.555556,0.114164,2012.438027,-45.516336,1
3241,3005,1651657557,5.725,-0.461111,0.124179,2410.014394,-112.819354,1
3242,3005,1651657586,6.502778,0.213889,0.129591,2737.430227,-75.418975,1
3243,3005,1651657590,6.25,-0.930556,0.057269,2631.020081,-102.141594,1
3244,3005,1651657593,4.094444,-0.519444,0.0,1723.610489,-43.356885,1
3245,3005,1651657602,6.297222,0.436111,0.05542,2650.8989,-18.65283,1
3246,3005,1651657616,5.822222,0.068056,0.124864,2450.941373,-81.325858,1
3247,3005,1651657625,0.15,2.197222,0.107725,63.144482,69.299848,0
3248,3005,1651657626,2.347222,0.866667,0.058392,988.094208,12.246888,1
3249,3005,1651657636,4.372222,-0.358333,0.08393,1840.544715,-82.915804,1
3250,3005,1651657650,0.0,0.0,0.0,0.0,-0.323422,1
3251,3005,1651657675,0.0,0.0,0.0,0.0,-0.0,1
3252,3005,1651657681,0.741667,1.5375,0.0,312.214383,35.815419,1
3253,3005,1651657711,0.0,0.0,0.0,0.0,-4e-06,1
3254,3005,1651657714,0.0,0.0,0.0,0.0,-0.0,1
3255,3005,1651657719,0.0,0.0,0.0,0.0,-0.0,1
3256,3005,1651657721,0.0,0.0,0.0,0.0,-0.0,1
3257,3005,1651657738,0.0,0.0,0.0,0.0,-0.0,1
3258,3005,1651657745,0.741667,0.386111,0.0,312.214383,14.855106,0
3259,3005,1651657749,2.691667,0.472222,0.0,1133.092648,11.585763,0
3260,3005,1651657752,3.605556,-0.036111,0.0,1517.806251,-14.148244,1
3261,3005,1651657754,2.094444,-0.118056,-0.052486,881.684063,6.300885,0
3262,3005,1651657755,3.458333,0.2125,-0.055984,1455.831112,14.630974,1
3263,3005,1651657756,1.858333,0.297222,0.0,782.289971,9.777712,0
3264,3005,1651657759,4.613889,-0.105556,-0.053728,1942.277491,24.387661,1
3265,3005,1651657763,2.969444,0.152778,0.0,1250.026874,-2.688661,1
3266,3005,1651657783,0.283333,0.180556,0.0,119.27291,10.886759,0
3267,3005,1651657791,0.0,0.0,0.0,0.0,-0.0,1
3268,3005,1651657797,1.075,0.688889,0.0,452.535454,27.054178,1
3269,3005,1651657798,1.763889,0.775,0.0,742.532334,23.046171,1
3270,3005,1651657804,0.858333,0.411111,0.0,361.326758,38.049897,1
3271,3005,1651657807,2.766667,0.9,-0.057269,1164.664889,79.653329,1
3272,3005,1651657808,3.666667,2.327778,-0.057269,1543.531781,70.857383,1
3273,3005,1651657810,0.0,0.0,0.0,0.0,-0.398587,1
3274,3005,1651657812,0.0,0.0,0.0,0.0,-0.011072,1
3275,3005,1651657814,6.830556,0.433333,-0.110345,2875.412613,77.119948,1
3276,3005,1651657815,7.263889,0.561111,-0.098402,3057.830006,63.44398,1
3277,3005,1651657816,7.825,-0.102778,-0.086166,3294.037142,40.354406,1
3278,3005,1651657817,7.722222,-0.236111,-0.082906,3250.771478,18.720868,1
3279,3005,1651657818,0.0,0.0,0.0,0.0,-9e-06,1
3280,3005,1651657822,0.0,0.0,0.0,0.0,-0.0,1
3281,3005,1651657832,3.008333,0.716667,0.0,1266.397666,24.019337,1
3282,3005,1651657833,3.725,1.213889,0.0,1568.087968,20.640176,1
3283,3005,1651657836,5.397222,1.188889,0.0,2272.032008,12.13282,1
3284,3005,1651657839,0.0,0.095833,0.0,0.0,12.856975,1
3285,3005,1651657841,0.191667,0.459722,0.0,80.684616,27.722128,0
3286,3005,1651657843,1.111111,0.9,-0.083023,467.736903,43.374094,1
3287,3005,1651657845,0.472222,-0.025,0.0,198.788184,-13.267499,1
3288,3005,1651657847,3.127778,-0.894444,0.0,1316.679383,-65.855461,1
3289,3005,1651657859,5.016667,0.205556,0.0,2111.832119,6.805608,0
3290,3005,1651657859,0.0,0.0,0.0,0.0,6.264993,1
3291,3005,1651657862,0.325,0.563889,0.0,136.813044,22.246337,0
3292,3005,1651657870,6.708333,0.019444,-0.130588,2823.961554,66.94172,1
3293,3005,1651657872,1.511111,-0.358333,0.0,636.122189,-33.402554,1
3294,3005,1651657874,1.419444,0.536111,0.0,597.533894,6.388899,0
3295,3005,1651657875,4.222222,-0.558333,-0.114903,1777.400233,22.596255,1
3296,3005,1651657876,3.663889,-0.355556,-0.103499,1542.362439,31.935101,1
3297,3005,1651657877,3.308333,0.3875,-0.078639,1392.68663,35.281871,1
3298,3005,1651657877,2.263889,-0.147222,-0.0441,953.013941,-1.506053,1
3299,3005,1651657881,2.208333,0.225,0.0,929.627095,8.437724,0
3300,3005,1651657887,4.783333,0.552778,-0.05404,2013.607369,52.772912,1
3301,3005,1651657888,5.336111,0.666667,-0.029757,2246.306478,71.357861,1
3302,3005,1651657890,7.8,2.302778,-0.036046,3283.513061,112.033457,1
3303,3005,1651657892,12.527778,0.169444,0.03719,5273.733585,-25.97381,1
3304,3005,1651657895,13.302778,0.9,0.020759,5599.980075,14.444815,0
3305,3005,1651657898,16.694444,0.513889,0.0,7027.746973,17.0256,0
3306,3005,1651657900,1.619444,1.327778,0.0,681.726537,47.226931,1
3307,3005,1651657901,2.947222,0.555556,0.0,1240.672136,45.510398,1
3308,3005,1651657905,6.461111,0.194444,-0.030903,2719.890093,17.542214,1
3309,3005,1651657907,6.477778,-0.386111,-0.024675,2726.906146,-21.225775,1
3310,3005,1651657908,16.841667,-1.480556,-0.04179,7089.722112,-81.148273,1
3311,3005,1651657909,15.361111,-0.669444,-0.03459,6466.462689,-35.681944,1
3312,3005,1651657917,2.458333,0.972222,-0.100076,1034.867899,62.859729,1
3313,3005,1651657918,3.430556,0.5875,-0.069443,1444.137689,55.431635,1
3314,3005,1651657930,2.102778,0.530556,0.089911,885.19209,-32.567136,1
3315,3005,1651657931,0.477778,-0.156944,0.0,201.126868,-21.224262,1
3316,3005,1651657931,2.633333,0.911111,0.0,1108.536461,-0.447478,1
3317,3005,1651657934,3.944444,1.102778,0.0,1660.466007,29.784349,1
3318,3005,1651657938,6.316667,0.475,-0.046784,2659.084295,27.031699,1
3319,3005,1651657940,6.955556,0.355556,0.0,2928.033015,5.917296,0
3320,3005,1651657943,7.952778,0.509722,-0.022299,3347.826886,19.859486,1
3321,3005,1651657945,8.972222,0.458333,-0.049423,3776.975494,43.246804,1
3322,3005,1651657945,0.0,0.0,0.0,0.0,-0.0,1
3323,3005,1651657946,9.430556,0.930556,-0.047741,3969.916967,60.124955,1
3324,3005,1651657947,10.361111,0.786111,-0.054453,4361.646624,68.729223,1
3325,3005,1651657954,1.163889,0.208333,-0.100076,489.954406,16.85371,1
3326,3005,1651657954,13.808333,0.113889,0.03719,5812.800366,-29.880162,1
3327,3005,1651657955,13.922222,0.683333,-0.025707,5860.743399,1.691665,0
3328,3005,1651657956,1.508333,0.847222,-0.092475,634.952846,48.276534,1
3329,3005,1651657957,2.355556,0.2625,-0.119434,991.602235,64.798909,1
3330,3005,1651657959,17.027778,1.272222,0.022061,7168.068044,6.374126,0
3331,3005,1651657959,2.880556,0.344444,-0.109878,1212.607922,60.614373,1
3332,3005,1651657961,3.205556,-0.201389,-0.104795,1349.420966,33.726463,1
3333,3005,1651657963,2.802778,-0.013889,-0.057844,1179.866339,18.356257,1
3334,3005,1651657981,2.869444,0.108333,-0.078639,1207.930553,26.187811,1
3335,3005,1651657984,4.244444,0.772222,-0.057269,1786.754971,58.152256,1
3336,3005,1651657985,5.016667,0.802778,-0.032241,2111.832119,43.177624,1
3337,3005,1651657989,4.322222,0.183333,0.0,1819.496554,-1.008733,1
3338,3005,1651657996,11.908333,1.116667,0.016642,5012.970262,24.556407,1
3339,3005,1651658000,4.341667,0.191667,-0.086296,1827.68195,24.976173,1
3340,3005,1651658004,10.397222,-0.972222,-0.06715,4376.848073,-32.698463,1
3341,3005,1651658006,8.261111,-0.597222,-0.124182,3477.623876,18.866449,1
3342,3005,1651658007,3.205556,-0.236111,-0.056245,1349.420966,0.626389,0
3343,3005,1651658008,2.969444,0.743056,-0.050073,1250.026874,32.902756,1
3344,3005,1651658008,7.408333,1.686111,-0.089759,3118.635803,48.752557,1
3345,3005,1651658012,5.683333,0.383333,0.0,2392.474261,23.769099,1
3346,3005,1651658013,6.066667,-0.056944,-0.057145,2553.843492,13.562282,1
3347,3005,1651658013,6.872222,-1.536111,0.0,2892.952747,-105.167538,1
3348,3005,1651658019,4.255556,-1.338889,0.0,1791.43234,-92.794214,1
3349,3005,1651658023,2.777778,0.602778,0.0,1169.342258,2.655708,0
3350,3005,1651658025,0.0,0.0,0.0,0.0,-29.479338,1
3351,3005,1651658026,3.355556,-0.288889,0.0,1412.565448,-29.362861,1
3352,3005,1651658027,3.066667,0.2,0.0,1290.953853,-1.925212,1
3353,3005,1651658028,0.0,0.0,0.0,0.0,-0.818871,1
3354,3005,1651658029,3.75,0.683333,0.0,1578.612049,17.34976,1
3355,3005,1651658030,4.433333,-0.015278,-0.036369,1866.270244,17.732251,1
3356,3005,1651658033,4.161111,0.633333,-0.06233,1751.674703,48.695915,1
3357,3005,1651658036,0.0,0.0,0.0,0.0,-3e-06,1
3358,3005,1651658037,6.327778,-0.030556,-0.119167,2663.761665,57.016891,1
3359,3005,1651658038,6.297222,0.030556,-0.112405,2650.8989,51.922879,1
3360,3005,1651658039,2.680556,2.186111,0.0,1128.415279,112.947779,1
3361,3005,1651658040,4.866667,1.744444,-0.028946,2048.687637,109.742464,1
3362,3005,1651658044,3.802778,0.527778,0.0,1600.829552,9.825291,0
3363,3005,1651658046,11.441667,0.030556,-0.026672,4816.520762,2.133964,0
3364,3005,1651658047,5.380556,0.340278,-0.04822,2265.015954,32.084076,1
3365,3005,1651658052,7.136111,0.477778,-0.027731,3004.040262,22.049117,1
3366,3005,1651658058,4.358333,-0.027778,-0.066097,1834.698003,3.902009,0
3367,3005,1651658062,6.133333,0.45,-0.063785,2581.907706,31.84908,1
3368,3005,1651658063,1.611111,0.25,0.0,678.21851,16.651303,1
3369,3005,1651658065,2.680556,1.805556,0.0,1128.415279,69.007849,1
3370,3005,1651658068,6.122222,0.295833,0.0,2577.230337,2.978212,0
3371,3005,1651658068,4.05,0.475,-0.075149,1704.901013,16.094007,1
3372,3005,1651658070,6.713889,1.363889,0.073488,2826.300238,22.908712,1
3373,3005,1651658071,8.077778,1.602778,0.047996,3400.447287,29.09884,1
3374,3005,1651658072,9.680556,1.144444,0.062697,4075.15777,12.090231,1
3375,3005,1651658072,5.336111,-0.520833,-0.127351,2246.306478,13.01554,1
3376,3005,1651658078,1.641667,-0.452778,0.0,691.081275,-39.104647,1
3377,3005,1651658082,15.722222,0.091667,-0.062915,6618.477182,10.455048,0
3378,3005,1651658083,15.813889,0.230556,-0.050356,6657.065477,24.230266,0
3379,3005,1651658084,16.044444,0.219444,-0.050337,6754.120884,33.411196,0
3380,3005,1651658087,17.088889,0.458333,-0.033873,7193.793573,27.287098,0
3381,3005,1651658096,0.0,0.0,0.0,0.0,-0.0,1
3382,3005,1651658102,6.497222,-0.494444,-0.032205,2735.091542,-23.335647,1
3383,3005,1651658105,0.0,0.0,0.0,0.0,-0.0,1
3384,3005,1651658109,2.444444,0.708333,0.0,1029.021187,-1.359644,1
3385,3005,1651658114,1.233333,0.486111,0.0,519.187963,39.110258,1
3386,3005,1651658117,3.980556,0.783333,0.0,1675.667456,41.631826,1
3387,3005,1651658128,1.8,1.104167,-0.045646,757.733783,46.149007,1
3388,3005,1651658131,5.083333,0.751389,-0.049041,2139.896333,24.823228,1
3389,3005,1651658135,6.105556,-1.291667,0.0,2570.214284,-90.262667,1
3390,3005,1651658142,2.613889,1.358333,0.0,1100.351065,59.26035,1
3391,3005,1651658143,3.972222,1.533333,0.0,1672.159429,64.191494,1
3392,3005,1651658177,1.394444,1.038889,0.0,587.009814,13.740447,0
3393,3005,1651658184,2.741667,-0.327778,0.0,1154.140809,-31.646259,1
3394,3005,1651658185,2.413889,0.593056,0.0,1016.158423,5.818775,0
3395,3005,1651658191,5.947222,-0.375,-0.071611,2503.561775,16.491509,1
3396,3005,1651658193,5.197222,-0.252778,-0.086295,2187.839365,25.837966,1
3397,3005,1651658194,4.944444,0.277778,-0.067133,2081.42922,35.987508,1
3398,3005,1651658197,5.947222,0.355556,-0.043813,2503.561775,39.359473,1
3399,3005,1651658199,6.769444,0.422222,-0.040142,2849.687084,29.253687,1
3400,3005,1651658205,7.355556,-1.119444,-0.058389,3096.4183,-45.832463,1
3401,3005,1651658207,4.877778,-1.072222,0.0,2053.365006,-76.807073,1
3402,3005,1651658208,3.805556,-0.594444,0.0,1601.998894,-47.84199,1
3403,3005,1651658218,6.069444,0.313889,-0.070049,2555.012834,61.429258,1
3404,3005,1651658220,6.697222,0.633333,-0.123026,2819.284185,59.985413,1
3405,3005,1651658225,4.358333,-0.125,-0.080221,1834.698003,16.259443,1
3406,3005,1651658231,6.552778,0.291667,-0.095693,2758.478387,58.655284,1
3407,3005,1651658237,6.9,-1.5,-0.053803,2904.64617,-71.368131,1
3408,3005,1651658239,3.9,-0.3625,-0.051888,1641.756531,-3.364454,1
3409,3005,1651658243,3.713889,0.730556,0.0,1563.410599,2.63121,0
3410,3005,1651658254,3.0,0.297222,0.0,1262.889639,8.999396,0
3411,3005,1651658255,3.297222,0.563889,0.0,1388.009261,18.568255,1
3412,3005,1651658261,3.941667,0.169444,-0.052486,1659.296665,13.409611,1
3413,3005,1651658262,4.111111,0.233333,-0.044234,1730.626542,24.8002,1
3414,3005,1651658267,5.55,-0.2625,-0.052486,2336.345832,2.323748,0
3415,3005,1651658273,3.519444,0.123611,0.022413,1481.556641,-17.677191,1
3416,3005,1651658341,0.663889,0.005556,0.0,279.4728,-11.428492,1
3417,3005,1651658350,1.755556,1.052778,0.0,739.024307,15.336229,1
3418,3005,1651658352,2.905556,0.051389,-0.0441,1223.132002,1.134581,0
3419,3005,1651658356,3.333333,0.163889,0.0,1403.21071,-2.056448,1
3420,3005,1651658358,3.780556,0.233333,0.0,1591.474814,11.152843,1
3421,3005,1651658362,5.097222,0.602778,-0.051888,2145.743044,40.874372,1
3422,3005,1651658363,5.7,0.195833,-0.067138,2399.490314,39.315887,1
3423,3005,1651658367,6.563889,0.561111,-0.059931,2763.155756,56.591132,1
3424,3005,1651658368,7.125,0.494444,-0.081655,2999.362893,67.425525,1
3425,3005,1651658371,8.766667,0.652778,-0.103499,3690.444167,74.063187,1
3426,3005,1651658372,9.419444,0.211111,-0.098603,3965.239598,61.481936,1
3427,3005,1651658373,9.630556,0.294444,-0.088798,4054.10961,44.18322,1
3428,3005,1651658378,9.372222,-1.581944,-0.013063,3945.36078,-100.921764,1
3429,3005,1651658382,2.705556,0.2375,0.0,1138.93936,-14.927317,1
3430,3005,1651658384,3.180556,0.755556,0.0,1338.896886,15.846675,1
3431,3005,1651658385,3.936111,1.138889,0.027306,1656.95798,28.015422,1
3432,3005,1651658391,7.7,0.458333,0.0,3241.41674,5.044643,0
3433,3005,1651658392,8.158333,0.427778,0.0,3434.358213,5.508056,0
3434,3005,1651658406,0.0,0.0,0.0,0.0,-1.770359,1
3435,3005,1651658416,3.338889,0.363889,-0.052486,1405.549395,63.187983,1
3436,3005,1651658417,3.702778,0.525,-0.036046,1558.73323,57.505608,1
3437,3005,1651658418,4.227778,0.730556,-0.057844,1779.738917,64.734534,1
3438,3005,1651658419,4.958333,1.277778,-0.043404,2087.275931,64.853198,1
3439,3005,1651658420,6.236111,0.673611,-0.040838,2625.17337,42.233458,1
3440,3005,1651658422,7.583333,0.005556,-0.038348,3192.304365,4.598313,0
3441,3005,1651658425,7.033333,1.488889,0.03339,2960.774598,1.87525,0
3442,3005,1651658434,13.252778,0.577778,-0.007149,5578.931915,15.149624,0
3443,3005,1651658436,14.408333,0.155556,-0.033575,6065.378294,12.01808,0
3444,3005,1651658437,14.563889,0.194444,-0.013619,6130.861461,5.843795,0
3445,3005,1651658443,15.783333,-0.772222,-0.013132,6644.202712,-54.712,1
3446,3005,1651658453,12.661111,-0.336111,-0.016205,5329.862014,-25.14172,1
3447,3005,1651658469,6.594444,0.551389,-0.040603,2776.018521,29.558421,1
3448,3005,1651658471,7.697222,0.815278,0.0,3240.247398,31.480537,1
3449,3005,1651658473,9.327778,0.597222,0.0,3926.651304,28.168865,1
3450,3005,1651658476,10.283333,0.488889,-0.050034,4328.90504,34.44121,1
3451,3005,1651658487,13.7,0.030556,0.037456,5767.196018,-35.012823,1
3452,3005,1651658494,14.280556,0.098611,0.016915,6011.58855,-19.113459,1
3453,3005,1651658501,14.6,-0.011111,-0.027234,6146.06291,4.689059,0
3454,3005,1651658510,14.611111,0.043056,0.01742,6150.740279,-22.917832,1
3455,3005,1651658515,14.569444,-0.497222,-0.050627,6133.200145,-15.479375,1
3456,3005,1651658522,9.197222,-1.809722,0.014882,3871.692217,-131.029301,1
3457,3005,1651658527,5.091667,0.766667,0.0,2143.40436,26.89755,1
3458,3005,1651658530,7.975,0.975,-0.032257,3357.181624,45.234239,1
3459,3005,1651658545,8.0,0.272222,-0.112942,3367.705704,16.18326,1
3460,3005,1651658554,2.897222,-1.448611,0.0,1219.623975,-99.250592,1
3461,3005,1651658562,0.0,0.0,0.0,0.0,-0.012764,1
3462,3005,1651658568,0.0,0.0,0.0,0.0,-2e-06,1
3463,3005,1651658571,0.0,0.0,0.0,0.0,-0.0,1
3464,3005,1651658574,0.0,0.0,0.0,0.0,-0.0,1
3465,3005,1651658575,0.0,0.0,0.0,0.0,-0.0,1
3466,3005,1651658579,0.0,0.0,0.0,0.0,2.029134,1
3467,3005,1651658581,0.0,0.15,0.0,0.0,3.242297,1
3468,3005,1651658588,0.0,0.0,0.0,0.0,-0.132623,1
3469,3005,1651658595,0.2,0.227778,0.0,84.192643,13.735075,0
3470,3005,1651658597,0.808333,1.334722,0.0,340.278597,32.732187,1
3471,3005,1651658599,3.477778,0.936111,0.0,1464.016507,20.517948,1
3472,3005,1651658603,5.163889,0.686111,0.034612,2173.807258,14.613368,1
3473,3005,1651658607,8.216667,0.272222,-0.041047,3458.9144,48.232935,1
3474,3005,1651658609,8.761111,0.852778,-0.069708,3688.105483,61.605616,1
3475,3005,1651658610,9.613889,0.947222,-0.069708,4047.093556,53.395693,1
3476,3005,1651658624,1.538889,-0.769444,0.0,647.815611,-58.195278,1
3477,3005,1651658634,0.0,0.0,0.0,0.0,14.22026,1
3478,3005,1651658641,5.397222,1.188889,0.0,2272.032008,41.328564,1
3479,3005,1651658642,6.586111,1.023611,0.041222,2772.510495,7.52945,0
3480,3005,1651658650,11.75,0.436111,0.114046,4946.317753,-54.550199,1
3481,3005,1651658661,13.711111,-0.022222,-0.07108,5771.873387,19.812716,0
3482,3005,1651658678,6.858333,-0.761111,0.0,2887.106036,-58.429392,1
3483,3005,1651658692,3.322222,-0.369444,0.0,1398.533341,-34.21695,1
3484,3005,1651658717,0.786111,-0.327778,0.0,330.923859,-31.53249,1
3485,3005,1651662579,0.555556,0.319444,0.0,233.868452,12.867524,0
3486,3005,1651662581,2.125,-0.027778,-0.046135,894.546828,20.010287,1
3487,3005,1651662586,2.588889,-0.977778,0.0,1089.826985,-70.829926,1
3488,3005,1651662591,1.358333,-0.069444,0.057844,571.808364,-49.937431,1
3489,3005,1651662604,3.086111,0.313889,0.0,1299.139249,5.764996,0
3490,3005,1651662607,3.188889,0.313889,0.0,1342.404913,-1.660754,1
3491,3005,1651662614,4.094444,0.391667,0.0,1723.610489,14.624561,1
3492,3005,1651662615,4.486111,0.930556,0.0,1888.487747,19.983393,1
3493,3005,1651662616,5.416667,0.336111,0.0,2280.217404,7.13991,0
3494,3005,1651662630,2.347222,0.380556,0.0,988.094208,32.893181,1
3495,3005,1651662631,2.727778,0.594444,-0.06302,1148.294098,87.309363,1
3496,3005,1651662636,8.355556,0.002778,-0.071352,3517.381513,53.178695,1
3497,3005,1651662637,8.358333,0.058333,-0.07503,3518.550855,41.964266,1
3498,3005,1651662638,8.416667,0.297222,-0.054026,3543.107043,42.706214,1
3499,3005,1651662639,8.713889,0.952778,-0.019547,3668.226664,45.552694,1
3500,3005,1651662640,9.666667,0.780556,-0.029315,4069.311059,38.124237,1
3501,3005,1651662641,10.447222,0.408333,0.0,4397.896234,23.203948,1
3502,3005,1651662651,12.388889,-0.095833,-0.023088,5215.266472,-6.49315,1
3503,3005,1651662653,12.197222,-0.725,-0.062697,5134.581856,-21.076592,1
3504,3005,1651662668,0.677778,0.35,-0.069141,285.319511,22.034806,1
3505,3005,1651662672,1.997222,0.780556,-0.084265,840.757084,65.572991,1
3506,3005,1651662674,3.319444,0.338889,-0.077543,1397.363999,63.022418,1
3507,3005,1651662678,5.133333,0.619444,-0.033463,2160.944493,40.702322,1
3508,3005,1651662679,5.752778,0.205556,-0.05298,2421.707817,32.076105,1
3509,3005,1651662688,2.705556,-1.466667,0.0,1138.93936,-100.32169,1
3510,3005,1651662690,1.013889,-0.506944,0.0,426.809924,-42.343579,1
3511,3005,1651662692,6.091667,0.658333,0.0,2564.367573,35.165675,1
3512,3005,1651662712,5.988889,0.730556,-0.043404,2521.101909,61.237332,1
3513,3005,1651662712,0.791667,-0.066667,0.0,333.262544,-15.786792,1
3514,3005,1651662713,0.725,1.636111,0.0,305.198329,34.890363,1
3515,3005,1651662715,3.441667,0.483333,-0.057844,1448.815058,39.805109,1
3516,3005,1651662716,3.925,0.369444,0.0,1652.280611,28.068999,1
3517,3005,1651662717,8.355556,2.191667,0.026232,3517.381513,36.526673,1
3518,3005,1651662721,5.586111,0.3,-0.033463,2351.547282,30.263344,1
3519,3005,1651662725,6.713889,-0.058333,0.0,2826.300238,-16.017295,1
3520,3005,1651662727,12.897222,0.269444,-0.019946,5429.256106,9.204075,0
3521,3005,1651662729,13.436111,1.327778,0.0,5656.108504,23.628009,1
3522,3005,1651662736,14.266667,-0.758333,-0.041248,6005.741839,-36.593468,1
3523,3005,1651662737,13.508333,-1.051389,-0.039667,5686.511402,-54.848043,1
3524,3005,1651662738,10.3,0.786111,0.026232,4335.921094,18.378118,1
3525,3005,1651662739,11.086111,0.441667,-0.033274,4666.844953,28.829728,1
3526,3005,1651662739,11.405556,-0.469444,-0.021509,4801.319313,-29.565778,1
3527,3005,1651662740,11.527778,0.094444,-0.074755,4852.770372,35.6165,1
3528,3005,1651662742,11.975,0.086111,-0.053219,5041.034476,24.754356,1
3529,3005,1651662744,12.147222,-0.180556,-0.078642,5113.533696,6.523911,0
3530,3005,1651662748,10.9,-0.630556,-0.039956,4588.499022,-28.250316,1
3531,3005,1651662749,3.005556,0.375,0.0,1265.228324,4.161234,0
3532,3005,1651662750,3.380556,2.561111,0.074988,1423.089528,7.375437,0
3533,3005,1651662750,9.269444,-0.569444,0.0,3902.095116,-47.512551,1
3534,3005,1651662751,5.941667,-0.713889,0.0,2501.223091,-55.388242,1
3535,3005,1651662752,5.227778,-0.101389,0.0,2200.70213,-18.321019,1
3536,3005,1651662755,5.463889,0.405556,0.0,2300.096222,11.418306,1
3537,3005,1651662758,6.302778,0.708333,0.0,2653.237584,13.724653,1
3538,3005,1651662761,2.891667,0.108333,0.0,1217.285291,-5.361287,1
3539,3005,1651662772,12.280556,0.322222,-0.059461,5169.662124,35.430368,1
3540,3005,1651662774,12.886111,0.344444,-0.096438,5424.578736,1.344314,0
3541,3005,1651662785,4.516667,-0.015278,0.0,1901.350512,-13.013967,1
3542,3005,1651662787,13.344444,0.211111,-0.020427,5617.520209,0.125965,0
3543,3005,1651662788,13.555556,0.191667,-0.029411,5706.390221,3.438855,0
3544,3005,1651662789,5.433333,1.455556,-0.020955,2287.233457,50.488258,1
3545,3005,1651662791,12.819444,-0.116667,0.0,5396.514522,-21.501762,1
3546,3005,1651662797,12.322222,-0.35,0.024512,5187.202258,-49.770006,1
3547,3005,1651662798,9.022222,-0.316667,-0.055274,3798.023655,16.225557,1
3548,3005,1651662799,8.705556,-0.036111,-0.055274,3664.718638,19.239517,1
3549,3005,1651662800,8.669444,0.006944,-0.062636,3649.517188,21.623498,1
3550,3005,1651662800,11.441667,-0.083333,-0.035556,4816.520762,-3.091642,1
3551,3005,1651662803,11.586111,-0.016667,-0.069855,4877.32656,16.06477,1
3552,3005,1651662812,10.355556,0.030556,0.158923,4359.307939,-104.557813,1
3553,3005,1651662821,0.988889,-0.186111,0.0,416.285844,-22.995468,1
3554,3005,1651662823,0.925,0.691667,0.0,389.390972,38.250305,1
3555,3005,1651662826,4.563889,-0.077778,-0.08803,1921.22933,25.493426,1
3556,3005,1651662830,1.225,-1.225,0.0,515.679936,-85.652441,1
3557,3005,1651662833,8.627778,0.591667,-0.022061,3631.977054,14.124007,1
3558,3005,1651662833,0.0,0.0,0.0,0.0,-0.676227,1
3559,3005,1651662835,9.455556,0.283333,-0.044699,3980.441047,12.912382,1
3560,3005,1651662836,0.0,0.0,0.0,0.0,-1.703087,1
3561,3005,1651662838,9.516667,0.355556,-0.068838,4006.166577,17.564116,1
3562,3005,1651662839,9.872222,-0.113889,-0.087477,4155.842386,8.766065,0
3563,3005,1651662843,8.858333,-0.025,0.066097,3729.032462,-53.356652,1
3564,3005,1651662844,8.833333,0.152778,0.098179,3718.508382,-61.391562,1
3565,3005,1651662845,8.986111,-0.097222,0.018784,3782.822206,-29.989624,1
3566,3005,1651662846,1.841667,2.663889,-0.10631,775.273917,131.949621,1
3567,3005,1651662849,8.816667,0.102778,-0.020801,3711.492328,6.185732,0
3568,3005,1651662850,8.919444,0.486111,-0.024124,3754.757992,22.986446,1
3569,3005,1651662852,9.891667,-0.116667,-0.093802,4164.027782,32.072385,1
3570,3005,1651662855,10.016667,-0.316667,-0.033085,4216.648184,-13.0564,1
3571,3005,1651662859,10.416667,0.191667,0.0,4385.033469,-1.987539,1
3572,3005,1651662860,10.608333,0.530556,0.0,4465.718085,6.12663,0
3573,3005,1651662861,11.138889,0.388889,0.0,4689.062456,3.518691,0
3574,3005,1651662865,12.752778,0.555556,0.016205,5368.450308,7.538085,0
3575,3005,1651662869,14.069444,0.108333,-0.067996,5922.718539,11.428824,0
3576,3005,1651662870,2.772222,0.616667,0.0,1167.003574,8.747107,0
3577,3005,1651662872,14.063889,0.211111,0.022061,5920.379854,-15.251166,1
3578,3005,1651662874,4.213889,0.013889,0.0,1773.892206,-11.211529,1
3579,3005,1651662875,4.227778,2.866667,0.037005,1779.738917,23.117271,1
3580,3005,1651662879,7.711111,0.227778,0.0,3246.094109,-3.037928,1
3581,3005,1651662885,7.794444,-0.056944,0.065943,3281.174377,-54.900455,1
3582,3005,1651662887,7.680556,-0.688889,0.057844,3233.231344,-88.234348,1
3583,3005,1651662887,11.383333,-1.613889,0.049208,4791.964575,-140.115041,1
3584,3005,1651662888,6.991667,-0.313889,0.034197,2943.234464,-51.581471,1
3585,3005,1651662894,2.136111,0.425,0.0,899.224197,20.465335,1
3586,3005,1651662895,2.561111,1.697222,0.0441,1078.133562,36.95023,1
3587,3005,1651662898,6.158333,1.311111,0.0,2592.431787,59.127069,1
3588,3005,1651662899,7.469444,1.816667,0.0,3144.361333,45.528236,1
3589,3005,1651662903,8.730556,0.027778,-0.017103,3675.242718,-1.283444,1
3590,3005,1651662904,0.427778,-0.169444,0.0,180.078708,-21.977306,1
3591,3005,1651662912,0.833333,0.0,0.0,350.802678,-11.767693,1
3592,3005,1651662913,0.833333,0.252778,-0.137628,350.802678,38.231364,1
3593,3005,1651662914,6.219444,1.908333,0.024675,2618.157316,54.284506,1
3594,3005,1651662915,0.888889,0.265278,-0.100091,374.189523,65.022418,1
3595,3005,1651662917,1.419444,0.519444,-0.112149,597.533894,66.211183,1
3596,3005,1651662919,2.958333,-0.133333,-0.112149,1245.349505,45.318691,1
3597,3005,1651662920,10.211111,-0.338889,0.118156,4298.502142,-103.121949,1
3598,3005,1651662921,9.872222,0.363889,0.086343,4155.842386,-42.066698,1
3599,3005,1651662922,10.236111,0.458333,0.072707,4309.026222,-28.514337,1
3600,3005,1651662923,10.694444,0.269444,0.063645,4501.967695,-34.755996,1
3601,3005,1651662927,7.463889,-0.338889,0.046782,3142.022648,-60.587114,1
3602,3005,1651662932,3.616667,-0.005556,-0.035099,1522.48362,0.745946,0
3603,3005,1651662936,6.038889,-0.145833,0.0,2542.15007,-21.151868,1
3604,3005,1651662939,7.075,1.005556,-0.028946,2978.314732,56.137665,1
3605,3005,1651662939,6.230556,0.533333,0.0,2622.834685,1.277419,0
3606,3005,1651662944,10.55,-0.086111,-0.038587,4441.161897,13.368914,1
3607,3005,1651662944,6.225,-1.538889,0.069136,2620.496001,-145.773878,1
3608,3005,1651662952,1.847222,0.755556,0.0,777.612602,0.83366,0
3609,3005,1651662962,6.080556,0.602778,0.110344,2559.690204,-40.67516,1
3610,3005,1651662963,0.0,0.0,0.0,0.0,-0.015327,1
3611,3005,1651662967,5.155556,-3.072222,0.0,2170.299231,-197.459489,1
3612,3005,1651662970,0.494444,0.254167,0.0,208.142922,19.275622,0
3613,3005,1651662972,0.0,0.0,0.0,0.0,1.857513,1
3614,3005,1651662973,0.0,0.261111,0.0,0.0,5.718786,1
3615,3005,1651662974,2.552778,0.913889,0.0,1074.625535,36.508298,1
3616,3005,1651662974,0.261111,0.047222,0.0,109.918172,2.846528,0
3617,3005,1651662975,3.466667,0.848611,-0.039078,1459.339138,16.020273,1
3618,3005,1651662978,0.0,0.713889,0.0,0.0,12.985496,1
3619,3005,1651662979,0.713889,1.575,0.0,300.52096,32.255804,1
3620,3005,1651662994,11.483333,0.575,-0.015393,4834.060896,-0.602593,1
3621,3005,1651662995,12.058333,0.609722,-0.063103,5076.114743,28.342459,1
3622,3005,1651662995,3.322222,0.051389,0.121061,1398.533341,-79.74067,1
3623,3005,1651662997,13.277778,0.294444,-0.035585,5589.455995,30.855694,1
3624,3005,1651663000,4.980556,0.188889,0.076293,2096.630669,-45.543027,1
3625,3005,1651663001,5.169444,0.180556,0.103498,2176.145943,-61.974911,1
3626,3005,1651663002,14.075,0.241667,-0.013369,5925.057223,8.547244,0
3627,3005,1651663009,13.416667,0.036111,0.074424,5647.923108,-56.221416,1
3628,3005,1651663014,6.580556,-0.298611,0.147981,2770.17181,-117.017242,1
3629,3005,1651663019,1.925,-0.716667,0.0,810.354185,-55.034664,1
3630,3005,1651663019,1.491667,-0.488889,0.0,627.936793,-41.274513,1
3631,3005,1651663020,1.002778,-0.513889,0.0,422.132555,-42.761982,1
3632,3005,1651663022,0.447222,0.608333,0.0,188.264104,24.924924,0
3633,3005,1651663022,0.0,0.0,0.0,0.0,-8.035587,1
3634,3005,1651663024,0.15,0.344444,0.0,63.144482,20.77074,0
3635,3005,1651663033,3.430556,0.783333,0.0,1444.137689,4.363338,0
3636,3005,1651663035,3.863889,0.713889,0.0,1626.555081,-1.909193,1
3637,3005,1651663048,2.416667,-0.086111,0.083023,1017.327765,-65.750652,1
3638,3005,1651663049,2.330556,0.483333,0.0,981.078155,-8.115051,1
3639,3005,1651663063,6.938889,0.936111,0.065574,2921.016961,-7.990571,1
3640,3005,1651663065,7.422222,0.130556,0.065574,3124.482514,-43.283894,1
3641,3005,1651663073,2.669444,0.825,0.052486,1123.73791,-2.938589,1
3642,3005,1651663079,2.433333,-2.433333,0.0,1024.343818,-158.59174,1
3643,3005,1651663083,0.0,0.0,0.0,0.0,-0.12237,1
3644,3005,1651663088,0.0,0.0,0.0,0.0,-9.4e-05,1
3645,3005,1651663090,0.0,0.0,0.0,0.0,-3e-06,1
3646,3005,1651663094,0.0,2.380556,0.0,0.0,53.730723,1
3647,3005,1651663095,2.380556,1.025,0.078639,1002.126315,21.876548,1
3648,3005,1651663117,0.802778,-0.194444,0.0,337.939913,-23.492496,1
3649,3005,1651663144,0.0,0.0,0.0,0.0,-1e-06,1
3650,3005,1651663149,0.0,0.0,0.0,0.0,22.931675,1
3651,3005,1651663155,5.669444,-0.405556,0.0,2386.627549,-36.742622,1
3652,3005,1651663162,7.402778,-0.683333,0.138224,3116.297118,-134.746055,1
3653,3005,1651663163,6.719444,-0.481944,0.104412,2828.638923,-102.762991,1
3654,3005,1651663166,4.733333,-1.580556,0.0,1992.559208,-107.438319,1
3655,3005,1651663168,2.686111,0.072222,0.0,1130.753964,-7.519996,1
3656,3005,1651663169,2.758333,1.430556,0.0,1161.156863,7.486159,0
3657,3005,1651663175,6.158333,0.477778,0.110501,2592.431787,-48.319878,1
3658,3005,1651663176,6.636111,0.711111,0.117656,2793.558655,-38.519291,1
3659,3005,1651663189,6.527778,0.411111,0.09678,2747.954307,-44.41245,1
3660,3005,1651663197,0.222222,0.025,0.0,93.547381,1.506766,0
3661,3005,1651663201,0.0,0.0,0.0,0.0,-0.069025,1
3662,3005,1651663214,0.0,0.0,0.0,0.0,-24.739097,1
3663,3005,1651663216,0.55,-0.047222,0.0,231.529767,-14.608882,1
3664,3005,1651663218,0.0,0.0,0.0,0.0,-7.013255,1
3665,3005,1651663226,1.208333,0.916667,0.1035,508.663882,-17.169268,1
3666,3005,1651663228,3.811111,0.241667,0.095264,1604.337578,-53.281595,1
3667,3005,1651663240,5.997222,0.588889,0.136195,2524.609936,-56.538446,1
3668,3005,1651663249,1.702778,2.938889,0.0,716.806804,51.669648,1
3669,3005,1651663251,4.963889,-0.126389,0.085688,2089.614616,-70.048166,1
3670,3005,1651663274,0.0,0.0,0.0,0.0,-2.540728,1
3671,3005,1651663281,0.0,0.0,0.0,0.0,-5.4e-05,1
3672,3005,1651663282,0.0,0.0,0.0,0.0,-9e-06,1
3673,3005,1651663292,0.0,1.226389,0.058434,0.0,43.223357,1
3674,3005,1651663294,2.452778,2.547222,0.033459,1032.529214,46.931312,1
3675,3005,1651663304,3.7,-0.880556,0.0,1557.563888,-65.082348,1
3676,3005,1651663312,2.694444,0.597222,0.0,1134.261991,3.411604,0
3677,3005,1651663319,0.0,0.0,0.0,0.0,-2.121903,1
3678,3005,1651663327,0.0,0.519444,0.0,0.0,15.68292,1
3679,3005,1651663330,1.347222,0.169444,0.0,567.130995,-1.568126,1
3680,3005,1651663332,2.45,0.544444,0.0,1031.359872,20.730104,1
3681,3005,1651663333,2.994444,0.226389,-0.038348,1260.550954,12.785871,1
3682,3005,1651663338,4.841667,0.627778,-0.044619,2038.163556,53.300006,1
3683,3005,1651663340,6.225,0.152778,-0.071022,2620.496001,41.692657,1
3684,3005,1651663341,6.377778,0.016667,-0.069235,2684.809825,32.169319,1
3685,3005,1651663354,0.483333,-0.483333,0.0,203.465553,-40.906653,1
3686,3005,1651663366,2.027778,0.894444,0.0,853.619849,41.878445,1
3687,3005,1651663371,4.444444,-1.141667,0.0,1870.947613,-80.928179,1
3688,3005,1651663375,4.958333,1.833333,-0.059931,2087.275931,96.623939,1
3689,3005,1651663387,0.755556,-0.080556,0.0,318.061094,-16.623415,1
3690,3005,1651663396,0.0,0.0,0.0,0.0,-0.000373,1
3691,3005,1651663400,1.338889,0.688889,-0.124179,563.622969,95.503895,1
3692,3005,1651663401,2.027778,1.5,-0.103499,853.619849,103.800742,1
3693,3005,1651663402,3.527778,0.691667,-0.092068,1485.064668,84.152984,1
3694,3005,1651663405,4.255556,-0.305556,-0.103499,1791.43234,46.648867,1
3695,3005,1651663407,3.672222,0.655556,-0.083023,1545.870466,55.024106,1
3696,3005,1651663408,4.327778,0.697222,-0.057269,1821.835239,37.860691,1
3697,3005,1651663409,5.025,0.175,0.0,2115.340145,-1.619591,1
3698,3005,1651663411,4.672222,0.822222,0.0,1966.833679,12.442165,1
3699,3005,1651663412,5.494444,0.777778,0.0,2312.958987,13.07551,1
3700,3005,1651663418,6.136111,1.019444,0.0,2583.077049,33.598033,1
3701,3005,1651663419,7.155556,0.375,-0.041195,3012.225658,9.194637,0
3702,3005,1651663420,7.530556,-0.822222,-0.041195,3170.086862,-38.056016,1
3703,3005,1651663425,0.15,-0.15,0.0,63.144482,-9.045855,1
3704,3005,1651663429,3.025,1.758333,-0.069443,1273.413719,90.002805,1
3705,3005,1651663430,4.783333,0.072222,-0.077841,2013.607369,42.46192,1
3706,3005,1651663432,4.083333,-0.809722,-0.058433,1718.93312,-26.512127,1
3707,3005,1651663438,0.0,0.0,0.0,0.0,-1.178185,1
3708,3005,1651663445,0.0,0.663889,0.0,0.0,32.142133,1
3709,3005,1651663446,0.663889,0.363889,-0.107722,279.4728,31.317871,1
3710,3005,1651663464,0.0,0.0,0.0,0.0,-1e-06,1
3711,3005,1651663476,0.0,0.0,0.0,0.0,-0.0,1
3712,3005,1651663485,0.0,0.0,0.0,0.0,-0.0,1
3713,3005,1651663494,0.580556,0.272222,0.0,244.392532,-1.907522,1
3714,3005,1651663498,0.622222,0.319444,0.0,261.932666,-1.897748,1
3715,3005,1651663503,2.566667,-0.113889,-0.137618,1080.472247,36.474998,1
3716,3005,1651663505,2.516667,-0.018056,-0.119167,1059.424086,30.483613,1
3717,3005,1651663507,2.480556,0.338889,-0.089911,1044.222637,42.18847,1
3718,3005,1651663508,2.819444,0.116667,-0.089911,1186.882392,25.560855,1
3719,3005,1651664362,0.0,0.0,0.0,0.0,-0.01598,1
3720,3005,1651664372,0.0,0.936111,-0.083023,0.0,98.000974,1
3721,3005,1651664373,0.936111,0.725,-0.078639,394.068341,111.404126,1
3722,3005,1651664374,1.661111,2.141667,-0.114903,699.26667,125.190362,1
3723,3005,1651664375,3.802778,0.804167,-0.087335,1600.829552,108.843987,1
3724,3005,1651664377,5.411111,1.072222,-0.082906,2277.878719,92.409293,1
3725,3005,1651664380,7.872222,0.611111,-0.01731,3313.91596,8.221042,0
3726,3005,1651664383,8.358333,-0.827778,-0.041524,3518.550855,-38.414364,1
3727,3005,1651664389,3.875,0.827778,0.0,1631.23245,18.263657,1
3728,3005,1651664401,0.405556,-0.405556,0.0,170.72397,-36.215262,1
3729,3005,1651664403,0.730556,-0.313889,0.0,307.537014,-30.693555,1
3730,3005,1651664410,0.0,0.0,0.0,0.0,-0.026263,1
3731,3005,1651664413,0.0,0.0,0.0,0.0,-0.000122,1
3732,3006,1651664415,0.0,0.0,0.0,0.0,-3e-06,1
3733,3006,1651664427,0.155556,0.002778,0.0,65.483166,0.16711,0
3734,3006,1651664427,0.0,0.0,0.0,0.0,-0.0,1
3735,3006,1651664432,0.186111,0.061111,0.0,78.345931,3.684626,0
3736,3006,1651664437,0.0,0.0,0.0,0.0,-0.0,1
3737,3006,1651664440,0.144444,0.055556,0.0,60.805797,3.349835,0
3738,3006,1651664442,0.0,0.0,0.0,0.0,-0.0,1
3739,3006,1651664447,0.258333,0.184722,0.0,108.74883,11.138246,0
3740,3006,1651664449,0.627778,0.272222,0.0,264.27135,20.262004,0
3741,3006,1651664450,0.9,0.966667,0.0,378.866892,35.517285,1
3742,3006,1651664451,1.961111,0.483333,0.0,825.555634,52.787223,1
3743,3006,1651664452,2.444444,2.236111,0.0,1029.021187,71.133894,1
3744,3006,1651664452,2.891667,0.7125,-0.019946,1217.285291,45.29925,1
3745,3006,1651664453,4.680556,1.280556,0.0,1970.341705,53.644826,1
3746,3006,1651664454,4.316667,1.080556,0.0,1817.157869,43.512179,1
3747,3006,1651664455,5.397222,0.791667,0.0,2272.032008,34.486656,1
3748,3006,1651664465,3.036111,1.166667,0.0,1278.091088,32.987373,1
3749,3006,1651664466,3.575,0.736111,-0.0441,1504.943486,59.973308,1
3750,3006,1651664466,4.202778,1.044444,-0.053305,1769.214837,59.766381,1
3751,3006,1651664467,5.247222,0.545833,-0.047634,2208.887526,72.863943,1
3752,3006,1651664469,6.827778,1.475,-0.0441,2874.243271,97.187756,1
3753,3006,1651664469,6.338889,1.402778,-0.055105,2668.439034,90.497952,1
3754,3006,1651664470,8.302778,1.25,-0.039378,3495.16401,84.554937,1
3755,3006,1651664471,9.680556,0.661111,-0.039378,4075.15777,52.61826,1
3756,3006,1651664471,9.552778,1.719444,-0.035922,4021.368026,43.288304,1
3757,3006,1651664472,10.341667,0.251389,0.0,4353.461228,17.569963,1
3758,3006,1651664473,10.725,0.747222,0.035922,4514.830459,-0.793956,1
3759,3006,1651664474,11.472222,1.177778,0.032678,4829.383527,15.667921,1
3760,3006,1651664475,11.352778,1.616667,0.022481,4779.10181,13.029828,1
3761,3006,1651664479,15.191667,0.241667,0.0,6395.132811,-0.988926,1
3762,3006,1651664484,16.430556,0.416667,-0.011032,6916.659458,7.711266,0
3763,3006,1651664490,19.375,-0.031944,-0.035793,8156.162252,-7.858611,1
3764,3006,1651664494,17.372222,-1.069444,0.057486,7313.066484,-114.97723,1
3765,3006,1651664495,16.663889,-2.322222,0.0,7014.884208,-156.373115,1
3766,3006,1651664500,9.372222,-2.211111,0.063857,3945.36078,-184.028455,1
3767,3006,1651664501,8.472222,-1.294444,0.100996,3566.493888,-150.204745,1
3768,3006,1651664511,9.486111,-0.036111,-0.041892,3993.303812,38.320453,1
3769,3006,1651664511,8.616667,0.85,-0.052347,3627.299685,44.899879,1
3770,3006,1651664513,10.047222,0.947222,0.0,4229.510948,43.288642,1
3771,3006,1651664514,10.15,0.952778,0.0,4272.776612,39.897729,1
3772,3006,1651664518,13.030556,0.930556,-0.04902,5485.384534,34.170542,1
3773,3006,1651664519,13.072222,0.122222,-0.057857,5502.924668,24.70603,1
3774,3006,1651664520,13.194444,0.094444,-0.034659,5554.375727,13.462821,0
3775,3006,1651664525,13.961111,1.672222,0.0,5877.11419,26.991537,1
3776,3006,1651664536,18.308333,0.375,-0.015611,7707.134825,0.487712,0
3777,3006,1651664536,19.013889,0.108333,-0.030894,8004.147758,3.838041,0
3778,3006,1651664537,19.122222,-0.095833,-0.028614,8049.752106,-6.743095,1
3779,3006,1651664539,19.430556,0.458333,-0.05412,8179.549097,32.851284,0
3780,3006,1651664539,18.930556,0.277778,-0.058487,7969.067491,30.394555,0
3781,3006,1651664542,20.347222,0.266667,0.019515,8565.432042,-13.97134,1
3782,3006,1651664545,20.141667,-0.752778,0.025748,8478.900715,-78.970619,1
3783,3006,1651664548,17.927778,-2.608333,-0.08564,7546.934935,-124.025695,1
3784,3006,1651664551,14.122222,-1.111111,-0.0441,5944.936041,-56.122981,1
3785,3006,1651664560,2.655556,0.488889,0.0,1117.891199,-0.472875,1
3786,3006,1651664561,2.258333,1.086111,0.0,950.675256,37.042885,1
3787,3006,1651664562,3.344444,1.352778,0.0,1407.888079,41.68378,1
3788,3006,1651664562,3.633333,0.375,0.0,1529.499674,9.397946,0
3789,3006,1651664564,4.758333,0.622222,0.0,2003.083289,25.073277,1
3790,3006,1651664564,5.241667,0.108333,0.0,2206.548842,-5.67649,1
3791,3006,1651664565,5.380556,0.654167,0.0,2265.015954,36.639511,1
3792,3006,1651664569,9.094444,0.547222,0.0,3828.426554,19.710279,1
3793,3006,1651664570,9.641667,0.230556,0.008321,4058.786979,-4.277021,1
3794,3006,1651664570,10.566667,-0.205556,0.0,4448.177951,-25.993227,1
3795,3006,1651664576,11.955556,-0.538889,0.068314,5032.84908,-86.707328,1
3796,3006,1651664582,5.977778,-0.652778,-0.124182,2516.42454,23.499172,1
3797,3006,1651664583,5.325,0.102778,-0.115304,2241.629109,51.388591,1
3798,3006,1651664583,5.941667,-0.019444,-0.124182,2501.223091,56.68373,1
3799,3006,1651664584,5.922222,0.591667,-0.11944,2493.037695,72.830591,1
3800,3006,1651664585,5.85,0.108333,-0.112149,2462.634796,82.847844,1
3801,3006,1651664586,5.958333,1.777778,-0.073843,2508.239144,90.234844,1
3802,3006,1651664587,7.736111,0.969444,-0.074095,3256.618189,52.37862,1
3803,3006,1651664595,2.869444,1.133333,0.0,1207.930553,43.996188,1
3804,3006,1651664595,2.686111,0.933333,0.0,1130.753964,21.622776,1
3805,3006,1651664596,4.002778,1.419444,0.0,1685.022194,44.606623,1
3806,3006,1651664597,5.422222,0.622222,0.0,2282.556088,18.49928,1
3807,3006,1651664602,7.088889,0.494444,-0.02954,2984.161443,38.203743,1
3808,3006,1651664602,7.269444,0.880556,-0.025052,3060.16869,55.314963,1
3809,3006,1651664604,8.652778,0.869444,-0.053306,3642.501135,62.953354,1
3810,3006,1651664609,11.713889,0.452778,-0.035556,4931.116303,5.030512,0
3811,3006,1651664625,2.530556,0.759722,-0.036971,1065.270797,63.94804,1
3812,3006,1651664627,4.05,0.436111,-0.043236,1704.901013,48.238059,1
3813,3006,1651664628,5.072222,0.813889,0.0,2135.218964,59.63932,1
3814,3006,1651664629,5.886111,2.402778,0.0,2477.836245,63.904312,1
3815,3006,1651664629,5.175,0.911111,-0.026734,2178.484627,36.837625,1
3816,3006,1651664638,12.366667,0.663889,0.149808,5205.911734,-61.842072,1
3817,3006,1651664642,15.011111,0.705556,0.0,6319.125564,5.276187,0
3818,3006,1651664647,13.622222,-0.111111,-0.047798,5734.454435,-0.231818,1
3819,3006,1651664650,13.138889,0.615278,-0.01068,5530.988882,1.19057,0
3820,3006,1651664656,15.655556,-0.552778,0.090898,6590.412968,-102.441492,1
3821,3006,1651664657,15.102778,-2.55,0.068424,6357.713859,-209.452382,1
3822,3006,1651664663,6.836111,-1.883333,0.0,2877.751298,-126.097995,1
3823,3006,1651664668,1.708333,-0.277778,0.0,719.145489,-28.555266,1
3824,3006,1651664669,0.644444,-0.422222,0.0,271.287404,-37.224452,1
3825,3006,1651664669,1.430556,-0.241667,0.0,602.211263,-26.36327,1
3826,3006,1651664671,0.0,1.2,0.0,0.0,8.250784,1
3827,3006,1651664675,2.691667,0.3,0.0,1133.092648,2.296484,0
3828,3006,1651664678,3.291667,0.211111,0.0,1385.670576,0.780854,0
3829,3006,1651664679,3.502778,0.7,0.0,1474.540588,3.207626,0
3830,3006,1651664683,3.986111,-0.036111,0.0,1678.006141,-14.195889,1
3831,3006,1651665273,1.913889,0.155556,0.0,805.676816,-2.436146,1
3832,3006,1651665274,2.069444,0.380556,0.0,871.159982,22.869668,1
3833,3006,1651665275,2.45,0.986111,-0.060031,1031.359872,38.728167,1
3834,3006,1651665282,2.813889,-0.327778,0.0,1184.543708,-31.652876,1
3835,3006,1651665284,3.133333,0.811111,0.0,1319.018067,12.661167,1
3836,3006,1651665290,3.508333,-0.211111,0.0,1476.879272,-24.689903,1
3837,3006,1651665291,3.297222,0.380556,-0.051753,1388.009261,-0.953348,1
3838,3006,1651665293,3.797222,0.008333,0.0,1598.490867,-11.4915,1
3839,3006,1651665297,4.372222,0.366667,0.045655,1840.544715,-16.775498,1
3840,3006,1651665314,0.422222,0.5,0.0,177.740023,18.392433,0
3841,3006,1651665315,0.922222,0.763889,-0.092486,388.22163,45.342564,1
3842,3006,1651665317,1.944444,1.95,-0.077543,818.539581,83.229463,1
3843,3006,1651665318,3.894444,0.502778,-0.051753,1639.417846,77.456184,1
3844,3006,1651665320,5.258333,0.251389,-0.106202,2213.564895,105.109394,1
3845,3006,1651665324,9.202778,0.747222,-0.067145,3874.030902,85.414457,1
3846,3006,1651665325,9.95,0.847222,-0.057209,4188.583969,72.553219,1
3847,3006,1651665327,12.177778,0.277778,-0.016362,5126.396461,29.260277,1
3848,3006,1651665328,12.455556,0.498611,0.018504,5243.330686,12.310884,0
3849,3006,1651665341,14.594444,-0.091667,-0.150539,6143.724225,39.009979,1
3850,3006,1651665350,6.066667,-1.025,0.0,2553.843492,-74.174001,1
3851,3006,1651665366,0.0,0.0,0.0,0.0,-0.257107,1
3852,3006,1651665369,0.252778,0.055556,0.0,106.410146,3.349126,0
3853,3006,1651665371,0.363889,0.427778,0.0,153.183836,14.037956,0
3854,3006,1651665385,0.0,0.0,0.0,0.0,-0.000117,1
3855,3006,1651665398,0.0,0.0,0.0,0.0,-2.4e-05,1
3856,3006,1651665399,0.0,0.0,0.0,0.0,-4e-06,1
3857,3006,1651665404,0.0,0.0,0.0,0.0,-0.0,1
3858,3006,1651665407,0.0,0.0,0.0,0.0,-0.0,1
3859,3006,1651665417,0.0,1.305556,0.0,0.0,41.680285,1
3860,3006,1651665418,1.305556,0.916667,0.0,549.590861,38.242563,1
3861,3006,1651665419,2.222222,0.411111,0.0,935.473807,29.580721,1
3862,3006,1651665420,2.633333,0.772222,0.0,1108.536461,28.070776,1
3863,3006,1651665421,3.405556,0.395833,-0.029224,1433.613609,23.227143,1
3864,3006,1651665423,4.197222,0.325,0.0,1766.876152,17.29358,1
3865,3006,1651665427,6.208333,1.913889,0.0,2613.479947,51.226567,1
3866,3006,1651665439,7.552778,-0.7,0.0,3179.4416,-54.909235,1
3867,3006,1651665461,0.0,0.0,0.0,0.0,-0.0,1
3868,3006,1651665479,0.0,0.0,0.0,0.0,-0.0,1
3869,3006,1651665480,0.0,0.0,0.0,0.0,-0.0,1
3870,3006,1651665493,0.0,0.405556,0.0,0.0,-0.462865,1
3871,3006,1651665506,0.0,0.0,0.0,0.0,-0.0,1
3872,3006,1651665509,0.0,0.0,0.0,0.0,-0.0,1
3873,3006,1651665524,0.0,0.0,0.0,0.0,-0.0,1
3874,3006,1651665531,0.0,0.0,0.0,0.0,-0.0,1
3875,3006,1651665534,0.0,0.0,0.0,0.0,-0.0,1
3876,3006,1651665538,0.0,0.0,0.0,0.0,-0.0,1
3877,3006,1651665539,0.0,0.0,0.0,0.0,-0.0,1
3878,3006,1651665544,0.502778,0.802778,0.0,211.650949,31.779684,1
3879,3006,1651665545,1.305556,0.4375,-0.044101,549.590861,33.568767,1
3880,3006,1651665548,2.669444,0.597222,-0.069141,1123.73791,23.760185,1
3881,3006,1651665552,3.261111,0.591667,0.0,1372.807811,29.687831,1
3882,3006,1651665557,5.855556,0.254167,0.031211,2464.973481,-15.331824,1
3883,3006,1651665563,3.677778,-0.405556,0.0,1548.20915,-36.435611,1
3884,3006,1651665564,3.272222,-0.169444,0.054027,1377.48518,-53.875709,1
3885,3006,1651665568,7.45,-0.519444,0.038348,3136.175937,-66.522749,1
3886,3006,1651665569,6.930556,1.790278,0.0,2917.508935,17.568645,1
3887,3006,1651665571,3.461111,0.916667,0.0,1457.000454,9.076519,0
3888,3006,1651665571,10.511111,0.019444,-0.080458,4424.791106,46.734986,1
3889,3006,1651665572,10.530556,1.702778,-0.074755,4432.976501,29.050133,1
3890,3006,1651665574,10.85,0.327778,-0.041584,4567.450861,11.212128,1
3891,3006,1651665574,4.141667,-0.091667,0.0,1743.489307,-17.566918,1
3892,3006,1651665575,4.05,0.708333,0.0,1704.901013,18.517304,1
3893,3006,1651665575,11.177778,1.725,-0.066475,4705.433248,36.403424,1
3894,3006,1651665579,10.325,-1.763889,0.0,4346.445174,-119.882495,1
3895,3006,1651665581,5.586111,-0.175,0.0,2351.547282,-22.82391,1
3896,3006,1651665588,2.180556,0.761111,0.0,917.933673,21.195027,1
3897,3006,1651665588,5.730556,0.905556,0.0,2412.353079,0.111608,0
3898,3006,1651665590,3.991667,1.091667,0.0,1680.344825,69.562648,1
3899,3006,1651665591,5.083333,1.933333,-0.025572,2139.896333,75.473853,1
3900,3006,1651665592,7.016667,1.311111,0.0,2953.758545,42.043468,1
3901,3006,1651665593,8.327778,0.566667,0.066097,3505.688091,-17.526891,1
3902,3006,1651665598,2.658333,0.238889,0.0,1119.060541,14.604482,1
3903,3006,1651665601,4.119444,0.208333,-0.129068,1734.134569,74.645781,1
3904,3006,1651665602,4.327778,0.233333,-0.106202,1821.835239,85.492683,1
3905,3006,1651665604,4.794444,1.086111,-0.107739,2018.284738,104.526335,1
3906,3006,1651665605,5.880556,1.788889,-0.07503,2475.497561,106.081296,1
3907,3006,1651665606,7.669444,0.85,-0.075566,3228.553975,80.419288,1
3908,3006,1651665606,14.933333,0.113889,-0.044731,6286.383981,-3.996852,1
3909,3006,1651665607,15.047222,0.025,0.067996,6334.327013,-53.893412,1
3910,3006,1651665611,10.325,0.75,0.0,4346.445174,12.53762,1
3911,3006,1651665620,9.569444,0.169444,-0.059029,4028.38408,10.419645,1
3912,3006,1651665622,11.661111,-0.208333,-0.06618,4908.898801,3.120954,0
3913,3006,1651665624,10.966667,-0.097222,-0.155137,4616.563236,36.776079,1
3914,3006,1651665625,11.766667,0.158333,-0.008052,4953.333806,14.36721,1
3915,3006,1651665626,10.030556,-0.138889,-0.081044,4222.494895,16.916028,1
3916,3006,1651665627,12.083333,-0.030556,-0.079864,5086.638824,27.420823,1
3917,3006,1651665628,12.052778,-0.252778,-0.146056,5073.776059,32.664124,1
3918,3006,1651665637,9.786111,0.302778,-0.085837,4119.592776,23.38657,1
3919,3006,1651665638,7.727778,0.277778,0.0,3253.110163,15.298616,1
3920,3006,1651665640,8.283333,0.725,0.0,3486.978614,11.15602,1
3921,3006,1651665642,9.152778,-0.608333,0.058072,3852.982741,-83.91892,1
3922,3006,1651665647,10.408333,-0.361111,0.02967,4381.525442,-52.751329,1
3923,3006,1651665652,7.069444,1.316667,0.0,2975.976047,21.961674,1
3924,3006,1651665653,8.386111,-0.272222,-0.055106,3530.244278,21.957283,1
3925,3006,1651665655,8.694444,-0.616667,-0.055106,3660.041269,-17.796699,1
3926,3006,1651665658,3.980556,-0.6,0.0,1675.667456,-48.199478,1
3927,3006,1651665659,5.891667,-1.447222,0.0,2480.17493,-99.600852,1
3928,3006,1651665659,3.380556,-0.536111,0.0,1423.089528,-44.273936,1
3929,3006,1651665661,4.45,0.713889,0.0,1873.286298,9.522066,0
3930,3006,1651665664,5.477778,0.669444,0.0,2305.942933,31.922173,1
3931,3006,1651665665,6.147222,0.652778,-0.019946,2587.754418,45.546931,1
3932,3006,1651665671,0.355556,-0.355556,0.0,149.675809,-33.199473,1
3933,3006,1651665672,0.0,0.0,0.0,0.0,-5.533246,1
3934,3006,1651665675,0.922222,3.261111,-0.086646,388.22163,140.12369,1
3935,3006,1651665677,4.883333,1.475,-0.102272,2055.70369,100.609008,1
3936,3006,1651665677,8.961111,-0.436111,0.044434,3772.298125,-65.478175,1
3937,3006,1651665678,6.358333,-0.011111,-0.103805,2676.624429,67.084071,1
3938,3006,1651665679,8.35,0.0,0.037569,3515.042829,-34.975866,1
3939,3006,1651665681,6.816667,0.677778,0.0,2869.565902,54.852585,1
3940,3006,1651665682,7.494444,2.063889,0.0,3154.885413,66.554192,1
3941,3006,1651665682,7.880556,-0.719444,0.0,3317.423987,-56.165222,1
3942,3006,1651665683,9.558333,1.188889,0.0,4023.706711,47.237191,1
3943,3006,1651665683,7.161111,-2.283333,0.083025,3014.564342,-199.001005,1
3944,3006,1651665686,11.188889,0.844444,-0.029757,4710.110617,47.048622,1
3945,3006,1651665687,12.033333,2.030556,-0.059887,5065.590663,82.808246,1
3946,3006,1651665688,1.963889,1.575,0.062332,826.724977,2.080555,0
3947,3006,1651665689,3.538889,0.469444,0.0,1489.742037,17.198706,1
3948,3006,1651665690,16.266667,0.436111,0.023889,6847.668265,-3.858806,1
3949,3006,1651665694,5.586111,0.530556,0.0,2351.547282,18.603152,1
3950,3006,1651665695,6.116667,1.305556,0.0,2574.891653,35.408226,1
3951,3006,1651665696,7.422222,0.494444,0.0,3124.482514,35.045335,1
3952,3006,1651665697,7.916667,1.019444,0.0,3332.625436,36.732122,1
3953,3006,1651665700,9.805556,0.463889,-0.019697,4127.778172,23.946155,1
3954,3006,1651665700,17.563889,-0.386111,0.029634,7393.7511,-57.538638,1
3955,3006,1651665701,17.177778,0.277778,0.011032,7231.212526,-6.355295,1
3956,3006,1651665702,10.511111,0.133333,-0.016205,4424.791106,6.919168,0
3957,3006,1651665702,17.455556,-0.858333,0.0,7348.146751,-68.54134,1
3958,3006,1651665703,16.597222,-0.327778,-0.025651,6986.819994,-20.985168,1
3959,3006,1651665706,15.0,-0.147222,-0.020759,6314.448195,-12.140585,1
3960,3006,1651665709,13.488889,0.252778,0.0,5678.326007,-13.111847,1
3961,3006,1651665714,7.458333,-0.930556,0.043404,3139.683964,-94.283504,1
3962,3006,1651665716,6.05,0.447222,0.027676,2546.827439,-1.652506,1
3963,3006,1651665719,7.336111,1.333333,0.044804,3088.232904,5.934575,0
3964,3006,1651665721,9.136111,0.483333,0.0,3845.966688,1.412851,0
3965,3006,1651665727,11.141667,0.583333,0.0,4690.231798,15.775789,1
3966,3006,1651665728,0.0,0.0,0.0,0.0,-0.027944,1
3967,3006,1651665734,7.558333,0.0,0.053306,3181.780285,-44.000519,1
3968,3006,1651665749,0.0,0.911111,0.0,0.0,36.195968,1
3969,3006,1651665749,0.0,0.0,0.0,0.0,-0.001775,1
3970,3006,1651665750,0.911111,1.197222,0.0,383.544261,36.5061,1
3971,3006,1651665754,3.730556,0.702778,0.045047,1570.426653,23.500985,1
3972,3006,1651665757,6.919444,0.202778,0.025707,2912.831566,-15.423095,1
3973,3006,1651665759,0.9,0.427778,0.0,378.866892,23.959845,1
3974,3006,1651665760,1.327778,0.811111,0.0,558.945599,25.783026,1
3975,3006,1651665761,2.138889,0.905556,0.0,900.393539,8.044215,0
3976,3006,1651665765,8.019444,-0.580556,0.0,3375.8911,-47.826192,1
3977,3006,1651665771,2.325,0.184722,-0.03461,978.73947,-5.977294,1
3978,3006,1651665774,2.969444,0.991667,0.038202,1250.026874,16.088909,1
3979,3006,1651665775,3.961111,1.316667,0.0,1667.48206,44.749549,1
3980,3006,1651665776,5.277778,1.611111,0.037003,2221.750291,50.481315,1
3981,3006,1651665777,6.888889,0.755556,0.0,2899.968801,44.395761,1
3982,3006,1651665780,10.022222,-0.191667,0.069137,4218.986868,-65.549739,1
3983,3006,1651665780,4.913889,-0.795833,0.0,2068.566455,-60.145762,1
3984,3006,1651665785,11.183333,-0.126389,0.069137,4707.771932,-62.019246,1
3985,3006,1651665786,0.0,0.0,0.0,0.0,-3.748446,1
3986,3006,1651665791,0.0,0.0,0.0,0.0,-0.002892,1
3987,3006,1651665797,6.925,0.122222,0.044972,2915.17025,-31.59079,1
3988,3006,1651665806,5.977778,-0.097222,0.064415,2516.42454,-56.021425,1
3989,3006,1651665807,1.116667,1.347222,0.0,470.075588,32.689312,1
3990,3006,1651665808,2.463889,0.947222,0.0,1037.206583,22.281046,1
3991,3006,1651665813,3.888889,0.477778,0.0,1637.079162,62.765177,1
3992,3006,1651665818,10.072222,0.35,0.0,4240.035029,33.573151,1
3993,3006,1651665820,11.302778,1.836111,0.020633,4758.053649,56.40103,1
3994,3006,1651665824,15.052778,0.925,-0.029996,6336.665698,11.015285,0
3995,3006,1651665835,16.044444,-0.616667,-0.039197,6754.120884,-30.144603,1
3996,3006,1651665838,2.947222,0.072222,0.100075,1240.672136,-66.212307,1
3997,3006,1651665840,3.802778,0.611111,0.103213,1600.829552,-35.642608,1
3998,3006,1651665845,1.744444,-1.297222,0.0,734.346938,-90.033111,1
3999,3006,1651665847,0.186111,0.091667,0.0,78.345931,5.527225,0
4000,3006,1651665853,0.180556,0.013889,0.0,76.007247,0.837007,0
4001,3006,1651665854,0.194444,-0.194444,0.0,81.853958,-11.726251,1
4002,3006,1651665860,0.0,0.0,0.137634,0.0,-80.647806,1
4003,3006,1651665861,1.280556,1.358333,0.103498,539.066781,-4.533431,1
4004,3006,1651665869,5.308333,1.025,0.0,2234.613056,38.42456,1
4005,3006,1651665871,8.538889,0.752778,0.022061,3594.558102,22.031382,1
4006,3006,1651665876,10.138889,0.7,0.019301,4268.099243,16.046496,1
4007,3006,1651665877,10.838889,0.597222,0.0,4562.773492,16.341922,1
4008,3006,1651665880,12.197222,0.386111,0.0,5134.581856,14.141835,0
4009,3006,1651665881,12.583333,0.272222,-0.031364,5297.12043,18.050731,1
4010,3006,1651665882,12.855556,0.277778,-0.039198,5411.715972,18.681334,1
4011,3006,1651665891,0.0,0.0,0.0,0.0,11.282783,1
4012,3006,1651665901,1.502778,0.947222,0.0,632.614162,37.215981,1
4013,3006,1651665902,2.45,0.363889,0.0,1031.359872,15.884056,1
4014,3006,1651665902,16.111111,0.265278,-0.026671,6782.185098,-0.373682,1
4015,3006,1651665905,3.852778,0.536111,0.0,1621.877712,11.384679,1
4016,3006,1651665906,4.388889,0.838889,0.057269,1847.560768,8.33956,0
4017,3006,1651665914,4.327778,0.019444,0.052486,1821.835239,-41.714077,1
4018,3006,1651665920,4.988889,-1.047222,0.06233,2100.138696,-111.909265,1
4019,3006,1651665928,3.266667,0.766667,0.0,1375.146496,8.518233,0
4020,3006,1651665929,4.033333,0.761111,0.04834,1697.884959,7.423356,0
4021,3006,1651665929,21.627778,0.847222,-0.037061,9104.498823,2.13365,0
4022,3006,1651665934,5.088889,-0.797222,0.083023,2142.235017,-108.963796,1
4023,3006,1651665936,3.622222,-0.463889,0.103499,1524.822305,-100.613203,1
4024,3006,1651665939,22.738889,0.019444,-0.035768,9572.235727,-19.82169,1
4025,3006,1651665940,22.758333,-1.855556,-0.01402,9580.421123,-123.951874,1
4026,3006,1651665948,3.525,0.055556,0.0,1483.895326,-8.610976,1
4027,3006,1651665951,3.627778,0.002778,0.0,1527.160989,-11.80577,1
4028,3006,1651665952,22.955556,-0.175,-0.087343,9663.444423,6.167584,0
4029,3006,1651665953,3.633333,0.569444,0.0,1529.499674,26.429258,1
4030,3006,1651665954,4.202778,2.041667,0.0,1769.214837,40.836983,1
4031,3006,1651665955,22.691667,-0.359722,0.043398,9552.356908,-67.4307,1
4032,3006,1651665956,6.805556,-0.030556,0.054903,2864.888533,-46.601411,1
4033,3006,1651665962,21.852778,-0.388889,0.0,9199.215546,-43.082799,1
4034,3006,1651665962,4.672222,-1.308333,0.128764,1966.833679,-166.395507,1
4035,3006,1651665966,0.458333,-0.094444,0.0,192.941473,-17.45501,1
4036,3006,1651665971,0.35,-0.35,0.0,147.337125,-32.864391,1
4037,3006,1651665972,0.894444,0.15,-0.137627,376.528207,33.459218,1
4038,3006,1651665976,0.241667,0.155556,0.0,101.732776,9.379539,0
4039,3006,1651665976,1.822222,0.261111,0.0,767.088521,24.41878,1
4040,3006,1651665977,2.083333,0.747222,0.0,877.006694,28.795015,1
4041,3006,1651665980,3.894444,-0.169444,0.0,1639.417846,-22.224406,1
4042,3006,1651665980,0.530556,-0.072222,0.0,223.344371,-16.116116,1
4043,3006,1651665984,0.0,0.0,0.0,0.0,-5.672864,1
4044,3006,1651665985,18.844444,-0.477778,0.0,7932.817881,-46.424047,1
4045,3006,1651665985,0.0,0.0,0.0,0.0,-0.945477,1
4046,3006,1651665989,0.0,0.0,0.0,0.0,-0.00073,1
4047,3006,1651665990,19.652778,0.297222,-0.078991,8273.096478,26.042218,0
4048,3006,1651665990,0.0,0.0,0.0,0.0,-0.000122,1
4049,3006,1651665991,19.95,0.113889,-0.083905,8398.216099,30.232355,0
4050,3006,1651665992,1.533333,0.663889,0.0,645.476927,46.631292,1
4051,3006,1651665994,3.447222,0.694444,0.0,1451.153743,26.930241,1
4052,3006,1651666002,23.305556,0.858333,-0.122823,9810.781548,27.33443,0
4053,3006,1651666003,24.163889,-0.236111,-0.09028,10172.108305,26.268076,0
4054,3006,1651666004,23.927778,1.147222,0.011679,10072.714213,0.641818,0
4055,3006,1651666008,25.1,-0.572222,0.084047,10566.176646,-105.957124,1
4056,3006,1651666009,0.0,0.0,0.0,0.0,-0.0,1
4057,3006,1651666010,24.416667,-0.802778,-0.135659,10278.518451,9.101344,0
4058,3006,1651666010,0.0,0.0,0.0,0.0,3.272388,1
4059,3006,1651666011,23.613889,-0.686111,-0.135671,9940.578538,22.365985,0
4060,3006,1651666012,1.002778,0.627778,0.0,422.132555,36.992697,1
4061,3006,1651666012,0.230556,0.05,0.0,97.055407,3.014285,0
4062,3006,1651666012,22.927778,-0.076389,-0.137232,9651.751,30.219341,0
4063,3006,1651666014,22.775,-0.272222,-0.089607,9587.437176,24.422308,0
4064,3006,1651666014,2.488889,1.158333,0.0,1047.730663,52.96692,1
4065,3006,1651666014,0.330556,-0.330556,0.0,139.151729,-31.69161,1
4066,3006,1651666015,0.0,0.0,0.0,0.0,-5.281935,1
4067,3006,1651666017,23.191667,0.180556,-0.042888,9762.838515,20.332152,0
4068,3006,1651666018,23.372222,0.1,-0.041584,9838.845762,12.664614,0
4069,3006,1651666019,6.086111,0.181944,0.112034,2562.028888,-67.038983,1
4070,3006,1651666020,23.572222,0.319444,-0.042711,9923.038404,-1.100782,1
4071,3006,1651666021,0.0,0.0,0.0,0.0,-0.000113,1
4072,3006,1651666022,23.375,-0.666667,-0.042738,9840.015104,-35.843912,1
4073,3006,1651666023,0.0,0.0,0.0,0.0,-3e-06,1
4074,3006,1651666027,0.961111,0.202778,0.0,404.592421,13.179058,0
4075,3006,1651666028,1.163889,0.388889,0.0,489.954406,2.450189,0
4076,3006,1651666029,25.438889,0.0,-0.046512,10708.836402,22.731313,0
4077,3006,1651666031,5.922222,0.283333,0.0,2493.037695,12.512065,1
4078,3006,1651666033,25.891667,0.541667,-0.100508,10899.43919,21.687305,0
4079,3006,1651666034,0.822222,0.005556,0.0,346.125308,-11.432372,1
4080,3006,1651666035,26.077778,-1.594444,0.024253,10977.785121,-133.372816,1
4081,3006,1651666037,6.230556,-1.291667,0.078639,2622.834685,-136.429195,1
4082,3006,1651666038,24.183333,0.027778,-0.117631,10180.293701,20.055367,0
4083,3006,1651666047,26.277778,-0.431944,0.09228,11061.977764,-103.307582,1
4084,3006,1651666050,1.055556,0.297222,0.0,444.350058,24.531914,1
4085,3006,1651666051,23.011111,-1.552778,0.113858,9686.831268,-180.832431,1
4086,3006,1651666052,1.65,0.747222,0.0,694.589301,21.920218,1
4087,3006,1651666052,0.0,0.0,0.0,0.0,-0.000754,1
4088,3006,1651666052,21.458333,-0.319444,0.014763,9033.168946,-47.289655,1
4089,3006,1651666054,0.0,0.0,0.0,0.0,-2.1e-05,1
4090,3006,1651666056,0.0,0.0,0.0,0.0,-1e-06,1
4091,3006,1651666058,16.363889,-0.172222,0.087304,6888.595244,-77.766001,1
4092,3006,1651666059,0.0,0.0,0.0,0.0,-0.0,1
4093,3006,1651666062,0.0,0.0,0.0,0.0,-0.0,1
4094,3006,1651666064,0.0,0.0,0.0,0.0,-0.00817,1
4095,3006,1651666068,8.977778,-4.008333,0.0,3779.314179,-254.80088,1
4096,3006,1651666071,0.0,0.0,0.0,0.0,-0.0,1
4097,3006,1651666072,5.066667,0.186111,0.076294,2132.880279,-45.725251,1
4098,3006,1651666073,5.252778,0.108333,0.0,2211.226211,-5.678413,1
4099,3006,1651666075,5.469444,-0.1,0.0,2302.434907,-18.279897,1
4100,3006,1651666077,4.886111,-1.427778,0.0,2056.873032,-98.249562,1
4101,3006,1651666079,2.880556,0.277778,0.0,1212.607922,-5.709924,1
4102,3006,1651666085,0.0,0.0,0.0,0.0,-0.0,1
4103,3006,1651666091,0.163889,0.016667,0.0,68.991193,1.004611,0
4104,3006,1651666092,1.672222,-0.258333,0.0,703.94404,-27.38069,1
4105,3006,1651666092,0.180556,-0.180556,0.0,76.007247,-10.88862,1
4106,3006,1651666094,0.0,0.0,0.0,0.0,-2.596572,1
4107,3006,1651666103,5.747222,1.094444,0.0,2419.369133,40.010592,1
4108,3006,1651666104,6.841667,0.736111,0.0,2880.089982,43.440306,1
4109,3006,1651666110,0.0,0.0,0.0,0.0,-0.0,1
4110,3006,1651666116,0.575,-0.169444,0.0,242.053847,-21.97974,1
4111,3006,1651666119,0.391667,-0.391667,0.0,164.877258,-35.377535,1
4112,3006,1651666121,1.816667,-0.361111,0.0,764.749837,-33.586832,1
4113,3006,1651666127,0.0,0.0,0.0,0.0,-0.327478,1
4114,3006,1651666131,0.258333,-0.258333,0.0,108.74883,-15.579434,1
4115,3006,1651666138,19.883333,0.544444,0.064926,8370.151885,-23.556677,1
4116,3006,1651666139,20.427778,-0.005556,0.041008,8599.342968,-43.061263,1
4117,3006,1651666147,1.980556,0.561111,0.0,833.74103,42.247328,1
4118,3006,1651666147,0.0,1.358333,0.0,0.0,46.494503,1
4119,3006,1651666148,2.541667,0.138889,-0.057844,1069.948166,38.308897,1
4120,3006,1651666149,2.202778,1.533333,0.0,927.288411,55.210815,1
4121,3006,1651666150,22.786111,-0.244444,0.078502,9592.114545,-81.120336,1
4122,3006,1651666151,4.922222,1.561111,0.035338,2072.074482,58.142063,1
4123,3006,1651666152,22.733333,0.536111,-0.021848,9569.897042,3.72859,0
4124,3006,1651666152,6.483333,0.708333,0.0,2729.244831,39.584375,1
4125,3006,1651666153,7.191667,1.141667,0.026734,3027.427107,16.845514,1
4126,3006,1651666156,8.827778,0.047222,0.042928,3716.169697,-35.409017,1
4127,3006,1651666157,4.455556,-1.411111,0.0,1875.624982,-97.178179,1
4128,3006,1651666158,23.619444,0.483333,-0.062061,9942.917223,21.675844,0
4129,3006,1651666161,8.708333,-1.263889,0.04632,3665.88798,-116.428461,1
4130,3006,1651666164,4.213889,-0.55,0.0,1773.892206,-45.215849,1
4131,3006,1651666165,25.177778,1.202778,-0.011681,10598.91823,1.813188,0
4132,3006,1651666170,26.677778,0.613889,-0.040029,11230.363049,16.592876,0
4133,3006,1651666171,27.291667,0.355556,-0.041236,11488.787688,11.181216,0
4134,3006,1651666172,0.0,0.0,0.0,0.0,-0.0007,1
4135,3006,1651666173,0.0,0.0,0.0,0.0,-1.954375,1
4136,3006,1651666175,0.0,0.0,0.0,0.0,-3e-06,1
4137,3006,1651666176,0.0,0.0,0.0,0.0,-0.009048,1
4138,3006,1651666179,28.269444,-0.519444,-0.025973,11900.396163,-40.989995,1
4139,3006,1651666182,0.0,0.0,0.0,0.0,-0.0,1
4140,3006,1651666182,27.338889,0.930556,0.046364,11508.666507,-1.701945,1
4141,3006,1651666193,0.0,0.0,0.0,0.0,-0.0,1
4142,3006,1651666199,0.0,0.0,0.0,0.0,-1e-05,1
4143,3006,1651666200,1.919444,2.138889,0.043236,808.015501,70.021803,1
4144,3006,1651666200,27.163889,-0.119444,-0.079085,11434.997944,12.381037,0
4145,3006,1651666201,27.044444,0.761111,-0.092112,11384.716227,23.842375,0
4146,3006,1651666201,0.0,0.0,0.0,0.0,-0.0,1
4147,3006,1651666202,27.805556,-0.195833,-0.057624,11705.116006,-2.443151,1
4148,3006,1651666206,27.1,0.555556,-0.025016,11408.103072,24.414599,0
4149,3006,1651666207,27.655556,0.469444,-0.071386,11641.971524,39.27748,0
4150,3006,1651666208,0.0,0.0,0.0,0.0,-0.0,1
4151,3006,1651666211,0.0,0.0,0.0,0.0,-0.0,1
4152,3006,1651666212,0.0,0.0,0.0,0.0,-0.0,1
4153,3006,1651666217,1.027778,0.213889,0.0,432.656636,11.047262,0
4154,3006,1651666223,3.616667,0.15,-0.0441,1522.48362,1.689497,0
4155,3006,1651666227,4.425,2.777778,0.043759,1862.762218,-0.500042,1
4156,3006,1651666233,2.561111,0.511111,0.0,1078.133562,-27.72443,0
4157,3006,1651666233,0.741667,-0.294444,0.0,312.214383,-29.521263,1
4158,3006,1651666237,5.725,3.108333,-0.012945,2410.014394,99.452809,1
4159,3006,1651666238,8.833333,1.1625,-0.018825,3718.508382,92.792259,1
4160,3006,1651666240,7.186111,0.047222,0.040089,3025.088422,-33.309097,1
4161,3006,1651666241,13.222222,1.636111,0.051456,5566.06915,67.485883,1
4162,3006,1651666242,14.858333,2.427778,0.064607,6254.81174,41.192015,1
4163,3006,1651666242,8.327778,0.727778,0.048833,3505.688091,3.84088,0
4164,3006,1651666243,17.286111,0.238889,0.029013,7276.816874,-19.325275,1
4165,3006,1651666244,10.277778,1.966667,0.098334,4326.566356,-2.82956,1
4166,3006,1651666244,0.0,0.0,0.0,0.0,-4e-06,1
4167,3006,1651666247,12.105556,0.838889,0.0,5095.993562,0.485915,0
4168,3006,1651666248,12.944444,0.0875,-0.015228,5449.134924,-0.290911,1
4169,3006,1651666249,0.0,0.513889,0.0,0.0,-2.951605,1
4170,3006,1651666250,13.119444,0.580556,-0.043098,5522.803486,18.865782,0
4171,3006,1651666250,0.513889,-0.513889,0.0,216.328318,-42.749754,1
4172,3006,1651666251,13.7,0.430556,-0.013369,5767.196018,17.854194,0
4173,3006,1651666253,14.786111,0.447222,0.073403,6224.408841,-31.46964,1
4174,3006,1651666254,19.455556,0.0,0.020706,8190.073177,-30.166455,1
4175,3006,1651666254,15.233333,0.633333,0.047612,6412.672945,-5.354102,1
4176,3006,1651666256,0.0,0.0,0.0,0.0,-0.000916,1
4177,3006,1651666260,20.686111,0.102778,0.040484,8708.091798,-36.396344,1
4178,3006,1651666261,17.913889,0.144444,0.050294,7541.088224,-37.874221,1
4179,3006,1651666264,22.347222,0.725,0.020256,9407.358468,-4.522074,1
4180,3006,1651666266,0.0,0.0,0.0,0.0,-0.0,1
4181,3006,1651666267,0.0,0.0,0.0,0.0,26.660705,1
4182,3006,1651666272,9.877778,-0.65,0.0,4158.181071,-52.562399,1
4183,3006,1651666275,4.969444,-0.302778,-0.06233,2091.9533,24.657844,1
4184,3006,1651666276,4.666667,-0.025,-0.069137,1964.494994,24.605421,1
4185,3006,1651666279,2.069444,-1.605556,0.0,871.159982,-108.647048,1
4186,3006,1651666284,2.794444,-0.488889,0.0,1176.358312,-41.366598,1
4187,3006,1651666289,0.0,0.0,0.0,0.0,-4.025782,1
4188,3006,1651666291,26.755556,0.361111,0.022062,11263.104632,-14.749625,1
4189,3006,1651666298,2.386111,1.247222,0.0,1004.465,76.229197,1
4190,3006,1651666299,3.633333,1.686111,0.0,1529.499674,61.621806,1
4191,3006,1651666299,0.0,0.0,0.0,0.0,-0.0,1
4192,3006,1651666300,5.319444,0.658333,0.0,2239.290425,26.196911,1
4193,3006,1651666304,1.069444,0.644444,0.0,450.196769,27.65488,1
4194,3006,1651666305,7.977778,0.844444,0.019546,3358.350966,28.661114,1
4195,3006,1651666307,10.202778,1.105556,0.0,4294.994115,23.778743,1
4196,3006,1651666307,2.686111,0.947222,0.0,1130.753964,16.960478,1
4197,3006,1651666311,3.127778,0.338889,0.0,1316.679383,26.977654,1
4198,3006,1651666312,3.466667,0.891667,-0.083023,1459.339138,57.704127,1
4199,3006,1651666313,13.575,0.306944,-0.034642,5714.575617,24.62931,1
4200,3006,1651666313,4.358333,0.780556,-0.06233,1834.698003,66.698571,1
4201,3006,1651666314,5.252778,-2.347222,-0.057848,2211.226211,-119.752104,1
4202,3006,1651666315,5.766667,0.509722,-0.074469,2427.554528,92.612917,1
4203,3006,1651666316,14.316667,1.063889,-0.02538,6026.79,21.586985,0
4204,3006,1651666317,15.380556,0.244444,0.012692,6474.648084,-8.375978,1
4205,3006,1651666318,4.763889,-0.227778,-0.103545,2005.421973,4.095434,0
4206,3006,1651666319,8.327778,0.15,-0.164487,3505.688091,74.398173,1
4207,3006,1651666320,3.041667,-1.327778,0.0,1280.429773,-91.978099,1
4208,3006,1651666321,7.838889,-0.375,-0.119434,3299.883853,25.555247,1
4209,3006,1651666322,7.463889,-0.869444,-0.104621,3142.022648,-3.655423,1
4210,3006,1651666322,0.0,0.0,0.0,0.0,-19.192952,1
4211,3006,1651666326,3.7,-0.155556,-0.104684,1557.563888,27.901743,1
4212,3006,1651666327,3.544444,0.088889,-0.103499,1492.080722,56.097933,1
4213,3006,1651666328,3.633333,1.202778,-0.092068,1529.499674,64.259084,1
4214,3006,1651666329,0.0,0.0,0.0,0.0,9.466191,1
4215,3006,1651666331,5.386111,-0.416667,-0.069136,2267.354639,-1.572962,1
4216,3006,1651666333,4.336111,0.644444,0.0,1825.343265,-2.272938,1
4217,3006,1651666334,4.980556,0.308333,0.0,2096.630669,11.692634,1
4218,3006,1651666335,5.288889,0.144444,-0.050164,2226.42766,26.738215,1
4219,3006,1651666337,6.291667,0.772222,-0.064649,2648.560215,51.805628,1
4220,3006,1651666337,0.427778,-0.258333,0.0,180.078708,-27.337592,1
4221,3006,1651666338,7.063889,0.919444,-0.036967,2973.637363,35.435099,1
4222,3006,1651666342,0.644444,-0.644444,0.0,271.287404,-50.62517,1
4223,3006,1651666347,1.130556,-0.219444,0.0,475.922299,-25.010528,1
4224,3006,1651666348,9.713889,1.583333,0.0,4089.189877,14.04552,1
4225,3006,1651666348,0.911111,-0.258333,0.0,383.544261,-27.348264,1
4226,3006,1651666349,0.652778,-0.091667,0.0,274.795431,-17.291064,1
4227,3006,1651666350,0.561111,0.066667,0.0,236.207136,-7.741218,1
4228,3006,1651666352,7.325,1.322222,0.031366,3083.555535,47.591762,1
4229,3006,1651666353,0.180556,0.363889,0.0,76.007247,21.943137,0
4230,3006,1651666354,14.383333,0.205556,-0.028027,6054.854214,9.657153,0
4231,3006,1651666355,0.288889,-0.052778,0.0,121.611595,-3.184047,1
4232,3007,1651666357,14.866667,-0.163889,0.0,6258.319767,-25.284133,1
4233,3007,1651666359,0.0,0.0,0.0,0.0,-0.197779,1
4234,3007,1651666361,17.155556,1.388889,-0.093201,7221.857788,70.336294,1
4235,3007,1651666361,13.808333,0.194444,0.028027,5812.800366,-19.642635,1
4236,3007,1651666365,20.002778,0.894444,0.017966,8420.433602,7.625055,0
4237,3007,1651666372,0.0,0.0,0.0,0.0,-0.0,1
4238,3007,1651666380,9.630556,2.088889,0.014194,4054.10961,23.295921,1
4239,3007,1651666380,1.527778,0.5,-0.16081,643.138242,43.783428,1
4240,3007,1651666384,15.802778,0.0,-0.058082,6652.388108,19.252164,0
4241,3007,1651666384,3.025,0.808333,0.0,1273.413719,38.683952,1
4242,3007,1651666384,2.208333,-1.458333,0.0,929.627095,-99.778871,1
4243,3007,1651666385,15.802778,1.3375,-0.052521,6652.388108,67.315825,1
4244,3007,1651666385,3.833333,0.327778,-0.077532,1613.692317,12.041068,1
4245,3007,1651666387,18.477778,2.152778,0.0173,7778.464703,86.752189,1
4246,3007,1651666387,3.636111,-0.797222,0.0,1530.669016,-60.04935,1
4247,3007,1651666388,20.630556,2.097222,-0.006437,8684.704953,79.485994,1
4248,3007,1651666389,22.727778,0.0,-0.050277,9567.558358,60.778284,0
4249,3007,1651666391,0.0,0.0,0.0,0.0,-2.233589,1
4250,3007,1651666392,0.694444,0.216667,0.0,292.335565,-6.044615,1
4251,3007,1651666399,0.0,1.502778,-0.107722,0.0,85.247345,1
4252,3007,1651666401,2.15,0.602778,-0.092475,905.070908,75.160206,1
4253,3007,1651666402,2.752778,0.2,-0.107722,1158.818178,53.635231,1
4254,3007,1651666403,2.952778,-0.338889,-0.112137,1243.010821,17.892414,1
4255,3007,1651666405,2.294444,0.205556,-0.124179,965.876705,3.187257,0
4256,3007,1651666405,27.908333,0.747222,0.009974,11748.38167,-4.897591,1
4257,3007,1651666406,28.655556,-0.480556,-0.008131,12062.934737,-49.497063,1
4258,3007,1651666407,2.561111,0.198611,-0.089911,1078.133562,30.88147,1
4259,3007,1651666408,0.0,0.0,0.0,0.0,-0.0,1
4260,3007,1651666410,3.405556,0.308333,-0.078639,1433.613609,24.177612,1
4261,3007,1651666416,0.0,0.0,0.0,0.0,-0.0,1
4262,3007,1651666420,0.0,0.0,0.0,0.0,-0.0,1
4263,3007,1651666423,4.105556,0.0,0.100076,1728.287858,-70.703035,1
4264,3007,1651666426,2.797222,0.222222,0.0,1177.527654,26.949812,1
4265,3007,1651666427,2.444444,2.680556,0.0,1029.021187,73.953794,1
4266,3007,1651666427,3.019444,1.502778,-0.06233,1271.075035,66.847326,1
4267,3007,1651666428,5.125,0.413889,0.0,2157.436467,44.023146,1
4268,3007,1651666430,6.441667,0.05,-0.051888,2711.704697,26.972772,1
4269,3007,1651666433,6.569444,0.405556,0.0,2765.494441,2.809719,0
4270,3007,1651666434,8.638889,1.391667,-0.041892,3636.654423,56.953597,1
4271,3007,1651666434,6.975,-0.272222,-0.059931,2936.218411,9.75401,0
4272,3007,1651666435,10.030556,0.161111,-0.049929,4222.494895,17.707607,1
4273,3007,1651666438,5.294444,-0.125,-0.077841,2228.766344,18.606306,1
4274,3007,1651666439,5.169444,1.411111,-0.054902,2176.145943,39.666281,1
4275,3007,1651666440,6.580556,-0.036111,-0.072941,2770.17181,-0.440046,1
4276,3007,1651666442,26.713889,-0.194444,0.106081,11245.564499,-97.423558,1
4277,3007,1651666444,4.536111,-0.019444,-0.083927,1909.535908,35.612156,1
4278,3007,1651666447,26.386111,-0.725,0.019481,11107.582112,-78.406182,1
4279,3007,1651666447,3.008333,-0.680556,0.0,1266.397666,-52.945184,1
4280,3007,1651666449,1.647222,-1.138889,0.0,693.419959,-80.479663,1
4281,3007,1651666452,25.65,-0.113889,0.124056,10797.706414,-102.118628,1
4282,3007,1651666454,3.838889,1.083333,0.0,1616.031001,25.889149,1
4283,3007,1651666455,0.0,0.0,0.0,0.0,-0.005455,1
4284,3007,1651666456,4.938889,0.405556,-0.036046,2079.090535,10.265736,0
4285,3007,1651666457,5.344444,0.438889,0.0,2249.814505,16.351212,1
4286,3007,1651666458,5.783333,0.2,-0.036046,2434.570582,16.842273,1
4287,3007,1651666459,5.983333,0.105556,-0.047915,2518.763224,8.886771,0
4288,3007,1651666461,6.194444,0.05,0.0,2607.633236,-9.373868,1
4289,3007,1651666465,2.263889,-0.869444,0.0,953.013941,-64.271068,1
4290,3007,1651666469,2.494444,0.563889,0.0,1050.069348,7.815212,0
4291,3007,1651666469,2.519444,-1.516667,0.0,1060.593428,-103.320815,1
4292,3007,1651666471,0.0,0.0,0.0,0.0,-1.397832,1
4293,3007,1651666472,3.133333,0.941667,0.0,1319.018067,14.804181,1
4294,3007,1651666474,2.686111,-2.083333,0.0,1130.753964,-137.506952,1
4295,3007,1651666475,4.541667,0.305556,0.0,1911.874592,16.56151,1
4296,3007,1651666481,5.586111,0.222222,-0.102271,2351.547282,66.359133,1
4297,3007,1651666482,5.808333,0.580556,-0.1105,2445.094662,75.004094,1
4298,3007,1651666484,0.386111,0.0,0.0,162.538574,-11.7587,1
4299,3007,1651666485,6.291667,-0.601389,-0.124179,2648.560215,8.137248,0
4300,3007,1651666485,3.941667,1.058333,0.086304,1659.296665,-4.813971,1
4301,3007,1651666487,0.677778,0.383333,0.0,285.319511,31.344408,1
4302,3007,1651666488,1.061111,2.791667,0.0,446.688743,32.000396,1
4303,3007,1651666489,8.277778,1.208333,0.073482,3484.63993,1.733487,0
4304,3007,1651666489,3.852778,0.0,0.067512,1621.877712,-51.628278,1
4305,3007,1651666490,4.258333,0.716667,-0.053305,1792.601682,21.540702,1
4306,3007,1651666492,5.3,0.369444,-0.05127,2231.105029,27.506974,1
4307,3007,1651666493,7.252778,1.177778,0.059775,3053.152637,18.184828,1
4308,3007,1651666494,8.430556,0.941667,0.060029,3548.953754,29.634866,1
4309,3007,1651666496,11.533333,0.259722,-0.012214,4855.109057,36.201851,1
4310,3007,1651666498,12.052778,0.566667,-0.02997,5073.776059,45.960465,1
4311,3007,1651666499,12.619444,0.791667,-0.062205,5312.32188,62.845568,1
4312,3007,1651666500,13.411111,1.172222,-0.048407,5645.584423,69.957567,1
4313,3007,1651666501,14.583333,1.333333,-0.029996,6139.046856,55.120215,1
4314,3007,1651666502,15.916667,0.461111,0.0,6700.33114,19.177914,0
4315,3007,1651666503,4.161111,0.180556,-0.06233,1751.674703,12.259608,1
4316,3007,1651666510,6.105556,-1.608333,-0.068313,2570.214284,-69.207424,1
4317,3007,1651666515,15.988889,0.222222,0.047923,6730.734039,-30.716838,1
4318,3007,1651666518,3.797222,-0.791667,-0.134416,1598.490867,11.778906,1
4319,3007,1651666518,16.380556,0.286111,-0.065849,6895.611297,1.476739,0
4320,3007,1651666519,3.005556,-0.277778,-0.149142,1265.228324,2.255456,0
4321,3007,1651666529,0.566667,-0.138889,0.0,238.545821,-20.136985,1
4322,3007,1651666530,16.55,0.205556,0.125236,6966.941175,-77.20825,1
4323,3007,1651666534,1.383333,2.144444,0.0,582.332445,84.956367,1
4324,3007,1651666535,3.527778,1.622222,-0.044619,1485.064668,89.56249,1
4325,3007,1651666537,6.713889,-0.102778,-0.044619,2826.300238,42.15234,1
4326,3007,1651666538,6.611111,0.133333,-0.029634,2783.034575,49.427503,1
4327,3007,1651666538,1.441667,1.105556,-0.138218,606.888632,104.245819,1
4328,3007,1651666540,6.877778,2.361111,0.0,2895.291432,71.856124,1
4329,3007,1651666540,4.469444,0.655556,0.0,1881.471694,65.97211,1
4330,3007,1651666541,9.238889,0.427778,-0.015983,3889.232351,76.943591,1
4331,3007,1651666542,9.666667,2.761111,0.0,4069.311059,83.770081,1
4332,3007,1651666543,12.427778,1.575,0.023465,5231.637264,37.856509,1
4333,3007,1651666545,14.002778,1.470833,0.028476,5894.654324,21.228482,0
4334,3007,1651666547,16.944444,1.077778,-0.039379,7132.987776,48.065772,1
4335,3007,1651666547,6.955556,-3.863889,0.0,2928.033015,-245.559053,1
4336,3007,1651666548,18.022222,1.355556,-0.020601,7586.692572,33.48908,0
4337,3007,1651666551,2.005556,2.330556,-0.042036,844.265111,75.853073,1
4338,3007,1651666554,19.780556,0.230556,-0.034145,8326.886222,14.241985,0
4339,3007,1651666554,6.816667,0.344444,0.0,2869.565902,20.536482,1
4340,3007,1651666554,16.458333,-0.252778,-0.017865,6928.352881,-20.964072,1
4341,3007,1651666556,16.327778,0.169444,0.0,6873.393795,-5.934705,1
4342,3007,1651666561,22.275,0.930556,-0.051886,9376.95557,19.250543,0
4343,3007,1651666562,1.527778,0.688889,0.0,643.138242,20.069259,1
4344,3007,1651666564,16.266667,-0.236111,0.056633,6847.668265,-63.611275,1
4345,3007,1651666567,8.430556,0.208333,-0.036029,3548.953754,27.397855,1
4346,3007,1651666567,23.694444,-0.491667,-0.05551,9974.489464,-18.033091,1
4347,3007,1651666571,23.566667,-0.119444,0.017096,9920.69972,-38.16518,1
4348,3007,1651666572,7.213889,-1.766667,0.0,3036.781845,-119.150151,1
4349,3007,1651666581,1.233333,1.936111,0.0,519.187963,44.458066,1
4350,3007,1651666581,22.794444,0.541667,0.0,9595.622572,-1.831863,1
4351,3007,1651666582,23.336111,-0.536111,0.021727,9823.644312,-65.833831,1
4352,3007,1651666585,4.608333,0.202778,-0.052613,1939.938807,31.904367,1
4353,3007,1651666588,18.375,0.422222,-0.016221,7735.199039,-1.859436,1
4354,3007,1651666589,22.3,0.0,0.0,9387.47965,-19.957182,1
4355,3007,1651666591,18.622222,0.197222,0.128773,7839.2705,-80.970293,1
4356,3007,1651666593,22.147222,0.391667,-0.078558,9323.165826,28.279068,0
4357,3007,1651666594,22.538889,0.241667,-0.065506,9488.043084,38.953691,0
4358,3007,1651666594,18.905556,-0.122222,-0.01089,7958.54341,-18.619386,1
4359,3007,1651666595,22.780556,0.647222,-0.063082,9589.775861,45.279372,0
4360,3007,1651666596,23.427778,0.126389,-0.085913,9862.232607,44.717922,0
4361,3007,1651666596,1.641667,-0.820833,0.0,691.081275,-61.299585,1
4362,3007,1651666604,16.272222,-1.55,0.0,6850.006949,-109.592886,1
4363,3007,1651666606,24.316667,0.547222,-0.0322,10236.42213,16.026249,0
4364,3007,1651666611,3.488889,0.569444,0.080221,1468.693876,-24.68391,1
4365,3007,1651666612,4.058333,1.513889,0.052613,1708.409039,4.447696,0
4366,3007,1651666612,25.461111,0.594444,0.007472,10718.19114,-4.433989,1
4367,3007,1651666618,25.938889,0.569444,-0.056151,10919.318008,3.93726,0
4368,3007,1651666620,26.508333,0.5875,-0.070136,11159.033171,29.979832,0
4369,3007,1651666620,0.0,0.0,-0.204833,0.0,45.266554,1
4370,3007,1651666622,27.683333,-0.325,-0.103806,11653.664947,26.20489,0
4371,3007,1651666622,0.0,0.0,0.0,0.0,23.798615,1
4372,3007,1651666623,4.672222,0.256944,-0.103497,1966.833679,78.847581,1
4373,3007,1651666625,27.238889,0.072222,-0.106843,11466.570185,9.390894,0
4374,3007,1651666625,0.0,0.0,0.0,0.0,0.545802,1
4375,3007,1651666629,0.0,0.0,0.0,0.0,8.108223,1
4376,3007,1651666632,1.883333,0.391667,0.0,792.814051,0.806595,0
4377,3007,1651666632,4.5,-0.308333,0.103645,1894.334459,-91.43513,1
4378,3007,1651666633,4.191667,-0.333333,0.08803,1764.537468,-83.779608,1
4379,3007,1651666640,7.819444,3.116667,0.135988,3291.698457,15.074257,1
4380,3007,1651666641,3.144444,-0.511111,0.178392,1323.695436,-146.860023,1
4381,3007,1651666642,11.327778,0.791667,0.0,4768.57773,39.237623,1
4382,3007,1651666643,20.402778,-0.458333,-0.156716,8588.818888,22.957939,0
4383,3007,1651666644,19.944444,0.0,-0.099735,8395.877415,36.102756,0
4384,3007,1651666644,13.222222,-0.119444,-0.07291,5566.06915,56.794331,1
4385,3007,1651666645,3.333333,2.077778,0.080221,1403.21071,18.095709,1
4386,3007,1651666645,19.944444,0.694444,-0.051626,8395.877415,36.964643,0
4387,3007,1651666646,5.411111,0.422222,0.0,2277.878719,32.320844,1
4388,3007,1651666647,14.166667,0.7,-0.051749,5963.645518,49.653827,1
4389,3007,1651666648,21.211111,0.713889,-0.089015,8929.097485,34.532834,0
4390,3007,1651666653,18.036111,0.088889,0.038612,7592.539283,-34.442915,1
4391,3007,1651666654,18.125,0.308333,0.0,7629.958236,-3.130446,1
4392,3007,1651666655,20.383333,-0.494444,-0.028505,8580.633492,-31.666731,1
4393,3007,1651666657,6.508333,0.472222,-0.063649,2739.768911,61.009035,1
4394,3007,1651666658,19.508333,0.147222,-0.055778,8212.29068,15.067917,0
4395,3007,1651666658,6.980556,0.952778,-0.080612,2938.557095,65.464629,1
4396,3007,1651666658,19.527778,-0.116667,-0.037044,8220.476076,-3.302018,1
4397,3007,1651666659,19.655556,-0.2,-0.125534,8274.26582,21.95128,0
4398,3007,1651666661,7.963889,-0.147222,-0.10789,3352.504255,31.551754,1
4399,3007,1651666662,18.227778,-0.102778,-0.064105,7673.223899,18.693129,0
4400,3007,1651666663,7.669444,-0.247222,-0.084256,3228.553975,13.602568,1
4401,3007,1651666664,7.422222,-1.011111,-0.104938,3124.482514,-12.002717,1
4402,3007,1651666665,18.608333,0.561111,-0.052896,7833.423789,12.639914,0
4403,3007,1651666667,4.05,0.775,-0.120011,1704.901013,49.841194,1
4404,3007,1651666668,4.825,0.125,-0.154748,2031.147503,73.427617,1
4405,3007,1651666669,4.95,0.211111,-0.120012,2083.767904,79.748285,1
4406,3007,1651666670,5.161111,0.383333,-0.122266,2172.637916,89.181813,1
4407,3007,1651666675,7.886111,-0.229167,-0.070264,3319.762671,11.124155,1
4408,3007,1651666682,2.65,0.677778,0.0,1115.552514,17.067815,1
4409,3007,1651666683,3.327778,0.680556,0.0,1400.872025,45.987997,1
4410,3007,1651666685,6.111111,1.286111,0.0,2572.552968,37.358748,1
4411,3007,1651666690,18.441667,-0.919444,0.021981,7763.263253,-85.727038,1
4412,3007,1651666694,4.372222,1.738889,0.0,1840.544715,62.41267,1
4413,3007,1651666699,16.911111,0.522222,-0.027453,7118.955669,2.863206,0
4414,3007,1651666699,3.055556,-0.158333,0.0,1286.276484,-21.458221,1
4415,3007,1651666700,10.566667,1.408333,0.061828,4448.177951,17.428298,1
4416,3007,1651666701,11.975,0.736111,0.0,5041.034476,35.049061,1
4417,3007,1651666702,12.711111,1.491667,0.0,5350.910174,38.974186,1
4418,3007,1651666703,4.577778,0.686111,-0.074863,1927.076042,64.390005,1
4419,3007,1651666705,6.425,0.313889,0.0,2704.688644,27.485466,1
4420,3007,1651666707,19.661111,0.35,-0.111201,8276.604505,44.922544,0
4421,3007,1651666708,20.011111,0.308333,-0.014563,8423.941629,-0.383353,1
4422,3007,1651666711,19.738889,0.361111,0.085177,8309.346088,-46.370619,1
4423,3007,1651666713,17.008333,0.0,0.027927,7159.882648,-32.936257,1
4424,3007,1651666734,8.297222,0.0,0.073941,3492.825326,-56.283434,1
4425,3007,1651666736,20.625,0.147222,0.049422,8682.366268,-38.918255,1
4426,3007,1651666740,20.455556,0.030556,0.009892,8611.03639,-22.628158,1
4427,3007,1651666742,9.141667,0.886111,0.0,3848.305372,30.128303,1
4428,3007,1651666743,10.027778,0.755556,0.0,4221.325553,39.630371,1
4429,3007,1651666744,20.927778,-0.288889,-0.108672,8809.824574,16.331928,0
4430,3007,1651666745,20.638889,0.144444,-0.142147,8688.21298,34.511956,0
4431,3007,1651666748,14.691667,0.761111,0.064445,6184.651204,-7.249226,1
4432,3007,1651666752,17.419444,0.404167,-0.008092,7332.945302,20.515242,0
4433,3007,1651666752,19.655556,1.183333,-0.08325,8274.26582,1.227378,0
4434,3007,1651666754,18.227778,0.138889,-0.041686,7673.223899,25.389898,0
4435,3007,1651666755,18.366667,0.544444,-0.05209,7731.691012,29.931182,0
4436,3007,1651666756,18.911111,0.513889,-0.058518,7960.882095,10.592458,0
4437,3007,1651666757,0.241667,0.066667,0.0,101.732776,4.019252,0
4438,3007,1651666766,21.602778,-0.130556,0.149174,9093.974743,-114.555899,1
4439,3007,1651666767,0.163889,0.263889,0.0,68.991193,15.912909,0
4440,3007,1651666772,20.941667,-0.05,-0.046931,8815.671286,-4.01538,1
4441,3007,1651666780,2.963889,1.394444,0.0,1247.68819,54.020073,1
4442,3007,1651666784,5.880556,1.619444,0.0,2475.497561,12.031492,1
4443,3007,1651666784,8.622222,-0.863889,0.0,3629.63837,-65.077534,1
4444,3007,1651666787,21.494444,-0.180556,-0.102708,9048.370395,-6.567342,1
4445,3007,1651666790,19.347222,1.908333,0.0,8144.468829,26.601314,0
4446,3007,1651666790,2.530556,-2.530556,0.0,1065.270797,-164.462512,1
4447,3007,1651666791,21.255556,1.005556,-0.087867,8947.806961,35.316507,0
4448,3007,1651666791,5.258333,-1.763889,0.0,2213.564895,-118.580418,1
4449,3007,1651666794,20.902778,-0.5,-0.011719,8799.300494,-42.224147,1
4450,3007,1651666795,0.0,0.0,0.0,0.0,-0.1269,1
4451,3007,1651666799,20.838889,0.736111,-0.035129,8772.405622,6.61055,0
4452,3007,1651666800,0.0,0.0,0.0,0.0,3.435628,1
4453,3007,1651666802,0.416667,-0.169444,0.0,175.401339,-21.977151,1
4454,3007,1651666805,0.225,0.072222,0.0,94.716723,4.354398,0
4455,3007,1651666805,20.933333,-1.019444,-0.082344,8812.163259,-32.070341,1
4456,3007,1651666809,13.041667,1.105556,0.0,5490.061903,12.05657,0
4457,3007,1651666812,19.172222,0.072222,-0.054415,8070.800267,15.750291,0
4458,3007,1651666814,0.308333,0.380556,0.0,129.796991,11.190919,0
4459,3007,1651666814,14.322222,0.747222,0.0,6029.128684,5.946809,0
4460,3007,1651666818,16.525,0.569444,-0.035181,6956.417095,6.259492,0
4461,3007,1651666824,18.216667,0.827778,-0.029669,7668.54653,47.91365,0
4462,3007,1651666825,19.044444,1.630556,-0.023078,8017.010523,35.893578,0
4463,3007,1651666825,13.997222,-0.405556,0.0,5892.31564,-39.443555,1
4464,3007,1651666826,13.591667,-0.694444,0.041248,5721.59167,-80.909286,1
4465,3007,1651666826,20.675,0.016667,0.0,8703.414429,-17.800471,1
4466,3007,1651666827,20.691667,0.25,0.0,8710.430482,-3.741088,1
4467,3007,1651666829,21.019444,-0.702778,-0.038402,8848.412869,-38.845594,1
4468,3007,1651666830,20.316667,-0.013889,-0.063604,8552.569278,2.190385,0
4469,3007,1651666831,0.163889,-0.013889,-0.119629,68.991193,69.313639,0
4470,3007,1651666832,20.288889,0.402778,-0.059942,8540.875855,26.107318,0
4471,3007,1651666833,20.691667,0.180556,-0.086233,8710.430482,31.316174,0
4472,3007,1651666835,8.797222,-2.161111,0.103805,3703.306932,-204.199387,1
4473,3007,1651666842,3.744444,0.644444,0.057844,1576.273364,-7.088258,1
4474,3007,1651666844,5.330556,0.583333,-0.01492,2243.967794,41.035697,1
4475,3007,1651666846,19.708333,0.713889,-0.14339,8296.483323,58.680057,0
4476,3007,1651666846,6.497222,1.163889,-0.026262,2735.091542,54.335686,1
4477,3007,1651666848,20.511111,-0.308333,0.0,8634.423236,-37.287705,1
4478,3007,1651666849,9.261111,0.519444,0.0,3898.587089,16.985346,1
4479,3007,1651666849,20.202778,0.452778,0.023786,8504.626245,-5.160076,1
4480,3007,1651666851,20.763889,0.111111,-0.027471,8740.833381,13.218374,0
4481,3007,1651666852,9.95,0.569444,-0.037282,4188.583969,29.246924,1
4482,3007,1651666854,21.458333,0.261111,-0.15447,9033.168946,76.439824,0
4483,3007,1651666854,5.536111,0.663889,0.0,2330.499121,30.627377,1
4484,3007,1651666855,6.2,0.997222,0.045729,2609.971921,50.513115,1
4485,3007,1651666855,21.719444,0.505556,-0.136537,9143.087118,65.112088,0
4486,3007,1651666856,7.197222,2.844444,0.019526,3029.765791,63.636232,1
4487,3007,1651666856,11.533333,1.569444,-0.064416,4855.109057,42.280714,1
4488,3007,1651666856,22.225,-0.015278,-0.057911,9355.907409,42.583264,0
4489,3007,1651666860,22.647222,0.013889,-0.062992,9533.647432,3.704534,0
4490,3007,1651666862,22.136111,0.15,-0.041194,9318.488457,3.413519,0
4491,3007,1651666863,22.286111,-0.155556,-0.085394,9381.632939,20.660541,0
4492,3007,1651666864,13.644444,0.0,-0.04254,5743.809173,5.653946,0
4493,3007,1651666866,22.491667,0.391667,-0.13723,9468.164266,41.848097,0
4494,3007,1651666872,14.05,-0.441667,-0.085128,5914.533143,10.298905,0
4495,3007,1651666872,12.238889,0.005556,-0.047915,5152.12199,9.059756,0
4496,3007,1651666873,12.244444,0.472222,0.0,5154.460675,13.291948,0
4497,3007,1651666874,12.716667,0.627778,0.0,5353.248859,10.733294,0
4498,3007,1651666875,13.344444,0.422222,0.020427,5617.520209,-1.235731,1
4499,3007,1651666877,14.266667,0.111111,0.043404,6005.741839,-33.90702,1
4500,3007,1651666877,20.963889,0.019444,-0.022353,8825.026024,-4.69015,1
4501,3007,1651666878,20.983333,0.047222,0.0,8833.21142,-16.169697,1
4502,3007,1651666879,14.219444,0.152778,-0.034037,5985.86302,7.237809,0
4503,3007,1651666879,12.988889,0.922222,-0.060444,5467.8444,13.63186,0
4504,3007,1651666879,21.030556,-0.405556,-0.014844,8853.090238,-34.779871,1
4505,3007,1651666880,14.372222,0.105556,-0.023831,6050.176845,12.845089,0
4506,3007,1651666881,20.758333,0.180556,-0.072063,8738.494697,6.557744,0
4507,3007,1651666883,14.563889,0.247222,-0.054973,6130.861461,9.240304,0
4508,3007,1651666885,20.541667,-0.113889,-0.107401,8647.286,29.98037,0
4509,3007,1651666886,20.427778,0.386111,-0.07269,8599.342968,16.016656,0
4510,3007,1651666889,12.563889,-0.475,0.043703,5288.935035,-68.672975,1
4511,3007,1651666891,11.913889,-0.097222,0.023526,5015.308946,-33.784147,1
4512,3007,1651666891,3.991667,-1.836111,0.0,1680.344825,-122.742428,1
4513,3007,1651666891,19.261111,-0.536111,0.0,8108.219219,-50.203572,1
4514,3007,1651666893,11.725,-0.25,0.0,4935.793672,-29.099195,1
4515,3007,1651666894,1.075,0.0,0.0,452.535454,-11.775299,1
4516,3007,1651666895,11.225,0.052778,-0.087239,4725.312066,6.469014,0
4517,3007,1651666896,11.277778,-0.077778,-0.078553,4747.529569,12.14327,1
4518,3007,1651666902,2.341667,0.786111,0.0,985.755524,28.398451,1
4519,3007,1651666903,3.127778,0.783333,0.0,1316.679383,23.352319,1
4520,3007,1651666903,7.361111,-0.730556,-0.029757,3098.756985,-39.21071,1
4521,3007,1651666903,5.405556,-1.216667,-0.112132,2275.540035,-19.75882,1
4522,3007,1651666904,4.188889,-1.041667,-0.138215,1763.368126,16.025182,1
4523,3007,1651666905,3.147222,-0.280556,-0.103208,1324.864779,64.957101,1
4524,3007,1651666907,5.561111,-0.186111,0.0,2341.023201,-23.48935,1
4525,3007,1651666910,7.119444,3.005556,0.0,2997.024208,91.876238,1
4526,3007,1651666917,1.575,0.494444,0.0,663.01706,20.673232,1
4527,3007,1651666917,5.369444,1.055556,0.0,2260.338585,48.466205,1
4528,3007,1651666919,11.497222,0.477778,-0.04139,4839.907607,9.957095,0
4529,3007,1651666920,8.780556,1.177778,0.0,3696.290879,28.463396,1
4530,3007,1651666920,11.975,0.397222,-0.019786,5041.034476,8.059064,0
4531,3007,1651666921,4.213889,1.327778,-0.048357,1773.892206,77.225887,1
4532,3007,1651666925,14.163889,0.708333,-0.025888,5962.476175,8.422458,0
4533,3007,1651666927,4.85,0.911111,-0.069252,2041.671583,49.549894,1
4534,3007,1651666928,5.761111,1.508333,-0.055433,2425.215844,64.537668,1
4535,3007,1651666929,7.269444,0.0,-0.055433,3060.16869,43.658806,1
4536,3007,1651666931,14.933333,0.005556,-0.06037,6286.383981,-1.552186,1
4537,3007,1651666932,9.202778,-0.75,0.0,3874.030902,-58.380325,1
4538,3007,1651666934,15.016667,-0.036111,-0.053863,6321.464249,3.578744,0
4539,3007,1651666934,4.172222,-0.369444,-0.119631,1756.352072,16.83345,1
4540,3007,1651666935,3.802778,-0.408333,-0.119631,1600.829552,37.164993,1
4541,3007,1651666937,5.161111,-1.302778,0.044103,2172.637916,-116.661419,1
4542,3007,1651666938,3.308333,-0.161111,-0.143774,1392.68663,55.001209,1
4543,3007,1651666940,3.066667,-0.191667,-0.137628,1290.953853,62.377054,1
4544,3007,1651666941,2.875,0.65,-0.092487,1210.269237,69.268949,1
4545,3007,1651666942,3.525,0.913889,-0.077544,1483.895326,58.182246,1
4546,3007,1651666943,4.438889,-0.272222,-0.063021,1868.608929,31.855032,1
4547,3007,1651666944,4.166667,-0.241667,-0.051754,1754.013388,21.892562,1
4548,3007,1651666944,15.15,-0.079167,0.020074,6377.592677,-32.112114,1
4549,3007,1651666948,9.166667,3.802778,-0.056638,3858.829453,124.553844,1
4550,3007,1651666954,13.863889,0.294444,-0.048471,5836.187211,32.600004,1
4551,3007,1651666955,14.158333,0.55,-0.04775,5960.137491,33.390521,1
4552,3007,1651666958,15.463889,0.241667,-0.015863,6509.728352,-2.649928,1
4553,3007,1651666962,16.2,-0.144444,0.029858,6819.604051,-42.337689,1
4554,3007,1651666964,15.65,0.0,0.0,6588.074284,-15.795323,1
4555,3007,1651666974,2.655556,1.280556,0.08803,1117.891199,32.435202,1
4556,3007,1651666974,0.0,0.0,0.0,0.0,-0.0,1
4557,3007,1651666979,6.338889,0.811111,0.0,2668.439034,19.427099,1
4558,3007,1651666981,8.127778,1.877778,0.0,3421.495448,56.079746,1
4559,3007,1651666986,0.0,0.0,0.0,0.0,-0.0,1
4560,3007,1651666990,0.0,0.0,0.0,0.0,-0.007459,1
4561,3007,1651666991,0.0,0.0,0.0,0.0,-0.001243,1
4562,3007,1651666992,0.983333,0.422222,0.0,413.947159,51.45088,1
4563,3007,1651666992,5.675,-2.402778,0.0,2388.966234,-157.182606,1
4564,3007,1651666993,1.405556,2.755556,0.0,591.687183,50.911417,1
4565,3007,1651666993,3.272222,-2.033333,0.0,1377.48518,-134.549382,1
4566,3007,1651666995,1.908333,1.425,0.0,803.338131,24.737899,1
4567,3007,1651666995,0.483333,-0.083333,0.0,203.465553,-16.785362,1
4568,3007,1651666997,4.377778,0.427778,0.0,1842.883399,2.595537,0
4569,3007,1651666997,3.677778,0.566667,0.0,1548.20915,21.802263,1
4570,3007,1651666998,0.713889,1.086111,0.0,300.52096,45.208647,1
4571,3007,1651667000,5.411111,1.363889,-0.025052,2277.878719,38.40625,1
4572,3007,1651667001,6.358333,1.213889,0.0,2676.624429,74.080396,1
4573,3007,1651667001,6.775,1.213889,-0.033613,2852.025768,66.20384,1
4574,3007,1651667002,7.572222,0.761111,0.0,3187.626996,46.747543,1
4575,3007,1651667003,9.275,0.705556,-0.053853,3904.433801,73.62334,1
4576,3007,1651667004,9.980556,1.255556,-0.062169,4201.446734,72.443803,1
4577,3007,1651667004,9.8,1.266667,0.028658,4125.439487,42.069448,1
4578,3007,1651667005,11.236111,0.4,-0.071022,4729.989435,55.103358,1
4579,3007,1651667007,11.591667,0.086111,0.016124,4879.665244,-18.255543,1
4580,3007,1651667008,11.677778,1.183333,0.0,4915.914854,18.24437,1
4581,3007,1651667008,12.155556,-0.079167,-0.012528,5117.041723,-11.602054,1
4582,3007,1651667009,12.861111,0.694444,0.0,5414.054656,28.573648,1
4583,3007,1651667011,14.063889,0.752778,-0.033768,5920.379854,24.438209,1
4584,3007,1651667012,13.961111,1.025,-0.013549,5877.11419,17.451837,0
4585,3007,1651667012,14.816667,0.254167,0.0,6237.271606,-0.049558,1
4586,3007,1651667013,14.986111,0.291667,-0.047388,6308.601484,22.509599,0
4587,3007,1651667016,15.730556,-0.683333,0.06746,6621.985209,-96.641236,1
4588,3007,1651667017,14.636111,-0.019444,-0.035044,6161.264359,15.047487,0
4589,3007,1651667017,5.344444,1.105556,-0.036037,2249.814505,28.682451,1
4590,3007,1651667019,13.669444,-1.380556,0.050386,5754.333253,-127.679882,1
4591,3007,1651667020,12.288889,-0.955556,0.035008,5173.170151,-92.436701,1
4592,3007,1651667023,3.9,-1.863889,0.0,1641.756531,-124.405588,1
4593,3007,1651667025,11.205556,1.125,0.071981,4717.12667,-1.403511,1
4594,3007,1651667026,12.330556,1.097222,0.127465,5190.710285,-22.725198,1
4595,3007,1651667028,2.838889,0.530556,0.0,1195.067788,19.965852,1
4596,3007,1651667028,12.505556,-0.647222,0.0,5264.378847,-53.364881,1
4597,3007,1651667031,15.119444,0.422222,0.0,6364.729912,10.880943,0
4598,3007,1651667031,5.375,1.111111,0.1105,2262.67727,-9.978616,1
4599,3007,1651667032,5.369444,-0.593056,-0.029656,2260.338585,-30.559987,1
4600,3007,1651667033,6.347222,2.716667,0.099609,2671.94706,3.227398,0
4601,3007,1651667033,16.077778,0.066667,-0.035957,6768.152991,12.460493,0
4602,3007,1651667034,9.063889,1.75,0.049887,3815.563789,4.717821,0
4603,3007,1651667035,4.152778,0.338889,0.0,1748.166676,5.638026,0
4604,3007,1651667039,15.263889,-0.325,0.0,6425.53571,-35.197029,1
4605,3007,1651667047,2.083333,0.163889,0.0,877.006694,-1.944789,1
4606,3007,1651667047,1.961111,0.158333,0.0,825.555634,-2.271655,1
4607,3007,1651667049,3.941667,1.008333,0.0,1659.296665,46.010733,1
4608,3007,1651667051,5.633333,0.997222,0.0,2371.4261,41.058726,1
4609,3007,1651667052,6.630556,0.347222,-0.013739,2791.219971,48.239768,1
4610,3007,1651667055,8.761111,1.147222,-0.029241,3688.105483,37.392584,1
4611,3007,1651667056,9.908333,-0.416667,-0.033458,4171.043836,-18.831791,1
4612,3007,1651667062,5.319444,1.172222,-0.054902,2239.290425,8.883744,0
4613,3007,1651667064,5.0,-0.297222,0.0,2104.816065,-30.091982,1
4614,3007,1651667068,3.0,0.422222,0.0,1262.889639,0.398155,0
4615,3007,1651667069,0.35,-0.35,0.0,147.337125,-32.864391,1
4616,3007,1651667073,0.288889,0.097222,0.0,121.611595,5.861437,0
4617,3007,1651667074,0.386111,-0.386111,0.0,162.538574,-35.042446,1
4618,3007,1651667080,1.194444,-0.247222,0.0,502.817171,-26.688067,1
4619,3007,1651667081,0.0,0.0,0.0,0.0,-0.000751,1
4620,3007,1651667086,0.0,0.416667,0.0,0.0,-1.480635,1
4621,3007,1651667090,0.0,0.0,0.0,0.0,-0.0,1
4622,3007,1651667091,0.416667,-0.066667,0.0,175.401339,-15.779319,1
4623,3007,1651667093,0.258333,0.05,0.0,108.74883,3.014061,0
4624,3007,1651667102,0.0,3.730556,0.0,0.0,94.420268,1
4625,3007,1651667104,4.433333,0.797222,0.0,1866.270244,7.411888,0
4626,3007,1651667107,0.258333,-0.011111,0.0,108.74883,-0.671136,1
4627,3007,1651667120,1.466667,0.148611,-0.077543,617.412712,23.438177,1
4628,3007,1651667121,2.288889,0.961111,0.0,963.538021,7.875569,0
4629,3007,1651667122,3.25,0.391667,0.0,1368.130442,18.232229,1
4630,3007,1651667122,1.763889,0.169444,-0.064804,742.532334,13.276902,1
4631,3007,1651667130,0.0,0.0,0.0,0.0,-2.854198,1
4632,3007,1651667137,1.441667,0.175,0.0,606.888632,-1.237452,1
4633,3007,1651667138,1.616667,0.472222,0.0,680.557194,-0.185117,1
4634,3007,1651667148,0.0,0.0,0.0,0.0,-0.0,1
4635,3007,1651667149,1.758333,0.483333,0.0,740.19365,15.846094,1
4636,3007,1651667151,2.994444,1.086111,0.0,1260.550954,37.505816,1
4637,3007,1651667153,4.877778,0.256944,0.0,2053.365006,22.419892,1
4638,3007,1651667156,6.116667,0.211111,-0.05127,2574.891653,11.485902,1
4639,3007,1651667156,0.0,0.0,0.0,0.0,-0.0,1
4640,3007,1651667164,1.369444,-0.313889,0.0,576.485733,-30.715681,1
4641,3007,1651667169,0.0,0.0,0.0,0.0,-0.0,1
4642,3007,1651667181,0.0,0.0,0.0,0.0,-0.0,1
4643,3007,1651667185,0.0,0.0,0.0,0.0,-0.0,1
4644,3007,1651667189,5.397222,1.052778,0.043821,2272.032008,23.899855,1
4645,3007,1651667194,8.072222,-0.048611,0.037328,3398.108603,-37.690773,1
4646,3007,1651667196,0.0,0.0,0.0,0.0,-0.0,1
4647,3007,1651667209,2.536111,1.309722,0.036037,1067.609482,18.7464,1
4648,3007,1651667214,7.325,0.977778,0.119755,3083.555535,-23.819178,1
4649,3007,1651667217,10.716667,0.833333,0.065359,4511.322433,-1.764084,1
4650,3007,1651667223,13.072222,0.406944,-0.077116,5502.924668,26.077631,1
4651,3007,1651667225,13.886111,0.416667,-0.040423,5845.541949,32.454775,1
4652,3007,1651667229,0.0,0.0,0.0,0.0,-0.0,1
4653,3007,1651667233,1.491667,1.444444,0.0,627.936793,37.709059,1
4654,3007,1651667244,1.111111,-0.155556,0.0,467.736903,-21.157103,1
4655,3007,1651667245,0.955556,0.727778,-0.083023,402.253737,20.218598,1
4656,3007,1651667246,1.683333,0.869444,0.0,708.621409,7.417739,0
4657,3007,1651667248,2.063889,-0.241667,0.0,868.821298,-26.399768,1
4658,3007,1651667254,13.930556,-0.470833,0.014803,5864.251426,-52.049322,1
4659,3007,1651667256,5.263889,1.213889,-0.066297,2215.90358,97.936983,1
4660,3007,1651667257,12.891667,-0.154167,0.011911,5426.917421,-30.794415,1
4661,3007,1651667260,9.352778,-0.688889,0.0,3937.175384,-54.741028,1
4662,3007,1651667261,8.663889,-2.022222,0.0,3647.178504,-134.94065,1
4663,3007,1651667265,2.444444,2.380556,0.0,1029.021187,80.293717,1
4664,3007,1651667266,4.825,1.454167,-0.03938,2031.147503,105.524013,1
4665,3007,1651667268,7.733333,2.236111,-0.052486,3255.448847,103.959015,1
4666,3007,1651667268,14.455556,0.445833,-0.013369,6085.257112,5.799146,0
4667,3007,1651667269,9.969444,0.911111,-0.076293,4196.769365,52.88002,1
4668,3007,1651667274,5.555556,-1.019444,-0.069442,2338.684517,-32.926378,1
4669,3007,1651667275,4.536111,0.475,0.0,1909.535908,27.625816,1
4670,3007,1651667286,4.913889,1.408333,0.0,2068.566455,34.158637,1
4671,3007,1651667287,6.322222,1.266667,0.036966,2661.42298,41.024866,1
4672,3007,1651667288,7.588889,1.286111,0.031798,3194.64305,29.109703,1
4673,3007,1651667294,5.030556,0.465278,0.0,2117.67883,1.781684,0
4674,3007,1651667296,5.961111,1.425,0.0,2509.408486,61.772874,1
4675,3007,1651667297,7.386111,2.630556,0.0,3109.281065,89.098382,1
4676,3007,1651667298,10.016667,1.269444,0.0,4216.648184,73.746164,1
4677,3007,1651667301,12.866667,0.816667,-0.020801,5416.393341,29.48723,1
4678,3007,1651667302,13.683333,0.730556,-0.025301,5760.179965,46.183847,1
4679,3007,1651667307,9.327778,0.597222,0.0,3926.651304,13.106048,1
4680,3007,1651667308,9.925,0.876389,0.0,4178.059889,28.024282,1
4681,3007,1651667310,11.677778,0.766667,0.0,4915.914854,31.769313,1
4682,3007,1651667312,2.113889,0.005556,0.0,889.869459,-11.494915,1
4683,3007,1651667314,3.138889,4.227778,0.0,1321.356752,127.674811,1
4684,3007,1651667317,10.211111,1.744444,-0.093801,4298.502142,97.707957,1
4685,3007,1651667320,12.269444,0.297222,-0.04834,5164.984755,44.410749,1
4686,3007,1651667320,16.425,0.108333,0.0,6914.320774,-9.672415,1
4687,3007,1651667321,12.566667,0.475,0.0,5290.104377,47.101127,1
4688,3007,1651667323,15.161111,1.475,0.0,6382.270046,22.824057,0
4689,3007,1651667337,3.175,-0.223611,0.0,1336.558201,-25.406955,1
4690,3007,1651667340,0.0,0.0,0.0,0.0,-15.057652,1
4691,3007,1651667341,4.769444,1.330556,0.0,2007.760658,65.399779,1
4692,3007,1651667342,6.1,1.297222,0.0,2567.875599,80.797302,1
4693,3007,1651667344,9.311111,2.830556,-0.028657,3919.63525,92.677473,1
4694,3007,1651667350,0.0,0.0,0.0,0.0,-1e-06,1
4695,3007,1651667356,5.133333,2.738889,0.0,2160.944493,63.932333,1
4696,3007,1651667357,7.872222,1.702778,0.0,3313.91596,72.479397,1
4697,3007,1651667357,0.0,0.0,0.0,0.0,-0.0,1
4698,3007,1651667364,13.266667,0.855556,-0.01993,5584.778626,43.528855,1
4699,3007,1651667365,14.122222,1.444444,0.0,5944.936041,38.088223,1
4700,3007,1651667369,3.991667,1.672222,0.0,1680.344825,76.397083,1
4701,3007,1651667370,15.130556,0.302778,-0.069966,6369.407281,34.177718,1
4702,3007,1651667371,15.433333,0.858333,-0.075343,6496.865587,25.14066,0
4703,3007,1651667374,7.891667,0.555556,-0.034043,3322.101356,27.573561,1
4704,3007,1651667375,16.883333,0.483333,0.0,7107.262246,0.845303,0
4705,3007,1651667376,9.002778,1.019444,-0.049929,3789.838259,41.311446,1
4706,3007,1651667377,10.022222,0.740278,-0.039381,4218.986868,7.349091,0
4707,3007,1651667378,18.127778,-0.05,0.122845,7631.127578,-92.130451,1
4708,3007,1651667381,10.988889,-0.838889,0.114167,4625.917974,-131.22166,1
4709,3007,1651667385,7.202778,-0.827778,0.064416,3032.104476,-100.343149,1
4710,3007,1651667391,4.202778,0.077778,0.0,1769.214837,-7.357281,1
4711,3007,1651667391,16.7,-1.386111,0.020215,7030.085657,-111.822066,1
4712,3007,1651667401,5.072222,-2.422222,0.0,2135.218964,-158.248335,1
4713,3007,1651667405,0.0,0.0,0.0,0.0,-5.059,1
4714,3007,1651667407,0.2,0.233333,0.0,84.192643,14.070093,0
4715,3007,1651667415,13.580556,0.133333,-0.054022,5716.914301,1.718705,0
4716,3007,1651667415,6.625,1.127778,0.0,2788.881286,69.388896,1
4717,3007,1651667418,11.097222,2.344444,-0.044853,4671.522322,110.514982,1
4718,3007,1651667419,13.441667,0.15,-0.052316,5658.447188,95.32699,1
4719,3007,1651667420,13.591667,2.238889,-0.050583,5721.59167,104.045437,1
4720,3007,1651667421,15.830556,0.841667,-0.109746,6664.08153,87.659994,1
4721,3007,1651667422,16.672222,0.494444,-0.071121,7018.392235,54.778876,1
4722,3007,1651667439,22.794444,0.125,-0.030877,9595.622572,-6.833878,1
4723,3007,1651667441,23.263889,-0.236111,0.030198,9793.241414,-52.662559,1
4724,3007,1651667442,20.244444,0.4,0.111929,8522.166379,-59.975843,1
4725,3007,1651667449,22.836111,0.102778,-0.082042,9613.162706,19.517383,0
4726,3007,1651667450,22.238889,0.191667,0.061784,9361.75412,-44.626017,1
4727,3007,1651667451,23.175,-0.688889,0.0,9755.822461,-62.155603,1
4728,3007,1651667452,22.486111,-0.452778,0.0,9465.825581,-47.398601,1
4729,3007,1651667456,20.916667,0.633333,0.076201,8805.147205,-25.493393,1
4730,3007,1651667457,22.677778,0.194444,0.076921,9546.510197,-53.647561,1
4731,3007,1651667461,22.233333,-1.033333,0.152139,9359.415436,-171.170307,1
4732,3008,1651667468,17.430556,-0.241667,-0.05962,7337.622671,20.717497,0
4733,3008,1651667470,17.408333,-0.051389,-0.087331,7328.267933,21.486477,0
4734,3008,1651667472,21.575,-0.169444,0.042066,9082.281321,-54.360057,1
4735,3008,1651667474,17.438889,0.094444,-0.062351,7341.130698,21.209125,0
4736,3008,1651667474,21.080556,-0.158333,0.037397,8874.138399,-50.601835,1
4737,3008,1651667476,17.666667,0.344444,-0.125416,7437.016763,71.524591,1
4738,3008,1651667478,19.105556,0.3,-0.054944,8042.736053,39.546049,0
4739,3008,1651667483,21.158333,0.133333,0.028167,8906.879982,-27.648807,1
4740,3008,1651667487,17.227778,0.275,-0.016158,7252.260686,12.181579,0
4741,3008,1651667488,20.897222,0.091667,0.146247,8796.96181,-98.964072,1
4742,3008,1651667489,18.369444,1.144444,-0.063244,7732.860354,77.883085,1
4743,3008,1651667494,21.025,-0.308333,0.062488,8850.751553,-74.324138,1
4744,3008,1651667495,20.716667,-0.244444,0.04634,8720.954563,-60.791328,1
4745,3008,1651667503,15.658333,-0.286111,0.0,6591.58231,-33.053049,1
4746,3008,1651667506,20.511111,0.380556,-0.014086,8634.423236,-2.380178,1
4747,3008,1651667507,20.891667,0.011111,-0.056062,8794.623125,12.31236,0
4748,3008,1651667510,10.827778,0.461111,0.0,4558.096123,33.574204,1
4749,3008,1651667512,11.75,1.311111,-0.058717,4946.317753,71.155474,1
4750,3008,1651667517,16.713889,0.447222,0.0,7035.932368,16.586544,0
4751,3008,1651667522,14.086111,-1.938889,0.111443,5929.734592,-197.248619,1
4752,3008,1651667530,5.119444,0.138889,0.0,2155.097782,-3.813008,1
4753,3008,1651667532,5.272222,-1.872222,0.0,2219.411606,-125.115679,1
4754,3008,1651667536,18.622222,0.061111,0.0,7839.2705,-13.790003,1
4755,3008,1651667545,19.483333,-0.252778,0.0,8201.7666,-33.259646,1
4756,3008,1651667546,0.0,0.0,0.0,0.0,-0.0,1
4757,3008,1651667548,18.894444,-0.308333,0.073589,7953.866041,-79.422482,1
4758,3008,1651667563,19.205556,0.366667,0.0,8084.832374,2.922232,0
4759,3008,1651667564,0.0,0.0,0.0,0.0,-0.0,1
4760,3008,1651667567,20.691667,0.063889,-0.104002,8710.430482,38.771102,0
4761,3008,1651667569,20.819444,0.802778,0.0,8764.220226,12.618538,0
4762,3008,1651667573,1.872222,0.705556,0.0,788.136682,50.038817,1
4763,3008,1651667574,2.577778,0.955556,0.0,1085.149616,46.150315,1
4764,3008,1651667575,3.533333,1.972222,0.060216,1487.403353,28.31529,1
4765,3008,1651667580,5.477778,-0.205556,0.0,2305.942933,-24.646742,1
4766,3008,1651667580,20.383333,-0.361111,0.067137,8580.633492,-79.7918,1
4767,3008,1651667581,5.272222,1.430556,0.0,2219.411606,17.497425,1
4768,3008,1651667582,6.702778,0.869444,0.046885,2821.622869,24.415053,1
4769,3008,1651667583,7.572222,1.308333,0.046127,3187.626996,20.748381,1
4770,3008,1651667584,19.975,0.022222,0.0,8408.74018,-16.996194,1
4771,3008,1651667592,3.080556,1.419444,0.083909,1296.800565,-1.861531,1
4772,3008,1651667597,5.452778,0.477778,0.137605,2295.418853,-63.954726,1
4773,3008,1651667605,20.686111,-0.263889,-0.135573,8708.091798,10.829783,0
4774,3008,1651667608,2.772222,1.502778,0.0,1167.003574,51.435127,1
4775,3008,1651667609,19.183333,-0.401389,0.092706,8075.477636,-96.395472,1
4776,3008,1651667610,4.738889,0.822222,0.0,1994.897893,57.175046,1
4777,3008,1651667611,5.561111,0.802778,-0.055418,2341.023201,66.716798,1
4778,3008,1651667612,6.363889,1.666667,0.0,2678.963114,72.974951,1
4779,3008,1651667613,8.030556,1.266667,0.0,3380.568469,66.054909,1
4780,3008,1651667614,9.297222,1.722222,0.0,3913.788539,37.591245,1
4781,3008,1651667624,19.769444,-0.163889,0.093527,8322.208853,-82.929416,1
4782,3008,1651667624,7.386111,-2.508333,0.0,3109.281065,-163.91651,1
4783,3008,1651667629,5.144444,0.405556,0.0,2165.621862,19.501214,1
4784,3008,1651667629,20.263889,0.041667,0.130567,8530.351775,-92.446385,1
4785,3008,1651667630,5.55,0.273611,0.0,2336.345832,18.449984,1
4786,3008,1651667634,7.969444,0.877778,0.0,3354.842939,25.50755,1
4787,3008,1651667641,1.352778,1.213889,0.212945,569.46968,-62.547183,1
4788,3008,1651667647,3.811111,0.366667,0.125493,1604.337578,-63.365136,1
4789,3008,1651667660,0.361111,0.380556,0.0,152.014494,11.190337,0
4790,3008,1651667661,21.0,-0.263889,0.053351,8840.227473,-66.271275,1
4791,3008,1651667663,1.266667,0.672222,0.0,533.22007,25.568701,1
4792,3008,1651667670,19.45,-0.405556,-0.083239,8187.734493,-0.420885,1
4793,3008,1651667673,17.913889,-0.35,-0.019607,7541.088224,-26.627592,1
4794,3008,1651667674,4.527778,0.597222,0.107693,1906.027881,-39.192992,1
4795,3008,1651667678,15.833333,-0.308333,-0.14528,6665.250873,29.945737,0
4796,3008,1651667679,15.525,-0.036111,-0.132802,6535.453882,44.858355,1
4797,3008,1651667680,15.488889,0.222222,-0.091576,6520.252433,40.643351,1
4798,3008,1651667682,0.988889,0.519444,0.0,416.285844,9.70689,0
4799,3008,1651667683,15.869444,0.275,-0.029249,6680.452322,23.90378,0
4800,3008,1651667683,1.508333,0.184722,0.066096,634.952846,-39.452734,1
4801,3008,1651667684,16.144444,0.019444,-0.065449,6796.217206,26.224952,0
4802,3008,1651667686,16.183333,0.066667,-0.077447,6812.587997,30.217416,0
4803,3008,1651667688,0.852778,0.880556,-0.100053,358.988073,52.752968,1
4804,3008,1651667689,1.733333,2.038889,-0.125493,729.669569,107.969924,1
4805,3008,1651667689,16.802778,0.084722,-0.029038,7073.351321,4.161418,0
4806,3008,1651667691,4.691667,-0.894444,-0.133061,1975.019074,7.871896,0
4807,3008,1651667691,16.972222,0.1,0.0,7144.681199,-10.476332,1
4808,3008,1651667692,3.797222,-1.122222,0.0,1598.490867,-79.667648,1
4809,3008,1651667700,0.0,0.0,0.0,0.0,-0.008105,1
4810,3008,1651667702,12.044444,-1.502778,-0.074057,5070.268032,-61.246825,1
4811,3008,1651667720,4.161111,1.652778,0.0,1751.674703,111.542902,1
4812,3008,1651667728,15.788889,0.452778,-0.036364,6646.541396,24.323692,0
4813,3008,1651667733,18.066667,0.452778,-0.128036,7605.402048,26.041815,0
4814,3008,1651667739,0.0,0.0,0.0,0.0,-0.0,1
4815,3008,1651667745,0.0,0.0,0.0,0.0,-5.009704,1
4816,3008,1651667745,0.0,0.0,0.0,0.0,-0.0,1
4817,3008,1651667755,0.0,0.0,0.0,0.0,-1.8e-05,1
4818,3008,1651667760,1.122222,0.688889,0.0,472.414272,75.254476,1
4819,3008,1651667761,1.811111,1.372222,-0.154105,762.411152,118.626602,1
4820,3008,1651667762,3.183333,1.363889,-0.107693,1340.066228,140.333778,1
4821,3008,1651667772,1.975,0.772222,-0.179281,831.402346,101.821747,1
4822,3008,1651667776,9.6,0.677778,-0.111438,4041.246845,124.942992,1
4823,3008,1651667777,10.277778,0.272222,-0.096876,4326.566356,73.957621,1
4824,3008,1651667778,10.55,0.0,-0.078005,4441.161897,41.166359,1
4825,3008,1651667785,1.194444,2.594444,-0.081091,502.817171,133.813804,1
4826,3008,1651667787,6.383333,1.590278,-0.15686,2687.14851,160.444916,1
4827,3008,1651667790,7.438889,-0.216667,-0.088947,3131.498568,18.48762,1
4828,3008,1651667795,15.869444,0.625,-0.04784,6680.452322,71.973843,1
4829,3008,1651667796,16.494444,0.744444,-0.062654,6943.55433,64.384287,1
4830,3008,1651667797,17.238889,0.7,-0.060859,7256.938055,61.060518,1
4831,3008,1651667798,5.191667,2.125,-0.073214,2185.500681,119.373888,1
4832,3008,1651667799,18.452778,0.972222,-0.065948,7767.940622,70.154995,1
4833,3008,1651667799,7.316667,1.877778,-0.070262,3080.047508,73.714029,1
4834,3008,1651667800,19.425,1.030556,-0.053571,8177.210413,71.873098,1
4835,3008,1651667801,8.186111,-2.747222,-0.076288,3446.051635,-133.694153,1
4836,3008,1651667802,21.411111,0.694444,-0.079453,9013.290127,63.972586,0
4837,3008,1651667806,22.866667,0.223611,-0.042849,9626.025471,1.042635,0
4838,3008,1651667808,23.313889,-0.116667,0.054744,9814.289574,-59.900904,1
4839,3008,1651667809,23.197222,-0.030556,-0.093361,9765.177199,2.751513,0
4840,3008,1651667811,23.336111,-0.147222,-0.075344,9823.644312,14.847305,0
4841,3008,1651667812,3.816667,0.336111,-0.172006,1606.676263,27.534107,1
4842,3008,1651667816,22.925,-0.072222,-0.013413,9650.581658,-16.893292,1
4843,3008,1651667819,6.136111,2.255556,0.0,2583.077049,92.814015,1
4844,3008,1651667819,22.702778,0.036111,-0.047925,9557.034277,7.443518,0
4845,3008,1651667820,8.391667,2.863889,0.0,3532.582962,68.327255,1
4846,3008,1651667821,22.516667,-0.120833,-0.120092,9478.688346,21.195309,0
4847,3008,1651667823,22.275,-0.194444,-0.08606,9376.95557,7.528752,0
4848,3008,1651667825,3.163889,0.308333,-0.104744,1331.880832,11.432661,1
4849,3008,1651667826,3.472222,0.808333,-0.116356,1461.677823,147.77633,1
4850,3008,1651667830,12.305556,-0.361111,-0.05456,5180.186204,-3.957257,1
4851,3008,1651667833,16.527778,-1.748611,-0.097512,6957.586437,-64.424131,1
4852,3008,1651667841,3.683333,1.636111,-0.08021,1550.547835,26.173515,1
4853,3008,1651667847,8.811111,2.166667,-0.072585,3709.153643,107.001837,1
4854,3008,1651667848,10.977778,0.555556,-0.093653,4621.240605,61.189625,1
4855,3008,1651667848,2.705556,-0.811111,0.0,1138.93936,-60.789575,1
4856,3008,1651667854,4.672222,-2.358333,0.0,1966.833679,-154.33135,1
4857,3008,1651667863,11.622222,1.511111,0.023525,4892.528009,3.172825,0
4858,3008,1651667867,14.969444,-0.561111,0.073415,6301.58543,-92.37248,1
4859,3008,1651667869,1.116667,2.591667,0.0,470.075588,114.903997,1
4860,3008,1651667869,12.794444,-1.477778,0.0,5385.990442,-103.570594,1
4861,3008,1651667870,3.708333,2.669444,-0.058386,1561.071915,134.858584,1
4862,3008,1651667871,11.555556,1.902778,-0.023971,4864.463795,49.208674,1
4863,3008,1651667873,9.547222,1.008333,-0.022412,4019.029342,72.879423,1
4864,3008,1651667875,11.563889,1.031944,-0.033291,4867.971821,55.300531,1
4865,3008,1651667875,14.641667,-1.527778,-0.023525,6163.603044,-93.59118,1
4866,3008,1651667877,13.627778,0.993056,0.012585,5736.793119,26.831993,1
4867,3008,1651667877,11.836111,-0.955556,-0.065655,4982.567363,-33.0993,1
4868,3008,1651667879,8.502778,-0.683333,0.0,3579.356653,-54.155719,1
4869,3008,1651667880,16.041667,0.836111,-0.03732,6752.951542,17.906476,0
4870,3008,1651667881,16.877778,0.361111,-0.033538,7104.923562,17.964722,0
4871,3008,1651667882,17.238889,0.422222,0.0,7256.938055,2.278701,0
4872,3008,1651667886,18.525,0.319444,-0.061314,7798.343521,13.732744,0
4873,3008,1651667890,18.241667,-0.291667,0.0,7679.070611,-34.832289,1
4874,3008,1651667894,0.0,0.0,0.0,0.0,-0.000305,1
4875,3008,1651667904,0.0,0.0,0.0,0.0,-0.0,1
4876,3008,1651667915,0.0,0.0,0.0,0.0,-3.636651,1
4877,3008,1651667918,0.0,0.0,0.0,0.0,-0.0,1
4878,3008,1651667923,0.472222,1.177778,0.0,198.788184,59.263882,1
4879,3008,1651667924,1.65,1.375,0.0,694.589301,37.212204,1
4880,3008,1651667932,0.644444,-0.644444,0.0,271.287404,-50.62517,1
4881,3008,1651667935,0.0,0.0,0.0,0.0,-0.0,1
4882,3008,1651667945,5.688889,0.794444,0.060031,2394.812945,9.016436,0
4883,3008,1651667946,0.0,1.666667,0.0,0.0,44.052954,1
4884,3008,1651667947,1.666667,0.930556,0.048337,701.605355,31.66124,1
4885,3008,1651667955,8.158333,0.572222,0.033084,3434.358213,10.730333,1
4886,3008,1651667957,10.144444,-0.869444,0.0,4270.437927,-65.883659,1
4887,3008,1651667962,1.472222,0.981944,0.0,619.751397,11.398761,0
4888,3008,1651667964,3.436111,1.019444,0.0,1446.476374,38.817508,1
4889,3008,1651667966,0.0,0.163889,0.0,0.0,-1.038588,1
4890,3008,1651667971,0.0,0.0,0.0,0.0,12.649509,1
4891,3008,1651667974,1.316667,-2.2e-05,0.0,554.26823,-11.786151,1
4892,3008,1651667982,8.997222,0.966667,0.0,3787.499575,32.818952,1
4893,3008,1651667983,9.963889,0.936111,-0.055884,4194.430681,63.758474,1
4894,3008,1651667988,5.3,-1.744444,0.0,2231.105029,-117.41511,1
4895,3008,1651667989,14.122222,-0.452778,0.066096,5944.936041,-81.147459,1
4896,3008,1651667991,11.575,-0.056944,0.121836,4872.649191,-88.752426,1
4897,3008,1651667993,5.994444,1.316667,0.044561,2523.440594,15.344074,1
4898,3008,1651667998,13.397222,-0.305556,0.023971,5639.737712,-47.227765,1
4899,3008,1651668002,6.127778,-0.35,0.0,2579.569022,-33.481612,1
4900,3008,1651668007,2.222222,-2.222222,0.0,935.473807,-145.84485,1
4901,3008,1651668011,16.241667,-0.020833,0.018506,6837.144185,-28.238433,1
4902,3008,1651668019,14.6,0.333333,0.040837,6146.06291,-19.158701,1
4903,3008,1651668020,0.0,0.0,0.0,0.0,-1.4e-05,1
4904,3008,1651668022,16.188889,0.566667,0.0,6814.926682,13.786161,0
4905,3008,1651668022,0.0,0.0,0.0,0.0,-0.0,1
4906,3008,1651668023,16.755556,0.194444,-0.017599,7053.472502,8.044348,0
4907,3008,1651668026,0.0,0.0,0.0,0.0,-0.0,1
4908,3008,1651668037,11.894444,0.395833,-0.112005,5007.12355,71.922686,1
4909,3008,1651668040,15.036111,1.544444,-0.037003,6329.649644,86.789911,1
4910,3008,1651668041,0.711111,0.733333,0.0,299.351618,37.367316,1
4911,3008,1651668042,17.197222,0.730556,0.0,7239.397921,19.368278,0
4912,3008,1651668043,2.977778,2.397222,0.0,1253.534901,72.626095,1
4913,3008,1651668049,4.291667,0.622222,0.0,1806.633789,-4.252053,1
4914,3008,1651668050,4.913889,0.390278,0.0,2068.566455,8.417936,0
4915,3008,1651668052,5.694444,0.633333,0.0,2397.15163,11.218054,1
4916,3008,1651668058,13.097222,0.438889,0.021629,5513.448748,-0.828691,1
4917,3008,1651668060,14.302778,1.830556,0.062251,6020.943288,34.153519,1
4918,3008,1651668066,0.0,0.0,0.0,0.0,-0.010498,1
4919,3008,1651668066,18.633333,-0.019444,0.047117,7843.947869,-46.327013,1
4920,3008,1651668070,0.0,0.540278,0.0,0.0,30.066022,1
4921,3008,1651668074,3.175,0.358333,0.0,1336.558201,16.757523,1
4922,3008,1651668081,19.836111,0.144444,-0.024352,8350.273067,9.082859,0
4923,3008,1651668082,5.3,-0.65,0.0,2231.105029,-51.416578,1
4924,3008,1651668097,20.788889,1.013889,-0.073725,8751.357461,58.986098,0
4925,3008,1651668101,23.638889,-0.011111,-0.0253,9951.102619,-6.767438,1
4926,3008,1651668104,23.463889,0.719444,-0.085328,9877.434056,31.59566,0
4927,3008,1651668105,24.183333,-0.055556,-0.114786,10180.293701,9.695456,0
4928,3008,1651668107,24.122222,-0.447222,-0.012328,10154.568171,-41.073676,1
4929,3008,1651668111,0.205556,0.041667,0.0,86.531327,2.511938,0
4930,3008,1651668118,0.186111,0.088889,0.0,78.345931,5.359716,0
4931,3008,1651668120,23.705556,-0.236111,0.033455,9979.166833,-54.916954,1
4932,3008,1651668121,0.538889,0.638889,0.0,226.852398,12.215345,0
4933,3008,1651668121,23.469444,0.833333,-0.128258,9879.772741,18.710764,0
4934,3008,1651668122,1.177778,0.333333,0.0,495.801118,18.491781,1
4935,3008,1651668126,3.013889,0.376389,0.0,1268.73635,11.974682,1
4936,3008,1651668127,24.358333,0.094444,-0.073827,10253.962263,5.074518,0
4937,3008,1651668132,5.675,-0.216667,0.054483,2388.966234,-57.345724,1
4938,3008,1651668136,19.394444,-0.713889,0.10223,8164.347648,-120.935172,1
4939,3008,1651668148,9.511111,0.3,-0.074052,4003.827893,77.407056,1
4940,3008,1651668149,9.811111,0.683333,-0.089862,4130.116856,94.93037,1
4941,3008,1651668150,10.494444,2.202778,-0.065345,4417.775052,109.79236,1
4942,3008,1651668151,12.697222,1.183333,-0.060827,5345.063463,93.804966,1
4943,3008,1651668152,13.880556,1.0875,-0.024711,5843.203265,71.525638,1
4944,3008,1651668154,0.0,0.0,0.0,0.0,7.843305,1
4945,3008,1651668157,0.863889,0.519444,0.0,363.665442,23.484851,1
4946,3008,1651668158,1.383333,1.213889,0.0,582.332445,10.943469,0
4947,3008,1651668159,18.566667,1.466667,-0.033941,7815.883655,45.828459,0
4948,3008,1651668160,20.033333,1.238889,0.0,8433.296367,24.450424,0
4949,3008,1651668163,21.633333,0.272222,-0.058432,9106.837508,3.637569,0
4950,3008,1651668165,5.477778,1.761111,0.051745,2305.942933,47.393037,1
4951,3008,1651668170,17.830556,-0.247222,0.039463,7506.007956,-55.089134,1
4952,3008,1651668173,8.386111,-0.511111,-0.057897,3530.244278,-9.704321,1
4953,3008,1651668174,20.113889,0.891667,0.0,8467.207293,4.518806,0
4954,3008,1651668178,17.811111,-0.470833,0.024371,7497.822561,-59.701382,1
4955,3008,1651668179,4.147222,-0.222222,0.069136,1745.827992,-66.019154,1
4956,3008,1651668182,5.5,0.641667,0.057844,2315.297672,-7.523223,1
4957,3008,1651668185,5.652778,0.463889,0.04834,2379.611496,-12.699016,1
4958,3008,1651668186,6.230556,-0.020833,0.0,2622.834685,-13.652746,1
4959,3008,1651668188,6.188889,0.880556,0.0,2605.294552,2.996591,0
4960,3008,1651668191,8.869444,0.627778,0.0,3733.709831,25.517792,1
4961,3008,1651668192,9.497222,1.444444,0.0,3997.981181,39.343501,1
4962,3008,1651668193,10.941667,1.019444,0.024959,4606.039156,24.295032,1
4963,3008,1651668200,0.0,0.0,0.0,0.0,-8.790435,1
4964,3008,1651668205,3.266667,2.186111,0.0,1375.146496,51.369423,1
4965,3008,1651668206,5.452778,1.327778,0.0,2295.418853,32.903363,1
4966,3008,1651668208,6.575,0.683333,0.0,2767.833126,22.048158,1
4967,3008,1651668211,12.016667,0.669444,0.035008,5058.57461,25.392962,1
4968,3008,1651668213,0.0,0.0,0.0,0.0,-5e-06,1
4969,3008,1651668215,12.805556,1.455556,0.0,5390.667811,23.551878,1
4970,3008,1651668219,15.969444,1.475,0.017439,6722.548643,29.165338,0
4971,3008,1651668219,0.0,0.0,0.0,0.0,-0.0,1
4972,3008,1651668221,17.711111,-0.179167,0.065765,7455.726239,-66.337775,1
4973,3008,1651668226,13.936111,-3.008333,0.041583,5866.59011,-220.797106,1
4974,3008,1651668234,0.222222,0.008333,0.0,93.547381,0.501713,0
4975,3008,1651668235,6.55,3.830556,0.103645,2757.309045,28.849447,1
4976,3008,1651668238,0.0,0.0,0.0,0.0,1.106665,1
4977,3008,1651668241,12.305556,0.288889,0.0,5180.186204,0.359671,0
4978,3008,1651668244,0.272222,0.355556,0.0,114.595541,21.439925,0
4979,3008,1651668250,5.530556,0.313889,0.0,2328.160436,30.410601,1
4980,3008,1651668255,4.969444,1.230556,0.076334,2091.9533,-1.424918,1
4981,3008,1651668256,6.2,0.688889,0.040134,2609.971921,0.885594,0
4982,3008,1651668259,7.875,-0.65,0.0,3315.085302,-51.976055,1
4983,3008,1651668264,5.119444,0.688889,0.0,2155.097782,3.348271,0
4984,3008,1651668266,6.497222,1.091667,0.046337,2735.091542,1.142998,0
4985,3008,1651668271,5.144444,1.825,0.065574,2165.621862,-2.392647,1
4986,3008,1651668273,7.558333,0.416667,0.048475,3181.780285,-16.041335,1
4987,3008,1651668279,5.325,1.052778,0.0,2241.629109,24.379016,1
4988,3008,1651668280,6.377778,0.463889,0.0,2684.809825,28.645232,1
4989,3008,1651668293,6.205556,1.058333,0.0,2612.310605,19.079949,1
4990,3008,1651668301,1.836111,1.588889,0.0,772.935233,54.248174,1
4991,3008,1651668302,0.169444,2.418056,0.061562,71.329878,109.651927,0
4992,3008,1651668304,5.005556,0.808333,0.0,2107.15475,47.092857,1
4993,3008,1651668309,4.6,-0.966667,0.0,1936.43078,-70.398316,1
4994,3008,1651668310,3.633333,-0.372222,0.0,1529.499674,-34.420145,1
4995,3008,1651668313,5.494444,0.531944,0.0,2312.958987,21.701576,1
4996,3008,1651668320,3.030556,0.766667,0.083023,1275.752404,-14.380744,1
4997,3008,1651668326,0.644444,0.236111,0.0,271.287404,-28.400421,1
4998,3008,1651668336,0.0,0.0,0.0,0.0,19.82528,1
4999,3008,1651668337,0.0,1.822222,0.078639,0.0,54.359413,1
5000,3008,1651668339,4.361111,2.716667,0.044972,1835.867346,30.770518,1
5001,3008,1651668346,6.091667,-2.763889,0.046338,2564.367573,-206.255074,1
5002,3008,1651668350,5.375,1.594444,0.0,2262.67727,44.943032,1
5003,3008,1651668351,6.969444,0.680556,0.025489,2933.879726,24.712243,1
5004,3008,1651668353,2.155556,0.077778,0.0,907.409592,-7.142615,1
5005,3008,1651668354,0.0,0.0,0.0,0.0,-0.0,1
5006,3008,1651668360,3.241667,-0.180556,0.0,1364.622415,-22.817621,1
5007,3008,1651668361,3.061111,1.219444,0.0,1288.615169,24.604823,1
5008,3008,1651668362,4.280556,1.122222,0.0,1801.95642,40.514604,1
5009,3008,1651668363,5.402778,1.219444,0.031201,2274.370692,35.418045,1
5010,3008,1651668365,0.15,-0.15,0.0,63.144482,-9.045855,1
5011,3008,1651668367,2.313889,0.977778,0.0,974.062101,11.941279,0
5012,3008,1651668367,7.952778,0.015278,0.0,3347.826886,-11.877959,1
5013,3008,1651668368,0.252778,0.006944,0.0,106.410146,0.417719,0
5014,3008,1651668371,4.944444,-0.052778,0.0,2081.42922,-15.342082,1
5015,3008,1651668373,1.861111,3.127778,0.078639,783.459313,19.428416,1
5016,3008,1651668373,4.6,-0.283333,0.041584,1936.43078,-53.61752,1
5017,3008,1651668374,4.316667,-0.35,0.069141,1817.157869,-73.751015,1
5018,3008,1651668374,4.988889,0.213889,0.04774,2100.138696,-27.30678,1
5019,3008,1651668375,3.966667,-0.777778,0.0,1669.820745,-58.918232,1
5020,3008,1651668376,5.416667,-0.488889,0.0,2280.217404,-41.721677,1
5021,3008,1651668381,4.711111,0.325,0.0,1983.20447,-0.72679,1
5022,3008,1651668382,5.036111,0.361111,0.0,2120.017514,23.503205,1
5023,3008,1651668385,2.819444,1.216667,0.0,1186.882392,22.978752,1
5024,3008,1651668385,0.916667,-0.413889,0.0,385.882945,-36.728934,1
5025,3008,1651668387,5.252778,1.038889,0.0,2211.226211,18.095025,1
5026,3008,1651668390,0.333333,0.319444,0.0,140.321071,7.505457,0
5027,3008,1651668391,6.733333,-1.311111,0.0,2834.485634,-91.568149,1
5028,3008,1651668397,1.902778,0.065278,-0.067513,800.999447,1.730154,0
5029,3008,1651668397,0.441667,0.5,0.0,185.925419,18.392156,0
5030,3008,1651668399,4.836111,0.740278,-0.056299,2035.824872,49.020748,1
5031,3008,1651668399,1.338889,0.791667,-0.134416,563.622969,41.123837,1
5032,3008,1651668401,1.311111,-0.736111,0.0,551.929546,-56.174465,1
5033,3008,1651668403,8.605556,1.538889,0.0,3622.622316,62.153625,1
5034,3008,1651668403,0.0,0.0,0.0,0.0,-7.739341,1
5035,3008,1651668404,10.144444,0.579167,0.0,4270.437927,32.678621,1
5036,3008,1651668406,11.302778,0.422222,0.0,4758.053649,3.182701,0
5037,3008,1651668406,1.805556,2.336111,0.058435,760.072468,81.954854,1
5038,3008,1651668409,8.138889,3.061111,-0.06518,3426.172817,135.993108,1
5039,3008,1651668409,0.0,0.508333,0.0,0.0,7.064544,1
5040,3008,1651668411,0.616667,0.231944,0.0,259.593981,20.992314,0
5041,3008,1651668411,11.4,-0.190278,-0.108191,4798.980628,36.021633,1
5042,3008,1651668413,1.080556,0.597222,-0.089911,454.874138,48.518835,1
5043,3008,1651668414,1.677778,0.519444,-0.083025,706.282724,56.784238,1
5044,3008,1651668415,2.197222,-0.047222,-0.069141,924.949726,67.299723,1
5045,3008,1651668416,2.15,0.894444,-0.088153,905.070908,104.022077,1
5046,3008,1651668419,11.383333,-0.009722,-0.025302,4791.964575,54.911982,1
5047,3008,1651668419,6.830556,0.833333,-0.025894,2875.412613,52.022012,1
5048,3008,1651668423,13.030556,-0.633333,0.0,5485.384534,-52.748425,1
5049,3008,1651668425,12.202778,-1.830556,-0.027967,5136.920541,-108.158771,1
5050,3008,1651668427,0.0,1.986111,0.0,0.0,69.105319,1
5051,3008,1651668431,3.586111,0.283333,-0.069137,1509.620856,13.983329,1
5052,3008,1651668432,10.983333,-0.519444,0.080541,4623.57929,-92.323423,1
5053,3008,1651668434,10.766667,-0.091667,0.131804,4532.370593,-96.345389,1
5054,3008,1651668439,10.638889,-0.369444,0.0,4478.580849,-35.901513,1
5055,3008,1651668439,9.366667,-0.508333,-0.046782,3943.022095,-16.355098,1
5056,3008,1651668443,3.736111,0.459722,-0.060224,1572.765337,48.941445,1
5057,3008,1651668443,8.4,1.291667,0.032303,3536.090989,38.669076,1
5058,3008,1651668445,10.541667,0.683333,0.0,4437.65387,7.211633,0
5059,3008,1651668447,9.158333,1.669444,-0.042,3855.321426,100.556595,1
5060,3008,1651668449,11.097222,-0.447222,-0.063542,4671.522322,-3.406984,1
5061,3008,1651668449,1.455556,-1.055556,0.0,612.735343,-75.444586,1
5062,3008,1651668450,0.4,0.052778,0.0,168.385285,-8.576209,1
5063,3008,1651668451,0.452778,0.193056,0.0,190.602788,-0.117749,1
5064,3008,1651668454,4.619444,0.772222,0.0,1944.616176,14.792264,1
5065,3008,1651668455,5.391667,1.188889,0.0,2269.693323,49.514115,1
5066,3008,1651668458,0.0,0.0,0.0,0.0,-6.929478,1
5067,3008,1651668459,8.216667,1.602778,-0.040177,3458.9144,79.879492,1
5068,3008,1651668462,6.563889,0.036111,0.0,2763.155756,-10.289145,1
5069,3008,1651668463,0.0,0.0,0.0,0.0,-5.058551,1
5070,3008,1651668464,7.041667,0.536111,0.0,2964.282625,8.071662,0
5071,3008,1651668465,0.0,0.0,0.0,0.0,30.45996,1
5072,3008,1651668466,0.0,1.188889,-0.092486,0.0,66.348037,1
5073,3008,1651668467,1.188889,0.9,0.0,500.478487,78.662949,1
5074,3008,1651668467,6.513889,-0.830556,0.0,2742.107596,-62.541158,1
5075,3008,1651668468,2.088889,1.130556,-0.064803,879.345378,106.600651,1
5076,3008,1651668469,3.219444,2.775,-0.064658,1355.267677,122.845717,1
5077,3008,1651668470,5.994444,1.288889,-0.03883,2523.440594,92.418038,1
5078,3008,1651668471,3.941667,1.002778,0.0,1659.296665,45.806423,1
5079,3008,1651668471,5.652778,0.638889,-0.056662,2379.611496,26.178195,1
5080,3008,1651668471,7.283333,0.736111,-0.02382,3066.015401,54.941035,1
5081,3008,1651668472,8.019444,0.416667,0.0,3375.8911,28.426899,1
5082,3008,1651668473,6.930556,1.316667,-0.039381,2917.508935,61.160889,1
5083,3008,1651668474,8.247222,1.583333,0.0,3471.777165,58.935716,1
5084,3008,1651668475,9.830556,0.841667,0.013388,4138.302252,32.408109,1
5085,3008,1651668478,9.291667,-0.722222,-0.104684,3911.449854,-6.646992,1
5086,3008,1651668480,7.094444,0.083333,-0.074863,2986.500128,10.247925,1
5087,3008,1651668482,7.661111,1.25,-0.073905,3225.045949,56.241817,1
5088,3008,1651668482,10.977778,0.372222,0.0,4621.240605,5.626607,0
5089,3008,1651668483,8.911111,-0.144444,-0.077306,3751.249965,25.519702,1
5090,3008,1651668483,11.35,0.286111,-0.040885,4777.932468,14.856513,1
5091,3008,1651668484,11.636111,0.191667,-0.041399,4898.37472,9.330191,0
5092,3008,1651668487,7.311111,-4.038889,0.0,3077.708824,-256.195771,1
5093,3008,1651668488,8.247222,-0.494444,-0.019498,3471.777165,-31.231639,1
5094,3008,1651668491,2.788889,1.852778,0.0,1174.019627,86.69199,1
5095,3008,1651668491,5.616667,-1.081944,0.0,2364.410046,-77.521231,1
5096,3008,1651668499,0.0,0.0,0.0,0.0,-2.89611,1
5097,3008,1651668500,0.0,0.0,0.0,0.0,-0.482685,1
5098,3008,1651668501,3.652778,0.269444,-0.021471,1537.68507,10.158031,0
5099,3008,1651668505,0.0,0.0,0.0,0.0,-0.002235,1
5100,3008,1651668513,8.555556,-0.797222,0.0,3601.574156,-61.038434,1
5101,3008,1651668513,5.647222,0.558333,0.041195,2377.272811,-2.810875,1
5102,3008,1651668514,0.261111,0.088889,0.0,109.918172,5.359162,0
5103,3008,1651668514,7.758333,-1.991667,0.0,3265.972928,-132.852806,1
5104,3008,1651668516,7.830556,-0.005556,0.041195,3296.375826,-37.300495,1
5105,3008,1651668521,0.191667,0.997222,0.0,80.684616,60.135112,0
5106,3008,1651668522,1.188889,0.144444,0.0,500.478487,-3.069085,1
5107,3008,1651668525,5.675,2.580556,0.0,2388.966234,110.825858,1
5108,3008,1651668526,8.255556,3.869444,0.0,3475.285192,93.687378,1
5109,3008,1651668529,12.027778,-0.136111,-0.020485,5063.251979,-10.307179,1
5110,3008,1651668532,11.138889,0.555556,-0.056381,4689.062456,29.727948,1
5111,3008,1651668533,11.694444,0.961111,-0.108582,4922.930908,57.922072,1
5112,3008,1651668541,1.388889,1.130556,0.0,584.671129,12.521819,0
5113,3008,1651668542,2.519444,2.261111,0.0,1060.593428,76.554112,1
5114,3008,1651668543,1.655556,1.113889,0.041197,696.927986,22.343942,1
5115,3008,1651668544,5.819444,4.016667,-0.034867,2449.772031,146.384163,1
5116,3008,1651668545,9.836111,1.727778,-0.04375,4140.640937,115.759449,1
5117,3008,1651668545,3.883333,1.636111,0.0,1634.740477,48.356532,1
5118,3008,1651668546,5.519444,0.966667,0.0,2323.483067,44.173939,1
5119,3008,1651668547,6.486111,0.561111,0.0,2730.414173,36.012817,1
5120,3008,1651668549,12.505556,1.183333,-0.034659,5264.378847,62.015149,1
5121,3008,1651668551,14.686111,0.125,-0.020266,6182.31252,12.35156,0
5122,3008,1651668556,11.091667,0.777778,0.029834,4669.183638,2.862769,0
5123,3008,1651668557,11.869444,0.519444,0.0,4996.59947,0.880031,0
5124,3008,1651668558,13.036111,-0.375,-0.03224,5487.723218,-18.2183,1
5125,3008,1651668565,9.919444,-1.266667,-0.034867,4175.721205,-69.264617,1
5126,3008,1651668566,5.652778,0.736111,-0.028838,2379.611496,29.017885,1
5127,3008,1651668567,2.197222,0.372222,0.0,924.949726,28.200529,1
5128,3008,1651668568,7.125,0.947222,0.0,2999.362893,43.249849,1
5129,3008,1651668569,2.941667,0.366667,0.0,1238.333452,39.079463,1
5130,3008,1651668570,3.308333,2.027778,0.0,1392.68663,55.127248,1
5131,3008,1651668571,2.416667,1.713889,0.0,1017.327765,41.829199,1
5132,3008,1651668571,9.522222,0.936111,-0.052616,4008.505262,42.422691,1
5133,3008,1651668571,5.336111,0.6,0.0,2246.306478,45.827357,1
5134,3008,1651668572,5.936111,0.783333,0.0,2498.884406,45.477032,1
5135,3008,1651668573,6.719444,1.594444,0.039078,2828.638923,51.587888,1
5136,3008,1651668575,10.058333,0.786111,0.026508,4234.188317,44.445715,1
5137,3008,1651668575,7.341667,1.769444,0.0,3090.571589,80.425321,1
5138,3008,1651668576,9.111111,1.883333,0.0,3835.442607,60.470036,1
5139,3008,1651668577,12.258333,0.813889,0.0,5160.307386,23.045291,1
5140,3008,1651668577,9.438889,-1.0125,0.019119,3973.424994,-85.517909,1
5141,3008,1651668580,10.097222,-0.194444,0.0,4250.559109,-25.163217,1
5142,3008,1651668581,13.880556,0.115278,-0.023973,5843.203265,9.299944,0
5143,3008,1651668584,14.363889,0.636111,-0.033412,6046.668818,29.59831,1
5144,3008,1651668585,8.158333,0.869444,-0.026922,3434.358213,42.001513,1
5145,3008,1651668585,15.0,0.794444,-0.012599,6314.448195,21.199719,0
5146,3008,1651668587,9.897222,0.409722,-0.027147,4166.366466,23.814748,1
5147,3008,1651668589,16.108333,0.013889,0.0,6781.015756,-15.197823,1
5148,3008,1651668594,0.277778,0.055556,0.0,116.934226,3.348907,0
5149,3008,1651668600,5.838889,1.6,-0.046783,2457.957427,83.975033,1
5150,3008,1651668608,3.913889,2.130556,0.041193,1647.603242,76.617015,1
5151,3008,1651668609,6.044444,2.758333,0.066838,2544.488754,79.069693,1
5152,3008,1651668610,8.802778,1.052778,0.031797,3705.645617,63.235237,1
5153,3008,1651668610,3.991667,1.647222,-0.051889,1680.344825,60.344671,1
5154,3008,1651668612,11.111111,0.633333,-0.024839,4677.369033,42.991642,1
5155,3008,1651668612,8.730556,-2.769444,0.0,3675.242718,-180.019685,1
5156,3008,1651668613,11.744444,0.818056,-0.011357,4943.979068,22.341405,1
5157,3008,1651668613,7.952778,1.055556,-0.046132,3347.826886,78.887752,1
5158,3008,1651668616,13.427778,0.388889,-0.014031,5652.600477,9.829658,0
5159,3008,1651668619,5.680556,1.547222,0.054908,2391.304918,8.400996,0
5160,3008,1651668621,7.663889,0.269444,0.0,3226.215291,-0.088271,1
5161,3008,1651668622,6.2,2.261111,0.017026,2609.971921,57.562755,1
5162,3008,1651668622,7.933333,0.291667,0.0,3339.64149,0.62526,0
5163,3008,1651668624,10.722222,0.841667,0.049887,4513.661117,17.723652,1
5164,3008,1651668625,8.591667,1.727778,-0.028659,3616.775605,24.835627,1
5165,3008,1651668625,11.563889,0.027778,0.027306,4867.971821,-28.331102,1
5166,3008,1651668627,17.461111,0.331944,0.008095,7350.485436,-1.524959,1
5167,3008,1651668628,10.475,1.244444,0.0,4409.589656,23.582093,1
5168,3008,1651668629,11.719444,0.611111,-0.031137,4933.454988,32.051199,1
5169,3008,1651668631,18.227778,-0.052778,0.032428,7673.223899,-39.470371,1
5170,3008,1651668632,12.886111,2.397222,0.0,5424.578736,29.317859,1
5171,3008,1651668634,15.486111,-0.3,0.059034,6519.08309,-68.462353,1
5172,3008,1651668634,4.255556,-0.011111,0.0,1791.43234,-12.72493,1
5173,3008,1651668635,18.330556,-0.027778,0.041103,7716.489563,-43.116669,1
5174,3008,1651668635,15.186111,-0.441667,0.056009,6392.794126,-75.080688,1
5175,3008,1651668636,5.263889,1.913889,-0.04834,2215.90358,91.013283,1
5176,3008,1651668637,7.177778,2.008333,-0.039955,3021.580396,87.610683,1
5177,3008,1651668638,17.466667,-0.958333,-0.040611,7352.82412,-50.703561,1
5178,3008,1651668639,11.194444,0.370833,-0.034173,4712.449301,51.009231,1
5179,3008,1651668640,17.444444,-1.105556,0.030599,7343.469382,-101.421127,1
5180,3008,1651668641,11.936111,-0.341667,-0.092192,5024.663684,20.486044,1
5181,3008,1651668644,12.536111,-0.147222,0.0,5277.241612,-23.225886,1
5182,3008,1651668648,8.55,-2.819444,0.0,3599.235471,-182.983392,1
5183,3008,1651668652,0.191667,0.388889,0.0,80.684616,23.450649,0
5184,3008,1651668653,6.822222,2.372222,-0.046475,2871.904587,86.722906,1
5185,3008,1651668655,14.163889,0.455556,0.0,5962.476175,-5.332364,1
5186,3008,1651668656,1.630556,0.427778,0.0,686.403906,19.725839,1
5187,3008,1651668657,10.258333,-2.027778,-0.041583,4318.38096,-111.327054,1
5188,3008,1651668661,13.355556,-0.205556,0.026262,5622.197578,-42.524506,1
5189,3008,1651668663,3.877778,-0.175,0.0,1632.401793,-22.557288,1
5190,3008,1651668671,0.0,0.283333,0.0,0.0,-0.396541,1
5191,3008,1651668679,0.0,3.019444,0.040678,0.0,59.779893,1
5192,3008,1651668681,6.038889,0.988889,0.046336,2542.15007,16.114034,1
5193,3008,1651668683,10.094444,0.841667,0.02881,4249.389767,11.118743,1
5194,3008,1651668685,4.286111,0.452778,0.037079,1804.295105,-6.537463,1
5195,3008,1651668687,5.191667,1.527778,0.0,2185.500681,27.790982,1
5196,3008,1651668687,8.175,0.986111,0.0,3441.374266,30.657545,1
5197,3008,1651668688,9.161111,0.252778,0.0,3856.490768,27.65681,1
5198,3008,1651668688,6.719444,1.15,0.035893,2828.638923,20.686815,1
5199,3008,1651668689,9.413889,1.436111,0.043899,3962.900914,28.318877,1
5200,3008,1651668689,12.347222,0.302778,0.033124,5197.726338,-15.472354,1
5201,3008,1651668690,10.85,1.227778,0.035093,4567.450861,6.776354,0
5202,3008,1651668691,12.077778,0.155556,0.062338,5084.300139,-41.377903,1
5203,3008,1651668694,12.275,0.452778,0.0,5167.32344,12.636436,0
5204,3008,1651668694,12.666667,0.25,0.054022,5332.200698,-31.048356,1
5205,3008,1651668696,13.525,0.236111,-0.054096,5693.527456,21.634906,1
5206,3008,1651668697,7.083333,1.080556,0.0,2981.822759,10.451478,1
5207,3008,1651668698,13.997222,0.386111,-0.019118,5892.31564,5.106594,0
5208,3008,1651668698,12.65,0.391667,0.0,5325.184645,10.07112,0
5209,3008,1651668701,6.425,-0.802778,0.0,2704.688644,-60.847101,1
5210,3008,1651668703,14.152778,-0.277778,0.114851,5957.798806,-99.095242,1
5211,3008,1651668704,6.091667,0.919444,0.0,2564.367573,33.669739,1
5212,3008,1651668705,7.011111,1.280556,0.0,2951.41986,59.997306,1
5213,3008,1651668707,9.697222,1.311111,-0.027262,4082.173824,73.845165,1
5214,3008,1651668710,16.116667,0.680556,-0.077777,6784.523783,38.13668,0
5215,3008,1651668711,11.436111,-0.888889,-0.045416,4814.182078,-40.816639,1
5216,3008,1651668712,17.177778,0.216667,-0.017673,7231.212526,-0.274887,1
5217,3008,1651668713,18.330556,0.611111,0.02082,7716.489563,0.206602,0
5218,3008,1651668717,3.355556,0.843056,-0.024252,1412.565448,25.353022,1
5219,3008,1651668718,19.333333,0.158333,0.096226,8138.622118,-64.79363,1
5220,3008,1651668718,18.0,0.030556,0.084947,7577.337834,-65.087005,1
5221,3008,1651668719,5.041667,1.544444,0.0,2122.356199,74.656257,1
5222,3008,1651668721,8.327778,1.952778,-0.069931,3505.688091,104.884397,1
5223,3008,1651668723,12.233333,0.630556,-0.069964,5149.783306,75.174809,1
5224,3008,1651668725,13.494444,0.591667,-0.027018,5680.664691,48.579056,1
5225,3008,1651668726,14.086111,0.683333,0.0,5929.734592,34.149792,1
5226,3008,1651668727,14.769444,0.602778,-0.018509,6217.392788,26.579243,0
5227,3008,1651668728,19.266667,-0.016667,0.046336,8110.557904,-46.097142,1
5228,3008,1651668729,16.061111,0.663889,0.020692,6761.136938,12.360171,0
5229,3008,1651668731,18.366667,-0.180556,0.122864,7731.691012,-100.158261,1
5230,3008,1651668739,17.986111,0.241667,0.067663,7571.491123,-42.233923,1
5231,3008,1651668742,3.663889,0.313889,0.0,1542.362439,12.255701,1
5232,3009,1651668743,3.977778,1.425,0.0,1674.498114,54.827978,1
5233,3009,1651668744,5.402778,1.65,0.0,2274.370692,80.359447,1
5234,3009,1651668746,17.980556,0.127778,0.016776,7569.152438,-19.241686,1
5235,3009,1651668748,18.252778,0.213889,0.104209,7683.74798,-65.433081,1
5236,3009,1651668750,16.344444,0.236111,-0.023401,6880.409848,-0.312211,1
5237,3009,1651668750,12.455556,-1.363889,0.0,5243.330686,-96.561611,1
5238,3009,1651668753,9.702778,-0.775,-0.034867,4084.512508,-39.545463,1
5239,3009,1651668764,0.302778,-0.163889,0.0,127.458306,-21.640782,1
5240,3009,1651668765,0.138889,0.036111,0.0,58.467113,-3.034771,1
5241,3009,1651668767,18.241667,-0.216667,0.058991,7679.070611,-64.94438,1
5242,3009,1651668768,0.0,1.477778,0.0,0.0,58.601437,1
5243,3009,1651668769,18.402778,0.141667,0.10166,7746.892462,-68.391432,1
5244,3009,1651668772,5.694444,0.969444,0.0,2397.15163,59.488037,1
5245,3009,1651668773,17.722222,-0.180556,0.027871,7460.403608,-44.199814,1
5246,3009,1651668774,7.633333,1.036111,0.0,3213.352526,48.259754,1
5247,3009,1651668774,18.411111,-0.013889,0.086151,7750.400488,-68.718333,1
5248,3009,1651668776,9.661111,1.122222,0.0,4066.972375,49.529826,1
5249,3009,1651668776,18.561111,0.122222,0.021588,7813.54497,-22.753235,1
5250,3009,1651668777,10.783333,1.154167,-0.011731,4539.386647,49.590121,1
5251,3009,1651668779,13.091667,0.916667,0.0,5511.110064,38.933494,1
5252,3009,1651668781,15.555556,-0.416667,0.0,6548.316647,-40.873065,1
5253,3009,1651668783,16.163889,0.075,-0.032846,6804.402601,21.389839,0
5254,3009,1651668786,16.627778,0.019444,-0.058445,6999.682758,22.417056,0
5255,3009,1651668793,20.275,0.488889,0.102512,8535.029144,-49.144389,1
5256,3009,1651668804,19.919444,0.097222,-0.168308,8385.353335,38.181133,0
5257,3009,1651668804,18.211111,-0.597222,0.033865,7666.207846,-73.135706,1
5258,3009,1651668807,19.136111,0.036111,0.059004,8055.598818,-50.260077,1
5259,3009,1651668810,10.536111,-1.225,0.040174,4435.315186,-111.057424,1
5260,3009,1651668813,19.997222,-0.119444,-0.075167,8418.094918,15.180633,0
5261,3009,1651668813,5.494444,-2.125,0.0,2312.958987,-140.398452,1
5262,3009,1651668815,2.341667,0.908333,0.0,985.755524,0.711013,0
5263,3009,1651668819,5.858333,0.530556,0.0,2466.142823,63.577004,1
5264,3009,1651668820,6.388889,1.816667,-0.020819,2689.487194,84.163794,1
5265,3009,1651668821,19.847222,-2.305556,0.175895,8354.950436,-259.964054,1
5266,3009,1651668822,10.022222,2.180556,0.0,4218.986868,82.805919,1
5267,3009,1651668823,12.202778,0.486111,-0.029218,5136.920541,63.146355,1
5268,3009,1651668825,13.175,0.977778,-0.020078,5546.190331,59.621808,1
5269,3009,1651668825,17.872222,0.097222,-0.010826,7523.54809,-4.796614,1
5270,3009,1651668826,14.152778,0.663889,-0.063199,5957.798806,64.757948,1
5271,3009,1651668826,21.327778,0.686111,0.013035,8978.20986,4.385172,0
5272,3009,1651668827,14.816667,0.708333,-0.080151,6237.271606,70.222055,1
5273,3009,1651668828,15.525,0.963889,-0.083781,6535.453882,62.121257,1
5274,3009,1651668829,16.488889,0.544444,-0.025641,6941.215646,31.059383,0
5275,3009,1651668831,17.577778,0.754167,0.060333,7399.597811,-6.79477,1
5276,3009,1651668833,23.283333,-0.483333,-0.103645,9801.426809,8.540643,0
5277,3009,1651668834,18.266667,0.444444,0.096372,7689.594691,-46.963631,1
5278,3009,1651668836,22.816667,0.291667,-0.017651,9604.97731,35.729507,0
5279,3009,1651668839,20.875,0.361111,0.049946,8787.607071,-26.498335,1
5280,3009,1651668846,17.063889,-0.391667,-0.144658,7183.269493,24.452767,0
5281,3009,1651668853,17.927778,0.216667,-0.092969,7546.934935,15.66469,0
5282,3009,1651668854,22.927778,0.002778,-0.096278,9651.751,-2.379267,1
5283,3009,1651668857,17.280556,0.761111,-0.100485,7274.478189,7.559391,0
5284,3009,1651668857,22.794444,0.011111,0.008737,9595.622572,-24.789878,1
5285,3009,1651668859,22.333333,-0.126389,0.080664,9401.511757,-74.929108,1
5286,3009,1651668860,23.766667,0.15,-0.050025,10004.892362,16.70962,0
5287,3009,1651668861,22.080556,-0.016667,0.077742,9295.101612,-66.417585,1
5288,3009,1651668862,18.716667,-0.608333,-0.165431,7879.028137,45.091317,0
5289,3009,1651668863,18.108333,-0.083333,-0.196139,7622.942182,83.688694,1
5290,3009,1651668864,24.780556,0.180556,-0.138267,10431.702287,34.389021,0
5291,3009,1651668864,18.025,1.425,-0.155178,7587.861914,89.442919,1
5292,3009,1651668865,24.961111,-0.272222,-0.07724,10507.709534,0.019001,0
5293,3009,1651668865,19.45,-0.461111,-0.14499,8187.734493,42.101468,0
5294,3009,1651668866,24.688889,-0.947222,-0.052904,10393.113992,-47.829068,1
5295,3009,1651668867,21.152778,-0.102778,0.092852,8904.541297,-79.783446,1
5296,3009,1651668868,23.233333,-0.466667,-0.15955,9780.378649,-0.663352,1
5297,3009,1651668870,22.3,-0.822222,0.0,9387.47965,-69.539836,1
5298,3009,1651668871,19.683333,0.108333,-0.072084,8285.959243,15.410794,0
5299,3009,1651668873,19.9,0.0875,-0.118448,8377.167939,23.499506,0
5300,3009,1651668874,20.844444,0.088889,-0.176569,8774.744307,55.928305,0
5301,3009,1651668876,20.413889,0.961111,-0.062354,8593.496257,24.534662,0
5302,3009,1651668877,19.552778,-0.388889,0.15685,8231.000157,-133.188643,1
5303,3009,1651668878,19.163889,0.036111,0.121128,8067.29224,-86.575782,1
5304,3009,1651668881,22.244444,0.097222,-0.110537,9364.092805,49.052894,0
5305,3009,1651668882,22.341667,-0.175,-0.16485,9405.019784,70.046854,0
5306,3009,1651668883,22.166667,0.972222,-0.140094,9331.351222,76.306793,0
5307,3009,1651668884,23.138889,0.005556,-0.119086,9740.621012,49.002722,0
5308,3009,1651668885,23.144444,0.688889,0.0,9742.959697,6.110118,0
5309,3009,1651668885,18.133333,0.922222,0.047867,7633.466262,-22.277476,1
5310,3009,1651668890,22.866667,0.272222,-0.049552,9626.025471,2.078719,0
5311,3009,1651668893,16.461111,-0.013889,-0.067762,6929.522223,24.584258,0
5312,3009,1651668894,16.447222,0.586111,-0.077498,6923.675512,41.087256,0
5313,3009,1651668896,23.55,-0.236111,-0.030741,9913.683666,-17.067803,1
5314,3009,1651668897,20.125,-0.055556,-0.013995,8471.884662,-13.558547,1
5315,3009,1651668899,22.619444,-0.569444,-0.117128,9521.95401,19.029358,0
5316,3009,1651668902,21.391667,-0.663889,-0.247199,9005.104732,73.503421,0
5317,3009,1651668904,21.005556,-0.236111,-0.141972,8842.566158,31.813754,0
5318,3009,1651668905,15.638889,-1.4,-0.050433,6583.396914,-70.566847,1
5319,3009,1651668906,14.238889,-2.152778,-0.025624,5994.048416,-129.854882,1
5320,3009,1651668908,19.311111,-0.118056,0.17133,8129.26738,-125.070941,1
5321,3009,1651668913,19.45,1.672222,0.0,8187.734493,61.216996,0
5322,3009,1651668918,16.544444,-0.608333,-0.095843,6964.602491,-0.615331,1
5323,3009,1651668919,15.936111,-0.588889,-0.136074,6708.516536,6.82199,0
5324,3009,1651668920,0.0,0.0,0.0,0.0,-0.001721,1
5325,3009,1651668923,20.391667,0.123611,-0.044189,8584.141519,2.425686,0
5326,3009,1651668923,16.997222,1.061111,0.168889,7155.205279,-51.168606,1
5327,3009,1651668926,18.022222,1.263889,-0.10791,7586.692572,8.252385,0
5328,3009,1651668927,21.488889,1.238889,-0.118421,9046.031711,68.485708,0
5329,3009,1651668928,22.727778,-0.941667,-0.188933,9567.558358,55.396882,0
5330,3009,1651668935,18.144444,0.330556,0.183197,7638.143632,-104.139213,1
5331,3009,1651668936,21.158333,0.555556,0.013462,8906.879982,-1.183644,1
5332,3009,1651668937,0.0,0.0,0.0,0.0,-0.0,1
5333,3009,1651668941,23.444444,-0.036111,-0.124072,9869.24866,26.840314,0
5334,3009,1651668943,0.0,0.0,0.0,0.0,-0.0,1
5335,3009,1651668944,22.45,-0.048611,0.080092,9450.624132,-69.990595,1
5336,3009,1651668944,18.127778,-0.497222,0.072684,7631.127578,-89.815715,1
5337,3009,1651668944,0.0,0.0,0.0,0.0,-0.0,1
5338,3009,1651668950,22.263889,-0.2,-0.101283,9372.278201,30.463781,0
5339,3009,1651668950,16.797222,-0.133333,0.081546,7071.012636,-72.291371,1
5340,3009,1651668957,0.180556,0.019444,0.0,76.007247,1.172025,0
5341,3009,1651668958,22.297222,0.6,-0.065315,9386.310308,19.430765,0
5342,3009,1651668962,22.311111,0.072222,-0.012769,9392.157019,-8.103634,1
5343,3009,1651668963,22.383333,0.338889,-0.114341,9422.559918,29.185441,0
5344,3009,1651668964,22.722222,-0.219444,-0.126718,9565.219673,36.635197,0
5345,3009,1651668965,22.502778,0.272222,-0.097405,9472.841635,20.342414,0
5346,3009,1651668965,20.186111,-0.569444,-0.036485,8497.610191,-31.366218,1
5347,3009,1651668967,22.883333,0.025,-0.072686,9633.041524,-1.774387,1
5348,3009,1651668970,22.213889,-0.555556,-0.111632,9351.23004,12.497439,0
5349,3009,1651668970,17.933333,-0.144444,0.070255,7549.27362,-67.004292,1
5350,3009,1651668971,0.488889,1.766667,0.0,205.804237,62.470249,1
5351,3009,1651668971,21.658333,0.391667,-0.092647,9117.361588,26.259362,0
5352,3009,1651668973,4.022222,1.836111,0.0,1693.20759,79.17865,1
5353,3009,1651668973,17.752778,0.165278,0.0,7473.266373,-6.986863,1
5354,3009,1651668974,5.858333,1.297222,0.0,2466.142823,80.25223,1
5355,3009,1651668978,11.4,1.116667,-0.062236,4798.980628,70.930096,1
5356,3009,1651668979,21.858333,-0.394444,-0.031377,9201.554231,-24.97527,1
5357,3009,1651668980,21.463889,0.255556,-0.192696,9035.50763,57.223081,0
5358,3009,1651668980,12.969444,0.430556,0.0,5459.659004,26.824522,1
5359,3009,1651668982,18.041667,0.261111,-0.07564,7594.877968,26.887111,0
5360,3009,1651668982,22.094444,-0.205556,-0.12039,9300.948323,35.758425,0
5361,3009,1651668984,15.227778,1.405556,-0.083371,6410.33426,85.270784,1
5362,3009,1651668985,16.633333,0.866667,-0.087703,7002.021443,64.040185,1
5363,3009,1651668986,17.738889,-0.197222,0.050383,7467.419662,-58.426784,1
5364,3009,1651668990,16.663889,0.841667,-0.174307,7014.884208,78.501659,1
5365,3009,1651668991,17.505556,-0.072222,-0.055865,7369.194912,47.903848,0
5366,3009,1651669001,20.911111,-0.55,-0.0291,8802.808521,-35.026237,1
5367,3009,1651669003,20.455556,-0.0625,-0.104438,8611.03639,30.27139,0
5368,3009,1651669005,20.330556,0.369444,-0.115911,8558.415989,39.083668,0
5369,3009,1651669006,17.733333,-1.163889,-0.075399,7465.080977,-42.816766,1
5370,3009,1651669008,16.430556,0.269444,-0.067898,6916.659458,17.819158,0
5371,3009,1651669009,16.7,-0.325,-0.065569,7030.085657,23.425689,0
5372,3009,1651669010,16.375,0.054167,-0.082792,6893.272613,36.153223,0
5373,3009,1651669012,19.811111,-0.683333,-0.117709,8339.748987,14.233818,0
5374,3009,1651669014,18.869444,0.052778,-0.128828,7943.341961,39.722584,0
5375,3009,1651669015,18.922222,0.075,-0.064339,7965.559464,31.266047,0
5376,3009,1651669015,0.638889,0.230556,0.0,268.948719,8.339645,0
5377,3009,1651669016,0.869444,0.325,0.0,366.004127,35.365471,1
5378,3009,1651669016,16.966667,0.683333,-0.039009,7142.342514,38.477311,0
5379,3009,1651669018,2.475,3.858333,0.0,1041.883952,123.770495,1
5380,3009,1651669019,18.469444,0.961111,-0.051557,7774.956676,11.299743,0
5381,3009,1651669020,7.908333,1.277778,0.0,3329.11741,89.032128,1
5382,3009,1651669020,18.875,-0.469444,-0.064683,7945.680645,-7.921291,1
5383,3009,1651669022,10.463889,1.581944,-0.031024,4404.912287,89.783923,1
5384,3009,1651669022,18.411111,-0.35,0.0,7750.400488,-38.452398,1
5385,3009,1651669025,14.163889,0.544444,-0.116407,5962.476175,82.46712,1
5386,3009,1651669027,18.730556,0.766667,0.01903,7884.874848,23.461177,0
5387,3009,1651669033,19.622222,0.302778,-0.165016,8260.233713,73.60448,1
5388,3009,1651669034,19.925,0.427778,-0.136317,8387.692019,61.019891,0
5389,3009,1651669035,14.238889,0.694444,-0.040534,5994.048416,30.048403,1
5390,3009,1651669041,19.997222,0.116667,-0.045691,8418.094918,16.856005,0
5391,3009,1651669042,20.113889,0.305556,-0.039567,8467.207293,23.792438,0
5392,3009,1651669043,13.911111,-0.016667,-0.037481,5856.06603,1.423531,0
5393,3009,1651669043,20.419444,0.213889,-0.082682,8595.834941,27.541683,0
5394,3009,1651669043,16.108333,-0.711111,-0.054022,6781.015756,-27.161339,1
5395,3009,1651669044,20.633333,-0.483333,-0.082682,8685.874295,29.35596,0
5396,3009,1651669044,13.894444,-0.025,-0.044558,5849.049976,20.956261,0
5397,3009,1651669045,20.15,0.298611,-0.112551,8482.408742,37.619452,0
5398,3009,1651669045,13.869444,0.3625,-0.094093,5838.525896,39.285016,1
5399,3009,1651669047,14.594444,0.648611,-0.029399,6143.724225,42.952227,1
5400,3009,1651669050,16.780556,0.686111,-0.022802,7063.996583,19.532151,0
5401,3009,1651669051,20.794444,-0.125,-0.102014,8753.696146,22.163905,0
5402,3009,1651669056,6.344444,-0.386111,-0.106194,2670.777718,-3.121406,1
5403,3009,1651669057,21.363889,-0.6,-0.014273,8993.411309,-47.074416,1
5404,3009,1651669059,7.197222,1.794444,0.0,3029.765791,68.696012,1
5405,3009,1651669060,8.991667,0.213889,-0.047579,3785.16089,77.542251,1
5406,3009,1651669063,11.205556,1.183333,-0.07771,4717.12667,117.166752,1
5407,3009,1651669063,20.413889,-0.094444,-0.048088,8593.496257,11.425381,0
5408,3009,1651669064,12.388889,1.461111,-0.085163,5215.266472,129.161372,1
5409,3009,1651669064,5.325,-0.833333,-0.067513,2241.629109,-22.794805,1
5410,3009,1651669065,20.208333,-0.15,-0.109064,8506.964929,25.097475,0
5411,3009,1651669069,0.0,0.0,0.0,0.0,-10.650126,1
5412,3009,1651669078,16.344444,-0.675,-0.076641,6880.409848,-11.825392,1
5413,3009,1651669080,0.0,0.0,0.0,0.0,-1e-06,1
5414,3009,1651669080,12.830556,-1.033333,-0.139516,5401.191891,-15.442339,1
5415,3009,1651669081,0.0,0.0,0.0,0.0,-0.274541,1
5416,3009,1651669086,0.0,0.0,0.0,0.0,-0.000212,1
5417,3009,1651669093,10.175,2.083333,-0.04313,4283.300692,81.509125,1
5418,3009,1651669094,12.258333,1.380556,0.0,5160.307386,61.258201,1
5419,3009,1651669097,14.044444,0.427778,-0.020272,5912.194458,11.749721,0
5420,3009,1651669097,0.0,0.0,0.0,0.0,-0.0,1
5421,3009,1651669098,14.472222,0.05,0.0,6092.273166,-12.195096,1
5422,3009,1651669100,9.233333,1.863889,0.028946,3886.893667,81.242701,1
5423,3009,1651669105,16.591667,0.044444,0.038051,6984.481309,-35.968896,1
5424,3009,1651669106,13.694444,-0.222222,0.03719,5764.857334,-50.097045,1
5425,3009,1651669108,15.711111,0.138889,-0.081696,6613.799813,6.043517,0
5426,3009,1651669109,15.85,-0.097222,-0.110787,6672.266926,11.467546,0
5427,3009,1651669112,14.858333,-0.608333,-0.028946,6254.81174,-35.064354,0
5428,3009,1651669113,1.788889,0.891667,0.0,753.056414,81.981967,1
5429,3009,1651669113,14.830556,0.233333,0.0,6243.118317,-1.312666,1
5430,3009,1651669115,10.911111,-2.263889,-0.0441,4593.176391,-124.3139,1
5431,3009,1651669116,7.372222,1.075,0.0,3103.434354,74.386637,1
5432,3009,1651669118,10.458333,1.580556,0.0,4402.573603,74.944939,1
5433,3009,1651669119,12.038889,1.094444,0.0,5067.929348,63.263718,1
5434,3009,1651669121,14.130556,1.883333,0.0,5948.444068,60.34241,1
5435,3009,1651669124,13.844444,0.272222,0.0,5828.001816,0.466544,0
5436,3009,1651669127,14.1,-0.044444,0.03384,5935.581303,-37.596073,1
5437,3009,1651669132,16.977778,0.075,-0.017026,7147.019883,-1.977531,1
5438,3009,1651669133,11.194444,-1.516667,0.0,4712.449301,-105.282748,1
5439,3009,1651669137,6.466667,-1.758333,0.0,2722.228777,-118.479043,1
5440,3009,1651669145,7.280556,0.822222,0.0,3064.846059,-1.724117,1
5441,3009,1651669148,8.561111,-1.111111,0.0,3603.91284,-79.968515,1
5442,3009,1651669155,7.983333,0.294444,-0.107737,3360.68965,43.918697,1
5443,3009,1651669156,8.277778,0.705556,-0.050839,3484.63993,25.786579,1
5444,3009,1651669157,3.488889,-0.380556,0.0,1468.693876,-34.905706,1
5445,3009,1651669161,0.536111,0.352778,0.0,225.683056,-2.689257,1
5446,3009,1651669163,6.466667,1.219444,0.0,2722.228777,30.733139,1
5447,3009,1651669164,7.686111,0.308333,-0.023819,3235.570029,28.262913,1
5448,3009,1651669165,7.994444,0.616667,0.0,3365.36702,27.440405,1
5449,3009,1651669166,8.611111,0.411111,-0.021474,3624.961001,31.33748,1
5450,3009,1651669166,0.936111,-0.119444,0.0,394.068341,-18.973578,1
5451,3009,1651669168,9.877778,0.463889,-0.026508,4158.181071,27.719058,1
5452,3009,1651669171,11.461111,0.827778,0.0,4824.706158,21.192796,1
5453,3009,1651669172,1.677778,0.291667,0.0,706.282724,55.925823,1
5454,3009,1651669175,4.975,1.383333,0.0,2094.291985,8.321241,0
5455,3009,1651669178,13.036111,0.175,-0.038467,5487.723218,3.453123,0
5456,3009,1651669180,3.755556,0.272222,0.0,1580.950733,2.18755,0
5457,3009,1651669181,4.027778,1.136111,0.0,1695.546275,31.289345,1
5458,3009,1651669183,6.075,0.911111,0.0,2557.351519,37.051035,1
5459,3009,1651669187,7.186111,-0.080556,0.0,3025.088422,-17.465613,1
5460,3009,1651669191,12.947222,0.686111,0.0,5450.304266,2.014065,0
5461,3009,1651669199,13.211111,-0.447222,-0.045655,5561.391781,-14.7642,1
5462,3009,1651669203,12.511111,0.169444,-0.045655,5266.717532,6.453352,0
5463,3009,1651669203,0.572222,-0.195833,0.0,240.884505,-23.571023,1
5464,3009,1651669204,12.680556,-0.036111,-0.041399,5338.047409,0.141011,0
5465,3009,1651669205,0.180556,0.375,0.0,76.007247,22.613172,0
5466,3009,1651669208,0.488889,-0.488889,0.0,205.804237,-41.24176,1
5467,3009,1651669209,13.694444,1.008333,-0.020052,5764.857334,40.443601,1
5468,3009,1651669209,0.0,0.0,0.0,0.0,-6.873627,1
5469,3009,1651669210,14.702778,1.352778,0.0,6189.328573,38.662425,1
5470,3009,1651669213,4.116667,1.119444,0.0,1732.965227,65.162968,1
5471,3009,1651669217,8.241667,1.613889,0.0,3469.438481,51.121064,1
5472,3009,1651669217,16.05,0.233333,-0.044069,6756.459569,6.638125,0
5473,3009,1651669218,0.638889,0.297222,0.0,268.948719,4.632168,0
5474,3009,1651669218,9.855556,0.627778,-0.018177,4148.826333,24.554744,1
5475,3009,1651669218,16.283333,-0.263889,-0.047151,6854.684318,-4.323541,1
5476,3009,1651669219,0.936111,0.386111,0.0,394.068341,9.218757,0
5477,3009,1651669228,0.863889,-0.011111,0.0,363.665442,-12.438584,1
5478,3009,1651669230,8.4,1.266667,0.038586,3536.090989,24.579962,1
5479,3009,1651669238,0.0,0.211111,0.0,0.0,2.987744,1
5480,3009,1651669239,10.355556,-0.056944,-0.077912,4359.307939,6.922181,0
5481,3009,1651669240,0.169444,0.097222,0.0,71.329878,5.86234,0
5482,3009,1651669241,10.241667,0.036111,-0.069854,4311.364907,30.080414,1
5483,3009,1651669242,10.277778,0.761111,-0.048219,4326.566356,42.690849,1
5484,3009,1651669243,11.038889,0.247222,-0.055884,4646.966135,43.960295,1
5485,3009,1651669244,1.713889,2.958333,-0.08094,721.484173,129.137582,1
5486,3009,1651669245,4.672222,1.788889,-0.04632,1966.833679,106.741393,1
5487,3009,1651669246,6.461111,0.568056,0.0,2719.890093,71.943022,1
5488,3009,1651669250,10.844444,1.708333,0.038054,4565.112177,49.204438,1
5489,3009,1651669252,0.797222,-0.797222,0.0,335.601228,-59.841795,1
5490,3009,1651669257,0.713889,0.85,0.0,300.52096,44.532908,1
5491,3009,1651669263,7.144444,1.091667,0.028658,3007.548288,36.074502,1
5492,3009,1651669264,8.236111,1.75,0.04834,3467.099796,12.257849,1
5493,3009,1651669265,0.330556,0.436111,0.0,139.151729,14.540864,0
5494,3009,1651669269,0.627778,-0.102778,0.0,264.27135,-17.960572,1
5495,3009,1651669271,2.802778,0.355556,0.0,1179.866339,15.040998,1
5496,3009,1651669271,16.525,-0.252778,0.017829,6956.417095,-41.980658,1
5497,3009,1651669271,0.422222,-0.422222,0.0,177.740023,-37.220543,1
5498,3009,1651669272,3.158333,2.486111,0.037003,1329.542148,58.331271,1
5499,3009,1651669277,6.863889,1.063889,0.0,2889.44472,75.42734,1
5500,3009,1651669278,7.927778,2.227778,0.042044,3337.302805,63.598622,1
5501,3009,1651669278,10.119444,0.066667,0.104684,4259.913847,-70.782612,1
5502,3009,1651669281,10.966667,0.069444,0.025634,4616.563236,-24.614268,1
5503,3009,1651669287,10.602778,-1.383333,-0.05949,4463.3794,-62.060489,1
5504,3009,1651669289,8.5,-1.183333,-0.066751,3578.187311,-45.072316,1
5505,3009,1651669290,7.316667,-1.158333,-0.08394,3080.047508,-33.166008,1
5506,3009,1651669291,3.466667,2.819444,0.0,1459.339138,66.508166,1
5507,3009,1651669293,8.025,1.811111,-0.034763,3378.229784,76.855573,1
5508,3009,1651669294,9.836111,0.016667,-0.049952,4140.640937,39.152839,1
5509,3009,1651669295,15.608333,0.627778,-0.08834,6570.53415,50.76878,1
5510,3009,1651669296,16.236111,0.705556,-0.018508,6834.8055,37.897234,0
5511,3009,1651669297,0.0,0.0,0.0,0.0,27.277051,1
5512,3009,1651669300,2.258333,2.180556,-0.123108,950.675256,160.123847,1
5513,3009,1651669303,6.841667,1.872222,-0.035721,2880.089982,80.722605,1
5514,3009,1651669303,4.861111,0.241667,0.0,2046.348952,-4.218468,1
5515,3009,1651669306,9.505556,-0.352778,-0.042044,4001.489208,-9.802874,1
5516,3009,1651669309,8.761111,-1.763889,-0.040089,3688.105483,-95.822376,1
5517,3009,1651669313,0.0,0.0,0.0,0.0,5.958616,1
5518,3009,1651669316,18.658333,0.294444,0.047117,7854.471949,-27.413838,1
5519,3009,1651669317,0.0,0.0,0.0,0.0,-9.50018,1
5520,3009,1651669330,0.0,0.0,0.0,0.0,-0.0,1
5521,3009,1651669332,0.0,0.0,0.0,0.0,-0.0,1
5522,3009,1651669336,0.0,0.0,0.0,0.0,6.231554,1
5523,3009,1651669340,1.111111,0.355556,0.0,467.736903,5.423989,0
5524,3009,1651669340,0.0,0.0,0.0,0.0,-6.399828,1
5525,3009,1651669341,1.466667,0.605556,0.0,617.412712,21.156934,1
5526,3009,1651669342,2.072222,0.741667,0.0,872.329325,31.582413,1
5527,3009,1651669342,0.288889,-0.288889,0.0,121.611595,-17.422309,1
5528,3009,1651669343,0.755556,0.301389,0.0,318.061094,0.591289,0
5529,3009,1651669343,2.813889,1.075,0.0,1184.543708,30.991469,1
5530,3009,1651669352,1.511111,3.658333,0.0,636.122189,72.359647,1
5531,3009,1651669354,7.283333,0.679167,0.0,3066.015401,56.14277,1
5532,3009,1651669355,7.222222,1.816667,0.048834,3040.289872,51.196999,1
5533,3009,1651669358,9.136111,0.247222,0.0,3845.966688,25.543273,1
5534,3009,1651669360,3.636111,0.838889,0.0,1530.669016,19.68476,1
5535,3009,1651669362,6.019444,0.913889,0.04834,2533.964674,6.509126,0
5536,3009,1651669363,12.202778,1.069444,-0.093468,5136.920541,63.240018,1
5537,3009,1651669365,14.341667,0.488889,-0.041521,6037.31408,55.90152,1
5538,3009,1651669368,17.438889,0.911111,0.099216,7341.130698,-19.995544,1
5539,3009,1651669369,3.852778,0.463889,0.0,1621.877712,7.47659,0
5540,3009,1651669369,18.35,0.4375,0.132538,7724.674959,-68.503083,1
5541,3009,1651669370,10.705556,0.163889,0.035009,4506.645064,-24.330301,1
5542,3009,1651669371,5.125,0.452778,0.0,2157.436467,11.044066,1
5543,3009,1651669371,19.225,0.468056,0.042448,8093.01777,-14.559353,1
5544,3009,1651669379,2.252778,1.925,0.0,948.336572,38.065914,1
5545,3009,1651669380,4.177778,0.652778,0.0,1758.690757,49.131774,1
5546,3009,1651669380,18.580556,0.054167,0.029287,7821.730366,-31.390778,1
5547,3009,1651669382,18.688889,-0.025,-0.095583,7867.334714,10.628603,0
5548,3009,1651669382,6.383333,2.330556,0.0,2687.14851,63.998839,1
5549,3009,1651669384,8.947222,0.375,0.0,3766.451414,9.75327,0
5550,3009,1651669386,18.719444,0.3125,-0.018348,7880.197479,14.563882,0
5551,3009,1651669386,9.408333,0.272222,-0.039955,3960.562229,4.226846,0
5552,3009,1651669387,9.680556,-0.036111,-0.038202,4075.15777,-0.417983,1
5553,3009,1651669388,19.344444,0.486111,-0.046268,8143.299487,24.099857,0
5554,3009,1651669390,20.316667,0.052778,-0.097148,8552.569278,12.155195,0
5555,3009,1651669395,3.163889,2.258333,0.0,1331.880832,50.395148,1
5556,3009,1651669401,21.113889,0.1125,-0.004692,8888.170506,-9.565565,1
5557,3009,1651669403,21.338889,0.402778,-0.022678,8982.887229,1.330265,0
5558,3009,1651669406,21.605556,0.15,0.029207,9095.144085,-27.569458,1
5559,3009,1651669407,3.461111,0.897222,0.0,1457.000454,33.743716,1
5560,3009,1651669408,21.905556,0.183333,-0.109468,9221.433049,10.890456,0
5561,3009,1651669410,21.672222,-0.091667,-0.043144,9123.2083,10.587858,0
5562,3009,1651669412,10.180556,-0.422222,0.053805,4285.639377,-70.521666,1
5563,3009,1651669413,9.758333,-1.152778,0.046132,4107.899354,-109.937849,1
5564,3009,1651669414,8.605556,-0.594444,0.046783,3622.622316,-76.300906,1
5565,3009,1651669418,20.844444,-0.144444,-0.047775,8774.744307,-0.029891,1
5566,3009,1651669421,5.133333,0.766667,0.0,2160.944493,42.313333,1
5567,3009,1651669423,6.702778,-0.116667,0.027692,2821.622869,-35.803631,1
5568,3009,1651669426,7.608333,0.344444,0.0,3202.828446,2.314859,0
5569,3009,1651669427,15.311111,-1.4875,0.03018,6445.414528,-123.055543,1
5570,3009,1651669428,7.933333,-0.313889,0.0,3339.64149,-31.722678,1
5571,3009,1651669435,6.075,0.525,0.0,2557.351519,5.096638,0
5572,3009,1651669437,7.125,0.983333,-0.034608,2999.362893,68.344181,1
5573,3009,1651669438,8.108333,2.3,-0.083268,3413.310052,104.922569,1
5574,3009,1651669443,14.708333,0.858333,-0.034891,6191.667258,50.426809,1
5575,3009,1651669445,16.425,0.480556,0.0,6914.320774,17.052471,0
5576,3009,1651669446,16.905556,0.183333,0.01628,7116.616984,-14.981589,1
5577,3009,1651669452,0.936111,-0.061111,0.0,394.068341,-15.45589,1
5578,3009,1651669454,1.275,-0.327778,0.0,536.728097,-31.549107,1
5579,3009,1651669454,17.063889,-0.530556,-0.056738,7183.269493,-15.200262,1
5580,3009,1651669456,1.111111,0.222222,0.0,467.736903,-0.219048,1
5581,3009,1651669456,15.983333,-0.561111,-0.089867,6728.395355,-3.759667,1
5582,3009,1651669457,15.422222,-0.677778,-0.025374,6492.188218,-41.633296,1
5583,3009,1651669464,1.697222,0.138889,0.0,714.46812,-3.428297,1
5584,3009,1651669465,1.836111,-0.730556,0.0,772.935233,-55.866696,1
5585,3009,1651669468,0.216667,0.205556,0.0,91.208696,12.394889,0
5586,3009,1651669478,6.866667,-1.059722,0.0,2890.614063,-76.438492,1
5587,3009,1651669483,0.216667,0.748611,0.0,91.208696,45.142892,0
5588,3009,1651669485,1.713889,0.422222,0.0,721.484173,30.5411,1
5589,3009,1651669486,2.136111,0.641667,0.0,899.224197,27.927895,1
5590,3009,1651669488,3.461111,0.736111,0.0,1457.000454,28.407637,1
5591,3009,1651669491,4.866667,-0.669444,0.0,2048.687637,-52.516488,1
5592,3009,1651669494,0.258333,0.147222,0.0,108.74883,8.876875,0
5593,3009,1651669494,11.930556,0.540278,0.038131,5022.325,-3.92285,1
5594,3009,1651669496,13.011111,-0.375,0.0,5477.199138,-37.161741,1
5595,3009,1651669501,6.066667,-0.865278,0.0,2553.843492,-64.542235,1
5596,3009,1651669503,1.302778,-0.263889,0.0,548.421519,-27.697582,1
5597,3009,1651669503,4.336111,0.723611,0.025652,1825.343265,-0.351137,1
5598,3009,1651669505,5.783333,1.341667,0.0,2434.570582,37.021201,1
5599,3009,1651669506,7.125,0.925,0.0,2999.362893,49.105859,1
5600,3009,1651669507,8.05,1.418056,0.0,3388.753865,48.1538,1
5601,3009,1651669508,0.0,0.0,0.0,0.0,-0.344548,1
5602,3009,1651669509,10.886111,1.158333,0.03224,4582.65231,24.076143,1
5603,3009,1651669509,0.894444,-0.247222,0.0,376.528207,-26.677732,1
5604,3009,1651669510,0.0,0.0,0.0,0.0,-0.009571,1
5605,3009,1651669512,0.0,0.480556,0.0,0.0,-4.581346,1
5606,3009,1651669514,13.330556,1.027778,-0.018978,5611.673498,21.42779,1
5607,3009,1651669515,14.358333,0.522222,-0.025447,6044.330133,20.252112,0
5608,3009,1651669517,15.402778,0.283333,0.0,6484.002823,4.216905,0
5609,3009,1651669519,0.0,0.0,0.0,0.0,4.517475,1
5610,3009,1651669524,3.405556,0.513889,0.0,1433.613609,10.710358,0
5611,3009,1651669525,0.0,0.0,0.0,0.0,-0.0,1
5612,3009,1651669528,1.691667,4.841667,0.0,712.129435,136.755057,1
5613,3009,1651669533,8.338889,1.394444,0.099609,3510.36546,14.557508,1
5614,3009,1651669534,9.733333,1.190278,0.058712,4097.375273,10.053375,1
5615,3009,1651669537,0.0,1.027778,0.0,0.0,-8.600166,1
5616,3009,1651669538,2.927778,0.45,-0.070272,1232.48674,32.293202,1
5617,3009,1651669541,0.0,0.0,0.0,0.0,-1.187856,1
5618,3009,1651669543,0.0,0.155556,0.0,0.0,6.693868,1
5619,3009,1651669544,0.155556,0.158333,0.0,65.483166,9.547612,0
5620,3009,1651669545,6.169444,-0.195833,0.0,2597.109156,-24.193314,1
5621,3009,1651669547,5.777778,0.4,0.0,2432.231897,14.210291,1
5622,3009,1651669550,5.222222,0.669444,0.0,2198.363446,25.687898,1
5623,3009,1651669551,5.891667,1.494444,0.0,2480.17493,37.696782,1
5624,3009,1651669552,7.386111,0.347222,0.0,3109.281065,24.086124,1
5625,3009,1651669553,7.733333,0.658333,0.0,3255.448847,5.306727,0
5626,3009,1651669557,0.0,0.0,0.0,0.0,-0.000751,1
5627,3009,1651669559,5.783333,0.802778,-0.061748,2434.570582,37.790947,1
5628,3009,1651669560,6.586111,0.219444,-0.041195,2772.510495,13.83918,1
5629,3009,1651669560,1.697222,-0.313889,0.0,714.46812,-30.732258,1
5630,3009,1651669561,1.383333,0.988889,0.0,582.332445,38.652938,1
5631,3009,1651669562,2.372222,0.772222,-0.143223,998.618289,89.253736,1
5632,3009,1651669563,0.0,0.0,0.0,0.0,-0.0,1
5633,3009,1651669564,4.497222,0.704167,-0.114046,1893.165116,106.524109,1
5634,3009,1651669566,4.147222,-1.461111,0.0,1745.827992,-100.149597,1
5635,3009,1651669567,7.005556,0.655556,-0.071352,2949.081176,96.043371,1
5636,3009,1651669568,7.661111,1.716667,-0.073488,3225.045949,92.856604,1
5637,3009,1651669569,9.377778,0.513889,-0.057576,3947.699464,70.911939,1
5638,3009,1651669570,9.891667,1.036111,-0.026899,4164.027782,50.391438,1
5639,3009,1651669572,11.080556,0.244444,0.0,4664.506269,8.194526,0
5640,3009,1651669573,0.0,0.0,0.0,0.0,-0.429934,1
5641,3009,1651669574,0.0,0.0,0.0,0.0,-0.00028,1
5642,3009,1651669574,11.569444,0.427778,0.024849,4870.310506,-2.768527,1
5643,3009,1651669575,11.997222,0.719444,0.035922,5050.389214,-0.478065,1
5644,3009,1651669579,0.0,0.0,0.0,0.0,-0.0,1
5645,3009,1651669580,0.0,0.0,0.0,0.0,-0.000332,1
5646,3009,1651669581,0.0,0.0,0.0,0.0,-5.5e-05,1
5647,3009,1651669581,0.0,0.0,0.0,0.0,-0.0,1
5648,3009,1651669582,0.0,0.0,0.0,0.0,-0.0,1
5649,3009,1651669590,0.0,0.0,0.0,0.0,-0.0,1
5650,3009,1651669595,3.738889,-0.908333,0.0,1573.93468,-66.762208,1
5651,3009,1651669596,0.0,0.0,0.0,0.0,-0.0,1
5652,3009,1651669598,1.394444,0.930556,0.058432,587.009814,-3.707443,1
5653,3009,1651669599,0.205556,0.15,0.0,86.531327,9.044787,0
5654,3009,1651669601,0.611111,-0.05,0.0,257.255297,-14.777561,1
5655,3009,1651669602,3.219444,-0.641667,0.0,1355.267677,-50.621741,1
5656,3009,1651669609,4.033333,1.691667,0.0,1697.884959,74.087744,1
5657,3009,1651669613,0.0,0.138889,0.0,0.0,-0.216483,1
5658,3009,1651669618,0.0,0.0,0.0,0.0,-0.038777,1
5659,3009,1651669619,7.838889,1.736111,-0.053805,3299.883853,74.844818,1
5660,3009,1651669624,0.0,0.0,0.0,0.0,1.019213,1
5661,3009,1651669627,0.0,0.0,0.0,0.0,-0.008919,1
5662,3009,1651669628,0.158333,-0.002778,0.0,66.652509,-0.167922,1
5663,3009,1651669631,4.994444,1.055556,-0.061749,2102.477381,70.634229,1
5664,3009,1651669632,6.05,0.344444,-0.046338,2546.827439,48.648161,1
5665,3009,1651669633,6.394444,0.822222,-0.027473,2691.825879,16.824826,1
5666,3009,1651669637,0.0,0.473611,0.0,0.0,21.394614,1
5667,3009,1651669637,0.0,0.0,0.0,0.0,-0.000201,1
5668,3009,1651669643,0.0,0.0,0.0,0.0,-0.0,1
5669,3009,1651669645,4.908333,1.408333,0.0,2066.22777,60.561541,1
5670,3009,1651669645,0.0,0.0,0.0,0.0,-0.0,1
5671,3009,1651669645,0.0,0.0,0.0,0.0,-4.265553,1
5672,3009,1651669647,8.180556,1.541667,0.0,3443.712951,38.17636,1
5673,3009,1651669655,0.0,0.0,0.0,0.0,-0.0,1
5674,3009,1651669657,0.0,2.125,0.0,0.0,80.63848,1
5675,3009,1651669659,3.127778,2.530556,0.0,1316.679383,95.438001,1
5676,3009,1651669660,5.658333,0.886111,0.0,2381.95018,71.833197,1
5677,3009,1651669660,0.0,0.0,0.0,0.0,-0.0,1
5678,3009,1651669662,7.711111,1.588889,0.0,3246.094109,31.982826,1
5679,3009,1651669664,0.205556,0.288889,0.0,86.531327,17.420235,0
5680,3009,1651669665,0.494444,-0.119444,0.0,208.142922,-18.963158,1
5681,3009,1651669668,0.0,0.0,0.0,0.0,-3.844236,1
5682,3009,1651669671,4.377778,2.161111,-0.057269,1842.883399,90.038943,1
5683,3009,1651669671,0.0,0.144444,0.0,0.0,2.598158,1
5684,3009,1651669672,6.538889,0.733333,-0.049323,2752.631676,73.605712,1
5685,3009,1651669672,0.144444,-0.002778,0.0,60.805797,-0.167853,1
5686,3009,1651669674,2.136111,0.622222,-0.057844,899.224197,57.468746,1
5687,3009,1651669674,8.005556,0.555556,-0.039381,3370.044389,54.039578,1
5688,3009,1651669675,8.561111,0.441667,-0.059893,3603.91284,38.321227,1
5689,3009,1651669676,3.380556,1.116667,-0.044101,1423.089528,60.327486,1
5690,3009,1651669678,0.163889,0.083333,0.0,68.991193,5.024826,0
5691,3009,1651669678,4.866667,0.941667,-0.035556,2048.687637,73.180017,1
5692,3009,1651669679,5.808333,1.891667,-0.033613,2445.094662,83.97273,1
5693,3009,1651669680,7.7,1.086111,-0.038348,3241.41674,67.17474,1
5694,3009,1651669682,0.205556,0.091667,0.0,86.531327,5.527099,0
5695,3009,1651669682,9.177778,0.118056,-0.041949,3863.506822,32.516364,1
5696,3009,1651669683,0.297222,0.138889,0.0,125.119622,8.373991,0
5697,3009,1651669684,9.413889,0.483333,-0.039378,3962.900914,31.773573,1
5698,3009,1651669684,6.647222,0.580556,0.0,2798.236024,44.113012,1
5699,3009,1651669685,9.897222,0.475,-0.02954,4166.366466,25.28644,1
5700,3009,1651669685,0.472222,0.234722,0.0,198.788184,2.394589,0
5701,3009,1651669689,10.597222,-0.113889,-0.062169,4461.040716,12.137416,1
5702,3009,1651669693,2.463889,0.544444,0.0,1037.206583,6.657749,0
5703,3009,1651669694,3.008333,2.075,0.0,1266.397666,60.411857,1
5704,3009,1651669695,5.083333,1.577778,0.0,2139.896333,62.500682,1
5705,3009,1651669696,6.661111,1.116667,0.0,2804.082736,26.938026,1
5706,3009,1651669700,12.805556,0.013889,0.052179,5390.667811,-44.26459,1
5707,3009,1651669701,5.683333,0.869444,0.027472,2392.474261,21.897044,1
5708,3009,1651669702,6.552778,0.963889,0.0,2758.478387,54.687663,1
5709,3009,1651669703,7.516667,2.886111,0.0,3164.240151,49.958802,1
5710,3009,1651669705,0.258333,0.244444,0.0,108.74883,14.739688,0
5711,3009,1651669708,12.372222,0.555556,-0.014476,5208.250419,15.459485,0
5712,3009,1651669709,12.927778,0.427778,-0.03719,5442.11887,15.621811,0
5713,3009,1651669712,0.705556,1.6375,0.04932,297.012934,25.763605,1
5714,3009,1651669713,14.413889,0.716667,0.067075,6067.716979,-11.336399,1
5715,3009,1651669715,5.077778,0.988889,0.076293,2137.557648,5.589693,0
5716,3009,1651669726,4.013889,0.380556,0.0,1689.699563,13.692015,1
5717,3009,1651669727,4.327778,0.697222,0.0,1821.835239,-2.84664,1
5718,3009,1651669729,2.211111,0.447222,0.0,930.796438,10.83218,0
5719,3009,1651669733,8.194444,0.791667,-0.022413,3449.559662,20.648627,1
5720,3009,1651669734,4.944444,0.066667,0.0,2081.42922,-8.139197,1
5721,3009,1651669735,9.811111,0.466667,-0.02954,4130.116856,13.729123,1
5722,3009,1651669737,5.7,1.183333,0.0,2399.490314,36.367607,1
5723,3009,1651669738,9.577778,0.875,-0.030042,4031.892107,3.107381,0
5724,3009,1651669740,7.016667,1.019444,-0.034868,2953.758545,32.529554,1
5725,3009,1651669740,0.0,0.0,0.0,0.0,-2.975279,1
5726,3009,1651669741,8.036111,0.261111,0.0,3382.907153,3.266754,0
5727,3009,1651669742,10.325,0.055556,-0.029914,4346.445174,11.213848,1
5728,3009,1651669743,0.0,0.0,0.0,0.0,-0.013774,1
5729,3009,1651669746,11.630556,0.427778,-0.024512,4896.036036,26.376609,1
5730,3009,1651669748,12.805556,0.080556,-0.016343,5390.667811,8.588011,0
5731,3009,1651669754,12.738889,1.208333,0.0,5362.603597,19.706791,1
5732,3010,1651669756,14.147222,0.158333,0.0,5955.460122,-5.508856,1
5733,3010,1651669757,0.230556,0.175,0.0,97.055407,10.552188,0
5734,3010,1651669758,4.461111,2.127778,-0.080456,1877.963667,126.948802,1
5735,3010,1651669759,0.580556,1.648611,-0.077532,244.392532,74.092193,1
5736,3010,1651669761,9.263889,-0.322222,-0.066297,3899.756432,32.128507,1
5737,3010,1651669761,3.877778,0.922222,-0.092068,1632.401793,95.700849,1
5738,3010,1651669762,4.8,1.094444,-0.09678,2020.623422,98.6718,1
5739,3010,1651669763,5.894444,1.188889,-0.055419,2481.344272,87.041211,1
5740,3010,1651669765,12.8,0.036111,-0.03719,5388.329126,-1.768887,1
5741,3010,1651669771,4.722222,0.586111,0.0,1987.881839,18.54318,1
5742,3010,1651669773,13.041667,0.627778,-0.021288,5490.061903,20.210774,1
5743,3010,1651669773,5.891667,1.366667,-0.037003,2480.17493,50.181457,1
5744,3010,1651669774,7.258333,0.361111,-0.034867,3055.491321,36.670763,1
5745,3010,1651669775,7.619444,0.230556,-0.051038,3207.505815,13.015748,1
5746,3010,1651669776,5.308333,-2.386111,0.0,2234.613056,-156.111138,1
5747,3010,1651669777,14.063889,0.577778,0.060385,5920.379854,-15.62799,1
5748,3010,1651669778,3.725,0.266667,-0.048025,1568.087968,31.509136,1
5749,3010,1651669778,14.641667,0.283333,0.033008,6163.603044,-17.598074,1
5750,3010,1651669780,4.258333,1.183333,0.0,1792.601682,54.124144,1
5751,3010,1651669780,15.319444,0.288889,0.0,6448.922555,3.290729,0
5752,3010,1651669782,16.091667,0.436111,0.0,6773.999703,13.232305,0
5753,3010,1651669784,5.819444,1.0875,0.0,2449.772031,26.151658,1
5754,3010,1651669784,8.638889,-0.408333,0.049271,3636.654423,-66.546884,1
5755,3010,1651669785,17.45,-0.059722,-0.016731,7345.808067,-10.543307,1
5756,3010,1651669786,5.230556,-0.863889,0.058432,2201.871472,-98.610251,1
5757,3010,1651669787,8.302778,-0.35,0.049271,3495.16401,-62.935276,1
5758,3010,1651669789,5.058333,1.691667,0.041195,2129.372252,28.900987,1
5759,3010,1651669790,6.75,1.641667,0.031798,2841.501688,30.861522,1
5760,3010,1651669792,5.175,1.019444,0.0,2178.484627,12.766761,1
5761,3010,1651669794,7.747222,1.655556,0.034763,3261.295559,24.183072,1
5762,3010,1651669799,8.0,-0.844444,0.0,3367.705704,-63.734407,1
5763,3010,1651669801,6.225,2.716667,0.0,2620.496001,73.305583,1
5764,3010,1651669803,9.419444,2.052778,0.0,3965.239598,54.628822,1
5765,3010,1651669805,9.994444,0.494444,-0.013387,4207.293446,38.865527,1
5766,3010,1651669807,10.983333,0.413889,0.0,4623.57929,18.756151,1
5767,3010,1651669812,12.794444,-0.097222,0.0,5385.990442,-20.318639,1
5768,3010,1651669813,11.036111,-1.077778,-0.099264,4645.796792,-20.447359,1
5769,3010,1651669814,13.144444,0.55,0.100997,5533.327566,-40.645297,1
5770,3010,1651669822,3.519444,1.125,0.0,1481.556641,29.221397,1
5771,3010,1651669823,8.313889,1.116667,-0.031195,3499.841379,69.161697,1
5772,3010,1651669824,9.430556,-0.283333,-0.099264,3969.916967,51.709841,1
5773,3010,1651669826,9.366667,0.294444,-0.072684,3943.022095,39.514771,1
5774,3010,1651669826,7.130556,1.255556,-0.029973,3001.701577,66.813369,1
5775,3010,1651669827,9.661111,0.025,-0.066297,4066.972375,23.560169,1
5776,3010,1651669828,8.977778,0.758333,-0.080768,3779.314179,65.701165,1
5777,3010,1651669828,13.338889,0.283333,0.015686,5615.181525,-6.823046,1
5778,3010,1651669830,10.041667,-0.719444,0.0,4227.172264,-56.803961,1
5779,3010,1651669831,11.025,0.238889,-0.020989,4641.119423,15.219137,1
5780,3010,1651669831,11.558333,0.175,0.042738,4865.633137,-28.509579,1
5781,3010,1651669833,10.263889,0.472222,0.0,4320.719645,17.340505,1
5782,3010,1651669834,10.736111,0.916667,0.032241,4519.507829,18.899882,1
5783,3010,1651669834,11.466667,-0.013889,0.0,4827.044842,-14.762131,1
5784,3010,1651669835,11.652778,0.966667,0.024184,4905.390774,10.07094,0
5785,3010,1651669841,12.383333,-0.072222,-0.03051,5212.927788,-0.703499,1
5786,3010,1651669842,12.594444,-0.686111,0.0,5301.797799,-55.7468,1
5787,3010,1651669842,16.580556,0.368056,0.026233,6979.80394,-9.509003,1
5788,3010,1651669845,18.041667,0.272222,-0.03147,7594.877968,16.484742,0
5789,3010,1651669846,18.313889,0.505556,0.0,7709.473509,10.405745,0
5790,3010,1651669848,6.038889,-0.852778,0.0,2542.15007,-63.782899,1
5791,3010,1651669850,19.930556,0.040278,-0.057473,8390.030704,4.571987,0
5792,3010,1651669851,3.925,-0.408333,0.0,1652.280611,-36.634117,1
5793,3010,1651669853,3.883333,5.136111,0.0,1634.740477,129.467699,1
5794,3010,1651669854,20.213889,-1.477778,0.015889,8509.303614,-116.947276,1
5795,3010,1651669855,9.969444,0.344444,0.0,4196.769365,29.671321,1
5796,3010,1651669857,4.558333,0.969444,0.0,1918.890646,33.997447,1
5797,3010,1651669858,10.586111,-0.080556,-0.039954,4456.363347,-2.602409,1
5798,3010,1651669861,7.975,1.372222,0.0,3357.181624,52.752621,1
5799,3010,1651669862,9.347222,0.941667,-0.027262,3934.836699,44.952045,1
5800,3010,1651669866,6.205556,-1.416667,-0.053305,2612.310605,-66.485446,1
5801,3010,1651669871,2.366667,0.702778,-0.059461,996.279604,28.099605,1
5802,3010,1651669873,3.772222,0.033333,-0.0441,1587.966787,37.243686,1
5803,3010,1651669874,3.805556,0.444444,-0.062329,1601.998894,48.907279,1
5804,3010,1651669875,3.411111,0.743056,-0.057844,1435.952293,44.553681,1
5805,3010,1651669875,4.25,1.677778,-0.031199,1789.093655,34.088949,1
5806,3010,1651669877,5.891667,1.444444,0.072937,2480.17493,-0.843662,1
5807,3010,1651669878,7.336111,0.436111,0.0,3088.232904,-1.108916,1
5808,3010,1651669880,7.005556,0.8625,0.029913,2949.081176,29.941976,1
5809,3010,1651669881,7.525,0.730556,0.0,3167.748178,20.810298,1
5810,3010,1651669882,8.255556,1.519444,0.0,3475.285192,38.890704,1
5811,3010,1651669883,9.775,0.738889,0.0,4114.915407,21.373211,1
5812,3010,1651669887,12.361111,0.227778,0.0,5203.57305,-0.540323,1
5813,3010,1651669888,1.261111,1.238889,0.0,530.881385,81.473876,1
5814,3010,1651669890,12.083333,0.233333,-0.024839,5086.638824,22.11601,1
5815,3010,1651669891,12.316667,0.430556,-0.04678,5184.863574,27.560993,1
5816,3010,1651669892,12.747222,0.066667,-0.054645,5366.111624,28.033843,1
5817,3010,1651669893,12.325,0.125,-0.054645,5188.3716,21.910099,1
5818,3010,1651669894,6.866667,1.127778,0.046479,2890.614063,19.940618,1
5819,3010,1651669894,12.45,0.302778,-0.062432,5240.992002,29.232282,1
5820,3010,1651669894,12.880556,0.897222,-0.056737,5422.240052,31.224052,1
5821,3010,1651669895,7.994444,1.302778,0.039958,3365.36702,27.774503,1
5822,3010,1651669896,9.297222,0.936111,0.047746,3913.788539,27.233961,1
5823,3010,1651669897,10.233333,0.802778,0.0,4307.85688,31.943649,1
5824,3010,1651669897,13.055556,0.397222,0.0,5495.908614,13.523888,0
5825,3010,1651669899,13.85,0.641667,0.020215,5830.3405,7.767615,0
5826,3010,1651669899,11.527778,0.597222,-0.078159,4852.770372,56.707255,1
5827,3010,1651669899,14.086111,0.888889,0.0,5929.734592,0.572791,0
5828,3010,1651669901,12.722222,0.808333,-0.069977,5355.587543,61.411143,1
5829,3010,1651669902,13.530556,0.744444,-0.039384,5695.86614,54.114987,1
5830,3010,1651669905,16.080556,1.108333,0.042024,6769.322334,7.856957,0
5831,3010,1651669906,15.191667,-0.252778,-0.038146,6395.132811,-8.37988,1
5832,3010,1651669910,14.486111,-0.283333,0.035914,6098.119877,-53.401314,1
5833,3010,1651669918,11.713889,-0.669444,0.027027,4931.116303,-70.269033,1
5834,3010,1651669922,19.436111,0.091667,0.0,8181.887782,-12.458225,1
5835,3010,1651669930,2.391667,-0.955556,0.0,1006.803684,-69.473656,1
5836,3010,1651669933,18.005556,-0.469444,0.0,7579.676519,-45.411725,1
5837,3010,1651669940,2.402778,0.688889,0.0,1011.481053,23.732453,1
5838,3010,1651669941,2.005556,0.584722,0.0,844.265111,6.406599,0
5839,3010,1651669943,15.336111,-0.169444,0.0,6455.938608,-25.852972,1
5840,3010,1651669945,4.155556,0.654167,0.0,1749.336018,11.274813,1
5841,3010,1651669946,3.75,0.711111,0.0,1578.612049,12.485041,1
5842,3010,1651669947,5.463889,-0.072222,0.0,2300.096222,-16.603806,1
5843,3010,1651669947,4.461111,0.972222,0.090859,1877.963667,-6.742104,1
5844,3010,1651669949,6.738889,2.35,0.0,2836.824319,99.983465,1
5845,3010,1651669950,9.088889,1.905556,-0.034511,3826.087869,111.669974,1
5846,3010,1651669951,10.994444,1.891667,-0.031203,4628.256659,103.646323,1
5847,3010,1651669952,12.886111,0.936111,-0.051101,5424.578736,87.132195,1
5848,3010,1651669953,13.822222,0.751389,-0.07351,5818.647078,78.272749,1
5849,3010,1651669956,12.752778,1.075,0.0,5368.450308,3.549411,0
5850,3010,1651669959,0.0,0.0,0.0,0.0,-0.992017,1
5851,3010,1651669960,0.0,0.0,0.0,0.0,-0.165336,1
5852,3010,1651669962,13.838889,1.038889,0.0,5825.663131,22.312096,0
5853,3010,1651669965,14.997222,-0.125,0.058428,6313.278853,-57.308593,1
5854,3010,1651669966,16.183333,0.425,0.064338,6812.587997,-28.214605,1
5855,3010,1651669975,18.119444,0.416667,0.0,7627.619551,-1.269671,1
5856,3010,1651669976,1.672222,0.641667,0.0,703.94404,63.938254,1
5857,3010,1651669980,19.280556,0.380556,0.0,8116.404615,-10.786088,1
5858,3010,1651669982,8.394444,2.172222,0.035138,3533.752305,25.858127,1
5859,3010,1651669982,15.166667,-0.005556,0.054898,6384.608731,-48.120637,1
5860,3010,1651669986,12.836111,2.344444,-0.035187,5403.530576,79.382946,1
5861,3010,1651669986,19.794444,-0.008333,-0.04569,8332.732933,-15.187279,1
5862,3010,1651669992,16.538889,0.433333,0.0,6962.263806,22.536309,0
5863,3010,1651669992,15.175,0.825,-0.100379,6388.116757,58.335337,1
5864,3010,1651669993,16.972222,0.586111,-0.111629,7144.681199,56.478118,1
5865,3010,1651669993,16.0,0.291667,-0.088989,6735.411408,29.51454,0
5866,3010,1651669995,17.836111,2.366667,-0.029999,7508.346641,59.724651,1
5867,3010,1651670000,21.325,0.513889,0.01317,8977.040517,-0.517846,1
5868,3010,1651670002,22.002778,0.211111,-0.113652,9262.360028,13.121696,0
5869,3010,1651670005,22.172222,0.151389,-0.111232,9333.689906,43.781854,0
5870,3010,1651670007,22.475,0.252778,-0.079988,9461.148212,35.67294,0
5871,3010,1651670010,15.386111,-0.120833,0.092063,6476.986769,-76.936395,1
5872,3010,1651670015,13.9,0.155556,-0.082901,5851.388661,27.188797,1
5873,3010,1651670015,23.166667,0.061111,-0.042738,9752.314435,8.562909,0
5874,3010,1651670016,23.227778,0.286111,-0.041341,9778.039964,17.572765,0
5875,3010,1651670017,14.758333,-0.05,-0.074338,6212.715419,45.563667,1
5876,3010,1651670017,17.702778,0.079167,0.018944,7452.218212,-23.282903,1
5877,3010,1651670018,23.861111,0.030556,-0.04547,10044.649999,13.415764,0
5878,3010,1651670018,14.708333,0.175,-0.121463,6191.667258,41.748676,1
5879,3010,1651670019,23.891667,0.569444,-0.023762,10057.512764,-1.517082,1
5880,3010,1651670020,15.058333,-0.097222,-0.06073,6339.004382,26.322442,0
5881,3010,1651670021,14.961111,0.2,-0.045934,6298.077403,9.819739,0
5882,3010,1651670024,15.691667,0.266667,-0.018508,6605.614417,17.137238,0
5883,3010,1651670025,24.194444,0.077778,-0.101942,10184.97107,25.253596,0
5884,3010,1651670026,16.358333,0.052778,-0.131373,6886.256559,57.702879,1
5885,3010,1651670026,24.272222,0.072222,-0.081655,10217.712653,20.239784,0
5886,3010,1651670031,25.263889,0.268056,-0.099311,10635.16784,17.896415,0
5887,3010,1651670042,1.013889,3.138889,0.130588,426.809924,76.019841,1
5888,3010,1651670042,1.558333,-0.288889,0.0,656.001007,-29.217221,1
5889,3010,1651670043,4.152778,2.669444,0.077869,1748.166676,65.432253,1
5890,3010,1651670044,6.822222,0.863889,0.063649,2871.904587,33.338555,1
5891,3010,1651670045,7.686111,0.863889,0.046132,3235.570029,17.61646,1
5892,3010,1651670046,8.55,0.880556,0.053804,3599.235471,12.077197,1
5893,3010,1651670046,23.155556,-0.705556,-0.018142,9747.637066,-52.480242,1
5894,3010,1651670047,9.430556,1.188889,0.074458,3969.916967,8.260378,0
5895,3010,1651670048,2.005556,1.658333,0.071023,844.265111,46.774804,1
5896,3010,1651670051,0.0,0.0,0.0,0.0,-5.114396,1
5897,3010,1651670053,0.0,0.0,0.0,0.0,-0.142067,1
5898,3010,1651670056,15.136111,0.4875,0.0,6371.745966,5.771668,0
5899,3010,1651670058,10.747222,0.458333,0.076832,4524.185198,-31.105816,1
5900,3010,1651670059,16.416667,-0.083333,0.029038,6910.812747,-38.287554,1
5901,3010,1651670060,0.0,0.0,0.0,0.0,-3e-06,1
5902,3010,1651670064,7.891667,0.586111,-0.101617,3322.101356,136.816218,1
5903,3010,1651670065,10.386111,-1.627778,0.098917,4372.170704,-169.687973,1
5904,3010,1651670066,22.672222,-0.097222,-0.026858,9544.171513,-10.306133,1
5905,3010,1651670069,3.355556,-1.025,0.0,1412.565448,-73.752736,1
5906,3010,1651670070,13.108333,0.869444,0.0,5518.126117,27.772448,1
5907,3010,1651670070,2.330556,-2.330556,-0.054039,981.078155,-120.619582,1
5908,3010,1651670072,15.355556,0.052778,-0.027075,6464.124004,24.682445,0
5909,3010,1651670073,0.0,0.0,0.0,0.0,-3.350544,1
5910,3010,1651670075,23.422222,0.572222,-0.017512,9859.893922,2.465564,0
5911,3010,1651670076,0.0,0.0,0.0,0.0,-0.015512,1
5912,3010,1651670078,0.0,0.0,0.0,0.0,-0.002585,1
5913,3010,1651670081,23.863889,0.536111,0.035664,10045.819341,-9.77045,1
5914,3010,1651670081,2.844444,0.195833,0.0,1197.406473,-0.080288,1
5915,3010,1651670082,0.0,0.0,0.0,0.0,4.537336,1
5916,3010,1651670083,6.930556,-0.751389,0.0,2917.508935,-57.859534,1
5917,3010,1651670084,3.369444,0.859722,0.0,1418.412159,32.647592,1
5918,3010,1651670085,0.472222,0.458333,0.0,198.788184,15.879061,0
5919,3010,1651670086,5.088889,1.691667,0.0,2142.235017,45.196163,1
5920,3010,1651670086,24.836111,-0.255556,0.076328,10455.089132,-82.128387,1
5921,3010,1651670090,24.775,0.155556,0.077956,10429.363602,-58.239586,1
5922,3010,1651670090,0.0,0.0,0.0,0.0,-1.387636,1
5923,3010,1651670091,7.208333,1.394444,0.0,3034.44316,47.859925,1
5924,3010,1651670092,8.602778,1.047222,0.0,3621.452974,28.32436,1
5925,3010,1651670100,12.383333,0.497222,0.050632,5212.927788,-14.035201,1
5926,3010,1651670103,14.141667,0.311111,0.054689,5953.121437,-28.40668,1
5927,3010,1651670106,14.697222,-1.913889,-0.091242,6186.989889,-77.124529,1
5928,3010,1651670108,25.080556,-0.180556,0.0,10557.991251,-33.017895,1
5929,3010,1651670114,1.594444,1.225,0.0,671.202456,8.533152,0
5930,3010,1651670115,2.819444,0.808333,0.0,1186.882392,31.040623,1
5931,3010,1651670116,16.008333,0.530556,0.039896,6738.919435,-7.424049,1
5932,3010,1651670118,16.55,-0.026389,0.072654,6966.941175,-60.50301,1
5933,3010,1651670120,8.102778,0.916667,-0.060512,3410.971368,104.129569,1
5934,3010,1651670121,25.733333,0.297222,-0.023194,10832.786681,13.979043,0
5935,3010,1651670122,26.030556,0.308333,-0.086732,10957.906303,8.216742,0
5936,3010,1651670122,16.816667,0.119444,0.066618,7079.198032,-48.321123,1
5937,3010,1651670123,13.55,0.361111,0.0,5704.051536,46.928623,1
5938,3010,1651670123,0.0,0.0,0.0,0.0,-5.5e-05,1
5939,3010,1651670124,13.911111,0.755556,0.0,5856.06603,36.78076,1
5940,3010,1651670127,15.313889,0.655556,-0.100375,6446.58387,49.07905,1
5941,3010,1651670127,0.0,0.0,0.0,0.0,-0.0,1
5942,3010,1651670130,17.408333,0.155556,0.077135,7328.267933,-52.634252,1
5943,3010,1651670133,0.955556,2.922222,-0.061622,402.253737,95.768891,1
5944,3010,1651670135,6.8,1.230556,0.017596,2862.549848,63.376586,1
5945,3010,1651670135,17.775,0.147222,0.026887,7482.621111,-23.886889,1
5946,3010,1651670136,14.327778,-0.452778,0.115977,6031.467369,-110.386337,1
5947,3010,1651670137,9.261111,1.661111,0.120014,3898.587089,19.881337,1
5948,3010,1651670140,12.738889,0.393056,-0.050498,5362.603597,35.061606,1
5949,3010,1651670142,13.525,0.844444,-0.139381,5693.527456,70.352422,1
5950,3010,1651670143,25.747222,-0.247222,-0.082639,10838.633393,21.417028,0
5951,3010,1651670144,25.5,0.336111,-0.109375,10734.561932,32.087865,0
5952,3010,1651670145,15.119444,0.313889,-0.033485,6364.729912,22.541439,0
5953,3010,1651670145,14.369444,0.363889,0.0,6049.007502,13.528215,0
5954,3010,1651670148,15.247222,0.166667,-0.113614,6418.519656,41.476655,1
5955,3010,1651670149,15.947222,-0.188889,0.164163,6713.193905,-123.246921,1
5956,3010,1651670152,23.686111,0.544444,-0.158477,9970.981437,31.09985,0
5957,3010,1651670153,24.230556,-0.452778,-0.114241,10200.17252,19.585264,0
5958,3010,1651670154,16.827778,0.4,-0.050287,7083.875401,16.773625,0
5959,3010,1651670155,17.227778,0.175,-0.041937,7252.260686,20.626392,0
5960,3010,1651670159,14.65,-1.094444,-0.0383,6167.111071,-58.777699,1
5961,3010,1651670168,12.402778,0.5,0.0,5221.113184,14.710042,0
5962,3010,1651670170,19.727778,0.027778,0.039379,8304.668719,-39.631695,1
5963,3010,1651670171,13.211111,0.216667,-0.067043,5561.391781,30.083425,1
5964,3010,1651670173,21.055556,-0.197222,-0.075727,8863.614318,6.296111,0
5965,3010,1651670175,20.661111,0.236111,-0.158758,8697.567718,55.750376,0
5966,3010,1651670177,19.25,-0.308333,0.088034,8103.54185,-88.095669,1
5967,3010,1651670178,13.194444,-0.291667,0.0,5554.375727,-32.215702,1
5968,3010,1651670179,21.133333,-0.341667,-0.118815,8896.355902,24.197135,0
5969,3010,1651670179,12.902778,0.544444,-0.029757,5431.59479,-14.642399,1
5970,3010,1651670180,13.447222,-1.541667,-0.023971,5660.785873,-93.613446,1
5971,3010,1651670181,12.238889,0.35,-0.015686,5152.12199,31.317988,1
5972,3010,1651670182,18.608333,-0.197222,0.025749,7833.423789,-44.489917,1
5973,3010,1651670183,13.108333,-0.138889,-0.087684,5518.126117,18.289167,0
5974,3010,1651670184,12.969444,-0.127778,-0.112963,5459.659004,12.948066,0
5975,3010,1651670188,10.475,-0.238889,-0.115093,4409.589656,36.228922,1
5976,3010,1651670188,17.541667,0.380556,-0.100513,7384.396361,20.856294,0
5977,3010,1651670190,19.394444,-0.102778,-0.015611,8164.347648,-14.979563,1
5978,3010,1651670192,10.747222,0.95,0.015982,4524.185198,19.72968,1
5979,3010,1651670192,19.847222,0.561111,-0.034145,8354.950436,33.883271,0
5980,3010,1651670195,21.991667,0.013889,-0.089335,9257.682659,25.583486,0
5981,3010,1651670196,19.1,0.155556,-0.096363,8040.397368,30.849678,0
5982,3010,1651670197,22.019444,0.086111,-0.032112,9269.376082,-0.380593,1
5983,3010,1651670197,13.258333,-0.159722,0.06834,5581.270599,-64.399199,1
5984,3010,1651670199,12.938889,-0.416667,0.036176,5446.796239,-60.896034,1
5985,3010,1651670200,22.1,0.244444,-0.019121,9303.287007,7.636732,0
5986,3010,1651670206,21.616667,0.011111,-0.143288,9099.821454,30.121011,0
5987,3010,1651670207,21.627778,-0.133333,-0.130162,9104.498823,18.500785,0
5988,3010,1651670212,20.947222,0.094444,0.053624,8818.00997,-44.786122,1
5989,3010,1651670215,18.3,0.133333,-0.020788,7703.626798,7.553865,0
5990,3010,1651670217,2.705556,0.577778,0.0,1138.93936,22.737593,1
5991,3010,1651670218,18.844444,0.355556,-0.164915,7932.817881,68.81852,1
5992,3010,1651670219,19.2,-0.205556,-0.171029,8082.49369,67.96574,1
5993,3010,1651670219,2.716667,-0.336111,0.0,1143.616729,-32.146536,1
5994,3010,1651670225,19.9,0.3625,-0.09237,8377.167939,50.054811,0
5995,3010,1651670228,21.519444,0.265278,-0.15463,9058.894475,54.705422,0
5996,3010,1651670230,22.05,0.238889,-0.008546,9282.238847,-0.344549,1
5997,3010,1651670235,23.052778,0.158333,0.0,9704.371402,-10.972192,1
5998,3010,1651670236,22.538889,-0.119444,0.022701,9488.043084,-40.676335,1
5999,3010,1651670237,23.525,0.105556,-0.012875,9903.159586,-6.948789,1
6000,3010,1651670243,23.408333,0.225,-0.029226,9854.047211,4.714325,0
6001,3010,1651670245,20.319444,0.252778,-0.047579,8553.73862,5.163115,0
6002,3010,1651670246,20.572222,0.252778,-0.120703,8660.148765,46.678457,0
6003,3010,1651670247,20.825,0.0,-0.157441,8766.558911,63.595548,0
6004,3010,1651670248,20.825,0.113889,-0.162626,8766.558911,58.736828,0
6005,3010,1651670248,22.738889,0.252778,0.022457,9572.235727,-18.236074,1
6006,3010,1651670249,22.991667,0.008333,0.038348,9678.645872,-42.498306,1
6007,3010,1651670251,20.275,-0.465278,-0.07864,8535.029144,-0.37888,1
6008,3010,1651670252,22.975,0.030556,-0.053306,9671.629819,-2.007812,1
6009,3010,1651670252,0.0,0.0,0.0,0.0,-0.0,1
6010,3010,1651670253,23.005556,-0.569444,-0.053853,9684.492584,-23.166523,1
6011,3010,1651670255,0.952778,0.455556,0.0,401.084395,6.530972,0
6012,3010,1651670257,1.888889,1.783333,0.084241,795.152736,10.153947,0
6013,3010,1651670258,3.672222,1.147222,0.086332,1545.870466,23.565237,1
6014,3010,1651670260,19.308333,0.290278,-0.058162,8128.098038,48.540844,0
6015,3010,1651670260,6.816667,1.202778,0.069231,2869.565902,13.059815,1
6016,3010,1651670260,26.972222,0.138889,0.0146,11354.313329,-23.958658,1
6017,3010,1651670261,8.019444,0.3625,0.039889,3375.8911,-14.388612,1
6018,3010,1651670264,20.422222,-0.030556,-0.183053,8597.004283,67.649336,0
6019,3010,1651670265,20.391667,-0.102778,-0.10677,8584.141519,13.949796,0
6020,3010,1651670267,15.247222,-1.491667,-0.072802,6418.519656,-62.755416,1
6021,3010,1651670267,26.616667,-0.061111,0.042109,11204.637519,-51.859048,1
6022,3010,1651670269,10.113889,0.880556,0.0,4257.575163,9.387838,0
6023,3010,1651670269,19.75,0.006944,-0.11622,8314.023457,29.404777,0
6024,3010,1651670269,9.944444,-2.022222,-0.075035,4186.245285,-91.235364,1
6025,3010,1651670270,7.922222,-0.977778,-0.07175,3334.964121,-29.584801,1
6026,3010,1651670272,20.541667,-0.091667,-0.02406,8647.286,-10.097691,1
6027,3010,1651670273,10.591667,0.483333,-0.069853,4458.702031,40.847702,1
6028,3010,1651670274,26.622222,-0.186111,0.0296,11206.976204,-52.058983,1
6029,3010,1651670275,11.627778,0.430556,-0.061145,4894.866693,32.588323,1
6030,3010,1651670276,12.058333,-0.15,-0.048581,5076.114743,8.259322,0
6031,3010,1651670280,0.0,0.0,0.0,0.0,-0.010843,1
6032,3010,1651670281,9.927778,-0.786111,0.0783,4179.229231,-106.729209,1
6033,3010,1651670282,27.533333,0.133333,0.0,11590.520465,-16.217582,1
6034,3010,1651670285,4.3,-1.147222,0.119632,1810.141816,-151.311995,1
6035,3010,1651670287,21.647222,-0.205556,0.0,9112.684219,-31.879748,1
6036,3010,1651670288,21.441667,0.041667,-0.090892,9026.152892,3.738467,0
6037,3010,1651670289,27.497222,-0.102778,0.064676,11575.319015,-68.389433,1
6038,3010,1651670294,20.969444,-0.113889,0.067155,8827.364708,-65.293972,1
6039,3010,1651670295,5.447222,0.902778,-0.111161,2293.080169,114.161321,1
6040,3010,1651670297,19.569444,0.361111,-0.132256,8238.01621,30.862468,0
6041,3010,1651670297,7.252778,0.655556,-0.078299,3053.152637,99.771096,1
6042,3010,1651670298,7.908333,1.841667,-0.033613,3329.11741,97.890439,1
6043,3010,1651670298,19.930556,-0.102778,-0.165965,8390.030704,52.666872,0
6044,3010,1651670299,9.75,1.294444,-0.035921,4104.391327,89.081125,1
6045,3010,1651670300,11.044444,0.781944,-0.062268,4649.304819,86.282035,1
6046,3010,1651670301,27.472222,0.319444,-0.051858,11564.794935,8.14772,0
6047,3010,1651670302,12.608333,0.911111,-0.074807,5307.644511,97.826494,1
6048,3010,1651670302,20.830556,0.511111,0.011646,8768.897595,16.063696,0
6049,3010,1651670302,27.791667,-0.033333,-0.054009,11699.269295,8.578043,0
6050,3010,1651670303,27.758333,0.380556,-0.028825,11685.237188,3.239145,0
6051,3010,1651670303,13.519444,2.227778,-0.057486,5691.188771,103.960365,1
6052,3010,1651670304,15.747222,1.194444,-0.041982,6629.001263,79.466778,1
6053,3010,1651670305,16.941667,0.347222,-0.008426,7131.818434,63.816929,1
6054,3010,1651670306,28.541667,0.144444,-0.055393,12014.991705,12.114248,0
6055,3010,1651670307,28.686111,0.194444,-0.103439,12075.797502,21.872498,0
6056,3010,1651670307,17.636111,0.977778,-0.084246,7424.153998,79.844186,1
6057,3010,1651670308,28.880556,-0.236111,-0.100167,12157.65146,7.642784,0
6058,3010,1651670308,18.613889,1.633333,-0.073756,7835.762473,84.380418,1
6059,3010,1651670312,20.938889,-0.005556,-0.153388,8814.501943,72.942217,0
6060,3010,1651670312,28.519444,-0.030556,0.0,12005.636966,-27.012154,1
6061,3010,1651670313,20.933333,1.033333,-0.13339,8812.163259,74.507584,0
6062,3010,1651670314,21.966667,0.452778,-0.061081,9247.158579,41.774975,0
6063,3010,1651670315,22.419444,0.072222,-0.023383,9437.761367,-1.943226,1
6064,3010,1651670316,22.994444,0.054167,-0.086305,9679.815215,18.235923,0
6065,3010,1651670317,22.563889,0.416667,-0.052431,9498.567165,24.243229,0
6066,3010,1651670318,22.980556,0.663889,-0.048069,9673.968503,38.748304,0
6067,3010,1651670322,24.502778,0.447222,-0.062671,10314.768061,38.530551,0
6068,3010,1651670323,24.95,0.447222,-0.049782,10503.032164,33.74759,0
6069,3010,1651670323,28.361111,-0.258333,-0.057349,11938.984458,-6.888115,1
6070,3010,1651670324,25.397222,0.130556,-0.082449,10691.296268,23.640998,0
6071,3010,1651670324,13.586111,0.302778,0.0,5719.252986,-3.423692,1
6072,3010,1651670325,25.527778,0.054167,-0.049755,10746.255354,3.014872,0
6073,3010,1651670330,20.180556,0.016667,-0.201881,8495.271507,61.888657,0
6074,3010,1651670331,20.197222,-0.005556,-0.041214,8502.28756,17.258237,0
6075,3010,1651670331,27.1,0.058333,-0.055845,11408.103072,-0.306879,1
6076,3010,1651670331,14.286111,0.144444,0.0,6013.927235,-6.411526,1
6077,3010,1651670337,18.85,-0.120833,-0.111763,7935.156565,24.03332,0
6078,3010,1651670339,18.608333,-0.041667,-0.116554,7833.423789,30.830061,0
6079,3010,1651670339,20.155556,-1.763889,0.039664,8484.747427,-148.123509,1
6080,3010,1651670340,18.566667,0.586111,0.0,7815.883655,25.232586,0
6081,3010,1651670340,23.375,-0.441667,0.056437,9840.015104,-80.538913,1
6082,3010,1651670340,15.036111,0.144444,0.025351,6329.649644,-21.670677,1
6083,3010,1651670340,18.391667,-1.044444,0.018516,7742.215093,-91.19885,1
6084,3010,1651670343,19.713889,0.369444,-0.091917,8298.822007,46.130125,0
6085,3010,1651670343,22.347222,-0.211111,0.018467,9407.358468,-43.574933,1
6086,3010,1651670346,21.313889,0.252778,-0.070037,8972.363148,53.859847,0
6087,3010,1651670347,20.902778,-0.344444,-0.057848,8799.300494,-5.728248,1
6088,3010,1651670348,15.663889,0.377778,-0.10088,6593.920995,47.370574,1
6089,3010,1651670349,16.041667,0.291667,-0.118319,6752.951542,46.3935,1
6090,3010,1651670350,16.333333,0.213889,-0.030434,6875.732479,26.661903,0
6091,3010,1651670351,23.705556,0.127778,-0.028834,9979.166833,42.979096,0
6092,3010,1651670352,16.761111,0.441667,0.0,7055.811187,9.561381,0
6093,3010,1651670352,23.833333,0.55,-0.102646,10032.956577,48.178508,0
6094,3010,1651670355,17.605556,-0.361111,0.10349,7411.291233,-99.30522,1
6095,3010,1651670360,16.863889,-0.336111,0.0,7099.07685,-36.714789,1
6096,3010,1651670361,1.569444,0.669444,0.0,660.678376,67.287537,1
6097,3010,1651670362,2.238889,2.375,0.0,942.48986,82.82835,1
6098,3010,1651670362,23.813889,-0.647222,-0.072663,10024.771181,-17.432531,1
6099,3010,1651670362,16.080556,-0.183333,0.041758,6769.322334,-51.604691,1
6100,3010,1651670363,4.613889,1.558333,0.0,1942.277491,64.625002,1
6101,3010,1651670364,6.172222,0.269444,0.0,2598.278498,37.673996,1
6102,3010,1651670366,7.130556,0.323611,0.0,3001.701577,57.258782,1
6103,3010,1651670368,7.777778,3.705556,0.0,3274.158323,61.686148,1
6104,3010,1651670371,11.080556,0.361111,-0.035019,4664.506269,5.40922,0
6105,3010,1651670372,1.183333,-1.183333,0.0,498.139802,-83.138152,1
6106,3010,1651670373,11.863889,0.591667,-0.032249,4994.260785,45.116857,1
6107,3010,1651670374,12.455556,1.111111,-0.040303,5243.330686,52.555323,1
6108,3010,1651670375,13.566667,0.913889,-0.036194,5711.06759,31.700012,1
6109,3010,1651670377,14.691667,0.126389,-0.097301,6184.651204,27.308247,0
6110,3010,1651670379,14.944444,0.419444,-0.047676,6291.06135,1.20779,0
6111,3010,1651670381,16.647222,0.530556,0.077131,7007.868154,-29.590905,1
6112,3010,1651670383,1.569444,1.404167,0.039876,660.678376,47.558885,1
6113,3010,1651670384,16.636111,0.308333,-0.06001,7003.190785,14.050112,0
6114,3010,1651670385,4.377778,0.725,0.0,1842.883399,37.397,1
6115,3010,1651670385,17.330556,0.269444,0.119181,7295.52635,-70.267637,1
6116,3010,1651670386,5.102778,0.875,0.030042,2148.081729,31.653807,1
6117,3010,1651670397,13.308333,1.063889,0.0,5602.31876,35.664669,1
6118,3010,1651670398,14.372222,0.561111,-0.018642,6050.176845,15.892985,0
6119,3010,1651670398,14.05,-0.391667,0.129587,5914.533143,-114.491411,1
6120,3010,1651670398,4.222222,-1.391667,-0.10773,1777.400233,-32.701611,1
6121,3010,1651670402,0.0,0.0,0.0,0.0,-10.244566,1
6122,3010,1651670403,18.427778,0.023611,0.016761,7757.416542,-25.782666,1
6123,3010,1651670406,18.288889,-0.163889,0.03921,7698.949429,-50.188381,1
6124,3010,1651670407,18.191667,0.297222,-0.021184,7658.02245,4.265418,0
6125,3010,1651670410,18.755556,-0.055556,0.025037,7895.398928,-35.619521,1
6126,3010,1651670411,17.702778,-0.511111,0.139201,7452.218212,-129.192209,1
6127,3010,1651670413,16.441667,0.055556,-0.096704,6921.336827,39.069679,0
6128,3010,1651670414,16.497222,0.613889,-0.090695,6944.723672,55.262988,1
6129,3010,1651670417,1.225,0.858333,0.0,515.679936,77.600416,1
6130,3010,1651670418,17.358333,0.05,0.0,7307.219772,-13.710091,1
6131,3010,1651670419,4.136111,0.465278,-0.097028,1741.150623,93.660229,1
6132,3010,1651670419,17.408333,0.022222,0.0,7328.267933,-15.413848,1
6133,3010,1651670421,17.341667,0.025,-0.098602,7300.203719,19.67025,0
6134,3010,1651670423,6.841667,2.330556,-0.034611,2880.089982,106.523704,1
6135,3010,1651670424,9.172222,1.025,-0.069845,3861.168137,96.581544,1
6136,3010,1651670424,17.95,0.461111,0.06325,7556.289673,-26.393856,1
6137,3010,1651670425,19.569444,0.193056,-0.069356,8238.01621,9.592244,0
6138,3010,1651670425,18.411111,-0.344444,0.071559,7750.400488,-80.114887,1
6139,3010,1651670426,10.855556,0.688889,-0.080457,4569.789546,77.810986,1
6140,3010,1651670426,18.066667,0.35,0.05242,7605.402048,-26.815594,1
6141,3010,1651670428,20.186111,0.252778,-0.035008,8497.610191,17.229462,0
6142,3010,1651670428,19.580556,0.163889,0.067066,8242.693579,-47.562278,1
6143,3010,1651670429,20.438889,0.469444,-0.029914,8604.020337,7.826188,0
6144,3010,1651670430,13.719444,0.875,0.0,5775.381414,45.525287,1
6145,3010,1651670431,14.594444,0.727778,0.031362,6143.724225,14.840049,0
6146,3010,1651670431,20.355556,-0.030556,-0.009922,8568.940069,-14.599468,1
6147,3010,1651670432,17.511111,0.155556,-0.017309,7371.533597,-16.248657,1
6148,3010,1651670433,20.480556,0.394444,-0.056393,8621.560471,30.706132,0
6149,3010,1651670434,20.875,1.091667,-0.028353,8787.607071,33.381575,0
6150,3010,1651670436,17.877778,0.147222,0.0,7525.886775,-8.149121,1
6151,3010,1651670437,18.025,0.191667,0.021475,7587.861914,-18.175659,1
6152,3010,1651670438,18.216667,-0.091667,-0.072702,7668.54653,-1.959108,1
6153,3010,1651670440,17.861111,0.025,0.0,7518.870721,-15.509692,1
6154,3010,1651670442,15.377778,0.118056,-0.022639,6473.478742,-0.985259,1
6155,3010,1651670445,17.697222,-0.052778,-0.097683,7449.879528,26.483903,0
6156,3010,1651670446,17.644444,0.313889,-0.03513,7427.662025,11.278585,0
6157,3010,1651670448,17.558333,0.205556,-0.056969,7391.412415,9.515844,0
6158,3010,1651670449,17.763889,0.205556,-0.068806,7477.943742,11.59299,0
6159,3010,1651670450,25.836111,0.086111,-0.027966,10876.052345,-1.130401,1
6160,3010,1651670451,15.552778,-1.005556,0.013541,6547.147304,-84.34186,1
6161,3010,1651670451,25.922222,-0.163889,0.0,10912.301955,-32.720767,1
6162,3010,1651670453,17.644444,0.561111,-0.054388,7427.662025,17.143478,0
6163,3010,1651670453,19.297222,-0.108333,-0.020814,8123.420669,-12.193998,1
6164,3010,1651670454,19.188889,0.338889,0.025749,8077.816321,-12.52225,1
6165,3010,1651670458,26.15,0.286111,0.053145,11008.18802,-36.987731,1
6166,3010,1651670461,11.738889,-0.3625,0.0,4941.640384,-35.888682,1
6167,3010,1651670461,26.463889,-0.422222,-0.093854,11140.323695,-0.091144,1
6168,3010,1651670462,19.472222,0.188889,-0.044295,8197.089231,4.765397,0
6169,3010,1651670465,26.297222,1.0,-0.018104,11070.16316,6.984177,0
6170,3010,1651670468,26.966667,-0.2,-0.045761,11351.974644,-8.907281,1
6171,3010,1651670472,19.575,0.319444,-0.024393,8240.354895,1.210961,0
6172,3010,1651670473,6.344444,1.244444,-0.025488,2670.777718,10.83763,1
6173,3010,1651670473,19.894444,-0.155556,-0.068209,8374.829254,9.920751,0
6174,3010,1651670474,7.588889,1.293056,-0.077696,3194.64305,72.541479,1
6175,3010,1651670477,11.363889,0.205556,-0.067224,4783.779179,77.359792,1
6176,3010,1651670478,11.569444,1.755556,-0.035914,4870.310506,80.904799,1
6177,3010,1651670480,22.955556,0.247222,0.025655,9663.444423,-20.613016,1
6178,3010,1651670481,15.583333,0.458333,-0.024886,6560.010069,27.111764,0
6179,3010,1651670484,2.958333,1.193056,0.053306,1245.349505,39.88348,1
6180,3010,1651670486,15.936111,-1.027778,-0.026951,6708.516536,-62.078295,1
6181,3010,1651670488,20.330556,-0.047222,0.018538,8558.415989,-32.31433,1
6182,3010,1651670491,6.563889,0.234722,-0.043643,2763.155756,14.836293,1
6183,3010,1651670492,18.994444,0.455556,-0.069342,7995.962363,11.470897,0
6184,3010,1651670493,19.45,0.186111,-0.083076,8187.734493,30.367651,0
6185,3010,1651670493,16.941667,-0.658333,-0.119573,7131.818434,5.95595,0
6186,3010,1651670494,6.486111,0.458333,-0.121232,2730.414173,54.304675,1
6187,3010,1651670495,6.944444,0.483333,-0.08226,2923.355646,47.202459,1
6188,3010,1651670496,7.427778,-0.019444,-0.038213,3126.821199,28.745845,1
6189,3010,1651670499,21.108333,0.616667,-0.026472,8885.831821,34.040672,0
6190,3010,1651670500,8.219444,1.269444,0.0,3460.083742,47.901926,1
6191,3010,1651670500,21.725,0.330556,-0.048506,9145.425803,38.033359,0
6192,3010,1651670501,22.055556,0.55,-0.070492,9284.577531,44.213566,0
6193,3010,1651670502,10.758333,1.113889,-0.017674,4528.862567,48.591632,1
6194,3010,1651670502,22.605556,0.466667,-0.079269,9516.107298,40.359086,0
6195,3010,1651670502,18.772222,-0.016667,-0.010301,7902.414982,-12.516994,1
6196,3010,1651670504,22.902778,0.263889,-0.071466,9641.22692,32.711371,0
6197,3010,1651670505,12.877778,0.630556,-0.021559,5421.07071,31.440671,1
6198,3010,1651670505,23.166667,0.266667,-0.07984,9752.314435,28.989239,0
6199,3010,1651670506,13.508333,0.808333,0.013481,5686.511402,20.312254,0
6200,3010,1651670506,14.338889,0.244444,0.0,6036.144738,-0.406118,1
6201,3010,1651670507,18.711111,0.241667,-0.016357,7876.689452,-2.320018,1
6202,3010,1651670508,23.586111,-0.411111,-0.071956,9928.885116,-3.431331,1
6203,3010,1651670512,15.347222,-0.561111,-0.031721,6460.615977,-30.828689,1
6204,3010,1651670512,12.227778,-1.672222,0.0,5147.444621,-115.062387,1
6205,3010,1651670514,9.558333,-1.508333,0.0,4023.706711,-104.220279,1
6206,3010,1651670515,18.602778,0.220833,-0.030895,7831.085104,4.532765,0
6207,3010,1651670516,6.05,-0.725,0.0,2546.827439,-56.079702,1
6208,3010,1651670518,19.05,-0.127778,-0.054475,8019.349208,2.779389,0
6209,3010,1651670521,12.288889,0.491667,-0.015775,5173.170151,4.428339,0
6210,3010,1651670522,18.530556,-0.005556,-0.016357,7800.682205,-8.137915,1
6211,3010,1651670523,20.244444,0.211111,-0.097833,8522.166379,32.683976,0
6212,3010,1651670525,18.911111,-0.066667,-0.074032,7960.882095,3.865431,0
6213,3010,1651670526,8.9,0.616667,0.0,3746.572596,15.029776,1
6214,3010,1651670527,20.65,0.544444,-0.097833,8692.890349,47.423801,0
6215,3010,1651670527,18.777778,0.041667,-0.049037,7904.753666,1.770015,0
6216,3010,1651670528,21.194444,0.102778,-0.119931,8922.081431,37.32424,0
6217,3010,1651670529,21.297222,0.411111,0.00927,8965.347095,12.531459,0
6218,3010,1651670529,18.652778,0.325,0.0,7852.133265,-3.812706,1
6219,3010,1651670532,18.941667,-0.175,0.0,7973.74486,-28.226153,1
6220,3010,1651670535,8.472222,-1.534722,0.026261,3566.493888,-120.919243,1
6221,3010,1651670535,22.408333,0.022222,-0.01283,9433.083998,-11.154701,1
6222,3010,1651670536,22.430556,0.597222,-0.02954,9442.438736,13.235284,0
6223,3010,1651670537,23.027778,0.127778,-0.064065,9693.847322,22.733118,0
6224,3010,1651670537,18.125,-0.027778,-0.028948,7629.958236,-1.830579,1
6225,3010,1651670538,23.155556,0.266667,-0.059804,9747.637066,25.015919,0
6226,3010,1651670538,1.722222,-0.605556,0.0,724.9922,-48.322109,1
6227,3010,1651670539,23.422222,0.041667,-0.054822,9859.893922,25.606928,0
6228,3010,1651670540,23.463889,0.436111,-0.063235,9877.434056,29.290031,0
6229,3010,1651670540,2.275,1.038889,0.0,957.69131,37.885224,1
6230,3010,1651670542,17.425,0.041667,-0.044101,7335.283987,1.131282,0
6231,3010,1651670543,23.844444,-0.055556,-0.09955,10037.633946,44.83706,0
6232,3011,1651670544,17.3,-0.008333,-0.041048,7282.663585,2.070778,0
6233,3011,1651670544,23.788889,0.594444,-0.108743,10014.2471,63.502092,0
6234,3011,1651670547,25.572222,0.694444,-0.083042,10764.96483,66.370748,0
6235,3011,1651670548,0.0,0.0,0.0,0.0,-3.091707,1
6236,3011,1651670550,13.288889,-0.404167,-0.111427,5594.133364,-1.46997,1
6237,3011,1651670553,11.527778,-1.5,-0.096221,4852.770372,-47.875426,1
6238,3011,1651670555,0.0,0.0,0.0,0.0,-0.000398,1
6239,3011,1651670556,0.0,0.0,0.0,0.0,-6.6e-05,1
6240,3011,1651670559,10.622222,0.051389,0.018667,4471.564796,-21.488257,1
6241,3011,1651670560,3.344444,-0.6125,0.0,1407.888079,-48.876427,1
6242,3011,1651670562,20.625,-0.65,-0.052896,8682.366268,-26.873964,1
6243,3011,1651670569,8.047222,-1.719444,0.0,3387.584522,-116.512227,1
6244,3011,1651670569,17.191667,-0.430556,-0.061648,7237.059237,-6.357642,1
6245,3011,1651670574,2.797222,1.369444,0.0,1177.527654,57.488293,1
6246,3011,1651670575,2.216667,0.893056,0.0,933.135122,48.035026,1
6247,3011,1651670578,5.513889,0.830556,-0.035337,2321.144383,43.313025,1
6248,3011,1651670579,8.302778,-1.708333,-0.05785,3495.16401,-81.905562,1
6249,3011,1651670580,6.594444,-1.129167,-0.069251,2776.018521,-39.863614,1
6250,3011,1651670583,9.680556,1.738889,0.028948,4075.15777,25.690578,1
6251,3011,1651670584,8.288889,0.459722,-0.039131,3489.317299,16.990708,1
6252,3011,1651670585,0.802778,0.375,0.0,337.939913,6.926682,0
6253,3011,1651670586,9.208333,0.683333,-0.048833,3876.369586,29.375261,1
6254,3011,1651670588,14.061111,1.697222,-0.053956,5919.210512,56.271832,1
6255,3011,1651670588,1.255556,0.0,0.0,528.542701,-11.782238,1
6256,3011,1651670589,15.758333,0.877778,-0.071083,6633.678632,69.175389,1
6257,3011,1651670589,1.255556,-0.433333,0.0,528.542701,-37.913637,1
6258,3011,1651670590,11.066667,0.490278,0.024848,4658.659557,-0.21914,1
6259,3011,1651670592,17.402778,0.644444,-0.055908,7325.929249,44.032275,0
6260,3011,1651670596,2.825,0.458333,0.0,1189.221077,36.20093,1
6261,3011,1651670597,18.808333,-0.125,-0.026383,7917.616431,-9.617373,1
6262,3011,1651670598,18.683333,-0.066667,-0.03339,7864.99603,-1.90298,1
6263,3011,1651670598,11.497222,0.761111,0.033126,4839.907607,-0.623504,1
6264,3011,1651670599,8.283333,0.05,-0.023181,3486.978614,36.095128,1
6265,3011,1651670600,0.0,0.0,0.0,0.0,-0.001874,1
6266,3011,1651670602,12.288889,0.098611,-0.053516,5173.170151,9.117253,0
6267,3011,1651670603,0.0,0.0,0.0,0.0,-9e-06,1
6268,3011,1651670604,12.486111,-0.186111,-0.04905,5256.193451,3.802702,0
6269,3011,1651670606,0.0,0.0,0.0,0.0,-0.0,1
6270,3011,1651670612,5.077778,-0.052778,-0.050163,2137.557648,12.032374,1
6271,3011,1651670613,8.811111,0.383333,-0.032205,3709.153643,13.411626,1
6272,3011,1651670617,10.613889,0.611111,-0.061788,4468.056769,31.863448,1
6273,3011,1651670625,14.733333,0.080556,0.079597,6202.191338,-57.179744,1
6274,3011,1651670631,1.497222,0.802778,-0.089909,630.275477,52.849952,1
6275,3011,1651670631,2.155556,-2.155556,0.0,907.409592,-141.819822,1
6276,3011,1651670632,0.0,0.0,0.0,0.0,-23.636637,1
6277,3011,1651670635,3.411111,0.458333,0.0,1435.952293,27.031564,1
6278,3011,1651670636,3.869444,0.375,-0.041593,1628.893766,17.043463,1
6279,3011,1651670642,3.544444,0.338889,0.0,1492.080722,3.352475,0
6280,3011,1651670644,4.491667,1.691667,-0.030943,1890.826432,54.587858,1
6281,3011,1651670645,6.183333,0.7,0.0,2602.955867,39.880868,1
6282,3011,1651670646,6.883333,0.568056,0.0,2897.630116,20.752101,1
6283,3011,1651670648,4.65,0.452778,-0.063019,1957.47894,76.975278,1
6284,3011,1651670650,0.375,-0.066667,0.0,157.861205,-15.778775,1
6285,3011,1651670652,20.825,0.086111,-0.046894,8766.558911,14.754295,0
6286,3011,1651670655,7.902778,0.956944,-0.02684,3326.778725,39.758964,1
6287,3011,1651670657,9.816667,0.383333,0.009703,4132.455541,12.894841,1
6288,3011,1651670659,23.469444,0.255556,-0.025904,9879.772741,1.337326,0
6289,3011,1651670662,11.980556,0.138889,0.082657,5043.37316,-54.239034,1
6290,3011,1651670663,23.736111,-1.116667,0.017271,9992.029598,-98.536099,1
6291,3011,1651670667,9.227778,-1.397222,0.0,3884.554982,-97.417512,1
6292,3011,1651670673,10.397222,0.875,0.024212,4376.848073,15.863785,1
6293,3011,1651670674,3.333333,-0.334722,-0.122984,1403.21071,7.769175,0
6294,3011,1651670675,11.872222,0.902778,0.031254,4997.768812,5.245339,0
6295,3011,1651670675,22.341667,0.326389,0.026409,9405.019784,-15.823426,1
6296,3011,1651670677,0.0,0.0,0.0,0.0,-5e-06,1
6297,3011,1651670688,23.555556,0.072222,-0.059586,9916.022351,1.48876,0
6298,3011,1651670689,23.627778,0.072222,-0.075801,9946.42525,4.278549,0
6299,3011,1651670689,13.85,0.116667,0.0,5830.3405,-7.88426,1
6300,3011,1651670691,6.708333,-1.544444,0.0,2823.961554,-105.63336,1
6301,3011,1651670696,2.583333,0.730556,0.0,1087.4883,4.497506,0
6302,3011,1651670698,23.752778,0.116667,-0.045501,9999.045651,12.055447,0
6303,3011,1651670699,5.016667,0.622222,0.0,2111.832119,25.979422,1
6304,3011,1651670699,23.869444,0.036111,-0.075181,10048.158026,9.81619,0
6305,3011,1651670700,5.638889,0.852778,0.0,2373.764784,-0.221344,1
6306,3011,1651670701,15.633333,0.175,0.0,6581.05823,-5.23366,1
6307,3011,1651670704,5.2,1.430556,-0.078898,2189.008708,106.64026,1
6308,3011,1651670704,23.102778,0.094444,-0.026265,9725.419563,-8.572809,1
6309,3011,1651670706,8.061111,0.338889,-0.032205,3393.431234,42.837262,1
6310,3011,1651670707,8.4,-0.459722,-0.041221,3536.090989,-16.409103,1
6311,3011,1651670709,15.958333,0.175,-0.050666,6717.871274,12.708268,0
6312,3011,1651670710,22.4,-0.072222,-0.088635,9429.575971,1.373167,0
6313,3011,1651670713,5.313889,0.294444,-0.066842,2236.95174,52.531498,1
6314,3011,1651670715,6.683333,0.005556,-0.058391,2813.437474,3.854376,0
6315,3011,1651670720,5.119444,0.236111,-0.035338,2155.097782,32.388401,1
6316,3011,1651670721,4.486111,0.705556,-0.104772,1888.487747,45.784587,1
6317,3011,1651670721,20.155556,-0.441667,-0.112466,8484.747427,9.409687,0
6318,3011,1651670722,5.191667,-0.283333,-0.097192,2185.500681,31.800543,1
6319,3011,1651670722,19.713889,-0.469444,-0.083031,8298.822007,2.471193,0
6320,3011,1651670722,5.644444,0.822222,-0.030892,2376.103469,49.570796,1
6321,3011,1651670723,4.908333,-0.108333,-0.069443,2066.22777,3.509781,0
6322,3011,1651670723,6.466667,0.872222,-0.03955,2722.228777,55.042409,1
6323,3011,1651670724,16.636111,-0.169444,-0.012346,7003.190785,-19.280778,1
6324,3011,1651670726,18.930556,-0.441667,0.0,7969.067491,-44.300074,1
6325,3011,1651670730,5.138889,-0.186111,0.057269,2163.283178,-57.040469,1
6326,3011,1651670732,19.491667,0.025,-0.080087,8205.274627,29.574573,0
6327,3011,1651670733,19.516667,0.077778,-0.042999,8215.798707,15.270205,0
6328,3011,1651670733,5.047222,-0.372222,0.092068,2124.694883,-88.615186,1
6329,3011,1651670734,10.366667,-1.205556,0.0,4363.985308,-86.227411,1
6330,3011,1651670734,16.461111,-0.175,0.0,6929.522223,-26.777914,1
6331,3011,1651670736,19.841667,-0.025,0.0,8352.611751,-19.756297,1
6332,3011,1651670741,20.977778,0.269444,-0.077061,8830.872735,32.341549,0
6333,3011,1651670741,16.477778,-0.005556,-0.023463,6936.538277,-2.774977,1
6334,3011,1651670742,21.247222,-0.216667,-0.0823,8944.298934,9.349879,0
6335,3011,1651670742,16.472222,0.15,0.035187,6934.199592,-27.857084,1
6336,3011,1651670744,4.780556,0.468056,0.016123,2012.438027,-1.630495,1
6337,3011,1651670746,16.875,0.019444,-0.020531,7103.754219,-3.20966,1
6338,3011,1651670748,16.913889,-0.091667,0.0,7120.125011,-22.001852,1
6339,3011,1651670751,4.727778,-0.416667,0.051753,1990.220524,-67.642926,1
6340,3011,1651670752,16.205556,-0.361111,-0.07592,6821.942735,9.459793,0
6341,3011,1651670753,15.844444,0.113889,-0.076123,6669.928242,13.820387,0
6342,3011,1651670755,3.241667,-0.519444,-0.056251,1364.622415,-10.187628,1
6343,3011,1651670757,15.844444,0.005556,-0.012677,6669.928242,-8.108794,1
6344,3011,1651670758,15.85,-0.047222,-0.063304,6672.266926,1.668042,0
6345,3011,1651670758,0.0,0.0,0.0,0.0,-0.0,1
6346,3011,1651670761,15.994444,0.163889,0.046989,6733.072724,-33.689596,1
6347,3011,1651670763,15.336111,-0.129167,0.0,6455.938608,-23.424092,1
6348,3011,1651670765,14.775,-0.9,0.056884,6219.731472,-103.029437,1
6349,3011,1651670768,12.511111,0.352778,0.077589,5266.717532,-38.590701,1
6350,3011,1651670768,0.0,0.0,0.0,0.0,37.257799,1
6351,3011,1651670773,8.669444,-0.794444,-0.066947,3649.517188,-21.554279,1
6352,3011,1651670773,5.463889,0.180556,0.038202,2300.096222,-23.802306,1
6353,3011,1651670780,2.005556,-1.161111,0.0,844.265111,-81.84132,1
6354,3011,1651670783,0.0,0.0,0.0,0.0,-0.305428,1
6355,3011,1651670784,0.0,0.186111,0.0,0.0,2.538085,1
6356,3011,1651670787,4.258333,0.397222,0.0,1792.601682,40.804592,1
6357,3011,1651670793,18.361111,0.302778,0.168787,7729.352328,-97.635234,1
6358,3011,1651670794,7.258333,1.116667,0.022345,3055.491321,48.279171,1
6359,3011,1651670795,8.375,0.966667,0.0,3525.566909,37.093929,1
6360,3011,1651670797,9.672222,0.936111,0.0,4071.649744,17.47253,1
6361,3011,1651670798,19.375,0.086111,0.070034,8156.162252,-53.858635,1
6362,3011,1651670805,12.527778,0.569444,-0.063122,5273.733585,54.6924,1
6363,3011,1651670805,2.891667,0.277778,0.0,1217.285291,1.808617,0
6364,3011,1651670806,13.097222,0.477778,-0.059258,5513.448748,41.391915,1
6365,3011,1651670807,13.575,0.3,-0.028084,5714.575617,22.797252,1
6366,3011,1651670808,2.658333,-1.280556,0.0,1119.060541,-89.094413,1
6367,3011,1651670810,18.336111,0.008333,-0.048564,7718.828247,2.019402,0
6368,3011,1651670812,15.433333,-0.020833,-0.047558,6496.865587,2.206927,0
6369,3011,1651670814,15.391667,0.113889,-0.033238,6479.325454,-1.324621,1
6370,3011,1651670817,15.35,-0.213889,0.013299,6461.78532,-36.356377,1
6371,3011,1651670819,14.991667,0.072222,0.021066,6310.940168,-23.48667,1
6372,3011,1651670819,0.0,0.0,0.0,0.0,-9e-06,1
6373,3011,1651670822,15.016667,-0.288889,0.013859,6321.464249,-41.040954,1
6374,3011,1651670824,14.6,-0.375,0.021645,6146.06291,-50.604446,1
6375,3011,1651670828,14.086111,-0.294444,-0.096805,5929.734592,25.196529,1
6376,3011,1651670830,17.836111,-0.247222,-0.07366,7508.346641,12.07944,0
6377,3011,1651670830,3.972222,1.377778,0.0,1672.159429,42.835824,1
6378,3011,1651670831,17.588889,0.35,-0.049761,7404.27518,16.155478,0
6379,3011,1651670832,5.247222,-0.283333,0.0,2208.887526,-29.296215,1
6380,3011,1651670833,4.963889,0.344444,-0.04834,2089.614616,24.387886,1
6381,3011,1651670834,14.4,0.302778,-0.019812,6061.870267,15.00398,0
6382,3011,1651670834,5.308333,2.047222,-0.03938,2234.613056,29.590823,1
6383,3011,1651670835,14.702778,0.380556,-0.025889,6189.328573,19.841805,0
6384,3011,1651670836,15.083333,-0.086111,-0.062346,6349.528463,23.057736,0
6385,3011,1651670836,6.866667,-0.508333,0.0,2890.614063,-43.187963,1
6386,3011,1651670838,6.472222,1.702778,0.0,2724.567462,38.606099,1
6387,3011,1651670840,16.852778,-0.622222,-0.085171,7094.399481,-3.915432,1
6388,3011,1651670844,8.513889,-0.225,-0.065574,3584.034022,21.535321,1
6389,3011,1651670845,14.291667,0.025,-0.036188,6016.265919,2.956804,0
6390,3011,1651670848,7.602778,-0.338889,0.0,3200.489761,-33.145567,1
6391,3011,1651670850,15.269444,-0.088889,-0.117669,6427.874394,49.820729,1
6392,3011,1651670851,15.180556,0.272222,-0.098195,6390.455442,50.594939,1
6393,3011,1651670851,4.419444,-1.4,0.0,1860.423533,-96.502858,1
6394,3011,1651670852,5.736111,-0.579167,0.0,2414.691763,-47.224472,1
6395,3011,1651670853,3.255556,0.25,-0.03938,1370.469127,26.285823,1
6396,3011,1651670856,4.891667,2.011111,-0.03938,2059.211717,83.640818,1
6397,3011,1651670860,15.263889,0.508333,-0.025478,6425.53571,2.940904,0
6398,3011,1651670861,7.280556,-1.183333,-0.05127,3064.846059,-53.850069,1
6399,3011,1651670862,0.0,0.0,0.0,0.0,31.711104,1
6400,3011,1651670866,2.361111,0.622222,0.0,993.94092,17.58769,1
6401,3011,1651670867,2.983333,0.968056,0.0,1255.873585,52.933477,1
6402,3011,1651670868,6.647222,1.516667,-0.02469,2798.236024,39.478637,1
6403,3011,1651670871,7.413889,0.652778,-0.034636,3120.974488,32.350316,1
6404,3011,1651670871,15.972222,-0.158333,0.078647,6723.717985,-71.656839,1
6405,3011,1651670872,8.066667,1.280556,-0.03997,3395.769918,58.465775,1
6406,3011,1651670872,15.813889,0.288889,0.050574,6657.065477,-28.159783,1
6407,3011,1651670875,15.433333,-0.186111,-0.038817,6496.865587,-4.087359,1
6408,3011,1651670881,9.183333,-0.483333,0.0,3865.845506,-42.293569,1
6409,3011,1651670885,5.022222,-1.483333,0.0,2114.170803,-101.621982,1
6410,3011,1651670886,3.538889,-1.177778,0.0,1489.742037,-82.986574,1
6411,3011,1651670889,6.038889,1.688889,0.0,2542.15007,66.096108,1
6412,3011,1651670889,3.508333,0.638889,0.0,1476.879272,4.383605,0
6413,3011,1651670892,4.8,1.486111,0.027514,2020.623422,42.753748,1
6414,3011,1651670892,12.063889,0.144444,0.0,5078.453428,-5.445871,1
6415,3011,1651670894,12.747222,0.475,-0.028952,5366.111624,19.579624,1
6416,3011,1651670894,7.655556,0.241667,0.0,3222.707264,14.537373,1
6417,3011,1651670895,0.0,0.0,0.0,0.0,-4.759447,1
6418,3011,1651670897,12.983333,-0.272222,-0.104437,5465.505716,5.95542,0
6419,3011,1651670902,2.994444,-0.211111,0.0,1260.550954,-24.634794,1
6420,3011,1651670905,3.833333,0.738889,-0.058523,1613.692317,65.338948,1
6421,3011,1651670905,3.425,2.45,-0.038202,1441.799005,65.726084,1
6422,3011,1651670906,5.875,1.919444,-0.041583,2473.158876,88.942611,1
6423,3011,1651670907,7.794444,0.669444,-0.034867,3281.174377,73.807735,1
6424,3011,1651670907,5.927778,0.719444,-0.061835,2495.376379,45.949333,1
6425,3011,1651670911,10.097222,0.891667,-0.076293,4250.559109,59.763827,1
6426,3011,1651670912,9.944444,0.875,-0.048582,4186.245285,71.345721,1
6427,3011,1651670912,10.988889,0.247222,-0.041583,4625.917974,41.91591,1
6428,3011,1651670913,10.819444,2.613889,-0.027676,4554.588096,54.125114,1
6429,3011,1651670915,12.177778,0.875,0.0,5126.396461,12.356789,0
6430,3011,1651670920,15.377778,0.522222,0.011906,6473.478742,-1.831821,1
6431,3011,1651670922,13.5,-0.336111,-0.028952,5683.003376,-18.009526,1
6432,3011,1651670925,17.469444,-0.055556,-0.064449,7353.993463,-2.314849,1
6433,3011,1651670929,17.352778,-0.025,-0.017371,7304.881088,-8.017401,1
6434,3011,1651670930,8.241667,-3.102778,0.0,3469.438481,-199.983924,1
6435,3011,1651670932,17.197222,-0.466667,-0.075032,7239.397921,-0.678484,1
6436,3011,1651670933,2.819444,0.327778,0.0,1186.882392,14.593153,1
6437,3011,1651670934,16.616667,-0.608333,-0.098737,6995.005389,8.323343,0
6438,3011,1651670934,3.147222,0.572222,0.0,1324.864779,69.724524,1
6439,3011,1651670935,3.719444,4.063889,0.0,1565.749284,114.925771,1
6440,3011,1651670936,7.783333,1.861111,0.0,3276.497008,72.326203,1
6441,3011,1651670939,9.661111,0.591667,-0.028657,4066.972375,16.473124,1
6442,3011,1651670940,10.252778,0.536111,-0.045416,4316.042276,20.076478,1
6443,3011,1651670942,11.111111,-0.544444,0.0,4677.369033,-46.623957,1
6444,3011,1651670944,14.230556,0.116667,-0.070852,5990.54039,21.01843,0
6445,3011,1651670945,14.347222,-0.061111,-0.064909,6039.652764,20.822718,0
6446,3011,1651670948,14.25,-0.205556,-0.072516,5998.725785,21.085583,0
6447,3011,1651670950,0.458333,0.713889,0.0,192.941473,31.290098,0
6448,3011,1651670954,0.180556,0.533333,0.0,76.007247,32.161183,0
6449,3011,1651670965,12.322222,-0.111111,0.074318,5187.202258,-64.572989,1
6450,3011,1651670970,3.302778,0.531944,0.0,1390.347945,41.685446,1
6451,3011,1651670972,4.366667,2.294444,0.038208,1838.20603,53.867795,1
6452,3011,1651670972,11.702778,-0.086111,0.0,4926.438934,-19.20758,1
6453,3011,1651670973,6.661111,0.85,0.034762,2804.082736,45.453399,1
6454,3011,1651670976,10.319444,1.858333,-0.031199,4344.10649,85.036856,1
6455,3011,1651670977,12.177778,0.966667,0.0,5126.396461,50.096437,1
6456,3011,1651670981,13.858333,-0.008333,0.0,5833.848527,-15.425972,1
6457,3011,1651670984,13.925,0.077778,-0.040174,5861.912741,12.86537,0
6458,3011,1651670985,14.002778,-0.219444,-0.060158,5894.654324,23.907877,0
6459,3011,1651670986,13.783333,1.111111,-0.046334,5802.276286,27.829176,1
6460,3011,1651670990,0.191667,0.194444,0.0,80.684616,11.725022,0
6461,3011,1651670991,14.552778,0.483333,0.0,6126.184091,18.496326,0
6462,3011,1651670992,15.036111,1.458333,0.017038,6329.649644,21.813147,0
6463,3011,1651670994,3.025,1.444444,0.0,1273.413719,64.010007,1
6464,3011,1651670994,17.327778,-0.577778,0.118022,7294.357008,-120.68168,1
6465,3011,1651670997,5.941667,1.552778,0.0,2501.223091,64.297186,1
6466,3011,1651670998,7.494444,1.702778,0.0,3154.885413,43.787866,1
6467,3011,1651671002,9.713889,0.697222,-0.033275,4089.189877,52.257126,1
6468,3011,1651671004,12.716667,0.488889,-0.038303,5353.248859,34.742437,1
6469,3011,1651671007,12.183333,0.347222,-0.068869,5128.735145,24.293946,1
6470,3011,1651671009,13.469444,0.538889,0.0,5670.140611,16.608206,0
6471,3011,1651671017,7.366667,-1.822222,0.0,3101.095669,-122.537066,1
6472,3011,1651671021,13.741667,-0.011111,-0.030042,5784.736152,-2.099278,1
6473,3011,1651671022,1.388889,-0.041667,0.0,584.671129,-14.300687,1
6474,3011,1651671023,1.347222,-0.616667,0.0,567.130995,-48.973163,1
6475,3011,1651671029,12.830556,0.272222,0.016205,5401.191891,-7.578852,1
6476,3011,1651671032,12.619444,-0.216667,-0.016343,5312.32188,-17.840232,1
6477,3011,1651671043,5.652778,-2.313889,0.0,2379.611496,-151.818168,1
6478,3011,1651671044,12.294444,0.113889,0.0,5175.508835,-7.381084,1
6479,3011,1651671050,0.0,0.0,0.0,0.0,-0.43379,1
6480,3011,1651671052,14.080556,0.477778,-0.040174,5927.395908,9.337399,0
6481,3011,1651671054,15.036111,0.366667,-0.042768,6329.649644,3.883225,0
6482,3011,1651671058,16.344444,0.252778,0.121665,6880.409848,-72.171143,1
6483,3011,1651671059,16.597222,0.636111,0.139838,6986.819994,-59.755662,1
6484,3011,1651671068,0.0,0.0,0.0,0.0,-0.0,1
6485,3011,1651671071,19.513889,0.138889,0.101257,8214.629365,-69.018695,1
6486,3011,1651671078,17.527778,-0.361111,0.116579,7378.54965,-106.890627,1
6487,3011,1651671081,17.347222,-0.422222,0.077643,7302.542403,-87.738432,1
6488,3011,1651671083,0.277778,-0.043056,0.0,116.934226,-2.597661,1
6489,3011,1651671091,0.0,0.277778,0.0,0.0,4.389324,1
6490,3011,1651671097,0.380556,0.5,0.0,160.199889,18.392984,0
6491,3011,1651671097,14.866667,-0.152778,0.176981,6258.319767,-127.91962,1
6492,3011,1651671100,2.361111,2.433333,0.0,993.94092,70.402058,1
6493,3011,1651671113,1.166667,-0.188889,0.0,491.123749,-23.169297,1
6494,3011,1651671114,0.977778,0.041667,0.0,411.608475,-9.259373,1
6495,3011,1651671115,7.558333,-1.591667,0.0,3181.780285,-108.680997,1
6496,3011,1651671117,0.0,0.0,0.0,0.0,-2.034699,1
6497,3011,1651671122,3.075,1.080556,-0.050163,1294.46188,92.209765,1
6498,3011,1651671123,4.155556,1.416667,-0.070576,1749.336018,103.564705,1
6499,3011,1651671125,1.347222,-0.673611,0.0,567.130995,-52.407097,1
6500,3011,1651671126,9.594444,0.598611,0.10731,4038.90816,-40.065541,1
6501,3011,1651671140,4.330556,0.172222,-0.03637,1823.004581,60.317125,1
6502,3011,1651671143,5.997222,1.997222,-0.039877,2524.609936,60.456862,1
6503,3011,1651671144,16.775,-0.35,0.072632,7061.657898,-80.128218,1
6504,3011,1651671147,7.769444,0.244444,0.0,3270.650297,-1.274599,1
6505,3011,1651671150,8.875,0.498611,0.0248,3736.048515,12.222553,1
6506,3011,1651671152,9.872222,0.808333,0.0,4155.842386,12.34597,1
6507,3011,1651671156,0.138889,0.133333,0.0,58.467113,8.10285,0
6508,3011,1651671157,0.272222,0.330556,0.0,114.595541,19.932345,0
6509,3011,1651671161,0.797222,0.216667,0.078642,335.601228,-44.843629,1
6510,3011,1651671161,17.866667,0.194444,0.043279,7521.209406,-30.715674,1
6511,3011,1651671162,1.013889,1.497222,0.086646,426.809924,4.60123,0
6512,3011,1651671169,8.997222,0.638889,0.0,3787.499575,19.328352,1
6513,3011,1651671169,5.391667,0.320833,-0.054052,2269.693323,9.783794,0
6514,3011,1651671170,9.636111,0.356944,0.0,4056.448294,6.724065,0
6515,3011,1651671173,10.627778,-0.247222,0.019301,4473.90348,-39.869495,1
6516,3011,1651671179,18.266667,0.072222,-0.043278,7689.594691,-0.88755,1
6517,3011,1651671180,18.338889,0.047222,0.03377,7719.99759,-34.294924,1
6518,3011,1651671181,6.852778,-1.086111,-0.033463,2884.767351,-58.354041,1
6519,3011,1651671182,5.766667,-0.751389,-0.060985,2427.554528,-21.768736,1
6520,3011,1651671184,17.825,0.052778,-0.166259,7503.669272,35.901683,0
6521,3011,1651671184,4.263889,-0.097222,-0.05844,1794.940367,7.446544,0
6522,3011,1651671185,17.877778,0.636111,-0.187241,7525.886775,59.506938,1
6523,3011,1651671185,1.858333,0.447222,0.0,782.289971,11.691242,0
6524,3011,1651671186,4.002778,0.565278,-0.097436,1685.022194,77.049081,1
6525,3011,1651671186,18.513889,-0.380556,-0.072946,7793.666152,29.513176,0
6526,3011,1651671188,5.133333,1.472222,-0.095893,2160.944493,107.71384,1
6527,3011,1651671191,9.516667,0.983333,-0.070588,4006.166577,93.150512,1
6528,3011,1651671191,17.969444,0.097222,0.09179,7564.475069,-65.048314,1
6529,3011,1651671192,10.5,1.1375,-0.03942,4420.113737,70.316033,1
6530,3011,1651671193,2.844444,1.830556,0.0,1197.406473,13.438701,1
6531,3011,1651671194,12.775,0.75,-0.0206,5377.805046,41.475939,1
6532,3011,1651671195,13.525,0.493056,0.010343,5693.527456,10.675507,0
6533,3011,1651671195,5.675,0.229167,0.0,2388.966234,27.905395,1
6534,3011,1651671197,6.133333,0.219444,-0.06003,2581.907706,37.173437,1
6535,3011,1651671198,6.352778,0.680556,-0.059461,2674.285745,45.13368,1
6536,3011,1651671200,7.361111,0.2375,-0.058604,3098.756985,31.841568,1
6537,3011,1651671201,18.822222,0.080556,-0.094473,7923.463143,14.764008,0
6538,3011,1651671202,7.836111,0.652778,-0.025052,3298.714511,5.667288,0
6539,3011,1651671205,16.936111,0.247222,-0.055872,7129.479749,30.634144,0
6540,3011,1651671212,5.505556,1.105556,0.0,2317.636356,35.129787,1
6541,3011,1651671215,8.013889,0.270833,0.0,3373.552415,7.867553,0
6542,3011,1651671217,18.827778,-0.036111,-0.098497,7925.801827,37.531423,0
6543,3011,1651671218,18.791667,0.116667,-0.195826,7910.600378,35.120563,0
6544,3011,1651671218,9.075,-0.472222,0.0,3820.241158,-41.590913,1
6545,3011,1651671221,8.430556,0.922222,0.017967,3548.953754,-2.961686,1
6546,3011,1651671225,19.147222,-0.586111,-0.133631,8060.276187,29.037165,0
6547,3011,1651671226,6.327778,-1.527778,0.066097,2663.761665,-143.345292,1
6548,3011,1651671229,6.827778,1.172222,0.0,2874.243271,18.972515,1
6549,3011,1651671230,18.119444,0.175,-0.111957,7627.619551,21.00297,0
6550,3011,1651671231,1.002778,-0.308333,0.0,422.132555,-30.366319,1
6551,3011,1651671236,7.583333,-0.85,-0.035556,3192.304365,-43.059213,1
6552,3011,1651671239,1.955556,0.879167,0.044619,823.21695,9.417445,0
6553,3011,1651671240,3.641667,0.252778,-0.103648,1533.007701,33.34702,1
6554,3011,1651671243,5.85,0.706944,-0.071077,2462.634796,47.841232,1
6555,3011,1651671246,18.402778,-0.35,-0.058527,7746.892462,-4.043757,1
6556,3011,1651671247,7.263889,0.308333,0.0,3057.830006,-1.623847,1
6557,3011,1651671248,1.975,-0.961111,0.0,831.402346,-69.778669,1
6558,3011,1651671252,17.908333,0.015278,-0.130418,7538.74954,46.767391,0
6559,3011,1651671254,17.938889,-0.066667,-0.056609,7551.612304,42.101426,0
6560,3011,1651671255,4.733333,-0.088889,0.0,1992.559208,-17.486005,1
6561,3011,1651671256,4.644444,0.094444,0.0,1955.140256,-6.416667,1
6562,3011,1651671262,6.219444,1.255556,0.083925,2618.157316,4.548503,0
6563,3011,1651671263,18.833333,-0.169444,-0.131676,7928.140512,54.843039,0
6564,3011,1651671264,18.663889,0.055556,-0.178999,7856.810634,64.417644,1
6565,3011,1651671265,1.877778,0.383333,0.0,790.475367,7.425081,0
6566,3011,1651671268,12.186111,-0.019444,0.055968,5129.904487,-48.240904,1
6567,3011,1651671270,20.572222,-0.043056,-0.083645,8660.148765,16.415539,0
6568,3011,1651671270,12.147222,0.272222,0.053251,5113.533696,-29.044081,1
6569,3011,1651671272,20.486111,-0.211111,-0.135572,8623.899155,38.641785,0
6570,3011,1651671273,20.275,-0.561111,-0.173145,8535.029144,49.105042,0
6571,3011,1651671273,0.719444,-0.230556,0.0,302.859645,-25.668021,1
6572,3011,1651671274,19.713889,0.225,-0.14688,8298.822007,41.471345,0
6573,3011,1651671275,13.566667,-0.325,-0.074424,5711.06759,10.895431,0
6574,3011,1651671278,12.541667,0.380556,-0.02382,5279.580296,5.235573,0
6575,3011,1651671278,2.341667,1.152778,0.0,985.755524,42.255167,1
6576,3011,1651671279,3.494444,0.372222,-0.035722,1471.032561,31.466088,1
6577,3011,1651671281,4.238889,0.601389,-0.018688,1784.416286,5.380427,0
6578,3011,1651671282,13.508333,0.258333,0.02284,5686.511402,-12.608313,1
6579,3011,1651671288,5.344444,0.998611,0.040149,2249.814505,1.582448,0
6580,3011,1651671293,18.922222,-0.444444,-0.022664,7965.559464,-31.138353,1
6581,3011,1651671295,18.361111,0.0125,-0.132075,7729.352328,39.118762,0
6582,3011,1651671296,10.341667,0.570833,0.0,4353.461228,7.18912,0
6583,3011,1651671298,11.483333,0.976389,-0.061237,4834.060896,53.636109,1
6584,3011,1651671298,17.641667,0.255556,-0.213365,7426.492683,69.193387,1
6585,3011,1651671299,17.897222,0.005556,-0.097834,7534.072171,50.526942,0
6586,3011,1651671300,17.902778,0.266667,-0.042997,7536.410855,28.913148,0
6587,3011,1651671300,13.436111,1.036111,-0.096784,5656.108504,61.263664,1
6588,3011,1651671302,14.444444,0.130556,-0.041584,6080.579743,1.362686,0
6589,3011,1651671302,3.519444,0.261111,0.0441,1481.556641,-22.117629,1
6590,3011,1651671302,18.519444,-0.302778,0.0,7796.004836,-35.670724,1
6591,3011,1651671305,13.397222,-1.677778,0.0,5639.737712,-115.891599,1
6592,3011,1651671306,18.772222,0.175,-0.106058,7902.414982,14.74252,0
6593,3011,1651671307,18.947222,0.325,-0.125533,7976.083544,3.485282,0
6594,3011,1651671311,19.502778,-0.102778,-0.059353,8209.951996,34.477505,0
6595,3011,1651671311,7.655556,0.401389,-0.011946,3222.707264,2.966084,0
6596,3011,1651671313,8.458333,0.725,0.020032,3560.647177,10.275085,1
6597,3011,1651671317,11.344444,0.991667,0.032402,4775.593783,8.58836,0
6598,3011,1651671317,18.427778,-0.308333,0.021708,7757.416542,-48.706601,1
6599,3011,1651671319,18.355556,-0.180556,-0.101898,7727.013643,20.950262,0
6600,3011,1651671319,12.994444,1.316667,0.063723,5470.183085,16.447752,0
6601,3011,1651671320,18.175,-0.719444,-0.146925,7651.006396,32.436417,0
6602,3011,1651671321,17.455556,0.163889,-0.111477,7348.146751,40.081167,0
6603,3011,1651671322,16.611111,0.55,-0.018514,6992.666705,24.442574,0
6604,3011,1651671322,17.619444,0.5375,-0.010679,7417.137945,41.078348,0
6605,3011,1651671323,17.161111,-0.005556,-0.038594,7224.196472,19.94258,0
6606,3011,1651671324,18.694444,1.141667,-0.025119,7869.673399,45.563837,0
6607,3011,1651671325,17.044444,0.598611,-0.016066,7175.084097,14.305587,0
6608,3011,1651671326,19.930556,-0.627778,-0.155717,8390.030704,54.649653,0
6609,3011,1651671327,19.302778,0.05,-0.183822,8125.759353,72.800118,1
6610,3011,1651671328,19.352778,-0.283333,-0.220582,8146.807514,72.195672,1
6611,3011,1651671330,18.705556,-0.002778,-0.063989,7874.350768,19.780779,0
6612,3011,1651671336,20.908333,-0.486111,0.0,8801.639179,-48.279605,1
6613,3011,1651671337,19.019444,-0.077778,-0.020715,8006.486443,-10.233707,1
6614,3011,1651671338,18.941667,0.091667,-0.02103,7973.74486,-5.101645,1
6615,3011,1651671342,18.736111,-0.102778,-0.099576,7887.213533,19.906886,0
6616,3011,1651671346,18.675,-0.561111,0.052492,7861.488003,-82.169681,1
6617,3011,1651671348,17.383333,-0.872222,0.009194,7317.743853,-74.741158,1
6618,3011,1651671349,18.447222,-0.194444,0.027956,7765.601938,-45.519811,1
6619,3011,1651671350,18.252778,0.066667,-0.069075,7683.74798,15.484905,0
6620,3011,1651671350,15.638889,-0.772222,0.0,6583.396914,-62.357082,1
6621,3011,1651671351,18.319444,0.194444,-0.166086,7711.812194,56.176625,0
6622,3011,1651671352,18.513889,-0.272222,-0.143959,7793.666152,72.837158,1
6623,3011,1651671357,2.166667,0.211111,0.0,912.086962,6.632899,0
6624,3011,1651671360,3.672222,-0.106944,-0.08906,1545.870466,33.805721,1
6625,3011,1651671361,18.961111,0.469444,-0.069882,7981.930255,11.986884,0
6626,3011,1651671362,3.458333,-0.366667,-0.124181,1455.831112,12.187257,1
6627,3011,1651671362,19.430556,-0.169444,-0.066883,8179.549097,16.800929,0
6628,3011,1651671363,19.261111,0.056944,-0.091784,8108.219219,4.18303,0
6629,3011,1651671363,3.091667,-1.105556,-0.083024,1301.477934,-29.795542,1
6630,3011,1651671367,19.297222,0.827778,-0.031228,8123.420669,12.262376,0
6631,3011,1651671373,20.252778,0.036111,-0.076601,8525.674406,18.943366,0
6632,3011,1651671375,20.3,0.333333,-0.107102,8545.553224,27.969068,0
6633,3011,1651671379,19.183333,0.230556,-0.016106,8075.477636,-2.13904,1
6634,3011,1651671385,18.730556,0.061111,-0.069076,7884.874848,2.318996,0
6635,3011,1651671385,0.0,0.0,0.0,0.0,28.796142,1
6636,3011,1651671388,18.719444,0.083333,-0.18416,7880.197479,74.785265,1
6637,3011,1651671388,0.175,2.297222,-0.066097,73.668562,177.353777,0
6638,3011,1651671391,18.833333,0.138889,-0.076601,7928.140512,39.814853,0
6639,3011,1651671392,6.866667,1.9,0.0,2890.614063,77.387371,1
6640,3011,1651671394,9.352778,0.809722,0.018352,3937.175384,43.087198,1
6641,3011,1651671397,12.486111,0.166667,-0.046435,5256.193451,13.050985,0
6642,3011,1651671399,19.05,0.047222,-0.133427,8019.349208,22.28316,0
6643,3011,1651671400,12.577778,-0.430556,0.0,5294.781746,-40.329057,1
6644,3011,1651671401,19.061111,0.075,0.021473,8024.026577,-25.843412,1
6645,3011,1651671402,19.136111,0.175,-0.025578,8055.598818,13.607127,0
6646,3011,1651671407,12.166667,-0.223611,-0.040494,5121.719092,-3.875708,1
6647,3011,1651671408,20.063889,0.15,-0.111211,8446.159132,52.955216,0
6648,3011,1651671410,20.166667,-0.205556,-0.112095,8489.424796,30.929521,0
6649,3011,1651671412,12.630556,0.416667,0.0,5316.999249,-0.451577,1
6650,3011,1651671413,13.047222,0.438889,0.031595,5492.400587,-6.660345,1
6651,3011,1651671415,19.733333,-0.508333,-0.122864,8307.007403,20.763916,0
6652,3011,1651671417,14.341667,-0.280556,-0.019181,6037.31408,-20.790414,1
6653,3011,1651671419,19.302778,-0.797222,0.075024,8125.759353,-110.00173,1
6654,3011,1651671421,18.325,-0.026389,-0.09876,7714.150878,20.070556,0
6655,3011,1651671421,13.816667,-0.529167,-0.032283,5816.308393,-27.835646,1
6656,3011,1651671423,18.272222,-0.386111,-0.116909,7691.933375,33.22687,0
6657,3011,1651671423,12.758333,-0.222222,-0.014882,5370.788993,-19.092735,1
6658,3011,1651671425,17.922222,-0.502778,-0.089098,7544.596251,11.191037,0
6659,3011,1651671426,10.602778,-1.305556,0.0441,4463.3794,-118.242253,1
6660,3011,1651671427,16.95,0.102778,-0.101564,7135.32646,14.391047,0
6661,3011,1651671428,17.052778,-0.25,-0.084506,7178.592124,19.117245,0
6662,3011,1651671429,16.802778,-0.063889,-0.064718,7073.351321,16.573566,0
6663,3011,1651671429,7.952778,-1.244444,0.044619,3347.826886,-114.050224,1
6664,3011,1651671430,16.738889,0.020833,-0.051996,7046.456449,9.675762,0
6665,3011,1651671435,0.0,0.0,0.0,0.0,-12.160804,1
6666,3011,1651671436,15.897222,-0.608333,0.056633,6692.145745,-85.86118,1
6667,3011,1651671439,0.0,0.0,0.0,0.0,-0.0563,1
6668,3011,1651671440,0.0,0.0,0.0,0.0,-0.009383,1
6669,3011,1651671441,14.647222,0.055556,-0.093456,6165.941728,34.486773,1
6670,3011,1651671443,14.616667,-0.319444,-0.114851,6153.078963,37.637834,1
6671,3011,1651671445,14.136111,-0.205556,-0.093456,5950.782753,26.048535,1
6672,3011,1651671446,13.930556,-0.183333,-0.071746,5864.251426,13.574072,0
6673,3011,1651671447,0.0,0.0,0.0,0.0,-1e-06,1
6674,3011,1651671451,0.0,0.0,0.0,0.0,-0.0,1
6675,3011,1651671453,12.588889,-0.838889,-0.080535,5299.459115,-17.631298,1
6676,3011,1651671456,0.0,0.0,0.0,0.0,-0.0,1
6677,3011,1651671459,0.0,0.0,0.0,0.0,1.489437,1
6678,3011,1651671465,0.822222,0.197222,0.0,346.125308,23.964408,1
6679,3011,1651671467,2.675,1.415278,0.032257,1126.076595,52.845856,1
6680,3011,1651671469,5.505556,1.359722,0.02015,2317.636356,40.020621,1
6681,3011,1651671469,0.597222,0.411111,0.0,251.408586,55.00056,1
6682,3011,1651671471,2.619444,1.286111,-0.077846,1102.68975,140.020036,1
6683,3011,1651671473,7.933333,1.280556,-0.035718,3339.64149,120.477744,1
6684,3011,1651671476,7.911111,0.041667,0.0,3330.286752,-10.275724,1
6685,3011,1651671477,7.952778,-0.344444,-0.019698,3347.826886,-21.990193,1
6686,3011,1651671481,11.013889,-1.786111,-0.06714,4636.442054,-82.002488,1
6687,3011,1651671485,6.441667,1.1625,0.037753,2711.704697,27.594373,1
6688,3011,1651671487,6.213889,2.638889,-0.022128,2615.818632,65.129867,1
6689,3011,1651671489,9.841667,-0.577778,-0.089706,4142.979621,17.118411,1
6690,3011,1651671495,12.341667,-0.75,0.053807,5195.387654,-91.09149,1
6691,3011,1651671496,11.591667,-0.252778,0.050572,4879.665244,-58.914284,1
6692,3011,1651671502,11.905556,-0.104167,0.020118,5011.800919,-32.197578,1
6693,3011,1651671506,4.155556,0.772222,-0.103502,1749.336018,116.437063,1
6694,3011,1651671509,7.397222,0.427778,-0.088298,3113.958434,68.725774,1
6695,3011,1651671522,9.722222,0.083333,0.0,4092.697904,-8.289753,1
6696,3011,1651671526,1.158333,-1.158333,0.0,487.615722,-81.629606,1
6697,3011,1651671531,1.377778,1.430556,0.0,579.99376,66.021883,1
6698,3011,1651671532,2.808333,1.311111,0.0,1182.205023,64.601105,1
6699,3011,1651671536,6.322222,0.85,0.0,2661.42298,50.938557,1
6700,3011,1651671538,8.441667,1.733333,0.0,3553.631123,38.130394,1
6701,3011,1651671539,10.175,-0.091667,0.0,4283.300692,-18.991388,1
6702,3011,1651671542,10.133333,2.105556,0.016817,4265.760558,28.11307,1
6703,3011,1651671546,0.536111,1.322222,0.0,225.683056,65.091031,1
6704,3011,1651671547,1.858333,1.275,0.0,782.289971,105.580905,1
6705,3011,1651671548,3.133333,3.627778,0.0,1319.018067,150.493896,1
6706,3011,1651671549,6.761111,3.613889,0.0,2846.179057,139.307166,1
6707,3011,1651671550,10.375,0.952778,0.0,4367.493335,82.491257,1
6708,3011,1651671551,11.327778,0.938889,0.0,4768.57773,35.637721,1
6709,3011,1651671552,7.366667,0.663889,0.061622,3101.095669,-8.793331,1
6710,3011,1651671553,8.030556,0.827778,0.041583,3380.568469,10.206764,1
6711,3011,1651671553,14.497222,0.190278,0.03235,6102.797246,-22.753839,1
6712,3011,1651671554,8.858333,1.266667,0.043751,3729.032462,19.137525,1
6713,3011,1651671554,13.272222,0.483333,0.0,5587.11731,6.799567,0
6714,3011,1651671556,14.286111,0.916667,0.0,6013.927235,23.138195,0
6715,3011,1651671557,15.202778,0.308333,-0.019109,6399.81018,15.435537,0
6716,3011,1651671558,15.511111,0.122222,-0.026262,6529.607171,3.677296,0
6717,3011,1651671558,11.230556,-0.822222,0.069964,4727.65075,-104.482395,1
6718,3011,1651671561,15.5,-0.102778,0.080086,6524.929802,-68.90388,1
6719,3011,1651671563,14.919444,-0.65,0.0,6280.53727,-54.624126,1
6720,3011,1651671565,14.347222,0.269444,0.0,6039.652764,-6.867494,1
6721,3011,1651671569,13.9,-1.255556,0.040307,5851.388661,-114.333778,1
6722,3011,1651671570,14.547222,0.397222,-0.059034,6123.845407,16.03016,0
6723,3011,1651671576,4.572222,-0.097222,0.083023,1924.737357,-66.669237,1
6724,3011,1651671579,5.813889,-0.569444,0.119358,2447.433347,-116.56313,1
6725,3011,1651671579,0.586111,0.644444,0.0,246.731217,-2.666873,1
6726,3011,1651671581,0.180556,0.116667,0.0,76.007247,7.034839,0
6727,3011,1651671587,5.786111,2.233333,0.044804,2435.739924,15.045551,1
6728,3011,1651671589,0.0,0.0,0.0,0.0,-0.001917,1
6729,3011,1651671591,8.011111,1.002778,-0.081104,3372.383073,14.412582,1
6730,3011,1651671594,8.730556,0.180556,-0.0412,3675.242718,4.790526,0
6731,3011,1651671594,0.0,0.0,0.0,0.0,-0.014244,1
6732,3012,1651671595,0.0,0.0,0.0,0.0,-0.002374,1
6733,3012,1651671596,8.308333,0.472222,-0.028147,3497.502695,-8.335112,1
6734,3012,1651671599,7.886111,0.613889,0.0,3319.762671,15.307951,1
6735,3012,1651671602,4.372222,1.436111,0.0,1840.544715,33.35054,1
6736,3012,1651671603,12.1,0.719444,-0.038053,5093.654877,38.94693,1
6737,3012,1651671605,6.280556,1.116667,0.072655,2643.882846,0.104873,0
6738,3012,1651671606,7.397222,1.358333,0.077342,3113.958434,9.49018,0
6739,3012,1651671609,14.002778,-0.036111,-0.035584,5894.654324,3.275858,0
6740,3012,1651671610,13.966667,0.138889,-0.035584,5879.452875,7.921943,0
6741,3012,1651671611,14.105556,0.168056,-0.027718,5937.919988,5.032579,0
6742,3012,1651671611,0.766667,0.772222,0.0,322.738463,53.749506,1
6743,3012,1651671611,10.613889,0.316667,0.0545,4468.056769,-26.52059,1
6744,3012,1651671613,3.658333,0.740278,0.0,1540.023754,61.394976,1
6745,3012,1651671615,5.138889,1.944444,0.034764,2163.283178,51.557235,1
6746,3012,1651671618,15.433333,0.054167,-0.030077,6496.865587,20.009491,0
6747,3012,1651671619,8.35,-1.098611,0.141062,3515.042829,-161.682519,1
6748,3012,1651671620,14.091667,0.0125,-0.00712,5932.073277,-10.091878,1
6749,3012,1651671625,13.441667,0.586111,0.013369,5658.447188,-2.108494,1
6750,3012,1651671633,16.955556,-0.291667,0.0,7137.665145,-34.08577,1
6751,3012,1651671637,4.013889,0.563889,0.076294,1689.699563,-22.786303,1
6752,3012,1651671642,1.230556,-0.277778,0.0,518.01862,-28.53211,1
6753,3012,1651671644,0.0,0.0,0.0,0.0,-11.537798,1
6754,3012,1651671647,9.286111,-0.644444,-0.041583,3909.11117,-27.594125,1
6755,3012,1651671648,0.0,0.0,0.0,0.0,-0.053416,1
6756,3012,1651671652,5.016667,-0.269444,0.092069,2111.832119,-82.412587,1
6757,3012,1651671653,4.747222,0.551389,0.183175,1998.40592,-85.751763,1
6758,3012,1651671654,0.0,0.0,0.0,0.0,-1e-06,1
6759,3012,1651671657,7.283333,-1.063889,0.116618,3066.015401,-145.101242,1
6760,3012,1651671662,17.752778,0.216667,0.0,7473.266373,-3.887947,1
6761,3012,1651671666,18.005556,0.416667,-0.03351,7579.676519,4.767282,0
6762,3012,1651671670,0.0,0.0,0.0,0.0,2.967473,1
6763,3012,1651671672,18.725,-0.075,0.010905,7882.536164,-28.470452,1
6764,3012,1651671673,3.616667,-0.016667,0.077533,1522.48362,-58.471161,1
6765,3012,1651671674,0.15,-0.15,0.0,63.144482,-9.045855,1
6766,3012,1651671677,0.0,0.0,0.0,0.0,-0.041879,1
6767,3012,1651671681,0.0,0.0,0.0,0.0,-0.000194,1
6768,3012,1651671681,0.0,0.0,0.0,0.0,-1.713478,1
6769,3012,1651671686,0.194444,0.186111,0.0,81.853958,11.222477,0
6770,3012,1651671706,0.0,0.0,0.0,0.0,-0.0,1
6771,3012,1651671708,16.358333,-0.447222,0.0,6886.256559,-43.138165,1
6772,3012,1651671711,15.655556,-0.129167,-0.049528,6590.412968,1.392635,0
6773,3012,1651671712,0.169444,0.030556,0.0,71.329878,1.842125,0
6774,3012,1651671714,4.119444,1.544444,0.0,1734.134569,91.920484,1
6775,3012,1651671716,0.175,0.002778,0.0,73.668562,0.167004,0
6776,3012,1651671716,7.891667,2.125,0.0,3322.101356,105.70365,1
6777,3012,1651671717,10.016667,2.444444,0.0,4216.648184,70.59556,1
6778,3012,1651671720,13.272222,0.172222,-0.018503,5587.11731,9.352628,0
6779,3012,1651671725,1.744444,2.741667,0.046338,734.346938,65.447271,1
6780,3012,1651671727,5.161111,0.758333,0.0,2172.637916,0.550624,0
6781,3012,1651671731,10.252778,0.508333,-0.036082,4316.042276,44.516152,1
6782,3012,1651671733,3.266667,0.366667,0.0,1375.146496,-0.599573,1
6783,3012,1651671734,3.633333,0.833333,0.0,1529.499674,19.251347,1
6784,3012,1651671734,12.233333,0.777778,-0.015631,5149.783306,35.136775,1
6785,3012,1651671735,13.011111,0.461111,0.0,5477.199138,16.788095,0
6786,3012,1651671736,5.127778,0.658333,0.0,2158.605809,0.795772,0
6787,3012,1651671741,12.855556,-0.247222,0.0,5411.715972,-29.389973,1
6788,3012,1651671743,11.658333,-0.475,0.036082,4907.729458,-63.838887,1
6789,3012,1651671746,0.0,0.0,0.0,0.0,-0.297391,1
6790,3012,1651671751,9.794444,-0.708333,-0.030024,4123.100803,-38.401935,1
6791,3012,1651671752,11.888889,0.586111,-0.030448,5004.784866,15.891171,1
6792,3012,1651671756,13.086111,0.397222,-0.053251,5508.771379,14.386031,0
6793,3012,1651671756,6.647222,-0.680556,0.0,2798.236024,-53.524613,1
6794,3012,1651671757,5.966667,-1.008333,0.0,2511.747171,-73.149102,1
6795,3012,1651671758,4.958333,-1.197222,0.0,2087.275931,-84.358043,1
6796,3012,1651671760,13.888889,0.761111,0.060093,5846.711292,-4.320854,1
6797,3012,1651671763,0.0,0.355556,0.0,0.0,-0.971215,1
6798,3012,1651671768,1.061111,0.744444,0.0,446.688743,31.200858,1
6799,3012,1651671768,0.169444,-0.030556,0.0,71.329878,-1.843072,1
6800,3012,1651671774,0.138889,-0.138889,0.0,58.467113,-8.375766,1
6801,3012,1651671775,2.233333,-0.583333,0.0,940.151176,-47.015378,1
6802,3012,1651671777,0.75,-0.75,0.0,315.72241,-56.992938,1
6803,3012,1651671778,0.0,0.0,0.0,0.0,-9.498823,1
6804,3012,1651671781,0.2,-0.1,0.0,84.192643,-6.030982,1
6805,3012,1651671783,5.041667,0.431944,0.065285,2122.356199,-24.451042,1
6806,3012,1651671785,5.905556,0.925,0.041593,2486.021641,21.639475,1
6807,3012,1651671785,0.0,0.0,0.0,0.0,-5e-06,1
6808,3012,1651671786,6.830556,1.633333,0.0,2875.412613,54.936754,1
6809,3012,1651671793,11.102778,0.811111,0.074771,4673.861007,-8.754048,1
6810,3012,1651671793,0.0,0.0,0.0,0.0,-0.0,1
6811,3012,1651671796,13.644444,0.822222,0.047274,5743.809173,11.702486,0
6812,3012,1651671801,2.972222,0.288889,0.0,1251.196216,34.248138,1
6813,3012,1651671801,16.35,0.425,0.078685,6882.748533,-36.703752,1
6814,3012,1651671802,3.261111,0.591667,0.0,1372.807811,43.31958,1
6815,3012,1651671804,0.0,0.0,0.0,0.0,11.907888,1
6816,3012,1651671805,0.0,0.820833,0.0,0.0,20.564527,1
6817,3012,1651671806,17.294444,0.402778,0.064455,7280.3249,-30.236493,1
6818,3012,1651671807,1.641667,0.4375,0.0,691.081275,7.463669,0
6819,3012,1651671813,3.611111,1.020833,-0.044434,1520.144936,50.468239,1
6820,3012,1651671815,5.652778,0.463889,-0.063785,2379.611496,59.740982,1
6821,3012,1651671817,6.580556,1.094444,-0.053728,2770.17181,57.340249,1
6822,3012,1651671818,19.847222,0.091667,0.059185,8354.950436,-47.473537,1
6823,3012,1651671822,20.769444,0.152778,0.056309,8743.172066,-42.720284,1
6824,3012,1651671825,5.144444,0.097222,0.0,2165.621862,-6.329874,1
6825,3012,1651671827,20.911111,0.108333,0.1169,8802.808521,-80.913057,1
6826,3012,1651671829,21.011111,-0.119444,0.070345,8844.904842,-67.525837,1
6827,3012,1651671830,4.780556,0.45,0.0,2012.438027,2.422409,0
6828,3012,1651671830,20.891667,0.097222,0.04286,8794.623125,-38.266092,1
6829,3012,1651671832,5.277778,1.618056,-0.063616,2221.750291,91.949519,1
6830,3012,1651671834,8.513889,0.640278,-0.074815,3584.034022,86.125542,1
6831,3012,1651671836,21.261111,0.35,0.035808,8950.145645,-19.140876,1
6832,3012,1651671839,8.169444,-1.061111,-0.117656,3439.035582,-7.763762,1
6833,3012,1651671843,4.402778,-0.701389,-0.114164,1853.407479,26.408511,1
6834,3012,1651671846,4.022222,1.105556,-0.068313,1693.20759,58.383145,1
6835,3012,1651671846,0.85,0.044444,0.0,357.818731,-9.088013,1
6836,3012,1651671848,5.338889,-0.372222,-0.057642,2247.475821,-0.789309,1
6837,3012,1651671851,21.925,-0.05,0.071935,9229.618445,-64.916307,1
6838,3012,1651671856,21.838889,-0.036111,0.05178,9193.368835,-52.206716,1
6839,3012,1651671858,7.675,-1.438889,-0.06859,3230.89266,-59.1835,1
6840,3012,1651671859,22.327778,0.019444,0.044891,9399.173073,-45.171618,1
6841,3012,1651671861,3.041667,-0.469444,0.0,1280.429773,-40.217829,1
6842,3012,1651671862,2.572222,0.216667,-0.066841,1082.810931,27.841342,1
6843,3012,1651671863,2.788889,1.088889,-0.100076,1174.019627,70.780761,1
6844,3012,1651671864,22.383333,0.044444,0.056904,9422.559918,-50.750305,1
6845,3012,1651671865,5.077778,0.822222,-0.083482,2137.557648,41.460022,1
6846,3012,1651671869,3.658333,-1.281944,0.0,1540.023754,-89.282337,1
6847,3012,1651671873,0.0,0.0,0.137618,0.0,-80.638521,1
6848,3012,1651671874,20.705556,0.422222,0.032112,8716.277194,-12.231449,1
6849,3012,1651671877,0.0,0.0,0.0,0.0,-0.062221,1
6850,3012,1651671884,22.136111,0.675,-0.022062,9318.488457,9.549493,0
6851,3012,1651671886,23.022222,0.036111,-0.104035,9691.508637,29.482051,0
6852,3012,1651671887,23.058333,0.108333,-0.07421,9706.710087,18.898807,0
6853,3012,1651671887,0.463889,0.044444,0.0,195.280157,-9.079646,1
6854,3012,1651671899,24.147222,-0.616667,0.013137,10165.092252,-66.280128,1
6855,3012,1651671904,0.216667,0.043056,0.0,91.208696,2.595615,0
6856,3012,1651671907,23.138889,0.15,-0.022317,9740.621012,-5.363699,1
6857,3012,1651671910,23.372222,0.375,0.066487,9838.845762,-37.178079,1
6858,3012,1651671917,1.025,0.0125,-0.107722,431.487293,5.102401,0
6859,3012,1651671923,0.319444,0.5375,0.0,134.47436,20.655061,0
6860,3012,1651671923,1.563889,0.455556,-0.096456,658.339691,56.099709,1
6861,3012,1651671927,3.097222,0.216667,-0.089911,1303.816618,48.003188,1
6862,3012,1651671927,1.841667,0.330556,0.0,775.273917,-0.277269,1
6863,3012,1651671928,22.727778,0.080556,0.024162,9567.558358,-29.615022,1
6864,3012,1651671930,2.238889,-0.525,0.0,942.48986,-43.4981,1
6865,3012,1651671934,2.597222,-0.827778,-0.046132,1093.335012,-34.665501,1
6866,3012,1651671936,1.702778,0.155556,0.0,716.806804,-2.423555,1
6867,3012,1651671941,2.711111,1.122222,0.0,1141.278044,30.787816,1
6868,3012,1651671941,0.211111,-0.211111,0.0,88.870012,-12.731416,1
6869,3012,1651671942,3.833333,0.508333,0.0,1613.692317,11.651917,1
6870,3012,1651671943,22.702778,0.2,0.0,9557.034277,-8.19546,1
6871,3012,1651671948,23.047222,-0.066667,-0.059842,9702.032718,12.794659,0
6872,3012,1651671948,0.380556,0.755556,0.0,160.199889,33.803809,0
6873,3012,1651671948,3.766667,-0.4125,-0.041584,1585.628102,-12.418568,1
6874,3012,1651671954,3.569444,-0.255556,0.0,1502.604802,-27.37718,1
6875,3012,1651671957,4.563889,0.422222,-0.035556,1921.22933,22.650809,1
6876,3012,1651671958,22.166667,-0.138889,-0.07688,9331.351222,23.22619,0
6877,3012,1651671958,1.027778,-0.513889,0.0,432.656636,-42.762819,1
6878,3012,1651671959,5.205556,0.325,-0.024959,2191.347392,11.195985,1
6879,3012,1651671960,22.280556,0.947222,-0.072343,9379.294254,48.217019,0
6880,3012,1651671965,23.469444,-0.138889,-0.012258,9879.772741,-22.0093,1
6881,3012,1651671966,4.394444,-0.247222,-0.092475,1849.899453,13.224397,1
6882,3012,1651671967,4.147222,0.169444,-0.060223,1745.827992,51.909782,1
6883,3012,1651671968,4.316667,1.538889,-0.091106,1817.157869,78.849815,1
6884,3012,1651671969,5.855556,0.877778,-0.072941,2464.973481,58.929118,1
6885,3012,1651671969,24.177778,-0.35,-0.081255,10177.955017,0.175501,0
6886,3012,1651671970,23.827778,-1.027778,-0.160327,10030.617892,9.699352,0
6887,3012,1651671970,6.733333,-0.238889,-0.05839,2834.485634,10.685135,1
6888,3012,1651671971,0.411111,-0.030556,0.0,173.062654,-13.601627,1
6889,3012,1651671973,5.072222,-0.35,-0.075018,2135.218964,13.84861,1
6890,3012,1651671975,4.372222,1.097222,-0.071968,1840.544715,54.680644,1
6891,3012,1651671975,0.436111,-0.088889,0.0,183.586735,-17.119664,1
6892,3012,1651671977,21.180556,0.219444,-0.052907,8916.23472,19.999597,0
6893,3012,1651671977,0.258333,0.013889,0.0,108.74883,0.836444,0
6894,3012,1651671977,6.266667,-0.030556,-0.075986,2638.036135,23.561194,1
6895,3012,1651671978,0.272222,0.211111,0.0,114.595541,12.729459,0
6896,3012,1651671978,21.4,0.155556,-0.064157,9008.612758,26.915282,0
6897,3012,1651671979,21.555556,0.108333,-0.08556,9074.095925,27.631048,0
6898,3012,1651671981,3.672222,0.036111,-0.086297,1545.870466,23.723224,1
6899,3012,1651671984,4.913889,1.125,-0.044619,2068.566455,53.281117,1
6900,3012,1651671985,6.038889,0.504167,-0.037456,2542.15007,38.387177,1
6901,3012,1651671986,20.655556,-0.025,-0.014557,8695.229033,-11.742212,1
6902,3012,1651671987,7.047222,0.168056,-0.048407,2966.621309,10.02157,0
6903,3012,1651671990,0.397222,0.066667,0.0,167.215943,-7.738628,1
6904,3012,1651671993,16.283333,-1.772222,-0.01402,6854.684318,-114.75732,1
6905,3012,1651671993,2.988889,0.508333,0.0,1258.21227,-1.269426,1
6906,3012,1651671996,0.397222,0.508333,0.0,167.215943,18.895297,0
6907,3012,1651671997,0.905556,1.722222,0.0,381.205576,48.46662,1
6908,3012,1651671998,2.627778,0.697222,-0.038348,1106.197776,44.826056,1
6909,3012,1651671998,3.519444,0.563889,0.0,1481.556641,-1.163194,1
6910,3012,1651672000,4.022222,0.022222,-0.069141,1693.20759,23.958324,1
6911,3012,1651672000,2.763889,-2.172222,0.0,1163.495547,-142.874229,1
6912,3012,1651672002,4.8,0.277778,0.0,2020.623422,12.532183,1
6913,3012,1651672003,4.594444,0.769444,0.033462,1934.092095,3.652535,0
6914,3012,1651672004,6.158333,1.027778,-0.04834,2592.431787,54.759725,1
6915,3012,1651672005,6.133333,0.883333,0.043821,2581.907706,5.658075,0
6916,3012,1651672008,6.95,-0.380556,-0.1105,2925.69433,21.932942,1
6917,3012,1651672009,6.569444,-0.705556,-0.095262,2765.494441,12.887914,1
6918,3012,1651672011,1.177778,0.652778,0.0,495.801118,50.815948,1
6919,3012,1651672012,1.830556,1.369444,0.023256,770.596548,53.068896,1
6920,3012,1651672013,2.875,-0.180556,-0.178392,1210.269237,32.618137,1
6921,3012,1651672014,2.694444,0.325,-0.069136,1134.261991,59.680613,1
6922,3012,1651672015,3.019444,0.416667,-0.115303,1271.075035,81.673203,1
6923,3012,1651672015,5.844444,1.063889,0.027736,2460.296112,55.713119,1
6924,3012,1651672017,5.508333,0.415278,-0.037555,2318.805698,38.621318,1
6925,3012,1651672017,2.277778,-0.672222,0.0,958.860652,-52.378971,1
6926,3012,1651672020,11.441667,0.991667,0.017515,4816.520762,29.886296,1
6927,3012,1651672021,12.433333,0.577778,0.0,5233.975948,28.205316,1
6928,3012,1651672025,14.75,0.761111,-0.018982,6209.207392,43.550516,1
6929,3012,1651672030,3.841667,0.788889,-0.104769,1617.200343,96.929713,1
6930,3012,1651672031,4.630556,1.341667,-0.054016,1949.293545,97.97735,1
6931,3012,1651672035,9.4,1.058333,-0.057566,3957.054202,72.04844,1
6932,3012,1651672036,10.458333,0.863889,-0.045287,4402.573603,42.512632,1
6933,3012,1651672038,0.0,0.0,0.0,0.0,-0.0,1
6934,3012,1651672045,0.844444,0.636111,0.0,355.480047,25.416034,1
6935,3012,1651672046,1.480556,0.35,0.0,623.259424,40.630332,1
6936,3012,1651672049,5.669444,0.838889,0.033462,2386.627549,20.533899,1
6937,3012,1651672050,6.508333,0.305556,0.048036,2739.768911,-22.240552,1
6938,3012,1651672051,4.130556,0.247222,-0.064791,1738.811938,27.981322,1
6939,3012,1651672052,4.377778,0.880556,-0.086295,1842.883399,68.083224,1
6940,3012,1651672053,5.258333,1.359722,-0.042037,2213.564895,82.433444,1
6941,3012,1651672053,7.675,0.766667,0.057994,3230.89266,-0.545982,1
6942,3012,1651672055,7.983333,-2.330556,0.0,3360.68965,-153.34731,1
6943,3012,1651672056,9.136111,1.230556,0.0,3845.966688,50.580229,1
6944,3012,1651672057,10.366667,0.183333,-0.028023,4363.985308,13.469743,1
6945,3012,1651672060,0.313889,0.652778,0.0,132.135675,27.606741,0
6946,3012,1651672060,9.219444,-2.033333,-0.04927,3881.046955,-106.810455,1
6947,3012,1651672062,0.441667,-0.152778,0.0,185.925419,-20.972451,1
6948,3012,1651672067,8.658333,0.944444,-0.103578,3644.839819,62.719153,1
6949,3012,1651672069,10.547222,-0.397222,-0.093566,4439.992555,23.987032,1
6950,3012,1651672071,9.752778,-1.227778,-0.115407,4105.560669,-19.598209,1
6951,3012,1651672073,1.352778,-0.175,0.0,569.46968,-22.339485,1
6952,3012,1651672078,1.116667,1.3,-0.06685,470.075588,59.382083,1
6953,3012,1651672079,9.25,0.875,-0.084785,3893.90972,70.307323,1
6954,3012,1651672079,11.538889,1.080556,0.0,4857.447741,18.476251,1
6955,3012,1651672079,2.416667,1.008333,0.0,1017.327765,61.371754,1
6956,3012,1651672080,12.619444,0.488889,0.0,5312.32188,29.569981,1
6957,3012,1651672082,14.255556,0.880556,0.0,6001.06447,33.403266,1
6958,3012,1651672083,15.136111,0.594444,-0.025572,6371.745966,14.033149,0
6959,3012,1651672087,4.197222,0.022222,0.0,1766.876152,-10.706691,1
6960,3012,1651672090,17.363889,0.75,0.016879,7309.558457,18.399497,0
6961,3012,1651672090,7.325,0.9,0.033085,3083.555535,38.79009,1
6962,3012,1651672092,9.166667,0.905556,0.022413,3858.829453,16.500314,1
6963,3012,1651672093,10.072222,0.234722,-0.013607,4240.035029,-7.418004,1
6964,3012,1651672099,11.05,0.355556,0.0,4651.643504,12.413375,1
6965,3012,1651672101,3.122222,0.319444,0.0,1314.340698,2.226744,0
6966,3012,1651672103,3.761111,0.854167,-0.066473,1583.289418,33.903581,1
6967,3012,1651672111,20.872222,0.347222,-0.040004,8786.437729,11.158431,0
6968,3012,1651672112,21.219444,-0.075,-0.022515,8932.605512,-10.468028,1
6969,3012,1651672113,21.144444,0.502778,-0.026946,8901.033271,5.231146,0
6970,3012,1651672114,4.161111,0.513889,0.0,1751.674703,3.529816,0
6971,3012,1651672116,22.161111,-0.169444,0.0,9329.012537,-30.073393,1
6972,3012,1651672121,21.816667,0.058333,0.008946,9184.014097,-21.345603,1
6973,3012,1651672126,3.386111,0.713889,0.0,1425.428213,38.581907,1
6974,3012,1651672133,16.291667,-4.047222,-0.044102,6858.192345,-234.267365,1
6975,3012,1651672135,10.444444,-1.016667,-0.031313,4396.726891,-56.454662,1
6976,3012,1651672137,10.036111,-0.152778,-0.10839,4224.833579,36.256756,1
6977,3012,1651672138,9.883333,0.022222,-0.098603,4160.519755,28.59799,1
6978,3012,1651672140,1.341667,-0.944444,0.0,564.792311,-68.738974,1
6979,3012,1651672141,0.397222,0.972222,0.0,167.215943,46.869294,0
6980,3012,1651672142,9.336111,-0.505556,-0.027871,3930.15933,-27.295216,1
6981,3012,1651672143,1.588889,-1.286111,0.0,668.863772,-89.354525,1
6982,3012,1651672143,6.105556,0.377778,0.030892,2570.214284,-7.739858,1
6983,3012,1651672145,6.194444,-0.252778,0.026898,2607.633236,-43.437341,1
6984,3012,1651672148,4.083333,-0.547222,0.0,1718.93312,-45.030476,1
6985,3012,1651672151,0.15,3.183333,0.0,63.144482,191.964902,0
6986,3012,1651672152,3.333333,1.441667,0.0,1403.21071,102.520051,1
6987,3012,1651672153,6.286111,1.275,0.053429,2646.221531,2.977159,0
6988,3012,1651672153,4.136111,1.244444,0.0,1741.150623,34.204485,1
6989,3012,1651672154,7.561111,0.741667,0.035721,3182.949627,8.672583,0
6990,3012,1651672157,8.838889,0.344444,0.0,3720.847066,10.457959,1
6991,3012,1651672159,9.305556,1.483333,0.03994,3917.296565,35.230647,1
6992,3012,1651672160,9.208333,-0.054167,-0.035978,3876.369586,-0.552132,1
6993,3012,1651672161,4.897222,-0.293056,0.0,2061.550401,-29.823943,1
6994,3012,1651672165,13.869444,1.486111,0.012529,5838.525896,29.733519,1
6995,3012,1651672165,4.819444,0.705556,0.0,2028.808818,17.85568,1
6996,3012,1651672166,5.525,0.858333,0.0,2325.821752,10.206502,0
6997,3012,1651672169,16.980556,0.175,-0.022062,7148.189225,32.234294,0
6998,3012,1651672169,5.613889,-1.113889,0.0,2363.240704,-79.44707,1
6999,3012,1651672170,17.155556,1.041667,-0.046904,7221.857788,48.870976,1
7000,3012,1651672174,0.852778,-0.213889,0.0,358.988073,-24.666424,1
7001,3012,1651672177,11.544444,0.025,0.0,4859.786426,-12.44652,1
7002,3012,1651672179,0.5,0.025,0.0,210.481607,-10.252783,1
7003,3012,1651672184,0.0,0.0,0.0,0.0,-1.024596,1
7004,3012,1651672189,8.683333,-0.4,0.0,3655.3639,-37.120978,1
7005,3012,1651672190,8.283333,-0.241667,0.0,3486.978614,-27.461046,1
7006,3012,1651672191,8.041667,-0.018056,-0.026733,3385.245838,-14.474579,1
7007,3012,1651672194,23.283333,-0.652778,0.0,9801.426809,-60.060987,1
7008,3012,1651672196,0.0,0.138889,0.0,0.0,13.063659,1
7009,3012,1651672197,0.138889,0.633333,0.0,58.467113,17.652166,0
7010,3012,1651672197,22.744444,0.130556,-0.024627,9574.574411,-1.160824,1
7011,3012,1651672199,1.405556,0.416667,0.0,591.687183,4.953588,0
7012,3012,1651672199,23.005556,-0.186111,-0.062564,9684.492584,0.171803,0
7013,3012,1651672201,1.722222,0.011111,0.0,724.9922,-11.135119,1
7014,3012,1651672206,4.552778,1.122222,-0.06233,1916.551961,85.356731,1
7015,3012,1651672207,2.866667,1.044444,0.0,1206.761211,32.169965,1
7016,3012,1651672208,7.402778,0.488889,-0.038348,3116.297118,65.188426,1
7017,3012,1651672209,7.891667,0.930556,-0.033085,3322.101356,56.693357,1
7018,3012,1651672213,12.047222,0.880556,0.014882,5071.437374,16.605316,1
7019,3012,1651672213,21.772222,0.005556,0.027802,9165.304621,-35.574363,1
7020,3012,1651672218,2.663889,1.461111,0.0,1121.399226,42.35801,1
7021,3012,1651672218,14.975,0.856944,0.0,6303.924115,19.9465,0
7022,3012,1651672218,21.55,-0.113889,-0.033769,9071.75724,-6.429909,1
7023,3012,1651672219,4.125,1.036111,0.0,1736.473254,38.476191,1
7024,3012,1651672220,5.161111,0.683333,0.0,2172.637916,12.527071,1
7025,3012,1651672228,7.686111,1.925,0.0,3235.570029,27.867431,1
7026,3012,1651672232,9.908333,0.025,0.0,4171.043836,-11.867691,1
7027,3012,1651672235,10.319444,0.844444,-0.027307,4344.10649,23.866964,1
7028,3012,1651672236,11.730556,-2.559722,0.059938,4938.132357,-203.575316,1
7029,3012,1651672237,19.002778,-0.266667,-0.010905,7999.470389,-27.381313,1
7030,3012,1651672241,17.461111,-0.083333,-0.055493,7350.485436,-5.132965,1
7031,3012,1651672243,0.0,0.0,0.0,0.0,-2.802973,1
7032,3012,1651672245,15.005556,0.047222,-0.05369,6316.78688,-3.960821,1
7033,3012,1651672252,0.0,0.0,0.0,0.0,-6e-05,1
7034,3012,1651672258,9.327778,-0.591667,0.0,3926.651304,-48.870513,1
7035,3012,1651672260,9.444444,3.016667,0.047916,3975.763678,29.027717,1
7036,3012,1651672260,0.0,0.0,0.0,0.0,-0.0,1
7037,3012,1651672265,13.633333,0.569444,0.020151,5739.131804,20.735227,0
7038,3012,1651672266,14.202778,0.694444,-0.025053,5978.846967,53.850739,1
7039,3012,1651672272,18.366667,1.263889,0.015611,7731.691012,39.080031,0
7040,3012,1651672273,19.630556,0.475,0.0,8263.74174,26.549604,0
7041,3012,1651672274,20.105556,0.086111,-0.046702,8463.699266,27.188648,0
7042,3012,1651672275,20.191667,0.958333,-0.029757,8499.948876,30.308768,0
7043,3012,1651672275,0.0,0.0,0.0,0.0,-0.0,1
7044,3012,1651672276,21.15,0.255556,-0.037617,8903.371955,15.406886,0
7045,3012,1651672277,0.0,0.0,0.0,0.0,-0.009247,1
7046,3012,1651672278,0.0,0.0,0.0,0.0,-0.001541,1
7047,3012,1651672280,0.0,0.0,0.0,0.0,-0.000257,1
7048,3012,1651672283,0.647222,-0.127778,0.0,272.456746,-19.468561,1
7049,3012,1651672285,20.969444,0.066667,0.113389,8827.364708,-81.420897,1
7050,3012,1651672285,0.0,0.0,0.0,0.0,-0.0,1
7051,3012,1651672287,0.258333,0.091667,0.0,108.74883,5.526695,0
7052,3012,1651672290,0.0,0.441667,0.0,0.0,-3.951601,1
7053,3012,1651672292,0.241667,0.230556,0.0,101.732776,13.902281,0
7054,3012,1651672299,20.977778,0.011111,0.067461,8830.872735,-57.940854,1
7055,3012,1651672302,0.236111,1.116667,0.0,99.394092,67.337684,0
7056,3012,1651672303,1.352778,0.784722,0.0,569.46968,60.239794,1
7057,3012,1651672306,4.577778,0.983333,0.0,1927.076042,31.832593,1
7058,3012,1651672308,5.591667,0.452778,0.0,2353.885966,16.200396,1
7059,3012,1651672309,6.044444,0.808333,-0.029993,2544.488754,37.300728,1
7060,3012,1651672315,22.402778,0.1,0.048037,9430.745314,-42.214718,1
7061,3012,1651672317,22.366667,0.469444,-0.074572,9415.543864,4.234981,0
7062,3012,1651672318,22.836111,0.2,-0.024204,9613.162706,2.794718,0
7063,3012,1651672325,0.0,0.0,0.0,0.0,-1e-06,1
7064,3012,1651672327,0.0,0.0,0.0,0.0,-0.0,1
7065,3012,1651672329,23.941667,0.077778,-0.066644,10078.560925,-1.028373,1
7066,3012,1651672333,0.961111,-0.175,0.0,404.592421,-22.324539,1
7067,3012,1651672340,0.922222,1.741667,0.0,388.22163,42.636499,1
7068,3012,1651672342,3.841667,0.008333,0.08803,1617.200343,-63.129808,1
7069,3012,1651672349,22.286111,-0.258333,0.036326,9381.632939,-56.865822,1
7070,3012,1651672350,22.027778,0.263889,0.035143,9272.884109,-24.49053,1
7071,3012,1651672353,1.466667,2.755556,0.0,617.412712,56.687882,1
7072,3012,1651672354,4.222222,0.401389,0.0,1777.400233,1.20224,0
7073,3012,1651672355,0.15,-0.075,0.0,63.144482,-4.523113,1
7074,3012,1651672357,22.533333,-0.102778,-0.061107,9485.7044,0.086065,0
7075,3012,1651672359,22.4,0.177778,-0.030295,9429.575971,1.395734,0
7076,3012,1651672360,6.266667,0.863889,0.080043,2638.036135,-7.271018,1
7077,3012,1651672365,0.261111,-0.261111,0.0,109.918172,-15.746967,1
7078,3012,1651672367,11.344444,0.169444,0.043136,4775.593783,-28.99756,1
7079,3012,1651672368,22.541667,-0.091667,-0.05362,9489.212426,6.847857,0
7080,3012,1651672369,22.45,0.041667,-0.075889,9450.624132,14.289828,0
7081,3012,1651672370,22.491667,0.0,-0.050311,9468.164266,12.993989,0
7082,3012,1651672374,0.283333,0.163889,0.0,119.27291,9.881705,0
7083,3012,1651672374,22.188889,-0.191667,-0.014003,9340.70596,-23.201516,1
7084,3012,1651672375,0.447222,0.290278,0.0,188.264104,5.745147,0
7085,3012,1651672375,21.997222,-0.072222,0.040149,9260.021344,-47.675414,1
7086,3012,1651672376,13.144444,0.538889,-0.080709,5533.327566,31.152993,1
7087,3012,1651672377,13.683333,0.119444,-0.130576,5760.179965,31.654185,1
7088,3012,1651672379,1.980556,0.808333,0.0,833.74103,37.920178,1
7089,3012,1651672381,21.277778,-0.191667,-0.101367,8957.161699,16.176103,0
7090,3012,1651672382,3.955556,1.483333,-0.034611,1665.143376,73.155109,1
7091,3012,1651672387,10.169444,0.820833,-0.025029,4280.962008,44.185829,1
7092,3012,1651672389,11.811111,0.127778,-0.056279,4972.043282,36.230512,1
7093,3012,1651672393,14.677778,-1.411111,-0.106896,6178.804493,-37.621652,1
7094,3012,1651672393,16.563889,0.233333,0.062157,6972.787887,-38.700733,1
7095,3012,1651672398,17.527778,-0.191667,0.090891,7378.54965,-81.685871,1
7096,3012,1651672399,15.397222,0.444444,0.112069,6481.664138,-54.528159,1
7097,3012,1651672402,7.275,-0.483333,0.0,3062.507375,-41.775611,1
7098,3012,1651672403,6.791667,-0.0875,0.0,2859.041822,-17.793462,1
7099,3012,1651672404,18.361111,0.0,0.09479,7729.352328,-72.898227,1
7100,3012,1651672407,4.433333,-1.136111,0.0,1866.270244,-80.591534,1
7101,3012,1651672408,19.169444,0.55,-0.032919,8069.630925,6.231238,0
7102,3012,1651672408,18.113889,0.741667,0.035976,7625.280867,-9.289391,1
7103,3012,1651672409,18.855556,-0.119444,0.075024,7937.49525,-68.84813,1
7104,3012,1651672413,18.180556,0.808333,0.055778,7653.345081,-1.213574,1
7105,3012,1651672414,0.0,0.483333,0.0,0.0,-0.730112,1
7106,3012,1651672415,18.880556,-0.030556,0.039016,7948.01933,-42.396849,1
7107,3012,1651672418,18.402778,0.75,0.117573,7746.892462,-40.984176,1
7108,3012,1651672420,1.533333,1.891667,0.0,645.476927,66.158926,1
7109,3012,1651672421,3.425,0.219444,-0.027733,1441.799005,51.210224,1
7110,3012,1651672423,3.863889,0.694444,-0.035556,1626.555081,53.190875,1
7111,3012,1651672424,4.558333,0.816667,-0.048346,1918.890646,61.223946,1
7112,3012,1651672424,19.002778,-0.008333,0.0,7999.470389,-18.213856,1
7113,3012,1651672426,6.244444,1.35,-0.028947,2628.681397,63.325872,1
7114,3012,1651672427,7.594444,0.694444,-0.024253,3196.981734,46.275015,1
7115,3012,1651672428,8.288889,0.075,-0.024253,3489.317299,38.980661,1
7116,3012,1651672430,8.802778,0.6125,-0.099727,3705.645617,75.948271,1
7117,3012,1651672432,10.027778,1.047222,-0.068317,4221.325553,90.369584,1
7118,3012,1651672433,19.163889,-0.005556,0.037565,8067.29224,-40.215605,1
7119,3012,1651672441,7.280556,0.691667,-0.025302,3064.846059,42.73884,1
7120,3012,1651672442,17.541667,0.741667,-0.085321,7384.396361,58.316421,1
7121,3012,1651672442,18.783333,0.175,0.03084,7907.092351,-25.141145,1
7122,3012,1651672443,8.663889,1.304167,0.0,3647.178504,25.743746,1
7123,3012,1651672443,18.283333,-0.072222,-0.068712,7696.610744,46.918833,0
7124,3012,1651672444,18.211111,0.463889,-0.075153,7666.207846,48.510143,0
7125,3012,1651672445,18.675,0.636111,-0.075101,7861.488003,42.529916,0
7126,3012,1651672446,19.311111,0.3,-0.026463,8129.26738,21.597246,0
7127,3012,1651672447,19.611111,0.105556,-0.020209,8255.556344,-0.085339,1
7128,3012,1651672449,19.822222,-0.041667,0.0,8344.426356,-20.748632,1
7129,3012,1651672450,19.780556,0.030556,0.030088,8326.886222,-34.044266,1
7130,3012,1651672454,7.638889,-0.127778,-0.108726,3215.69121,27.559647,1
7131,3012,1651672454,20.033333,0.211111,0.061862,8433.296367,-41.96145,1
7132,3012,1651672455,7.511111,0.119444,-0.110352,3161.901467,29.591299,1
7133,3012,1651672458,7.316667,-0.916667,0.0,3080.047508,-67.917036,1
7134,3012,1651672458,19.213889,0.197222,0.032258,8088.340401,-24.903503,1
7135,3012,1651672459,19.411111,-0.438889,-0.047609,8171.363701,-16.448639,1
7136,3012,1651672462,18.827778,0.166667,0.052889,7925.801827,-38.609637,1
7137,3012,1651672467,18.391667,0.2,0.0845,7742.215093,-54.842941,1
7138,3012,1651672468,19.266667,0.919444,-0.014025,8110.557904,1.385943,0
7139,3012,1651672468,1.25,-1.25,0.0,526.204016,-87.161042,1
7140,3012,1651672477,20.85,0.191667,0.057114,8777.082991,-40.90193,1
7141,3012,1651672478,18.325,0.791667,-0.04255,7714.150878,9.309463,0
7142,3012,1651672479,19.116667,-0.005556,-0.07966,8047.413422,17.078631,0
7143,3012,1651672481,19.105556,0.186111,-0.029703,8042.736053,3.961177,0
7144,3012,1651672487,19.966667,-0.283333,0.0,8405.232153,-35.416691,1
7145,3012,1651672501,16.580556,-0.380556,0.133812,6979.80394,-117.555527,1
7146,3012,1651672501,0.0,0.0,0.0,0.0,-0.0,1
7147,3012,1651672505,16.241667,0.077778,-0.095314,6837.144185,20.241244,0
7148,3012,1651672511,16.411111,0.436111,0.017601,6908.474062,-0.242394,1
7149,3012,1651672515,14.763889,-0.8125,-0.048852,6215.054103,-35.628789,1
7150,3012,1651672518,16.133333,0.177778,0.101293,6791.539836,-64.707434,1
7151,3012,1651672521,5.052778,1.352778,-0.025572,2127.033568,58.280256,1
7152,3012,1651672522,6.405556,0.894444,0.0,2696.503248,54.659635,1
7153,3012,1651672523,7.3,0.822222,-0.033085,3073.031455,53.917482,1
7154,3012,1651672525,17.013889,0.441667,0.087648,7162.221332,-41.305793,1
7155,3012,1651672526,9.263889,0.166667,-0.078634,3899.756432,36.541797,1
7156,3012,1651672527,9.430556,0.055556,-0.039016,3969.916967,18.685291,1
7157,3012,1651672527,16.955556,-0.327778,-0.079313,7137.665145,-5.0969,1
7158,3012,1651672528,0.261111,-0.044444,0.0,109.918172,-2.681268,1
7159,3012,1651672529,0.216667,0.183333,0.0,91.208696,11.054817,0
7160,3012,1651672531,0.158333,0.108333,0.0,66.652509,6.532436,0
7161,3012,1651672531,9.238889,-0.431944,0.0,3889.232351,-39.211531,1
7162,3012,1651672531,16.0,-0.35,0.096724,6735.411408,-93.796273,1
7163,3012,1651672538,0.216667,-0.216667,0.0,91.208696,-13.066473,1
7164,3012,1651672540,5.525,0.640278,-0.03078,2325.821752,19.430753,1
7165,3012,1651672542,6.805556,0.386111,0.0,2864.888533,8.576458,0
7166,3012,1651672543,1.25,2.119444,0.076304,526.204016,51.896925,1
7167,3012,1651672544,16.802778,0.25,-0.0897,7073.351321,47.321136,1
7168,3012,1651672544,3.369444,2.216667,0.076304,1418.412159,9.15704,0
7169,3012,1651672547,9.980556,1.130556,0.06618,4201.446734,2.290587,0
7170,3012,1651672548,17.433333,1.0,-0.105543,7338.792013,43.375785,0
7171,3012,1651672553,10.602778,1.033333,0.0,4463.3794,42.875651,1
7172,3012,1651672554,15.936111,0.533333,-0.032587,6708.516536,7.788474,0
7173,3012,1651672554,11.636111,1.055556,0.0,4898.37472,81.080811,1
7174,3012,1651672556,17.002778,0.172222,-0.047758,7157.543963,23.44976,0
7175,3012,1651672567,18.366667,-0.125,0.016775,7731.691012,-34.715764,1
7176,3012,1651672567,14.619444,-0.641667,0.073404,6154.248306,-97.052733,1
7177,3012,1651672570,12.311111,-1.8,0.0,5182.524889,-122.801523,1
7178,3012,1651672571,17.238889,0.416667,-0.038716,7256.938055,16.283934,0
7179,3012,1651672571,10.511111,-1.877778,-0.032205,4424.791106,-107.880967,1
7180,3012,1651672572,17.655556,0.283333,-0.038716,7432.339394,24.941979,0
7181,3012,1651672572,8.633333,-1.129167,-0.028472,3634.315739,-64.338989,1
7182,3012,1651672573,17.938889,0.133333,-0.07366,7551.612304,30.846096,0
7183,3012,1651672574,18.072222,-0.463889,-0.132033,7607.740733,35.149284,0
7184,3012,1651672575,17.608333,-0.183333,-0.115686,7412.460576,39.483606,0
7185,3012,1651672576,17.425,0.006944,-0.123227,7335.283987,36.94349,0
7186,3012,1651672576,4.65,-1.233333,0.0,1957.47894,-86.486803,1
7187,3012,1651672577,3.416667,-0.041667,0.0,1438.290978,-14.461388,1
7188,3012,1651672578,17.6,0.580556,0.15289,7408.952549,-71.238752,1
7189,3012,1651672580,3.780556,0.688889,0.0,1591.474814,3.37092,0
7190,3012,1651672584,18.2,-0.147222,-0.055279,7661.530477,3.837184,0
7191,3012,1651672587,4.763889,-0.184722,0.07795,2005.421973,-69.007963,1
7192,3012,1651672592,16.761111,0.158333,-0.095222,7055.811187,30.332087,0
7193,3012,1651672595,17.130556,-0.159722,0.10016,7211.333707,-84.945407,1
7194,3012,1651672596,0.513889,-0.136111,0.0,216.328318,-19.968535,1
7195,3012,1651672597,17.461111,0.211111,-0.04391,7350.485436,4.868274,0
7196,3012,1651672602,16.452778,0.388889,-0.027955,6926.014196,-0.270246,1
7197,3012,1651672603,18.380556,0.016667,-0.038151,7737.537723,4.610985,0
7198,3012,1651672605,18.788889,0.122222,-0.020813,7909.431035,-0.886045,1
7199,3012,1651672607,18.55,0.325,0.020984,7808.867601,-10.16345,1
7200,3012,1651672622,18.966667,-0.322222,-0.077073,7984.26894,1.893611,0
7201,3012,1651672623,16.883333,-0.025,-0.039189,7107.262246,0.034836,0
7202,3012,1651672628,16.708333,-0.375,0.047515,7033.593684,-66.880065,1
7203,3012,1651672629,16.333333,0.022222,0.01234,6875.732479,-22.068194,1
7204,3012,1651672630,16.502778,0.144444,-0.128893,6947.062357,-5.730455,1
7205,3012,1651672632,16.163889,-0.025,0.0,6804.402601,-17.572516,1
7206,3012,1651672637,15.983333,-0.463889,0.091448,6728.395355,-97.573616,1
7207,3012,1651672637,13.916667,-0.361111,-0.030648,5858.404714,-18.708504,1
7208,3012,1651672640,13.802778,-0.072222,-0.063787,5810.461682,25.78419,1
7209,3012,1651672643,14.033333,0.066667,-0.063787,5907.517089,29.012791,1
7210,3012,1651672644,14.1,0.3,-0.050628,5935.581303,31.146787,1
7211,3012,1651672644,15.736111,0.416667,-0.086906,6624.323894,20.149116,0
7212,3012,1651672649,17.286111,0.116667,-0.085957,7276.816874,35.837758,0
7213,3012,1651672651,16.430556,0.308333,0.025885,6916.659458,-12.82447,1
7214,3012,1651672656,14.147222,-0.786111,-0.065056,5955.460122,-24.223076,1
7215,3012,1651672667,1.044444,-1.044444,0.0,439.672689,-74.757601,1
7216,3012,1651672673,7.880556,-0.094444,0.0,3317.423987,-18.475705,1
7217,3012,1651672673,0.0,0.0,0.0,0.0,-0.009614,1
7218,3012,1651672675,0.0,0.0,0.0,0.0,-0.000267,1
7219,3012,1651672683,0.755556,2.25,0.0,318.061094,57.97511,1
7220,3012,1651672683,3.525,-0.552778,0.0,1483.895326,-45.295439,1
7221,3012,1651672685,4.444444,0.691667,0.0,1870.947613,37.999271,1
7222,3012,1651672687,5.827778,1.030556,0.081937,2453.280058,22.735195,1
7223,3012,1651672688,6.858333,2.369444,0.126834,2887.106036,4.443109,0
7224,3012,1651672693,10.897222,2.138889,-0.028145,4587.329679,51.188751,1
7225,3012,1651672695,13.894444,0.038889,-0.084237,5849.049976,28.739318,1
7226,3012,1651672696,2.186111,1.383333,0.0,920.272357,30.764822,1
7227,3012,1651672698,3.513889,0.802778,0.0,1479.217957,11.767556,1
7228,3012,1651672699,4.316667,0.808333,0.0,1817.157869,12.918078,1
7229,3012,1651672700,13.952778,0.091667,-0.027944,5873.606164,16.210606,0
7230,3012,1651672701,5.197222,0.797222,0.0,2187.839365,17.237063,1
7231,3012,1651672702,5.994444,0.797222,0.0,2523.440594,24.585122,1
7232,3013,1651672705,15.602778,0.044444,-0.144207,6568.195465,57.174137,1
7233,3013,1651672707,8.327778,0.552778,-0.021509,3505.688091,22.404556,1
7234,3013,1651672708,15.691667,-0.505556,-0.09569,6605.614417,44.002784,1
7235,3013,1651672709,9.327778,0.375,-0.041585,3926.651304,1.667116,0
7236,3013,1651672710,16.319444,0.019444,-0.028007,6869.885768,32.449119,0
7237,3013,1651672711,16.338889,0.344444,-0.064538,6878.071164,28.834635,0
7238,3013,1651672712,7.602778,-1.388889,-0.028947,3200.489761,-79.44621,1
7239,3013,1651672713,17.027778,-0.211111,-0.083439,7168.068044,22.740979,0
7240,3013,1651672713,6.213889,-2.233333,-0.062332,2615.818632,-110.431383,1
7241,3013,1651672716,16.497222,0.958333,-0.033441,6944.723672,30.641863,0
7242,3013,1651672717,17.455556,0.344444,-0.026627,7348.146751,19.127626,0
7243,3013,1651672723,18.675,0.275,-0.059552,7861.488003,26.977568,0
7244,3013,1651672727,20.047222,0.65,-0.071916,8439.143078,39.631019,0
7245,3013,1651672728,20.697222,-0.234722,-0.070981,8712.769167,12.08137,0
7246,3013,1651672728,0.0,2.277778,0.0,0.0,72.616331,1
7247,3013,1651672730,3.658333,0.631944,-0.044101,1540.023754,29.044679,1
7248,3013,1651672732,20.469444,0.030556,-0.05278,8616.883102,13.237133,0
7249,3013,1651672733,4.691667,0.4,-0.035556,1975.019074,26.979334,1
7250,3013,1651672734,5.091667,1.95,0.0,2143.40436,56.54623,1
7251,3013,1651672738,8.447222,0.647222,0.044101,3555.969808,4.754052,0
7252,3013,1651672740,10.222222,1.327778,0.043703,4303.179511,10.961157,1
7253,3013,1651672745,19.430556,-0.175,-0.133448,8179.549097,13.111978,0
7254,3013,1651672747,18.855556,-0.027778,-0.156596,7937.49525,61.453417,0
7255,3013,1651672748,18.827778,0.358333,-0.12383,7925.801827,56.422405,0
7256,3013,1651672750,14.194444,0.380556,-0.055423,5975.33894,16.674599,0
7257,3013,1651672751,14.575,0.019444,-0.068678,6135.53883,19.237358,0
7258,3013,1651672751,19.836111,0.0,-0.050759,8350.273067,23.347352,0
7259,3013,1651672752,19.836111,0.016667,-0.055825,8350.273067,20.44868,0
7260,3013,1651672755,14.136111,-0.683333,0.02997,5950.782753,-73.867776,1
7261,3013,1651672757,19.738889,0.180556,-0.077839,8309.346088,12.036522,0
7262,3013,1651672761,20.15,0.241667,-0.13151,8482.408742,36.019254,0
7263,3013,1651672762,10.819444,-1.069444,0.0,4554.588096,-78.177666,1
7264,3013,1651672763,19.841667,0.141667,0.039294,8352.611751,-32.788197,1
7265,3013,1651672771,3.441667,0.502778,0.0,1448.815058,-0.697745,1
7266,3013,1651672776,19.491667,-0.391667,-0.076849,8205.274627,11.45019,0
7267,3013,1651672777,19.1,0.819444,-0.051927,8040.397368,12.009637,0
7268,3013,1651672780,18.113889,0.344444,-0.124097,7625.280867,24.025953,0
7269,3013,1651672784,0.0,0.0,0.0,0.0,-0.000916,1
7270,3013,1651672788,18.083333,-0.308333,-0.043963,7612.418102,-9.897412,1
7271,3013,1651672790,17.466667,-0.561111,-0.035179,7352.82412,-29.942859,1
7272,3013,1651672791,2.216667,1.641667,0.0,933.135122,52.544514,1
7273,3013,1651672792,3.858333,0.380556,0.0,1624.216397,20.41135,1
7274,3013,1651672794,4.655556,0.580556,0.0,1959.817625,9.634811,0
7275,3013,1651672797,7.069444,0.441667,0.0,2975.976047,18.707566,1
7276,3013,1651672798,10.308333,-2.647222,-0.101938,4339.429121,-113.26716,1
7277,3013,1651672801,7.675,-0.786111,0.030451,3230.89266,-78.024133,1
7278,3013,1651672803,5.927778,0.033333,0.030895,2495.376379,-28.477615,1
7279,3013,1651672804,5.947222,1.136111,0.0,2503.561775,27.302448,1
7280,3013,1651672805,7.083333,0.431944,-0.042416,2981.822759,46.66702,1
7281,3013,1651672807,7.947222,0.863889,-0.057894,3345.488201,59.782111,1
7282,3013,1651672809,9.644444,0.175,-0.042653,4059.956321,43.444065,1
7283,3013,1651672811,9.994444,0.830556,0.0,4207.293446,42.106672,1
7284,3013,1651672812,10.825,0.805556,-0.036029,4556.926781,42.946667,1
7285,3013,1651672813,11.630556,0.666667,-0.025896,4896.036036,30.708564,1
7286,3013,1651672818,13.180556,0.130556,-0.033973,5548.529016,-0.053353,1
7287,3013,1651672819,7.275,0.636111,-0.037569,3062.507375,16.061184,1
7288,3013,1651672822,13.313889,-0.611111,0.023082,5604.657444,-65.095276,1
7289,3013,1651672827,12.819444,-0.127778,-0.058159,5396.514522,11.828654,0
7290,3013,1651672828,12.691667,-0.308333,-0.115442,5342.724778,18.57275,1
7291,3013,1651672830,2.922222,1.305556,0.035556,1230.148056,35.583472,1
7292,3013,1651672831,12.083333,-0.005556,-0.040876,5086.638824,3.172113,0
7293,3013,1651672835,11.219444,-0.008333,-0.029482,4722.973381,-9.924685,1
7294,3013,1651672840,8.688889,-1.208333,0.068585,3657.702584,-126.123761,1
7295,3013,1651672854,0.0,0.0,0.0,0.0,-0.000267,1
7296,3013,1651672860,0.483333,-0.241667,0.0,203.465553,-26.333373,1
7297,3013,1651672862,2.766667,0.445833,-0.048036,1164.664889,40.606198,1
7298,3013,1651672865,0.0,0.186111,0.0,0.0,5.344433,1
7299,3013,1651672867,7.825,0.713889,-0.042931,3294.037142,43.373453,1
7300,3013,1651672868,8.538889,-0.108333,-0.032207,3594.558102,-0.556904,1
7301,3013,1651672869,8.430556,0.5,-0.042047,3548.953754,11.612321,1
7302,3013,1651672871,2.3,0.880556,0.056243,968.21539,20.393071,1
7303,3013,1651672875,6.405556,0.725,0.023458,2696.503248,26.530316,1
7304,3013,1651672877,4.336111,1.744444,0.051111,1825.343265,27.710558,1
7305,3013,1651672880,8.997222,0.505556,0.0,3787.499575,4.048914,0
7306,3013,1651672881,9.263889,-0.358333,0.0,3899.756432,-34.780172,1
7307,3013,1651672882,9.697222,0.186111,0.0,4082.173824,-2.083915,1
7308,3013,1651672886,10.922222,-0.505556,0.02954,4597.85376,-61.566605,1
7309,3013,1651672887,9.502778,-1.291667,0.0,4000.319866,-91.137116,1
7310,3013,1651672892,4.430556,-1.108333,0.0,1865.100902,-78.916038,1
7311,3013,1651672894,3.261111,0.366667,0.0,1372.807811,15.841191,1
7312,3013,1651672895,3.627778,1.461111,0.0,1527.160989,25.973336,1
7313,3013,1651672899,5.572222,0.477778,0.0,2345.70057,6.326337,0
7314,3013,1651672901,6.630556,-0.336111,0.0,2791.219971,-32.749852,1
7315,3013,1651672903,5.958333,0.586111,0.0,2508.239144,10.18486,0
7316,3013,1651672904,6.544444,0.538889,-0.059461,2754.970361,36.893924,1
7317,3013,1651672906,0.0,0.0,0.0,0.0,-0.000735,1
7318,3013,1651672908,8.230556,1.133333,-0.033085,3464.761111,49.782397,1
7319,3013,1651672909,9.363889,0.688889,-0.057845,3941.852753,7.917945,0
7320,3013,1651672912,6.827778,-1.469444,-0.022061,2874.243271,-88.167757,1
7321,3013,1651672915,2.763889,1.438889,-0.062332,1163.495547,32.374284,1
7322,3013,1651672916,4.202778,1.069444,0.0,1769.214837,61.504336,1
7323,3013,1651672921,8.647222,1.097222,0.0,3640.16245,11.551477,1
7324,3013,1651672921,0.416667,0.266667,0.0,175.401339,4.321756,0
7325,3013,1651672922,0.683333,0.591667,0.0,287.658196,15.225247,0
7326,3013,1651672922,9.744444,0.944444,0.0,4102.052642,8.414186,0
7327,3013,1651672923,1.275,1.170833,0.077122,536.728097,19.673312,1
7328,3013,1651672930,2.572222,0.330556,0.0,1082.810931,29.283619,1
7329,3013,1651672931,2.902778,1.208333,0.0,1221.96266,80.806687,1
7330,3013,1651672932,4.111111,4.7,0.022061,1730.626542,86.066574,1
7331,3013,1651672938,7.969444,-0.761111,-0.025572,3354.842939,-43.667331,1
7332,3013,1651672940,8.025,-0.761111,0.0,3378.229784,-58.715745,1
7333,3013,1651672942,4.408333,-0.180556,-0.078642,1855.746164,7.018377,0
7334,3013,1651672946,6.483333,1.191667,-0.081214,2729.244831,88.884336,1
7335,3013,1651672947,7.675,1.169444,0.0,3230.89266,62.717083,1
7336,3013,1651672947,3.683333,-1.147222,0.0,1550.547835,-81.161179,1
7337,3013,1651672948,8.844444,0.694444,0.0,3723.185751,36.805705,1
7338,3013,1651672955,5.797222,0.205556,0.0,2440.417293,11.479623,1
7339,3013,1651672958,7.1,1.625,0.0,2988.838812,41.82386,1
7340,3013,1651672958,6.4,0.883333,0.067496,2694.164563,-4.535969,1
7341,3013,1651672959,8.725,0.513889,0.0,3672.904033,12.44018,1
7342,3013,1651672962,9.183333,2.191667,0.078038,3865.845506,3.71731,0
7343,3013,1651672962,9.472222,0.230556,0.029973,3987.457101,-16.943098,1
7344,3013,1651672967,9.605556,0.175,-0.027262,4043.585529,4.354036,0
7345,3013,1651672969,10.005556,0.366667,-0.027262,4211.970815,16.762108,1
7346,3013,1651672970,12.666667,0.108333,-0.061501,5332.200698,7.284457,0
7347,3013,1651672971,10.783333,0.416667,0.0,4539.386647,2.361949,0
7348,3013,1651672972,13.083333,-0.241667,-0.032715,5507.602037,-9.919327,1
7349,3013,1651672976,11.786111,0.055556,-0.02454,4961.519202,4.372294,0
7350,3013,1651672977,11.841667,-0.025,-0.033126,4984.906047,3.176931,0
7351,3013,1651672977,12.238889,-0.694444,0.090646,5152.12199,-109.265425,1
7352,3013,1651672982,6.552778,-1.563889,0.0,2758.478387,-106.771904,1
7353,3013,1651672987,1.619444,0.819444,0.0,681.726537,17.172669,1
7354,3013,1651672988,2.438889,0.979167,0.0,1026.682503,40.619069,1
7355,3013,1651672998,10.222222,-0.302778,0.029973,4303.179511,-49.34851,1
7356,3013,1651673000,0.0,0.0,0.0,0.0,-0.936169,1
7357,3013,1651673001,0.0,0.0,0.0,0.0,-0.156028,1
7358,3013,1651673003,8.925,-1.161111,0.0,3757.096676,-83.08861,1
7359,3013,1651673012,5.091667,0.938889,0.0,2143.40436,13.084332,1
7360,3013,1651673037,0.0,0.586111,0.0,0.0,30.39675,1
7361,3013,1651673038,0.586111,0.988889,0.0,246.731217,45.293763,1
7362,3013,1651673045,3.822222,0.761111,-0.058432,1609.014947,9.976327,0
7363,3013,1651673046,4.583333,0.402778,0.0,1929.414726,6.778318,0
7364,3013,1651673051,3.25,-0.797222,0.0,1368.130442,-60.005503,1
7365,3013,1651673072,0.0,0.0,0.0,0.0,-0.0,1
7366,3013,1651673084,0.0,0.0,0.0,0.0,-1.563484,1
7367,3013,1651673087,0.0,0.0,0.0,0.0,2.559933,1
7368,3013,1651673099,0.0,0.0,0.0,0.0,-0.247121,1
7369,3013,1651673104,0.175,0.188889,0.0,73.668562,11.390104,0
7370,3013,1651673108,0.144444,0.533333,0.0,60.805797,32.161377,0
7371,3013,1651673125,0.163889,0.018056,0.0,68.991193,1.088365,0
7372,3013,1651673127,0.2,0.119444,0.0,84.192643,7.202226,0
7373,3013,1651673132,0.180556,0.422222,0.0,76.007247,25.460825,0
7374,3013,1651673133,0.602778,0.219444,0.0,253.74727,4.010934,0
7375,3013,1651673136,0.0,0.0,0.0,0.0,18.588639,1
7376,3013,1651673138,1.363889,1.347222,0.0,574.147049,36.232882,1
7377,3013,1651673139,1.563889,0.361111,0.0,658.339691,8.450442,0
7378,3013,1651673140,1.925,0.272222,0.0,810.354185,-2.401019,1
7379,3013,1651673143,4.208333,0.883333,0.057269,1771.553521,-0.02276,1
7380,3013,1651673144,3.175,1.016667,0.083941,1336.558201,-6.892772,1
7381,3013,1651673147,3.719444,-0.355556,0.0,1565.749284,-33.425533,1
7382,3013,1651673149,5.088889,-0.711111,0.038202,2142.235017,-77.507307,1
7383,3013,1651673152,3.7,-0.258333,0.0,1557.563888,-27.56034,1
7384,3013,1651673153,4.327778,0.109722,-0.034612,1821.835239,2.978544,0
7385,3013,1651673155,4.547222,0.372222,-0.035098,1914.213277,18.734317,1
7386,3013,1651673156,4.919444,0.858333,0.0,2070.90514,12.666145,1
7387,3013,1651673156,5.658333,0.941667,0.038209,2381.95018,6.658611,0
7388,3013,1651673161,6.344444,0.183333,0.0,2670.777718,-1.364455,1
7389,3013,1651673162,6.527778,0.277778,0.0,2747.954307,5.835593,0
7390,3013,1651673162,6.997222,-0.463889,0.0,2945.573149,-40.537669,1
7391,3013,1651673163,6.805556,0.725,0.0,2864.888533,3.60559,0
7392,3013,1651673163,6.533333,-0.1125,-0.054045,2750.292992,-0.874934,1
7393,3013,1651673165,6.308333,0.0,-0.061748,2655.576269,16.418222,1
7394,3013,1651673166,6.308333,0.188889,-0.054902,2655.576269,22.994052,1
7395,3013,1651673168,6.769444,-0.254167,-0.038622,2849.687084,-5.133387,1
7396,3013,1651673172,4.933333,-0.483333,0.0,2076.751851,-41.304161,1
7397,3013,1651673174,2.252778,-1.563889,0.0,948.336572,-106.147481,1
7398,3013,1651673177,4.505556,0.577778,0.066097,1896.673143,-16.04775,1
7399,3013,1651673181,0.144444,-0.072222,0.0,60.805797,-4.355577,1
7400,3013,1651673186,0.0,0.0,0.0,0.0,-0.003361,1
7401,3013,1651673190,1.116667,0.997222,0.0,470.075588,112.420045,1
7402,3013,1651673191,2.113889,3.627778,-0.123109,889.869459,163.439286,1
7403,3013,1651673192,5.741667,1.466667,-0.106202,2417.030448,147.827361,1
7404,3013,1651673192,1.877778,-1.877778,0.0,790.475367,-125.05045,1
7405,3013,1651673193,7.208333,0.730556,-0.10323,3034.44316,126.505733,1
7406,3013,1651673195,9.805556,0.406944,-0.070042,4127.778172,70.292035,1
7407,3013,1651673197,10.619444,0.158333,-0.035858,4470.395454,43.340319,1
7408,3013,1651673198,10.777778,0.675,-0.02454,4537.047962,34.492598,1
7409,3013,1651673199,11.452778,0.841667,0.0,4821.198131,20.264971,1
7410,3013,1651673201,12.427778,1.261111,0.028742,5231.637264,7.598852,0
7411,3013,1651673203,14.213889,0.138889,0.073404,5983.524336,-49.79002,1
7412,3013,1651673203,0.0,0.0,0.0,0.0,-1.2e-05,1
7413,3013,1651673206,0.0,0.0,0.0,0.0,-0.0,1
7414,3013,1651673209,0.0,0.0,0.0,0.0,-0.0,1
7415,3013,1651673216,3.116667,0.648611,0.0,1312.002014,16.08793,1
7416,3013,1651673229,4.975,3.044444,0.0,2094.291985,107.39816,1
7417,3013,1651673230,8.019444,0.313889,0.0,3375.8911,73.21097,1
7418,3013,1651673233,2.794444,1.191667,0.092068,1176.358312,-7.365589,1
7419,3013,1651673235,10.408333,0.383333,0.027263,4381.525442,-6.445551,1
7420,3013,1651673236,10.791667,-1.566667,0.079785,4542.894674,-154.963385,1
7421,3013,1651673240,5.819444,-0.2375,0.0,2449.772031,-26.63675,1
7422,3013,1651673242,3.205556,2.130556,0.034197,1349.420966,59.003685,1
7423,3013,1651673243,5.336111,2.925,0.043405,2246.306478,85.503509,1
7424,3013,1651673244,2.608333,0.797222,0.0,1098.012381,-2.490609,1
7425,3013,1651673246,10.133333,0.758333,-0.062169,4265.760558,47.427716,1
7426,3013,1651673254,3.411111,0.375,0.0,1435.952293,12.804904,1
7427,3013,1651673258,7.736111,0.869444,0.0,3256.618189,69.002409,1
7428,3013,1651673270,0.0,0.0,0.0,0.0,-4e-06,1
7429,3013,1651673274,0.144444,0.055556,0.0,60.805797,3.349835,0
7430,3013,1651673278,5.786111,-3.25,0.0,2435.739924,-208.293841,1
7431,3013,1651673281,0.688889,0.652778,0.0,289.99688,0.351482,0
7432,3013,1651673282,3.719444,-0.123611,0.0,1565.749284,-19.438534,1
7433,3013,1651673283,1.341667,1.206944,0.033613,564.792311,13.432733,0
7434,3013,1651673285,2.922222,-1.133333,0.0,1230.148056,-80.240723,1
7435,3013,1651673288,1.305556,1.472222,0.0,549.590861,37.170352,1
7436,3013,1651673290,3.944444,0.994444,0.0,1660.466007,61.476454,1
7437,3013,1651673292,5.283333,0.852778,0.0,2224.088975,43.457773,1
7438,3013,1651673293,6.136111,1.111111,-0.041196,2583.077049,49.873994,1
7439,3013,1651673293,7.15,2.480556,0.0,3009.886973,38.185993,1
7440,3013,1651673294,9.630556,0.115278,-0.023518,4054.10961,32.096938,1
7441,3013,1651673294,7.247222,0.572222,-0.036967,3050.813952,29.420675,1
7442,3013,1651673296,9.861111,0.088889,-0.026946,4151.165017,31.928197,1
7443,3013,1651673298,10.905556,0.972222,-0.014882,4590.837706,48.208799,1
7444,3013,1651673298,7.988889,-0.802778,0.0,3363.028335,-61.218843,1
7445,3013,1651673305,3.213889,0.425,0.0,1352.928993,20.543342,1
7446,3013,1651673307,4.063889,1.55,0.0,1710.747724,40.105859,1
7447,3013,1651673312,5.613889,-1.75,0.0,2363.240704,-117.806623,1
7448,3013,1651673314,2.844444,0.9,0.0,1197.406473,-1.689234,1
7449,3013,1651673315,9.541667,1.375,0.035922,4016.690657,15.444653,1
7450,3013,1651673317,10.863889,0.233333,0.0,4573.297572,3.445298,0
7451,3013,1651673317,4.619444,1.6,0.061749,1944.616176,11.709718,1
7452,3013,1651673318,6.219444,0.713889,0.0,2618.157316,1.684768,0
7453,3013,1651673323,5.125,-1.580556,-0.077533,2157.436467,-61.937299,1
7454,3013,1651673328,6.394444,-0.375,0.035556,2691.825879,-55.932552,1
7455,3013,1651673330,5.638889,-0.541667,0.044101,2373.764784,-70.847887,1
7456,3013,1651673332,3.991667,-2.555556,0.0,1680.344825,-166.12725,1
7457,3013,1651673344,0.0,0.0,0.0,0.0,-2e-06,1
7458,3013,1651673349,0.0,0.0,0.0,0.0,-0.0,1
7459,3013,1651673350,0.0,0.0,0.0,0.0,-0.0,1
7460,3013,1651673354,0.0,0.0,0.0,0.0,-0.004894,1
7461,3013,1651673355,0.0,0.580556,0.0,0.0,8.859782,1
7462,3013,1651673362,0.0,0.0,0.0,0.0,-0.003946,1
7463,3013,1651673366,0.0,0.0,0.0,0.0,-1.8e-05,1
7464,3013,1651673367,0.0,0.0,0.0,0.0,-3e-06,1
7465,3013,1651673368,0.0,0.0,0.0,0.0,-1e-06,1
7466,3013,1651673369,0.0,0.0,0.0,0.0,-0.0,1
7467,3013,1651673371,0.422222,0.586111,0.0,177.740023,23.58521,0
7468,3013,1651673372,1.008333,0.302778,0.0,424.47124,10.985916,0
7469,3013,1651673378,6.780556,0.802778,-0.023996,2854.364453,10.029147,0
7470,3013,1651673380,2.525,0.722222,0.0,1062.932113,0.627166,0
7471,3013,1651673381,3.247222,0.127778,0.0,1366.9611,-4.22472,1
7472,3013,1651673388,5.597222,-0.147222,-0.029973,2356.224651,-3.529614,1
7473,3013,1651673398,3.405556,-0.238889,0.0,1433.613609,-26.353274,1
7474,3013,1651673401,0.0,0.0,0.0,0.0,-0.000128,1
7475,3013,1651673408,1.605556,-0.376389,0.0,675.879825,-34.496217,1
7476,3013,1651673418,0.144444,0.058333,0.0,60.805797,3.517344,0
7477,3013,1651673420,1.213889,0.997222,0.0,511.002567,36.141014,1
7478,3013,1651673423,3.538889,0.025,-0.054031,1489.742037,9.370852,0
7479,3013,1651673426,3.225,0.227778,0.0,1357.606362,3.757421,0
7480,3013,1651673430,4.291667,-0.794444,0.0,1806.633789,-59.967547,1
7481,3013,1651673434,4.552778,0.838889,0.0,1916.551961,47.901906,1
7482,3013,1651673435,5.391667,1.352778,0.0,2269.693323,77.51897,1
7483,3013,1651673438,10.258333,0.380556,0.0,4318.38096,20.568286,1
7484,3013,1651673442,0.0,0.0,0.0,0.0,-0.0,1
7485,3013,1651673443,12.5,1.447222,0.0,5262.040163,40.991733,1
7486,3013,1651673444,0.0,0.0,0.0,0.0,-0.0,1
7487,3013,1651673446,14.6,0.333333,-0.029996,6146.06291,24.745269,0
7488,3013,1651673447,0.0,0.0,0.0,0.0,-0.0,1
7489,3013,1651673452,16.936111,0.061111,0.035991,7129.479749,-33.944735,1
7490,3013,1651673461,12.033333,-0.427778,-0.061147,5065.590663,-3.998189,1
7491,3013,1651673467,8.013889,-0.527778,0.072261,3373.552415,-87.050197,1
7492,3013,1651673468,0.0,0.0,0.0,0.0,-0.0,1
7493,3013,1651673478,0.0,0.0,0.0,0.0,-0.871015,1
7494,3013,1651673482,0.0,0.0,0.0,0.0,1.32209,1
7495,3013,1651673483,2.480556,2.302778,0.0,1044.222637,91.727833,1
7496,3013,1651673486,6.038889,0.756944,0.033008,2542.15007,22.093075,1
7497,3013,1651673488,7.552778,1.572222,0.0,3179.4416,48.739366,1
7498,3013,1651673488,0.888889,1.211111,0.0,374.189523,37.645256,1
7499,3013,1651673490,10.258333,1.075,0.0,4318.38096,24.831947,1
7500,3013,1651673490,4.058333,-0.261111,0.0,1708.409039,-27.773696,1
7501,3013,1651673494,12.808333,1.019444,0.0,5391.837153,37.029923,1
7502,3013,1651673495,13.827778,0.577778,0.0,5820.985762,32.443556,1
7503,3013,1651673495,3.213889,-0.708333,0.0,1352.928993,-54.641366,1
7504,3013,1651673497,15.288889,-0.458333,-0.046195,6436.05979,-16.093377,1
7505,3013,1651673508,9.825,0.294444,0.0,4135.963568,1.515408,0
7506,3013,1651673510,10.205556,0.725,-0.046933,4296.163457,27.137541,1
7507,3013,1651673511,10.930556,0.330556,-0.025652,4601.361787,12.358997,1
7508,3013,1651673514,3.761111,0.811111,0.0,1583.289418,5.025703,0
7509,3013,1651673517,5.025,0.355556,0.048341,2115.340145,-19.121861,1
7510,3013,1651673518,7.794444,-0.675,0.037569,3281.174377,-75.532754,1
7511,3013,1651673519,5.766667,0.869444,0.044972,2427.554528,-1.496835,1
7512,3013,1651673526,1.611111,-0.316667,0.0,678.21851,-30.895069,1
7513,3013,1651673531,4.988889,1.313889,0.0,2100.138696,17.372812,1
7514,3013,1651673536,7.541667,-0.102778,0.0,3174.764231,-18.892042,1
7515,3013,1651673543,6.966667,-0.172222,0.0,2932.710384,-22.942191,1
7516,3013,1651673551,4.330556,-0.441667,0.041196,1823.004581,-62.89829,1
7517,3013,1651673552,0.0,0.0,0.0,0.0,-0.0,1
7518,3013,1651673556,0.0,0.0,0.0,0.0,-0.0,1
7519,3013,1651673564,0.0,0.0,0.0,0.0,-0.0,1
7520,3013,1651673571,3.627778,1.111111,-0.046783,1527.160989,55.156249,1
7521,3013,1651673574,7.166667,0.683333,-0.050945,3016.903027,48.129654,1
7522,3013,1651673575,7.85,0.136111,-0.024249,3304.561222,11.315221,1
7523,3013,1651673580,4.752778,-0.755556,0.0,2000.744604,-57.691199,1
7524,3013,1651673584,3.019444,0.083333,0.0,1271.075035,-6.881324,1
7525,3013,1651673587,4.547222,0.0,-0.046132,1914.213277,32.89365,1
7526,3013,1651673588,4.547222,0.772222,-0.044972,1914.213277,40.751874,1
7527,3013,1651673590,6.091667,0.358333,-0.046782,2564.367573,38.131912,1
7528,3013,1651673593,6.769444,0.0125,-0.065069,2849.687084,2.301358,0
7529,3013,1651673597,5.591667,-1.752778,0.0,2353.885966,-117.970025,1
7530,3013,1651673598,3.838889,-0.655556,0.0,1616.031001,-51.531389,1
7531,3013,1651673600,0.0,0.0,0.0,0.0,-0.0,1
7532,3013,1651673601,3.502778,0.894444,0.0,1474.540588,21.280221,1
7533,3013,1651673604,0.458333,0.688889,0.0,192.941473,29.782518,0
7534,3013,1651673607,6.611111,0.344444,0.03938,2783.034575,-14.839113,1
7535,3013,1651673610,8.430556,0.988889,0.0,3548.953754,56.626341,1
7536,3013,1651673611,9.419444,1.672222,0.0,3965.239598,32.908073,1
7537,3013,1651673611,7.005556,-0.369444,-0.022497,2949.081176,-21.618245,1
7538,3013,1651673622,5.330556,0.0,-0.04834,2243.967794,31.209732,1
7539,3013,1651673623,5.330556,0.827778,-0.036185,2243.967794,38.289973,1
7540,3013,1651673624,16.694444,0.394444,0.0,7027.746973,5.23962,0
7541,3013,1651673625,6.986111,0.483333,-0.027731,2940.89578,32.24381,1
7542,3013,1651673625,17.088889,0.494444,-0.048477,7193.793573,12.380701,0
7543,3013,1651673626,7.469444,0.15,-0.034868,3144.361333,25.78619,1
7544,3013,1651673629,7.988889,0.0625,-0.098185,3363.028335,33.318113,1
7545,3013,1651673632,7.7,-0.008333,-0.06965,3241.41674,30.364403,1
7546,3013,1651673633,7.691667,0.563889,-0.065574,3237.908713,32.080194,1
7547,3013,1651673634,8.255556,-0.230556,-0.065574,3475.285192,16.230969,1
7548,3013,1651673638,19.394444,0.602778,0.041182,8164.347648,-5.800571,1
7549,3013,1651673645,4.913889,1.777778,0.0,2068.566455,62.093204,1
7550,3013,1651673646,21.086111,-0.261111,-0.076481,8876.477083,11.15244,0
7551,3013,1651673647,20.825,0.380556,-0.042679,8766.558911,2.720277,0
7552,3013,1651673648,21.205556,-0.005556,0.009453,8926.7588,-25.063129,1
7553,3013,1651673655,21.127778,-0.108333,0.045855,8894.017217,-52.582802,1
7554,3013,1651673661,7.222222,0.169444,0.043814,3040.289872,-28.133361,1
7555,3013,1651673662,20.880556,1.519444,0.027264,8789.945756,8.031055,0
7556,3013,1651673663,22.4,0.2,-0.022312,9429.575971,19.047352,0
7557,3013,1651673663,6.883333,-1.377778,0.050163,2897.630116,-125.081471,1
7558,3013,1651673669,5.155556,1.738889,0.046336,2170.299231,31.873433,1
7559,3013,1651673678,5.730556,0.066667,0.0,2412.353079,-8.277587,1
7560,3013,1651673678,23.0,0.108333,0.104695,9682.153899,-75.311802,1
7561,3013,1651673681,6.647222,2.041667,0.0,2798.236024,35.519448,1
7562,3013,1651673689,9.244444,0.0,-0.066223,3891.571036,26.710359,1
7563,3013,1651673694,8.811111,-1.213889,0.0,3709.153643,-86.237969,1
7564,3013,1651673695,7.597222,-0.75,0.0,3198.151077,-57.935501,1
7565,3013,1651673696,15.083333,-1.461111,0.0,6349.528463,-103.617833,1
7566,3013,1651673701,2.372222,0.447222,-0.04834,998.618289,38.013543,1
7567,3013,1651673707,8.652778,0.0,-0.09275,3642.501135,49.687808,1
7568,3013,1651673707,1.986111,-0.268056,0.0,836.079715,-27.985908,1
7569,3013,1651673712,7.130556,0.0,0.0,3001.701577,-12.594736,1
7570,3013,1651673725,0.0,0.0,0.0,0.0,-0.0,1
7571,3013,1651673726,0.0,0.0,0.0,0.0,-0.0,1
7572,3013,1651673727,0.0,0.0,0.0,0.0,-0.0,1
7573,3013,1651673728,0.0,0.0,0.0,0.0,-0.0,1
7574,3013,1651673731,0.0,0.0,0.0,0.0,-0.0,1
7575,3013,1651673731,0.0,0.0,0.0,0.0,-0.0,1
7576,3013,1651673732,0.0,0.0,0.0,0.0,-0.0,1
7577,3013,1651673736,1.708333,1.116667,-0.052492,719.145489,118.291531,1
7578,3013,1651673738,1.130556,0.990278,0.0,475.922299,33.281547,1
7579,3013,1651673741,8.977778,-0.084722,-0.067777,3779.314179,9.539657,0
7580,3013,1651673750,0.0,0.0,0.0,0.0,-4.200327,1
7581,3013,1651673758,0.0,0.0,0.0,0.0,-1.5e-05,1
7582,3013,1651673761,1.647222,0.375,0.0,693.419959,51.192435,1
7583,3013,1651673762,2.022222,0.688889,0.0,851.281164,90.589789,1
7584,3013,1651673763,2.711111,4.763889,0.0,1141.278044,127.938429,1
7585,3013,1651673765,9.311111,0.802778,0.054044,3919.63525,45.567224,1
7586,3013,1651673770,12.636111,0.575,0.0,5319.337933,37.144803,1
7587,3013,1651673770,1.013889,0.580556,0.0,426.809924,67.69039,1
7588,3013,1651673771,1.594444,4.038889,0.0,671.202456,77.583154,1
7589,3013,1651673773,16.219444,1.127778,-0.028016,6827.789446,56.250569,1
7590,3013,1651673774,17.347222,0.844444,0.0,7302.542403,25.862723,0
7591,3013,1651673777,19.147222,1.622222,-0.110286,8060.276187,70.274196,1
7592,3013,1651673778,20.769444,0.225,-0.097894,8743.172066,51.094365,0
7593,3013,1651673785,22.647222,0.055556,-0.039491,9533.647432,4.210623,0
7594,3013,1651673786,22.702778,0.638889,-0.143755,9557.034277,44.562896,0
7595,3013,1651673787,7.558333,-1.883333,0.0,3181.780285,-126.269438,1
7596,3013,1651673795,7.608333,1.455556,0.0,3202.828446,37.425592,1
7597,3013,1651673798,23.513889,0.047222,-0.044444,9898.482217,6.016628,0
7598,3013,1651673807,23.947222,0.019444,-0.042738,10080.899609,16.799129,0
7599,3013,1651673809,24.272222,0.036111,-0.091193,10217.712653,18.67938,0
7600,3013,1651673812,3.436111,0.186111,0.0,1446.476374,-0.72785,1
7601,3013,1651673815,5.927778,0.456944,0.021828,2495.376379,28.432295,1
7602,3013,1651673815,24.652778,-0.402778,-0.121797,10377.912543,7.333791,0
7603,3013,1651673817,6.841667,0.755556,0.0,2880.089982,38.757057,1
7604,3013,1651673826,12.547222,0.252778,0.0,5281.918981,2.079579,0
7605,3013,1651673828,12.8,0.066667,-0.051637,5388.329126,26.704346,1
7606,3013,1651673830,12.933333,0.441667,-0.065402,5444.457555,38.282651,1
7607,3013,1651673836,7.366667,-1.194444,0.0,3101.095669,-84.68004,1
7608,3013,1651673839,17.238889,0.205556,0.051074,7256.938055,-34.255092,1
7609,3013,1651673842,17.85,0.216667,-0.039738,7514.193352,3.352296,0
7610,3013,1651673845,3.838889,0.913889,0.0,1616.031001,32.192941,1
7611,3013,1651673846,4.752778,0.488889,0.0,2000.744604,47.184087,1
7612,3013,1651673847,5.241667,2.111111,0.0,2206.548842,60.8328,1
7613,3013,1651673847,16.138889,-0.011111,-0.030598,6793.878521,-4.802577,1
7614,3013,1651673854,15.377778,-1.858333,0.073485,6473.478742,-170.844541,1
7615,3013,1651673858,11.591667,0.733333,0.023527,4879.665244,13.055174,1
7616,3013,1651673860,13.261111,0.522222,0.0,5582.439941,29.833494,1
7617,3013,1651673861,13.783333,1.197222,0.0,5802.276286,35.088553,1
7618,3013,1651673867,16.913889,0.452778,0.11157,7120.125011,-54.543207,1
7619,3013,1651673869,0.0,0.0,0.0,0.0,-0.009221,1
7620,3013,1651673875,0.0,0.0,0.0,0.0,-1e-06,1
7621,3013,1651673884,0.0,0.0,0.0,0.0,-0.0,1
7622,3013,1651673893,21.319444,0.286111,0.032652,8974.701833,-21.181751,1
7623,3013,1651673896,1.527778,0.755556,-0.086645,643.138242,68.260785,1
7624,3013,1651673902,21.966667,0.355556,0.035511,9247.158579,-19.134767,1
7625,3013,1651673903,10.072222,1.416667,-0.04313,4240.035029,87.130724,1
7626,3013,1651673906,12.433333,0.897222,-0.077876,5233.975948,84.393814,1
7627,3013,1651673907,13.330556,1.105556,-0.088365,5611.673498,89.147532,1
7628,3013,1651673908,14.436111,1.475,-0.077526,6077.071717,61.957833,1
7629,3013,1651673910,23.730556,-0.144444,-0.033062,9989.690913,-10.316432,1
7630,3013,1651673911,23.586111,0.202778,-0.041403,9928.885116,11.542424,0
7631,3013,1651673911,15.783333,-0.016667,0.063199,6644.202712,-53.970192,1
7632,3013,1651673916,25.044444,-0.041667,-0.024137,10542.789801,-10.4225,1
7633,3013,1651673918,17.541667,0.102778,0.084615,7384.396361,-60.269427,1
7634,3013,1651673925,25.897222,-0.011111,-0.049721,10901.777875,2.890971,0
7635,3013,1651673928,26.35,0.119444,0.015608,11092.380663,-25.176601,1
7636,3013,1651673929,26.469444,-0.036111,0.025973,11142.66238,-40.749762,1
7637,3013,1651673933,18.613889,0.241667,-0.046333,7835.762473,0.201965,0
7638,3013,1651673937,26.941667,0.127778,0.066391,11341.450564,-54.991657,1
7639,3013,1651673948,18.952778,-0.025,0.037268,7978.422229,-41.080687,1
7640,3013,1651673955,26.016667,-0.341667,-0.074397,10952.059592,1.348011,0
7641,3013,1651673959,18.608333,-0.197222,-0.093156,7833.423789,22.943571,0
7642,3013,1651673960,18.411111,-0.030556,-0.088831,7750.400488,28.786745,0
7643,3013,1651673961,18.380556,-0.009722,-0.10472,7737.537723,22.730905,0
7644,3013,1651673967,26.355556,0.358333,-0.08991,11094.719347,40.130494,0
7645,3013,1651673974,23.627778,-0.730556,0.029948,9946.42525,-82.613603,1
7646,3013,1651673983,11.888889,0.697222,-0.037482,5004.784866,22.076379,1
7647,3013,1651673984,16.847222,-0.236111,-0.023465,7092.060797,-16.880447,1
7648,3013,1651673986,13.525,0.302778,-0.087789,5693.527456,48.547293,1
7649,3013,1651673987,13.827778,0.380556,-0.081066,5820.985762,47.129353,1
7650,3013,1651673994,15.505556,0.175,-0.05547,6527.268486,6.649909,0
7651,3013,1651673995,15.680556,0.023611,-0.047565,6600.937048,16.454944,0
7652,3013,1651673996,0.0,0.0,0.0,0.0,-5.674058,1
7653,3013,1651673997,15.727778,0.261111,-0.063612,6620.815867,15.639711,0
7654,3013,1651674008,0.0,0.0,0.0,0.0,35.265018,1
7655,3013,1651674010,2.35,1.7,0.057847,989.263551,30.893157,1
7656,3013,1651674012,0.0,0.0,0.0,0.0,-2.025388,1
7657,3013,1651674014,6.45,-0.219444,0.101,2715.212724,-84.884015,1
7658,3013,1651674017,0.0,0.0,0.0,0.0,28.412473,1
7659,3013,1651674023,11.6,0.540278,0.045471,4883.173271,-8.10164,1
7660,3013,1651674024,6.177778,0.688889,-0.077861,2600.617183,48.874302,1
7661,3013,1651674027,13.858333,0.613889,0.026865,5833.848527,5.562768,0
7662,3013,1651674027,7.8,0.786111,0.0,3283.513061,31.915878,1
7663,3013,1651674028,8.586111,0.5,0.0,3614.436921,26.613295,1
7664,3013,1651674029,9.086111,0.786111,0.0,3824.918527,25.532868,1
7665,3013,1651674030,9.872222,0.411111,0.0,4155.842386,26.326737,1
7666,3013,1651674031,10.283333,0.383333,-0.031426,4328.90504,41.115797,1
7667,3013,1651674033,11.05,0.725,-0.072302,4651.643504,64.368797,1
7668,3013,1651674034,11.775,0.861111,-0.099683,4956.841833,77.681732,1
7669,3013,1651674035,12.636111,0.658333,-0.086314,5319.337933,74.074565,1
7670,3013,1651674035,16.797222,0.194444,0.050075,7071.012636,-34.091063,1
7671,3013,1651674038,14.027778,0.388889,-0.010334,5905.178405,6.544649,0
7672,3013,1651674040,18.375,0.252778,0.0,7735.199039,-2.081046,1
7673,3013,1651674047,20.908333,0.241667,0.014477,8801.639179,-12.900443,1
7674,3013,1651674052,12.680556,0.572222,0.0,5338.047409,11.696209,0
7675,3013,1651674054,13.494444,0.2,-0.027233,5680.664691,12.633424,0
7676,3013,1651674057,13.572222,-0.016667,-0.118504,5713.406274,36.352515,1
7677,3013,1651674058,13.555556,0.019444,-0.081539,5706.390221,34.491091,1
7678,3013,1651674060,13.827778,0.077778,-0.036757,5820.985762,5.874238,0
7679,3013,1651674063,14.033333,0.0,0.0,5907.517089,-15.003939,1
7680,3013,1651674066,14.244444,-0.041667,-0.029757,5996.387101,-0.121077,1
7681,3013,1651674067,24.213889,0.488889,-0.03757,10193.156466,-0.370005,1
7682,3013,1651674071,25.083333,0.413889,0.011398,10559.160593,-3.872335,1
7683,3013,1651674073,9.866667,0.275,-0.034985,4153.503702,12.271031,1
7684,3013,1651674074,25.877778,0.219444,0.011398,10893.592479,-16.265627,1
7685,3013,1651674075,26.097222,0.277778,0.041771,10985.970517,-30.772915,1
7686,3013,1651674081,12.316667,0.005556,-0.077703,5184.863574,40.583252,1
7687,3013,1651674082,12.322222,0.225,-0.153542,5187.202258,62.098266,1
7688,3013,1651674083,12.547222,1.061111,-0.059612,5281.918981,54.909145,1
7689,3013,1651674083,26.508333,0.397222,0.034183,11159.033171,-19.472935,1
7690,3013,1651674084,13.608333,0.230556,-0.022377,5728.607724,24.851638,1
7691,3013,1651674084,26.905556,-0.113889,0.05144,11326.249114,-60.770356,1
7692,3013,1651674087,27.086111,-0.819444,-0.022978,11402.256361,-59.761635,1
7693,3013,1651674091,13.325,-0.083333,-0.03418,5609.334813,2.558471,0
7694,3013,1651674093,13.158333,-0.188889,-0.0728,5539.174278,8.426446,0
7695,3013,1651674094,12.969444,-0.283333,-0.107755,5459.659004,-2.029452,1
7696,3013,1651674095,12.686111,-1.625,-0.107397,5340.386094,-49.3276,1
7697,3013,1651674100,25.886111,0.547222,-0.040431,10897.100506,10.90981,0
7698,3013,1651674101,8.947222,0.245833,-0.083751,3766.451414,43.380912,1
7699,3013,1651674103,26.186111,0.363889,0.048077,11023.389469,-29.356638,1
7700,3013,1651674104,9.569444,0.688889,-0.035556,4028.38408,37.407253,1
7701,3013,1651674112,26.766667,0.627778,-0.018679,11267.782001,-12.329742,1
7702,3013,1651674114,27.269444,-0.380556,-0.007176,11479.43295,-42.749625,1
7703,3013,1651674117,9.455556,0.433333,-0.02954,3980.441047,2.552978,0
7704,3013,1651674125,25.497222,-0.125,-0.066493,10733.392589,1.400239,0
7705,3013,1651674135,0.0,0.0,0.0,0.0,-10.392592,1
7706,3013,1651674136,27.013889,0.072222,-0.010812,11371.853462,-13.079572,1
7707,3013,1651674139,27.641667,-0.088889,-0.100575,11636.124813,6.43951,0
7708,3013,1651674143,27.605556,-0.163889,0.0,11620.923363,-34.206714,1
7709,3013,1651674146,0.0,0.0,0.0,0.0,-1e-06,1
7710,3013,1651674147,0.0,0.0,0.0,0.0,-0.0,1
7711,3013,1651674159,27.405556,-0.225,0.025948,11536.730721,-52.957073,1
7712,3013,1651674159,0.0,0.0,0.0,0.0,5.892092,1
7713,3013,1651674161,0.0,0.622222,0.0,0.0,2.51443,1
7714,3013,1651674166,26.922222,-0.516667,0.019673,11333.265168,-66.426702,1
7715,3013,1651674185,27.038889,-0.102778,0.029412,11382.377543,-47.291951,1
7716,3013,1651674196,25.505556,-0.338889,0.052883,10736.900616,-73.974581,1
7717,3013,1651674197,25.166667,-0.236111,0.08552,10594.240861,-86.604813,1
7718,3013,1651674201,3.111111,0.747222,0.0,1309.663329,14.245553,1
7719,3013,1651674202,3.858333,0.719444,0.0,1624.216397,11.374758,1
7720,3013,1651674213,24.816667,0.091667,0.069109,10446.903736,-56.947299,1
7721,3013,1651674215,7.463889,0.111111,0.026863,3142.022648,-21.758843,1
7722,3013,1651674216,25.044444,0.040278,-0.043859,10542.789801,-0.74271,1
7723,3013,1651674221,7.202778,0.220833,-0.081256,3032.104476,26.958494,1
7724,3013,1651674222,25.6,0.425,0.0,10776.658253,-6.665365,1
7725,3013,1651674225,9.125,0.597222,-0.055105,3841.289319,48.723322,1
7726,3013,1651674228,9.825,-0.018056,-0.025747,4135.963568,5.7987,0
7727,3013,1651674230,26.802778,0.230556,0.0146,11282.983451,-18.280736,1
7728,3013,1651674232,27.147222,0.041667,-0.025547,11427.981891,-6.378424,1
7729,3013,1651674243,10.797222,0.808333,0.023525,4545.233358,-0.698925,1
7730,3013,1651674245,26.5,0.080556,0.018426,11155.525145,-29.308168,1
7731,3013,1651674246,26.580556,0.083333,0.0,11189.43607,-18.382479,1
7732,3014,1651674247,26.663889,0.361111,-0.044096,11224.516338,2.426372,0
7733,3014,1651674250,11.9,0.313889,0.037554,5009.462235,-17.224032,1
7734,3014,1651674254,12.063889,0.019444,0.096682,5078.453428,-69.671464,1
7735,3014,1651674257,25.716667,-0.35,-0.06581,10825.770628,-5.087415,1
7736,3014,1651674272,20.758333,0.513889,-0.078632,8738.494697,14.745164,0
7737,3014,1651674274,21.566667,-0.083333,-0.055562,9078.773294,21.14801,0
7738,3014,1651674275,12.361111,-0.030556,-0.014882,5203.57305,-7.37008,1
7739,3014,1651674278,21.230556,0.288889,-0.027527,8937.282881,2.173778,0
7740,3014,1651674279,12.794444,-0.041667,0.115195,5385.990442,-84.453837,1
7741,3014,1651674283,25.083333,0.488889,-0.053574,10559.160593,57.057309,0
7742,3014,1651674284,25.572222,0.6875,-0.051665,10764.96483,27.8151,0
7743,3014,1651674286,26.947222,-0.061111,-0.022062,11343.789248,-14.446577,1
7744,3014,1651674287,26.886111,0.236111,-0.056853,11318.063719,28.471242,0
7745,3014,1651674288,27.122222,0.811111,-0.149018,11417.457811,51.054646,0
7746,3014,1651674292,9.902778,0.138889,-0.04693,4168.705151,23.768054,1
7747,3014,1651674293,10.041667,1.075,-0.09965,4227.172264,72.153485,1
7748,3014,1651674294,11.116667,1.019444,-0.110725,4679.707718,80.618875,1
7749,3014,1651674297,12.602778,0.275,-0.036183,5305.305826,34.406164,1
7750,3014,1651674299,28.172222,-1.041667,-0.092672,11859.469184,-33.214733,1
7751,3014,1651674302,26.369444,-0.327778,-0.095327,11100.566058,16.479836,0
7752,3014,1651674311,24.961111,0.283333,-0.049784,10507.709534,9.203455,0
7753,3014,1651674312,25.244444,-0.175,-0.072654,10626.982444,8.057428,0
7754,3014,1651674313,25.069444,-0.047222,-0.052517,10553.313882,0.268768,0
7755,3014,1651674315,12.844444,-0.038889,0.0,5407.038603,-16.822091,1
7756,3014,1651674316,24.488889,0.001389,-0.082424,10308.92135,20.003208,0
7757,3014,1651674319,24.097222,0.313889,-0.100744,10144.044091,41.735827,0
7758,3014,1651674321,24.169444,0.086111,-0.084709,10174.44699,31.033135,0
7759,3014,1651674322,24.255556,0.386111,-0.063235,10210.6966,2.495596,0
7760,3014,1651674322,14.2,0.138889,0.067397,5977.677625,-46.26612,1
7761,3014,1651674328,24.786111,0.211111,-0.023271,10434.040971,-1.952922,1
7762,3014,1651674335,14.025,0.461111,0.079153,5904.009062,-33.635458,1
7763,3014,1651674337,14.286111,0.0,0.028025,6013.927235,-31.588384,1
7764,3014,1651674345,11.719444,1.661111,-0.022496,4933.454988,36.798028,1
7765,3014,1651674346,13.380556,0.386111,-0.023077,5632.721658,41.610643,1
7766,3014,1651674348,13.766667,0.4625,-0.056472,5795.260232,24.657528,1
7767,3014,1651674356,4.419444,-2.283333,0.0,1860.423533,-149.770708,1
7768,3014,1651674357,16.0,0.355556,-0.053305,6735.411408,-1.067544,1
7769,3014,1651674362,16.147222,-0.013889,0.122774,6797.386548,-88.791892,1
7770,3014,1651674363,16.133333,0.036111,0.061619,6791.539836,-50.046299,1
7771,3014,1651674369,16.036111,-0.525,-0.092751,6750.612857,23.62773,0
7772,3014,1651674370,15.511111,0.255556,-0.147015,6529.607171,44.151109,1
7773,3014,1651674371,15.766667,-0.069444,-0.096696,6637.186658,34.917023,0
7774,3014,1651674372,0.0,0.0,0.0,0.0,-8e-06,1
7775,3014,1651674373,15.627778,-0.025,-0.065223,6578.719545,12.555069,0
7776,3014,1651674376,15.625,-0.011111,-0.036111,6577.550203,13.86734,0
7777,3014,1651674378,15.602778,0.266667,-0.087901,6568.195465,41.577489,1
7778,3014,1651674379,15.869444,0.541667,-0.094144,6680.452322,54.456828,1
7779,3014,1651674383,0.0,0.0,0.0,0.0,-0.0,1
7780,3014,1651674394,0.0,0.0,0.0,0.0,-0.386226,1
7781,3014,1651674396,0.0,0.0,0.0,0.0,-0.010728,1
7782,3014,1651674401,17.413889,0.048611,-0.121952,7330.606618,26.07179,0
7783,3014,1651674403,17.511111,-0.061111,-0.062651,7371.533597,19.209724,0
7784,3014,1651674406,17.594444,0.102778,-0.046815,7406.613864,2.781592,0
7785,3014,1651674409,0.433333,0.281944,0.0,182.417392,5.242822,0
7786,3014,1651674410,1.636111,2.336111,-0.051278,688.74259,101.476029,1
7787,3014,1651674411,3.972222,2.205556,-0.051278,1672.159429,78.95308,1
7788,3014,1651674411,17.836111,0.241667,-0.034205,7508.346641,14.854795,0
7789,3014,1651674413,6.002778,1.194444,0.0,2526.94862,57.734198,1
7790,3014,1651674415,18.227778,0.036111,-0.034182,7673.223899,6.239471,0
7791,3014,1651674420,10.927778,-0.294444,0.0,4600.192444,-31.481517,1
7792,3014,1651674425,2.722222,0.488889,0.057844,1145.955413,-16.359909,1
7793,3014,1651674426,9.316667,-0.477778,0.0,3921.973934,-41.999229,1
7794,3014,1651674428,7.705556,-0.458333,0.0,3243.755425,-40.374399,1
7795,3014,1651674431,6.966667,0.326389,-0.024725,2932.710384,37.01047,1
7796,3014,1651674433,7.619444,1.672222,-0.077522,3207.505815,84.376302,1
7797,3014,1651674434,9.291667,1.008333,-0.063811,3911.449854,101.365453,1
7798,3014,1651674435,3.219444,0.027778,-0.056251,1355.267677,9.722309,0
7799,3014,1651674435,10.3,2.108333,-0.065665,4335.921094,99.956912,1
7800,3014,1651674436,12.408333,1.111111,-0.025374,5223.451868,57.752291,1
7801,3014,1651674438,13.519444,0.290278,-0.035772,5691.188771,1.51397,0
7802,3014,1651674439,4.902778,0.830556,-0.014615,2063.889086,28.479967,1
7803,3014,1651674442,14.461111,0.0,0.032486,6087.595797,-34.291118,1
7804,3014,1651674444,7.022222,0.663889,0.027033,2956.097229,1.031282,0
7805,3014,1651674451,13.55,0.633333,-0.061711,5704.051536,13.542285,0
7806,3014,1651674453,14.183333,-0.268056,-0.099578,5970.661571,14.49431,0
7807,3014,1651674455,4.527778,-3.555556,0.0,1906.027881,-226.505798,1
7808,3014,1651674457,13.313889,-0.036111,0.0,5604.657444,-16.857093,1
7809,3014,1651674457,0.0,0.0,0.0,0.0,27.680452,1
7810,3014,1651674462,2.494444,1.333333,-0.134382,1050.069348,148.151412,1
7811,3014,1651674467,7.933333,0.604167,-0.073288,3339.64149,73.970648,1
7812,3014,1651674468,0.0,0.0,0.0,0.0,-0.293155,1
7813,3014,1651674469,9.141667,0.722222,-0.022417,3848.305372,51.662299,1
7814,3014,1651674470,12.897222,-0.266667,0.028836,5429.256106,-47.52336,1
7815,3014,1651674471,10.586111,0.844444,0.0,4456.363347,35.506805,1
7816,3014,1651674472,11.430556,0.725,0.015228,4811.843393,18.879068,1
7817,3014,1651674478,9.261111,-1.234722,-0.069986,3898.587089,-46.494749,1
7818,3014,1651674481,5.688889,1.491667,0.066944,2394.812945,7.474069,0
7819,3014,1651674483,8.569444,1.104167,0.019153,3607.420867,41.188693,1
7820,3014,1651674483,12.916667,-0.172222,-0.079783,5437.441501,18.130943,1
7821,3014,1651674487,12.311111,0.236111,-0.016144,5182.524889,0.854976,0
7822,3014,1651674488,12.547222,0.602778,0.0,5281.918981,23.867809,1
7823,3014,1651674488,11.369444,-0.725,-0.086245,4786.117863,-6.930805,1
7824,3014,1651674491,15.838889,0.983333,-0.030855,6667.589557,30.045707,0
7825,3014,1651674492,0.0,0.0,0.0,0.0,-0.073204,1
7826,3014,1651674494,0.0,0.0,0.0,0.0,-0.002033,1
7827,3014,1651674498,0.0,0.0,0.0,0.0,-9e-06,1
7828,3014,1651674500,0.0,0.0,0.0,0.0,-0.0,1
7829,3014,1651674501,0.0,0.0,0.0,0.0,-0.0,1
7830,3014,1651674506,3.791667,1.511111,0.066097,1596.152183,30.389309,1
7831,3014,1651674509,16.738889,0.172222,-0.014666,7046.456449,-2.579835,1
7832,3014,1651674512,8.955556,0.0,0.0,3769.959441,-13.078873,1
7833,3014,1651674513,16.791667,-0.252778,0.0,7068.673952,-31.649435,1
7834,3014,1651674514,6.091667,1.434722,0.018791,2564.367573,42.058332,1
7835,3014,1651674516,10.927778,-0.591667,0.0,4600.192444,-49.404977,1
7836,3014,1651674521,16.388889,0.577778,-0.017599,6899.119324,7.078077,0
7837,3014,1651674521,7.505556,-1.136111,0.0,3159.562782,-81.196416,1
7838,3014,1651674526,2.669444,0.688889,0.0,1123.73791,22.600669,1
7839,3014,1651674527,6.858333,1.327778,0.0,2887.106036,44.068438,1
7840,3014,1651674527,18.0,0.077778,0.0373,7577.337834,-34.321052,1
7841,3014,1651674528,18.077778,1.019444,0.010175,7610.079417,3.641244,0
7842,3014,1651674528,8.186111,1.077778,0.0,3446.051635,16.777154,1
7843,3014,1651674532,8.277778,0.977778,0.0,3484.63993,27.308632,1
7844,3014,1651674533,9.255556,0.55,0.0,3896.248405,8.625292,0
7845,3014,1651674537,19.425,0.325,-0.010175,8177.210413,-0.758008,1
7846,3014,1651674539,19.902778,-0.177778,-0.079722,8378.337281,11.360924,0
7847,3014,1651674539,9.691667,0.730556,0.0,4079.835139,9.587791,0
7848,3014,1651674539,9.577778,0.609722,0.024619,4031.892107,-2.789036,1
7849,3014,1651674541,10.705556,0.018056,-0.025186,4506.645064,-0.810664,1
7850,3014,1651674545,18.680556,0.425,-0.045831,7863.826687,11.18926,0
7851,3014,1651674545,8.508333,-1.919444,0.057845,3581.695337,-162.661879,1
7852,3014,1651674548,3.225,-1.6125,0.0,1357.606362,-109.166714,1
7853,3014,1651674550,0.0,0.0,0.0,0.0,-18.194452,1
7854,3014,1651674553,16.852778,-0.394444,-0.037023,7094.399481,-18.460769,1
7855,3014,1651674556,0.0,0.0,0.0,0.0,-0.014039,1
7856,3014,1651674562,4.033333,1.177778,0.0,1697.884959,61.8899,1
7857,3014,1651674565,8.319444,0.280556,0.096191,3502.180064,-52.380153,1
7858,3014,1651674567,0.0,0.181944,0.0,0.0,-0.5715,1
7859,3014,1651674569,0.363889,0.572222,0.0,153.183836,22.748422,0
7860,3014,1651674570,0.936111,1.7125,0.0,394.068341,47.60951,1
7861,3014,1651674572,1.372222,-0.061111,0.0,577.655076,-15.472491,1
7862,3014,1651674573,5.191667,0.752778,0.0,2185.500681,48.02273,1
7863,3014,1651674576,7.947222,1.313889,-0.022413,3345.488201,58.296426,1
7864,3014,1651674577,1.091667,0.611111,0.0,459.551508,53.459605,1
7865,3014,1651674577,9.261111,0.619444,-0.034712,3898.587089,41.631612,1
7866,3014,1651674579,10.5,0.308333,-0.017784,4420.113737,19.019017,1
7867,3014,1651674583,8.194444,1.419444,-0.098676,3449.559662,127.160504,1
7868,3014,1651674583,11.527778,-0.694444,0.0,4852.770372,-55.825001,1
7869,3014,1651674584,9.613889,1.811111,-0.049321,4047.093556,111.889603,1
7870,3014,1651674584,10.833333,-0.977778,0.0,4560.434808,-72.654829,1
7871,3014,1651674585,4.152778,0.925,0.0,1748.166676,26.813939,1
7872,3014,1651674586,12.697222,0.855556,0.0,5345.063463,50.898423,1
7873,3014,1651674587,6.369444,1.208333,0.0,2681.301798,51.890938,1
7874,3014,1651674588,7.577778,0.822222,-0.034763,3189.965681,35.207708,1
7875,3014,1651674588,14.408333,1.180556,0.060609,6065.378294,29.031717,1
7876,3014,1651674589,15.588889,0.472222,-0.018357,6562.348754,11.662799,0
7877,3014,1651674589,8.4,-0.061111,-0.034207,3536.090989,-1.056512,1
7878,3014,1651674591,15.952778,0.488889,-0.035046,6715.53259,21.717065,0
7879,3014,1651674592,16.441667,0.833333,-0.056207,6921.336827,33.790661,0
7880,3014,1651674593,17.275,0.644444,0.0,7272.139505,16.257451,0
7881,3014,1651674594,6.172222,1.086111,0.038348,2598.278498,36.375378,1
7882,3014,1651674596,8.961111,0.927778,0.030042,3772.298125,16.751353,1
7883,3014,1651674597,4.336111,0.361111,0.0,1825.343265,11.616584,1
7884,3014,1651674598,4.697222,0.477778,-0.058432,1977.357759,15.349855,1
7885,3014,1651674599,10.222222,0.745833,0.0,4303.179511,15.4355,1
7886,3014,1651674601,11.713889,0.827778,-0.024512,4931.116303,27.891556,1
7887,3014,1651674602,3.513889,-1.027778,0.0,1479.217957,-73.938182,1
7888,3014,1651674603,14.45,-2.052778,-0.078672,6082.918428,-92.755864,1
7889,3014,1651674612,0.833333,-0.2,0.0,350.802678,-23.828339,1
7890,3014,1651674613,0.633333,-0.272222,0.0,266.610035,-28.178734,1
7891,3014,1651674615,2.036111,-0.461111,0.0,857.127875,-39.631098,1
7892,3014,1651674616,1.575,-0.519444,0.0,663.01706,-43.121326,1
7893,3014,1651674618,0.0,0.0,0.0,0.0,-12.571337,1
7894,3014,1651674618,0.0,0.0,0.0,0.0,-1.395961,1
7895,3014,1651674620,0.4,0.602778,0.0,168.385285,24.590566,0
7896,3014,1651674621,1.002778,0.694444,0.0,422.132555,12.210327,0
7897,3014,1651674625,0.0,0.0,0.0,0.0,-5e-06,1
7898,3014,1651674629,2.711111,0.606944,0.057897,1141.278044,-9.270662,1
7899,3014,1651674631,8.152778,-0.311111,-0.037784,3432.019528,-9.400414,1
7900,3014,1651674635,6.725,-0.204167,-0.038058,2830.977607,-2.440188,1
7901,3014,1651674644,3.961111,0.815278,-0.019986,1667.48206,22.926122,1
7902,3014,1651674644,2.458333,0.283333,0.0,1034.867899,17.056632,1
7903,3014,1651674646,5.591667,1.055556,-0.035556,2353.885966,50.750188,1
7904,3014,1651674648,7.813889,1.025,-0.020032,3289.359773,46.796011,1
7905,3014,1651674650,0.0,0.0,0.0,0.0,-0.000185,1
7906,3014,1651674654,10.627778,0.966667,0.017967,4473.90348,8.28982,0
7907,3014,1651674656,12.044444,1.213889,0.0,5070.268032,16.714188,1
7908,3014,1651674657,13.258333,0.344444,0.0,5581.270599,12.331886,0
7909,3014,1651674659,13.947222,0.169444,-0.020633,5871.267479,1.55039,0
7910,3014,1651674662,0.0,0.0,0.0,0.0,49.065343,1
7911,3014,1651674662,13.575,0.147222,0.035867,5714.575617,-26.988369,1
7912,3014,1651674666,5.844444,1.158333,-0.024256,2460.296112,100.31359,1
7913,3014,1651674667,7.002778,1.8,0.0,2947.911833,93.917346,1
7914,3014,1651674669,10.777778,1.197222,0.0,4537.047962,41.5993,1
7915,3014,1651674670,11.975,-0.163889,-0.01613,5041.034476,-14.521433,1
7916,3014,1651674672,13.375,0.277778,-0.050657,5630.382974,31.542743,1
7917,3014,1651674674,13.494444,0.561111,-0.052484,5680.664691,36.35169,1
7918,3014,1651674675,14.055556,0.622222,-0.009708,5916.871827,38.675155,1
7919,3014,1651674677,15.3,0.791667,-0.031856,6440.737159,42.450999,1
7920,3014,1651674679,8.113889,-0.705556,0.0,3415.648737,-55.389223,1
7921,3014,1651674682,5.736111,-1.273611,0.037569,2414.691763,-111.171609,1
7922,3014,1651674683,7.711111,-0.936111,0.0,3246.094109,-69.187353,1
7923,3014,1651674685,5.838889,-1.194444,0.0,2457.957427,-84.347326,1
7924,3014,1651674687,6.605556,-1.497222,0.0,2780.69589,-102.763142,1
7925,3014,1651674697,4.466667,-0.808333,0.0,1880.302351,-60.830369,1
7926,3014,1651674699,0.0,0.0,0.0,0.0,-1e-06,1
7927,3014,1651674706,2.541667,1.636111,0.083026,1069.948166,13.699809,1
7928,3014,1651674707,1.172222,0.463889,-0.041594,493.462433,52.555906,1
7929,3014,1651674707,4.177778,0.3625,0.072644,1758.690757,-32.816583,1
7930,3014,1651674708,0.158333,-0.158333,0.0,66.652509,-9.548424,1
7931,3014,1651674711,6.455556,1.344444,0.0,2717.551408,34.991211,1
7932,3014,1651674711,6.075,1.816667,-0.041917,2557.351519,133.242753,1
7933,3014,1651674714,11.719444,1.25,0.0,4933.454988,74.648677,1
7934,3014,1651674722,12.461111,0.652778,0.016642,5245.669371,17.502778,1
7935,3014,1651674726,13.952778,0.394444,-0.033008,5873.606164,16.530343,0
7936,3014,1651674729,0.138889,0.056944,0.0,58.467113,7.831698,0
7937,3014,1651674731,0.252778,0.230556,0.0,106.410146,13.90219,0
7938,3014,1651674731,2.797222,-1.166667,0.0,1177.527654,-82.239041,1
7939,3014,1651674733,13.736111,-0.416667,-0.007757,5782.397468,-35.43409,1
7940,3014,1651674734,2.777778,-0.194444,0.0,1169.342258,-23.609116,1
7941,3014,1651674738,0.0,0.0,0.0,0.0,-0.167527,1
7942,3014,1651674742,4.558333,-0.258333,0.0,1918.890646,-27.677237,1
7943,3014,1651674743,1.413889,2.177778,0.0,595.195209,74.707533,1
7944,3014,1651674743,4.3,0.361111,0.0,1810.141816,-1.540881,1
7945,3014,1651674744,3.591667,0.701389,0.019118,1511.95954,64.202717,1
7946,3014,1651674746,5.411111,-0.441667,0.0,2277.878719,-38.873033,1
7947,3014,1651674753,4.830556,-1.177778,0.0,2033.486187,-83.164853,1
7948,3014,1651674755,3.152778,1.141667,0.0,1327.203463,5.228588,0
7949,3014,1651674756,0.0,0.0,0.0,0.0,-1.81931,1
7950,3014,1651674763,6.841667,0.0875,0.014032,2880.089982,-15.498514,1
7951,3014,1651674766,7.027778,-0.222222,0.0,2958.435914,-25.971456,1
7952,3014,1651674768,6.45,-0.702778,0.0,2715.212724,-54.822087,1
7953,3014,1651674772,1.002778,0.638889,0.0,422.132555,61.38914,1
7954,3014,1651674773,1.641667,3.141667,0.0,691.081275,84.180869,1
7955,3014,1651674774,4.783333,0.705556,0.0,2013.607369,55.368172,1
7956,3014,1651674778,4.347222,-0.127778,0.0,1830.020634,-19.773311,1
7957,3014,1651674779,6.616667,0.227778,-0.02238,2785.373259,11.304351,1
7958,3014,1651674783,7.458333,0.597222,0.0,3139.683964,1.353528,0
7959,3014,1651674788,8.308333,0.019444,0.096505,3497.502695,-68.306193,1
7960,3014,1651674791,0.0,0.0,0.0,0.0,-2.138729,1
7961,3014,1651674796,10.819444,-0.193056,0.066605,4554.588096,-64.424999,1
7962,3014,1651674801,11.627778,0.558333,-0.031364,4894.866693,28.012276,1
7963,3014,1651674808,0.0,0.0,0.0,0.0,-0.0,1
7964,3014,1651674810,14.908333,-0.025,0.065944,6275.859901,-55.638165,1
7965,3014,1651674814,0.0,0.180556,0.0,0.0,-0.277616,1
7966,3014,1651674816,0.0,0.0,0.0,0.0,-1.81477,1
7967,3014,1651674817,0.0,0.0,0.0,0.0,0.898649,1
7968,3014,1651674827,17.541667,0.222222,-0.063476,7384.396361,9.019433,0
7969,3014,1651674833,1.302778,-0.361111,0.0,548.421519,-33.560396,1
7970,3014,1651674840,0.216667,-0.036111,0.0,91.208696,-2.178391,1
7971,3014,1651674841,14.194444,0.426389,0.046609,5975.33894,-16.740864,1
7972,3014,1651674844,15.347222,0.302778,-0.02641,6460.615977,1.330896,0
7973,3014,1651674845,15.65,0.394444,-0.041586,6588.074284,5.405422,0
7974,3014,1651674849,0.0,0.0,0.0,0.0,-0.000117,1
7975,3014,1651674872,0.705556,-0.222222,0.0,297.012934,-25.165168,1
7976,3014,1651674885,0.525,-0.525,0.0,221.005687,-43.419981,1
7977,3014,1651674893,0.555556,1.684722,0.104696,233.868452,13.486508,0
7978,3014,1651674900,8.2,1.013889,0.0,3451.898347,30.398197,1
7979,3014,1651674907,0.0,0.0,0.0,0.0,-6e-06,1
7980,3014,1651674910,13.097222,0.819444,0.0,5513.448748,17.782397,0
7981,3014,1651674913,0.463889,0.255556,0.0,195.280157,3.651035,0
7982,3014,1651674914,15.963889,0.298611,0.0,6720.209959,-0.715532,1
7983,3014,1651674917,1.569444,1.233333,-0.160194,660.678376,120.73494,1
7984,3014,1651674919,4.052778,1.672222,-0.103501,1706.070355,124.318361,1
7985,3014,1651674921,6.605556,0.216667,-0.088668,2780.69589,44.943992,1
7986,3014,1651674921,15.069444,-1.05,0.021025,6343.681752,-91.17456,1
7987,3014,1651674923,13.061111,-1.1875,0.012873,5498.247299,-93.745606,1
7988,3014,1651674927,8.7,-1.075,0.0,3662.379953,-77.830434,1
7989,3014,1651674928,7.625,-1.313889,0.034617,3209.844499,-112.28377,1
7990,3014,1651674930,7.983333,0.444444,-0.023079,3360.68965,19.730889,1
7991,3014,1651674930,5.361111,-1.266667,0.0,2256.830559,-88.614312,1
7992,3014,1651674931,8.427778,0.694444,0.0,3547.784412,19.963731,1
7993,3014,1651674932,9.122222,0.0,-0.03014,3840.119976,14.979447,1
7994,3014,1651674934,1.322222,-1.322222,0.0,556.606915,-91.519339,1
7995,3014,1651674937,10.35,-0.169444,-0.03014,4356.969255,-6.021801,1
7996,3014,1651674942,0.0,0.0,0.0,0.0,3.46514,1
7997,3014,1651674943,4.975,0.283333,-0.052616,2094.291985,1.118757,0
7998,3014,1651674944,5.258333,0.255556,0.0,2213.564895,18.966487,1
7999,3014,1651674952,0.138889,0.002778,0.0,58.467113,2.568738,0
8000,3014,1651674955,2.922222,0.0,0.0,1230.148056,-11.897066,1
8001,3014,1651674956,0.622222,0.618056,0.0,261.932666,26.472423,1
8002,3014,1651674961,0.0,0.0,0.0,0.0,-4.698871,1
8003,3014,1651674964,7.227778,0.205556,-0.098417,3042.628556,37.193218,1
8004,3014,1651674967,5.838889,-1.569444,-0.084283,2457.957427,-57.435136,1
8005,3014,1651674970,1.441667,-1.441667,0.0,606.888632,-98.727669,1
8006,3014,1651674970,0.0,0.0,0.0,0.0,-1.7e-05,1
8007,3014,1651674980,0.0,0.0,0.0,0.0,-5.9e-05,1
8008,3014,1651674981,8.713889,-0.702778,-0.061622,3668.226664,-19.166461,1
8009,3014,1651674985,3.35,0.493056,0.0,1410.226764,14.592899,1
8010,3014,1651674987,4.336111,1.430556,0.0,1825.343265,47.665535,1
8011,3014,1651674988,5.766667,1.538889,0.0,2427.554528,46.072825,1
8012,3014,1651674990,0.0,0.0,0.0,0.0,-0.0,1
8013,3014,1651674994,8.186111,0.261111,0.0,3446.051635,5.022751,0
8014,3014,1651674995,1.822222,2.644444,0.0,767.088521,90.293862,1
8015,3014,1651674995,8.447222,0.538889,-0.031426,3555.969808,-1.648327,1
8016,3014,1651674996,4.466667,1.480556,0.0,1880.302351,78.236877,1
8017,3014,1651674998,7.077778,1.373611,0.075275,2979.484074,32.978839,1
8018,3014,1651675002,3.802778,0.0,0.0,1600.829552,-11.994723,1
8019,3014,1651675004,13.077778,0.961111,-0.020115,5505.263352,38.269741,1
8020,3014,1651675005,5.586111,1.544444,-0.033185,2351.547282,84.377907,1
8021,3014,1651675006,15.0,0.518056,-0.006246,6314.448195,33.123697,1
8022,3014,1651675007,8.925,1.533333,-0.037286,3757.096676,100.316567,1
8023,3014,1651675008,10.458333,1.719444,-0.056381,4402.573603,80.743238,1
8024,3014,1651675009,17.008333,0.577778,0.019614,7159.882648,36.163957,0
8025,3014,1651675009,12.177778,-0.277778,-0.085258,5126.396461,34.753067,1
8026,3014,1651675021,21.175,0.025,-0.144217,8913.896035,20.691868,0
8027,3014,1651675024,21.025,-0.211111,-0.139697,8850.751553,33.777286,0
8028,3014,1651675025,9.763889,0.113889,-0.059892,4110.238038,11.436535,1
8029,3014,1651675026,9.877778,-1.658333,-0.058071,4158.181071,-79.232896,1
8030,3014,1651675030,19.727778,0.155556,-0.034211,8304.668719,0.501629,0
8031,3014,1651675030,4.552778,-0.983333,0.0,1916.551961,-71.396242,1
8032,3014,1651675036,5.330556,1.294444,0.0,2243.967794,39.039185,1
8033,3014,1651675041,5.477778,-1.3,0.0,2305.942933,-90.645274,1
8034,3014,1651675043,17.836111,0.1125,-0.044256,7508.346641,-2.477313,1
8035,3014,1651675048,17.708333,-0.247222,-0.062639,7454.556897,15.598815,0
8036,3014,1651675049,17.461111,0.005556,-0.107916,7350.485436,24.567882,0
8037,3014,1651675051,6.472222,-1.255556,0.0,2724.567462,-88.161106,1
8038,3014,1651675057,17.783333,0.15,-0.1304,7486.129138,34.733384,0
8039,3014,1651675058,17.933333,-0.0875,-0.074592,7549.27362,11.110395,0
8040,3014,1651675067,7.336111,-1.375,0.0,3088.232904,-95.560714,1
8041,3014,1651675067,15.211111,-0.601389,0.0,6403.318207,-51.837646,1
8042,3014,1651675071,4.105556,0.172222,-0.04932,1728.287858,34.182387,1
8043,3014,1651675073,4.45,1.238889,0.0,1873.286298,70.033785,1
8044,3014,1651675074,5.688889,1.380556,-0.034867,2394.812945,118.233978,1
8045,3014,1651675075,7.069444,3.272222,-0.089704,2975.976047,154.740456,1
8046,3014,1651675077,12.352778,0.0,-0.074469,5200.065023,68.536723,1
8047,3014,1651675077,8.277778,-0.786111,0.100999,3484.63993,-119.498807,1
8048,3014,1651675078,12.352778,0.190278,-0.028493,5200.065023,40.607584,1
8049,3014,1651675080,12.733333,0.955556,0.0,5360.264912,34.561676,1
8050,3014,1651675080,5.819444,-0.830556,0.119173,2449.772031,-132.202381,1
8051,3014,1651675081,13.688889,0.994444,0.0,5762.518649,19.192406,0
8052,3014,1651675081,4.988889,-0.791667,0.115308,2100.138696,-127.457744,1
8053,3014,1651675085,14.930556,0.383333,-0.020309,6285.214639,-0.073614,1
8054,3014,1651675088,0.936111,0.2875,0.134415,394.068341,-73.100448,1
8055,3014,1651675094,1.508333,-0.005556,0.115308,634.952846,-79.679782,1
8056,3014,1651675095,6.286111,-0.701389,0.0,2646.221531,-54.70391,1
8057,3014,1651675098,0.997222,-0.997222,0.0,419.793871,-71.908359,1
8058,3014,1651675099,2.1,0.472222,0.0,884.022747,-0.127803,1
8059,3014,1651675103,5.175,2.083333,0.0,2178.484627,79.957676,1
8060,3014,1651675107,0.158333,1.9375,0.102277,66.652509,56.822276,0
8061,3014,1651675110,5.519444,0.577778,0.0,2323.483067,13.939755,1
8062,3014,1651675115,6.863889,0.863889,-0.012528,2889.44472,39.68595,1
8063,3014,1651675118,5.622222,-0.066667,-0.066097,2366.748731,12.410666,1
8064,3014,1651675118,9.502778,0.625,0.034144,4000.319866,-4.83409,1
8065,3014,1651675131,12.25,0.619444,0.0,5156.799359,4.384761,0
8066,3014,1651675134,13.936111,0.544444,0.0,5866.59011,6.583948,0
8067,3014,1651675137,9.702778,0.0,-0.059918,4084.512508,21.916801,1
8068,3014,1651675137,15.65,0.494444,0.078677,6588.074284,-32.141694,1
8069,3014,1651675140,11.044444,0.477778,0.0,4649.304819,23.528283,1
8070,3014,1651675141,11.522222,0.591667,0.0,4850.431688,8.874093,0
8071,3014,1651675145,12.947222,1.972222,0.013478,5450.304266,24.566236,1
8072,3014,1651675157,13.091667,-0.111111,0.022438,5511.110064,-34.468347,1
8073,3014,1651675158,12.980556,0.152778,-0.038399,5464.336373,-0.954526,1
8074,3014,1651675163,11.863889,-0.791667,0.029308,4994.260785,-79.037838,1
8075,3014,1651675167,18.572222,-0.094444,0.056621,7818.222339,-56.385875,1
8076,3014,1651675175,18.663889,0.127778,0.03728,7856.810634,-31.696045,1
8077,3014,1651675186,0.363889,-0.033333,0.0,153.183836,-13.768532,1
8078,3014,1651675187,0.330556,-0.083333,0.0,139.151729,-16.783312,1
8079,3014,1651675199,19.775,-0.175,-0.020108,8324.547537,-16.937152,1
8080,3014,1651675204,20.244444,0.348611,-0.028737,8522.166379,4.125358,0
8081,3014,1651675206,3.647222,1.425,0.0,1535.346385,23.833168,1
8082,3014,1651675208,21.138889,-0.427778,-0.020331,8898.694586,-32.969141,1
8083,3014,1651675209,20.711111,0.0,0.0,8718.615878,-18.830171,1
8084,3014,1651675212,21.369444,0.036111,0.023626,8995.749993,-30.992754,1
8085,3014,1651675214,21.441667,-0.118056,-0.00703,9026.152892,-22.324574,1
8086,3014,1651675218,21.255556,-0.297222,-0.014633,8947.806961,-28.527974,1
8087,3014,1651675222,13.544444,0.366667,0.0,5701.712852,9.611463,0
8088,3014,1651675223,13.911111,0.391667,-0.049074,5856.06603,22.223364,0
8089,3014,1651675224,14.302778,0.286111,-0.060221,6020.943288,15.605263,0
8090,3014,1651675224,21.163889,-0.120833,0.026255,8909.218666,-41.85663,1
8091,3014,1651675226,20.922222,0.108333,0.083755,8807.48589,-61.575857,1
8092,3014,1651675229,15.45,0.333333,0.108363,6503.881641,-59.095173,1
8093,3014,1651675233,20.433333,0.0,-0.043829,8601.681652,0.496623,0
8094,3014,1651675234,20.433333,0.622222,-0.035767,8601.681652,14.52013,0
8095,3014,1651675235,21.055556,0.020833,-0.035825,8863.614318,12.758148,0
8096,3014,1651675237,21.097222,0.154167,-0.019046,8881.154452,16.119899,0
8097,3014,1651675237,18.577778,0.0,0.0,7820.561024,-17.447934,1
8098,3014,1651675241,19.655556,0.783333,0.0,8274.26582,-1.23188,1
8099,3014,1651675247,22.3,0.180556,-0.09158,9387.47965,38.180556,0
8100,3014,1651675254,21.925,0.905556,-0.067512,9229.618445,41.606691,0
8101,3014,1651675256,23.222222,-0.090278,-0.107242,9775.70128,50.860431,0
8102,3014,1651675258,23.041667,-0.076389,-0.085606,9699.694033,49.093602,0
8103,3014,1651675260,22.888889,0.122222,-0.161212,9635.380209,55.675427,0
8104,3014,1651675261,23.011111,-0.147222,-0.152045,9686.831268,40.134916,0
8105,3014,1651675263,6.744444,0.852778,0.0,2839.163003,14.354654,1
8106,3014,1651675264,7.597222,0.758333,0.0,3198.151077,11.481444,1
8107,3014,1651675266,22.763889,0.302778,-0.02206,9582.759807,-1.96081,1
8108,3014,1651675273,19.188889,-1.280556,0.060604,8077.816321,-130.630828,1
8109,3014,1651675277,10.277778,0.536111,0.063561,4326.566356,-18.482124,1
8110,3014,1651675278,10.813889,0.936111,0.075541,4552.249412,-1.562351,1
8111,3014,1651675278,22.677778,-0.263889,0.056732,9546.510197,-69.461768,1
8112,3014,1651675278,11.522222,-1.494444,-0.019301,4850.431688,-92.718356,1
8113,3014,1651675281,7.511111,-2.227778,-0.034199,3161.901467,-126.923203,1
8114,3014,1651675293,0.0,0.0,0.0,0.0,-0.000297,1
8115,3014,1651675294,7.016667,-1.686111,0.0,2953.758545,-114.246107,1
8116,3014,1651675296,4.702778,-0.897222,0.0,1979.696443,-66.226359,1
8117,3014,1651675301,1.086111,-1.086111,0.0,457.212823,-77.2717,1
8118,3014,1651675302,0.333333,-0.127778,0.0,140.321071,-19.463486,1
8119,3014,1651675303,0.0,0.0,0.0,0.0,8.025567,1
8120,3014,1651675303,20.352778,0.433333,0.026233,8567.770727,-7.870542,1
8121,3014,1651675306,0.211111,-0.105556,0.0,88.870012,-6.366076,1
8122,3014,1651675307,21.4,0.325,-0.094985,9008.612758,18.694828,0
8123,3014,1651675307,0.0,0.0,0.0,0.0,-12.403732,1
8124,3014,1651675308,0.0,0.093056,0.0,0.0,8.076145,1
8125,3014,1651675310,0.186111,0.4,0.0,78.345931,24.12072,0
8126,3014,1651675310,0.0,0.591667,0.0,0.0,-0.999456,1
8127,3014,1651675312,22.058333,0.833333,-0.051125,9285.746874,22.3563,0
8128,3014,1651675313,0.288889,0.144444,0.0,121.611595,8.70909,0
8129,3014,1651675314,23.475,-0.119444,-0.10725,9882.111425,20.661542,0
8130,3014,1651675314,3.677778,1.491667,0.0,1548.20915,54.514667,1
8131,3014,1651675315,23.355556,0.113889,0.02859,9831.829708,-30.682266,1
8132,3014,1651675316,5.616667,0.602778,-0.043704,2364.410046,46.004856,1
8133,3014,1651675324,19.9,0.569444,0.0,8377.167939,-7.722225,1
8134,3014,1651675326,6.091667,0.205556,0.044997,2564.367573,-26.40138,1
8135,3014,1651675327,20.144444,0.0,-0.093548,8480.070058,30.663168,0
8136,3014,1651675327,6.297222,0.472222,0.065601,2650.8989,-22.441956,1
8137,3014,1651675330,21.605556,0.344444,-0.041961,9095.144085,36.928495,0
8138,3014,1651675334,12.408333,0.313889,0.0,5223.451868,22.245366,1
8139,3014,1651675336,13.036111,0.297222,-0.013138,5487.723218,36.54397,1
8140,3014,1651675337,13.333333,1.944444,-0.012746,5612.84284,51.313688,1
8141,3014,1651675338,26.186111,0.477778,-0.035896,11023.389469,15.898985,0
8142,3014,1651675338,15.277778,0.283333,-0.027092,6431.382421,37.892793,1
8143,3014,1651675340,15.711111,1.508333,-0.02337,6613.799813,43.656074,1
8144,3014,1651675340,18.355556,0.025,0.052928,7727.013643,-46.885451,1
8145,3014,1651675341,17.219444,0.225,-0.035217,7248.752659,29.454524,0
8146,3014,1651675341,26.677778,-0.033333,-0.010923,11230.363049,-19.082216,1
8147,3014,1651675342,17.444444,0.045833,-0.027601,7343.469382,20.00633,0
8148,3014,1651675343,25.944444,-1.472222,-0.121364,10921.656693,-40.385643,1
8149,3014,1651675345,18.452778,0.308333,0.037913,7767.940622,-21.05005,1
8150,3014,1651675355,20.541667,-0.025,0.019209,8647.286,-31.510818,1
8151,3014,1651675361,7.530556,-1.619444,0.0,3170.086862,-110.349174,1
8152,3014,1651675362,20.602778,0.0,-0.019485,8673.01153,-7.301525,1
8153,3014,1651675367,0.0,0.0,0.0,0.0,-8.762475,1
8154,3014,1651675368,21.888889,0.519444,-0.124858,9214.416996,61.066997,0
8155,3014,1651675369,22.408333,-0.154167,-0.060763,9433.083998,44.939061,0
8156,3014,1651675369,19.111111,-0.036111,0.0,8045.074737,-19.957038,1
8157,3014,1651675378,20.963889,-0.494444,-0.167453,8825.026024,62.027495,0
8158,3014,1651675378,20.402778,-0.059722,0.046881,8588.818888,-49.756564,1
8159,3014,1651675379,20.469444,0.5,-0.16958,8616.883102,63.423298,0
8160,3014,1651675380,20.969444,0.369444,-0.081712,8827.364708,19.431574,0
8161,3014,1651675384,21.2,0.330556,-0.032823,8924.420116,3.577414,0
8162,3014,1651675385,21.194444,0.252778,-0.114793,8922.081431,74.840332,0
8163,3014,1651675385,21.530556,0.411111,-0.039752,9063.571844,-2.337141,1
8164,3014,1651675387,21.525,-0.048611,-0.022753,9061.23316,-8.9521,1
8165,3014,1651675391,21.919444,0.041667,0.013536,9227.279761,-25.122508,1
8166,3014,1651675393,0.0,0.0,0.0,0.0,13.605466,1
8167,3014,1651675396,0.888889,1.823611,0.0,374.189523,60.872336,1
8168,3014,1651675398,4.536111,1.386111,0.0,1909.535908,53.142488,1
8169,3014,1651675401,6.738889,0.947222,0.0,2836.824319,34.325828,1
8170,3014,1651675402,7.686111,1.425,0.055107,3235.570029,25.588468,1
8171,3014,1651675404,22.533333,-0.336111,-0.071177,9485.7044,16.72255,0
8172,3014,1651675407,21.930556,0.047222,-0.204602,9231.95713,13.670603,0
8173,3014,1651675408,18.947222,-0.541667,-0.021807,7976.083544,-37.52067,1
8174,3014,1651675411,20.063889,-0.059722,0.047734,8446.159132,-50.031012,1
8175,3014,1651675414,19.630556,1.0,-0.121196,8263.74174,30.142479,0
8176,3014,1651675416,18.163889,-0.147222,-0.055812,7646.329027,-2.858087,1
8177,3014,1651675421,17.347222,0.422222,0.005653,7302.542403,-0.069921,1
8178,3014,1651675423,18.191667,0.544444,0.0,7658.02245,7.249991,0
8179,3014,1651675423,22.188889,-0.5875,0.0,9340.70596,-55.303808,1
8180,3014,1651675424,18.736111,0.441667,0.0,7887.213533,7.447234,0
8181,3014,1651675426,16.230556,0.127778,-0.069613,6832.466816,22.618218,0
8182,3014,1651675426,20.902778,0.483333,-0.097897,8799.300494,1.398171,0
8183,3014,1651675428,20.825,0.586111,0.0,8766.558911,-0.510636,1
8184,3014,1651675429,21.411111,0.256944,-0.046094,9013.290127,42.787728,0
8185,3014,1651675441,22.136111,0.277778,0.0,9318.488457,-3.086187,1
8186,3014,1651675442,22.086111,0.244444,0.04252,9297.440296,-30.035713,1
8187,3014,1651675444,22.377778,0.613889,-0.130408,9420.221233,33.135779,0
8188,3014,1651675449,22.697222,0.572222,0.08447,9554.695593,-35.296385,1
8189,3014,1651675450,23.269444,-0.252778,0.0,9795.580098,-35.929033,1
8190,3014,1651675454,23.016667,0.091667,-0.008513,9689.169953,-9.960683,1
8191,3014,1651675455,0.422222,-0.022222,0.0,177.740023,-13.099253,1
8192,3014,1651675460,23.222222,0.030556,-0.065165,9775.70128,32.084172,0
8193,3014,1651675464,0.0,0.0,0.0,0.0,-0.005498,1
8194,3014,1651675465,16.308333,-0.838889,-0.055428,6865.208399,-34.147524,1
8195,3014,1651675467,23.622222,-0.277778,-0.068403,9944.086565,-0.160519,1
8196,3014,1651675469,23.85,0.118056,-0.071281,10039.97263,31.491182,0
8197,3014,1651675471,24.086111,0.458333,-0.099083,10139.366722,43.853203,0
8198,3014,1651675472,24.544444,0.308333,-0.091654,10332.308195,37.104151,0
8199,3014,1651675473,24.852778,-0.186111,-0.07299,10462.105185,18.3337,0
8200,3014,1651675474,8.683333,-1.325,0.044619,3655.3639,-119.108562,1
8201,3014,1651675479,23.886111,-0.958333,-0.035336,10055.17408,-58.182112,1
8202,3014,1651675480,22.927778,-0.280556,-0.107279,9651.751,13.388427,0
8203,3014,1651675480,0.0,0.0,0.0,0.0,-0.0,1
8204,3014,1651675481,22.647222,0.0125,-0.22124,9533.647432,52.025213,0
8205,3014,1651675482,0.0,0.0,0.0,0.0,3.654091,1
8206,3014,1651675486,22.702778,-1.311111,-0.041786,9557.034277,-74.754665,1
8207,3014,1651675487,0.916667,0.780556,0.0,385.882945,40.009406,1
8208,3014,1651675488,1.697222,1.091667,-0.077657,714.46812,79.895831,1
8209,3014,1651675488,21.391667,-0.298611,-0.075796,9005.104732,10.367218,0
8210,3014,1651675489,2.788889,1.852778,0.0,1174.019627,104.318876,1
8211,3014,1651675490,4.641667,2.7,-0.029266,1953.970914,109.284365,1
8212,3014,1651675491,0.894444,2.101389,0.0,376.528207,69.262157,1
8213,3014,1651675493,5.097222,1.0,0.0,2145.743044,57.362633,1
8214,3014,1651675495,6.816667,1.525,0.023465,2869.565902,40.850798,1
8215,3014,1651675497,14.075,0.988889,-0.040204,5925.057223,29.736575,1
8216,3014,1651675499,23.402778,0.356944,-0.136639,9851.708527,70.379315,0
8217,3014,1651675501,24.116667,0.644444,-0.034465,10152.229487,64.83367,0
8218,3014,1651675508,25.844444,-0.394444,-0.075295,10879.560372,-2.30673,1
8219,3014,1651675508,16.755556,0.544444,0.035826,7053.472502,-4.601046,1
8220,3014,1651675509,17.3,0.409722,-0.005402,7282.663585,11.404919,0
8221,3014,1651675510,24.611111,-0.463889,-0.131093,10360.372409,9.996726,0
8222,3014,1651675512,18.988889,0.413889,0.0,7993.623678,13.900326,0
8223,3014,1651675514,19.816667,0.652778,0.014112,8342.087671,5.659757,0
8224,3014,1651675515,0.338889,0.247222,0.0,142.659756,3.150163,0
8225,3014,1651675517,0.833333,0.586111,0.0,350.802678,6.953382,0
8226,3014,1651675517,20.916667,0.0,-0.01466,8805.147205,-10.353247,1
8227,3014,1651675522,20.041667,-0.425,0.052918,8436.804394,-75.084078,1
8228,3014,1651675526,15.402778,-0.808333,-0.121072,6484.002823,12.883693,0
8229,3014,1651675528,14.491667,-0.066667,-0.074216,6100.458562,14.440361,0
8230,3014,1651675534,14.883333,0.030556,-0.060759,6265.33582,13.294409,0
8231,3014,1651675535,14.913889,0.051389,-0.081694,6278.198585,17.791382,0
8232,3015,1651675537,1.266667,0.116667,0.0,533.22007,-4.747324,1
8233,3015,1651675539,0.0,0.0,0.0,0.0,-6.56818,1
8234,3015,1651675540,12.213889,-0.747222,-0.057923,5141.59791,-25.227993,1
8235,3015,1651675541,0.0,0.0,0.0,0.0,-1.094697,1
8236,3015,1651675546,0.313889,0.205556,0.0,132.135675,0.637797,0
8237,3015,1651675551,3.236111,-1.805556,0.0,1362.283731,-120.809771,1
8238,3015,1651675553,0.0,0.0,0.0,0.0,-1.541243,1
8239,3015,1651675557,0.0,0.0,0.0,0.0,-0.007135,1
8240,3015,1651675558,0.0,0.0,0.0,0.0,-0.0,1
8241,3015,1651675559,0.0,1.230556,0.0,0.0,43.265507,1
8242,3015,1651675564,6.075,0.3625,0.074206,2557.351519,-34.051868,1
8243,3015,1651675567,0.694444,0.2,-0.10773,292.335565,101.737821,1
8244,3015,1651675568,0.894444,3.180556,-0.10773,376.528207,158.834053,1
8245,3015,1651675569,4.075,2.483333,-0.106194,1715.425093,142.721389,1
8246,3015,1651675570,6.558333,-0.116667,-0.10773,2760.817072,84.410455,1
8247,3015,1651675571,11.297222,0.191667,-0.040495,4755.714965,34.889164,1
8248,3015,1651675571,6.441667,0.1875,-0.043641,2711.704697,55.110758,1
8249,3015,1651675572,11.488889,0.794444,-0.027413,4836.399581,38.306497,1
8250,3015,1651675575,9.019444,3.4,-0.093169,3796.854313,148.115541,1
8251,3015,1651675575,17.022222,0.422222,0.0,7165.729359,0.303225,0
8252,3015,1651675576,14.341667,0.638889,-0.064278,6037.31408,46.551753,1
8253,3015,1651675578,13.688889,0.133333,-0.106203,5762.518649,39.531542,1
8254,3015,1651675578,15.619444,0.597222,-0.039368,6575.211519,41.946869,1
8255,3015,1651675582,20.161111,0.158333,0.073933,8487.086111,-52.2987,1
8256,3015,1651675583,18.355556,0.565278,-0.064949,7727.013643,44.463972,0
8257,3015,1651675586,21.452778,-0.097222,0.078448,9030.830261,-71.23813,1
8258,3015,1651675587,20.361111,0.330556,-0.023697,8571.278754,19.049613,0
8259,3015,1651675592,12.697222,-0.269444,0.0,5345.063463,-30.663323,1
8260,3015,1651675592,20.8,0.280556,0.044749,8756.034831,-28.256064,1
8261,3015,1651675593,12.427778,0.241667,-0.033608,5231.637264,-0.616185,1
8262,3015,1651675595,22.166667,0.233333,0.0,9331.351222,-5.788654,1
8263,3015,1651675599,21.502778,-0.05,0.124207,9051.878422,-95.128945,1
8264,3015,1651675601,12.294444,-0.018056,0.0,5175.508835,-15.337759,1
8265,3015,1651675611,21.894444,-0.102778,0.0,9216.75568,-25.859436,1
8266,3015,1651675615,9.505556,0.011111,0.028659,4001.489208,-29.415128,1
8267,3015,1651675617,22.166667,0.536111,0.096785,9331.351222,-44.277629,1
8268,3015,1651675617,9.666667,-0.283333,0.029974,4069.311059,-47.994215,1
8269,3015,1651675618,22.702778,-1.194444,0.106204,9557.034277,-154.529165,1
8270,3015,1651675625,23.083333,0.148611,0.008412,9717.234167,-16.525978,1
8271,3015,1651675636,7.288889,0.130556,0.039382,3068.354086,-27.893299,1
8272,3015,1651675638,7.419444,-0.111111,-0.100907,3123.313172,18.428873,1
8273,3015,1651675640,7.197222,-0.288889,-0.122673,3029.765791,30.233192,1
8274,3015,1651675641,6.908333,0.119444,-0.061754,2908.154197,28.854816,1
8275,3015,1651675641,22.225,-0.036111,0.013766,9355.907409,-30.170132,1
8276,3015,1651675642,23.855556,-0.366667,0.065506,10042.311315,-81.704997,1
8277,3015,1651675643,7.027778,0.694444,-0.028494,2958.435914,29.142293,1
8278,3015,1651675644,21.313889,-0.272222,0.050664,8972.363148,-65.417053,1
8279,3015,1651675644,22.786111,-0.452778,0.073292,9592.114545,-90.634547,1
8280,3015,1651675645,8.416667,0.447222,0.0,3543.107043,27.347267,1
8281,3015,1651675648,10.566667,2.0,-0.016567,4448.177951,67.940669,1
8282,3015,1651675654,15.330556,0.363889,0.0,6453.599924,7.45829,0
8283,3015,1651675655,15.694444,0.255556,-0.033664,6606.78376,8.104956,0
8284,3015,1651675657,18.561111,-0.536111,-0.052757,7813.54497,-18.753642,1
8285,3015,1651675665,11.961111,-3.163889,0.0,5035.187764,-204.908326,1
8286,3015,1651675668,4.877778,-1.888889,0.0,2053.365006,-126.054708,1
8287,3015,1651675670,1.383333,-0.434722,0.064433,582.332445,-75.827083,1
8288,3015,1651675670,3.683333,-1.569444,0.0,1550.547835,-106.622542,1
8289,3015,1651675676,0.0,0.0,0.0,0.0,-0.107488,1
8290,3015,1651675677,4.016667,2.444444,-0.062343,1690.868906,129.999083,1
8291,3015,1651675677,22.444444,-0.094444,-0.03676,9448.285447,-4.147894,1
8292,3015,1651675680,21.972222,0.013889,-0.023629,9249.497264,-4.988699,1
8293,3015,1651675681,8.375,1.086111,0.0,3525.566909,66.012183,1
8294,3015,1651675683,11.416667,0.605556,-0.027269,4805.996682,81.319888,1
8295,3015,1651675684,12.022222,1.902778,-0.023528,5060.913294,106.357756,1
8296,3015,1651675684,0.0,0.0,0.0,0.0,-0.0,1
8297,3015,1651675686,17.130556,0.772222,-0.030853,7211.333707,61.680166,1
8298,3015,1651675692,20.119444,1.291667,0.019049,8469.545977,47.838758,0
8299,3015,1651675694,22.969444,1.486111,0.0,9669.291134,22.126411,0
8300,3015,1651675701,24.605556,0.494444,0.0,10358.033724,-2.373767,1
8301,3015,1651675703,1.163889,0.395833,0.0,489.954406,21.104875,1
8302,3015,1651675704,25.808333,-0.106944,0.021319,10864.358922,-41.717559,1
8303,3015,1651675711,8.791667,0.783333,0.0,3700.968248,13.399549,1
8304,3015,1651675711,24.544444,0.436111,0.0,10332.308195,3.446188,0
8305,3015,1651675716,22.527778,0.102778,-0.031238,9483.365715,5.803503,0
8306,3015,1651675723,6.933333,-0.388889,0.0,2918.678277,-36.000249,1
8307,3015,1651675726,22.352778,-0.236111,-0.099679,9409.697153,3.047928,0
8308,3015,1651675726,6.913889,0.988889,-0.026734,2910.492881,18.361915,1
8309,3015,1651675731,9.805556,0.169444,-0.048833,4127.778172,8.971507,0
8310,3015,1651675739,13.761111,0.172222,-0.026957,5792.921548,16.797081,0
8311,3015,1651675745,19.847222,0.077778,-0.0661,8354.950436,24.27761,0
8312,3015,1651675748,24.338889,0.044444,-0.069353,10245.776868,29.676306,0
8313,3015,1651675749,20.397222,0.147222,-0.018538,8586.480203,21.589346,0
8314,3015,1651675749,24.383333,0.505556,-0.061,10264.486344,26.761575,0
8315,3015,1651675749,13.330556,0.230556,-0.053875,5611.673498,42.994255,1
8316,3015,1651675750,13.561111,2.530556,-0.017984,5708.728905,65.570542,1
8317,3015,1651675750,24.888889,0.0,-0.061,10477.306635,9.88008,0
8318,3015,1651675754,24.769444,0.388889,-0.064208,10427.024918,20.774588,0
8319,3015,1651675756,25.547222,0.205556,0.007495,10754.44075,-14.528798,1
8320,3015,1651675757,25.752778,0.011111,-0.06247,10840.972077,9.023286,0
8321,3015,1651675761,21.772222,-0.094444,-0.172336,9165.304621,35.255048,0
8322,3015,1651675762,21.677778,0.108333,-0.08498,9125.546984,14.125445,0
8323,3015,1651675762,25.438889,-0.265278,-0.107484,10708.836402,6.126027,0
8324,3015,1651675768,16.563889,-0.658333,0.0,6972.787887,-55.980449,1
8325,3015,1651675770,23.716667,-0.098611,-0.092288,9983.844202,24.672949,0
8326,3015,1651675772,23.519444,0.536111,-0.063232,9900.820901,31.823576,0
8327,3015,1651675774,23.861111,0.527778,-0.073523,10044.649999,40.36741,0
8328,3015,1651675776,23.197222,-0.188889,-0.080847,9765.177199,22.210619,0
8329,3015,1651675778,22.819444,-0.302778,-0.09238,9606.146652,19.9406,0
8330,3015,1651675778,25.705556,0.15,0.0,10821.093259,-13.607782,1
8331,3015,1651675782,26.675,0.769444,-0.0145,11229.193707,-0.265512,1
8332,3015,1651675792,0.0,0.0,0.0,0.0,-0.000525,1
8333,3015,1651675795,24.455556,0.361111,-0.044982,10294.889242,1.64419,0
8334,3015,1651675795,20.758333,0.408333,-0.079687,8738.494697,36.634689,0
8335,3015,1651675796,0.0,0.0,0.0,0.0,-2e-06,1
8336,3015,1651675797,21.575,-0.338889,-0.093673,9082.281321,34.313827,0
8337,3015,1651675799,21.15,-0.011111,-0.167522,8903.371955,47.567649,0
8338,3015,1651675800,21.138889,-0.119444,-0.096802,8898.694586,32.286985,0
8339,3015,1651675802,4.244444,0.905556,-0.033462,1786.754971,96.155105,1
8340,3015,1651675802,25.202778,0.175,0.0,10609.44231,-11.678098,1
8341,3015,1651675804,20.752778,-0.036111,-0.088649,8736.156012,15.416999,0
8342,3015,1651675805,20.716667,-0.144444,-0.06925,8720.954563,5.485994,0
8343,3015,1651675808,25.052778,0.555556,0.039075,10546.297828,-11.558767,1
8344,3015,1651675810,25.644444,-0.116667,0.039151,10795.367729,-52.63554,1
8345,3015,1651675811,19.522222,-0.036111,-0.015882,8218.137392,-10.882165,1
8346,3015,1651675812,19.486111,0.077778,-0.063251,8202.935942,5.619637,0
8347,3015,1651675814,19.641667,0.0875,-0.033205,8268.419109,11.388589,0
8348,3015,1651675814,25.619444,-0.054167,-0.019567,10784.843649,-14.343511,1
8349,3015,1651675817,3.966667,0.0,-0.042044,1669.820745,36.061801,1
8350,3015,1651675817,20.105556,0.0,-0.078843,8463.699266,14.073755,0
8351,3015,1651675817,25.558333,-0.863889,0.116977,10759.118119,-143.147603,1
8352,3015,1651675820,19.9,-0.65,-0.052896,8377.167939,-26.389433,1
8353,3015,1651675821,8.2,1.975,0.039078,3451.898347,27.696127,1
8354,3015,1651675827,24.913889,0.058333,0.036838,10487.830715,-40.115449,1
8355,3015,1651675829,13.622222,-0.688889,-0.061248,5734.454435,-20.357012,1
8356,3015,1651675829,24.647222,-0.555556,-0.027413,10375.573858,-39.160157,1
8357,3015,1651675830,9.177778,-1.327778,-0.026734,3863.506822,-77.49773,1
8358,3015,1651675832,11.036111,-0.808333,-0.04694,4645.796792,-34.915254,1
8359,3015,1651675836,3.636111,0.747222,0.0,1530.669016,6.353779,0
8360,3015,1651675843,2.166667,0.080556,0.0,912.086962,-6.975898,1
8361,3015,1651675845,3.241667,0.531944,0.0,1364.622415,12.775058,1
8362,3015,1651675846,0.0,0.0,0.0,0.0,-0.220493,1
8363,3015,1651675847,25.361111,0.165278,-0.021332,10676.094819,-12.718275,1
8364,3015,1651675848,0.0,0.0,0.0,0.0,-0.036749,1
8365,3015,1651675849,25.691667,-0.627778,0.031024,10815.246547,-78.726114,1
8366,3015,1651675852,0.0,0.0,0.0,0.0,-0.00017,1
8367,3015,1651675854,24.744444,-0.780556,0.023972,10416.500837,-83.009959,1
8368,3015,1651675856,1.691667,-0.611111,0.0,712.129435,-48.655407,1
8369,3015,1651675858,23.994444,-0.202778,-0.016958,10100.778428,-23.509442,1
8370,3015,1651675859,0.0,0.0,0.0,0.0,-0.0,1
8371,3015,1651675861,0.0,0.0,0.0,0.0,-0.0,1
8372,3015,1651675861,23.211111,-0.097222,0.03757,9771.023911,-48.574434,1
8373,3015,1651675870,22.316667,-0.055556,0.036694,9394.495704,-44.876316,1
8374,3015,1651675877,22.702778,-0.236111,-0.02317,9557.034277,-20.872626,1
8375,3015,1651675880,0.241667,-0.241667,0.0,101.732776,-14.574243,1
8376,3015,1651675883,0.0,0.155556,0.0,0.0,-0.497208,1
8377,3015,1651675884,22.177778,0.833333,0.021634,9336.028591,3.006048,0
8378,3015,1651675885,23.011111,0.677778,0.016545,9686.831268,10.729633,0
8379,3015,1651675885,0.0,0.0,0.0,0.0,0.659448,1
8380,3015,1651675887,23.958333,0.808333,-0.05987,10085.576978,13.923656,0
8381,3015,1651675889,0.544444,0.480556,0.0,229.191083,11.600953,0
8382,3015,1651675889,24.580556,-0.2375,0.031313,10347.509644,-54.439589,1
8383,3015,1651675893,24.002778,0.366667,-0.055399,10104.286454,-2.914794,1
8384,3015,1651675895,6.244444,1.554167,0.0,2628.681397,64.028019,1
8385,3015,1651675897,9.352778,0.352778,-0.014645,3937.175384,23.180956,1
8386,3015,1651675902,9.913889,-0.386111,0.020019,4173.38252,-48.425298,1
8387,3015,1651675903,24.297222,-0.122222,-0.029226,10228.236734,-11.680111,1
8388,3015,1651675904,24.175,-0.125,-0.058403,10176.785674,-4.285304,1
8389,3015,1651675905,9.522222,-0.016667,0.0,4008.505262,-14.256603,1
8390,3015,1651675906,9.505556,0.240278,0.0,4001.489208,-1.463554,1
8391,3015,1651675912,23.063889,-0.844444,-0.008746,9709.048771,-66.309868,1
8392,3015,1651675913,22.219444,-0.030556,-0.017912,9353.568725,-11.21033,1
8393,3015,1651675925,0.0,0.0,0.0,0.0,-5.967376,1
8394,3015,1651675927,19.527778,-0.013889,-0.02151,8220.476076,-6.236848,1
8395,3015,1651675933,0.0,0.0,0.0,0.0,-0.000767,1
8396,3015,1651675935,0.0,0.298611,0.0,0.0,-0.023328,1
8397,3015,1651675937,0.597222,-0.051389,0.0,251.408586,-14.861039,1
8398,3015,1651675940,0.266667,0.227778,0.0,112.256857,13.734562,0
8399,3015,1651675943,11.277778,-0.45,-0.093665,4747.529569,-0.712098,1
8400,3015,1651675944,0.261111,0.152778,0.0,109.918172,9.211869,0
8401,3015,1651675944,10.827778,-1.263889,-0.098181,4558.096123,-32.230621,1
8402,3015,1651675954,2.519444,0.313889,0.0,1060.593428,5.470859,0
8403,3015,1651675955,2.833333,0.368056,0.0,1192.729104,25.879209,1
8404,3015,1651675956,0.325,-0.023611,0.0,136.813044,-13.181809,1
8405,3015,1651675957,3.569444,1.461111,0.0,1502.604802,46.28977,1
8406,3015,1651675958,5.030556,1.208333,0.025572,2117.67883,46.628586,1
8407,3015,1651675959,6.238889,1.713889,0.055984,2626.342712,31.85213,1
8408,3015,1651675973,0.458333,0.851389,0.0,192.941473,39.581792,1
8409,3015,1651675977,5.5,0.597222,0.0,2315.297672,44.450135,1
8410,3015,1651675978,0.519444,0.169444,0.0,218.667002,-1.542644,1
8411,3015,1651675979,6.261111,0.866667,-0.013758,2635.69745,36.874594,1
8412,3015,1651675981,7.994444,1.165278,0.01564,3365.36702,22.910836,1
8413,3015,1651675983,3.677778,1.419444,0.024254,1548.20915,107.744094,1
8414,3015,1651675985,9.255556,1.466667,0.028948,3896.248405,112.359112,1
8415,3015,1651675990,13.838889,0.5625,-0.023461,5825.663131,25.853381,1
8416,3015,1651675991,17.408333,0.766667,-0.063617,7328.267933,54.185757,1
8417,3015,1651675994,18.5,1.419444,0.0,7787.819441,37.040114,0
8418,3015,1651675994,15.613889,-0.144444,0.041765,6572.872834,-49.019917,1
8419,3015,1651675996,20.108333,0.956944,-0.029872,8464.868608,31.069121,0
8420,3015,1651675997,15.566667,-0.036111,0.0,6552.994016,-17.930039,1
8421,3015,1651676001,22.702778,-0.35,0.160737,9557.034277,-135.287232,1
8422,3015,1651676024,4.372222,0.880556,-0.046397,1840.544715,61.73405,1
8423,3015,1651676027,7.125,1.286111,0.061652,2999.362893,29.29696,1
8424,3015,1651676028,8.411111,1.486111,0.071219,3540.768358,12.371656,1
8425,3015,1651676028,22.691667,0.097222,0.025215,9552.356908,-29.201454,1
8426,3015,1651676032,11.488889,0.909722,-0.007694,4836.399581,24.134276,1
8427,3015,1651676034,13.308333,0.608333,-0.015631,5602.31876,37.225281,1
8428,3015,1651676037,24.944444,0.380556,-0.081974,10500.69348,15.253195,0
8429,3015,1651676038,16.466667,0.444444,-0.042034,6931.860907,12.225654,0
8430,3015,1651676048,25.341667,0.344444,-0.046093,10667.909423,-0.809382,1
8431,3015,1651676050,25.6,0.586111,-0.011337,10776.658253,-6.953362,1
8432,3015,1651676050,19.213889,-0.151389,-0.005274,8088.340401,-23.873596,1
8433,3015,1651676059,18.380556,-0.109722,-0.011042,7737.537723,-17.4531,1
8434,3015,1651676060,21.777778,-1.544444,-0.014542,9167.643305,-104.163411,1
8435,3015,1651676061,20.233333,-0.736111,0.0,8517.48901,-62.897439,1
8436,3015,1651676062,19.497222,-0.105556,0.036501,8207.613311,-45.833774,1
8437,3015,1651676064,18.447222,-0.004167,0.0,7765.601938,-17.619482,1
8438,3015,1651676071,18.683333,0.105556,-0.010662,7864.99603,-4.879872,1
8439,3015,1651676077,20.613889,-0.016667,-0.056876,8677.688899,1.328131,0
8440,3015,1651676081,17.655556,0.019444,-0.061382,7432.339394,6.53258,0
8441,3015,1651676082,20.136111,-0.016667,0.0,8476.562031,-19.447892,1
8442,3015,1651676086,18.508333,-1.011111,-0.048454,7791.327467,-49.894468,1
8443,3015,1651676095,12.208333,-4.013889,-0.055283,5139.259225,-223.767467,1
8444,3015,1651676100,3.797222,-1.491667,-0.137657,1598.490867,-21.174092,1
8445,3015,1651676105,0.941667,-0.227778,0.0,396.407026,-25.506599,1
8446,3015,1651676106,0.713889,0.029167,0.0,300.52096,-10.005801,1
8447,3015,1651676111,17.619444,-0.025,-0.046714,7417.137945,1.652015,0
8448,3015,1651676111,0.230556,1.369444,-0.134415,97.055407,161.353942,0
8449,3015,1651676113,4.352778,1.358333,-0.089781,1832.359319,125.747101,1
8450,3015,1651676116,6.552778,2.711111,-0.043758,2758.478387,130.548259,1
8451,3015,1651676118,11.894444,0.719444,-0.014481,5007.12355,83.32874,1
8452,3015,1651676119,12.613889,1.738889,0.012654,5309.983195,60.347862,1
8453,3015,1651676122,16.005556,0.9125,0.016371,6737.750093,4.571951,0
8454,3015,1651676125,18.186111,0.488889,-0.080466,7655.683765,50.053232,0
8455,3015,1651676134,20.541667,0.180556,-0.092207,8647.286,19.070125,0
8456,3015,1651676134,3.683333,1.425,-0.062346,1550.547835,77.944369,1
8457,3015,1651676139,7.855556,0.391667,0.0,3306.899907,14.270246,1
8458,3015,1651676143,9.075,0.529167,-0.015605,3820.241158,16.596682,1
8459,3015,1651676145,10.133333,0.0,-0.036354,4265.760558,15.711855,1
8460,3015,1651676146,10.133333,-0.118056,-0.067526,4265.760558,15.911261,1
8461,3015,1651676148,9.897222,0.036111,-0.064455,4166.366466,7.856354,0
8462,3015,1651676166,2.516667,-0.458333,0.0,1059.424086,-39.499669,1
8463,3015,1651676175,0.875,1.069444,0.0,368.342811,33.279556,1
8464,3015,1651676177,2.505556,2.305556,-0.074277,1054.746717,154.386508,1
8465,3015,1651676178,4.811111,3.358333,-0.066098,2025.300791,189.245938,1
8466,3015,1651676179,8.169444,3.213889,-0.075009,3439.035582,174.132751,1
8467,3015,1651676180,11.383333,0.983333,-0.076496,4791.964575,124.285947,1
8468,3015,1651676181,12.366667,1.283333,-0.057038,5205.911734,85.339614,1
8469,3015,1651676183,14.933333,0.422222,-0.012528,6286.383981,58.204452,1
8470,3015,1651676184,0.308333,-0.15,0.0,129.796991,-20.803293,1
8471,3015,1651676185,16.780556,-0.008333,-0.059909,7063.996583,81.029893,1
8472,3015,1651676192,23.869444,0.608333,-0.028294,10048.158026,32.545061,0
8473,3015,1651676194,0.288889,0.025,0.0,121.611595,1.506204,0
8474,3015,1651676197,0.875,0.534722,0.0,368.342811,36.079054,1
8475,3015,1651676199,1.944444,1.2,0.0,818.539581,59.466461,1
8476,3015,1651676205,18.391667,-0.183333,0.079242,7742.215093,-74.883653,1
8477,3015,1651676206,5.783333,-0.711111,0.0,2434.570582,-55.190118,1
8478,3015,1651676223,0.0,0.0,0.0,0.0,-4.7e-05,1
8479,3015,1651676223,20.480556,0.466667,0.060983,8621.560471,-26.334609,1
8480,3015,1651676228,21.241667,-0.186111,0.055966,8941.96025,-63.282188,1
8481,3015,1651676229,21.055556,-0.048611,0.074753,8863.614318,-65.865614,1
8482,3015,1651676236,4.322222,2.294444,-0.034879,1819.496554,104.954804,1
8483,3015,1651676237,6.616667,1.438889,-0.02469,2785.373259,88.973738,1
8484,3015,1651676238,8.055556,0.934722,-0.043989,3391.092549,62.219351,1
8485,3015,1651676240,9.925,0.2,-0.028673,4178.059889,36.296193,1
8486,3015,1651676244,17.830556,-0.083333,0.093934,7506.007956,-77.106921,1
8487,3015,1651676251,16.363889,-0.808333,0.0,6888.595244,-64.917329,1
8488,3015,1651676251,10.519444,-0.063889,0.0,4428.299132,-17.433849,1
8489,3015,1651676258,11.308333,-0.35,0.0,4760.392334,-34.971247,1
8490,3015,1651676265,7.088889,-0.591667,0.0,2984.161443,-48.264375,1
8491,3015,1651676269,2.372222,-2.372222,0.0,998.618289,-154.9017,1
8492,3015,1651676271,7.438889,-0.416667,-0.027713,3131.498568,-21.502633,1
8493,3015,1651676289,1.683333,-0.448611,0.0,708.621409,-38.855668,1
8494,3015,1651676290,0.602778,3.544444,0.0,253.74727,46.822663,1
8495,3015,1651676293,4.886111,0.377778,0.0,2056.873032,4.891637,0
8496,3015,1651676294,5.263889,0.580556,0.0,2215.90358,-1.311063,1
8497,3015,1651676298,7.238889,2.752778,0.050924,3047.305925,53.965782,1
8498,3015,1651676299,9.991667,1.547222,-0.018511,4206.124103,77.084216,1
8499,3015,1651676300,11.538889,1.158333,-0.037009,4857.447741,75.738347,1
8500,3015,1651676306,16.0,0.755556,-0.029184,6735.411408,13.086269,0
8501,3015,1651676327,8.880556,-4.075,-0.103519,3738.3872,-197.988698,1
8502,3015,1651676331,1.158333,0.502778,0.0,487.615722,-5.733718,1
8503,3015,1651676336,1.755556,-0.1,0.0,739.024307,-17.837389,1
8504,3015,1651676347,1.105556,-0.283333,0.0,465.398219,-28.862312,1
8505,3015,1651676356,0.783333,0.677778,-0.086648,329.754517,43.932667,1
8506,3015,1651676357,1.461111,0.433333,-0.103518,615.074028,70.040712,1
8507,3015,1651676358,1.894444,0.483333,-0.095275,797.49142,96.962752,1
8508,3015,1651676359,2.377778,0.925,-0.096464,1000.956973,153.316442,1
8509,3015,1651676361,7.391667,2.788889,-0.158577,3111.619749,190.470622,1
8510,3015,1651676367,14.213889,0.5,0.0,5983.524336,-3.361052,1
8511,3015,1651676380,9.872222,0.611111,0.0,4155.842386,14.694302,1
8512,3015,1651676388,15.588889,0.261111,-0.044783,6562.348754,29.340119,0
8513,3015,1651676389,15.85,0.505556,-0.032258,6672.266926,26.378819,0
8514,3015,1651676396,16.405556,-0.072222,-0.027574,6906.135378,-4.339285,1
8515,3015,1651676398,16.386111,0.138889,-0.017919,6897.949982,-1.836644,0
8516,3015,1651676415,18.15,-0.052778,-0.070767,7640.482316,4.11869,0
8517,3015,1651676417,17.641667,-0.383333,0.0,7426.492683,-40.005028,1
8518,3015,1651676421,16.702778,0.197222,-0.066098,7031.254999,34.156133,0
8519,3015,1651676422,1.383333,1.605556,0.0,582.332445,32.890171,1
8520,3015,1651676422,16.9,0.441667,-0.096505,7114.2783,53.74304,1
8521,3015,1651676426,5.561111,1.111111,0.020806,2341.023201,19.82344,1
8522,3015,1651676433,5.313889,-0.65,0.026272,2236.95174,-66.856462,1
8523,3015,1651676438,3.030556,0.633333,-0.042115,1275.752404,17.851096,1
8524,3015,1651676439,3.663889,0.797222,0.0,1542.362439,31.402391,1
8525,3015,1651676442,2.35,-0.352778,-0.089911,989.263551,-17.02619,1
8526,3015,1651676446,1.461111,-0.019444,-0.078645,615.074028,40.328292,1
8527,3015,1651676447,1.441667,1.341667,-0.083027,606.888632,78.802594,1
8528,3015,1651676451,6.405556,0.725,-0.021965,2696.503248,74.424673,1
8529,3015,1651676453,7.855556,1.794444,0.0,3306.899907,44.801511,1
8530,3015,1651676455,9.625,-0.725,0.023252,4051.770925,-70.667022,1
8531,3015,1651676469,0.325,0.375,0.0,136.813044,10.855727,0
8532,3015,1651676470,3.911111,-0.579167,0.0,1646.4339,-46.934123,1
8533,3015,1651676473,0.0,0.0,0.0,0.0,-0.249892,1
8534,3015,1651676475,1.244444,0.458333,0.0,523.865332,9.485365,0
8535,3015,1651676475,0.0,0.0,0.0,0.0,-0.006941,1
8536,3015,1651676478,3.502778,0.877778,0.041917,1474.540588,24.118097,1
8537,3015,1651676482,6.508333,0.640278,0.026139,2739.768911,14.387401,1
8538,3015,1651676482,0.258333,0.133333,0.0,108.74883,8.03933,0
8539,3015,1651676484,7.788889,0.713889,0.031446,3278.835692,13.240663,1
8540,3015,1651676485,8.502778,0.606944,0.00956,3579.356653,10.007562,1
8541,3015,1651676488,0.0,2.166667,0.0,0.0,68.602711,1
8542,3015,1651676489,2.166667,1.013889,0.0,912.086962,74.962725,1
8543,3015,1651676491,5.536111,0.452778,-0.031625,2330.499121,87.683535,1
8544,3015,1651676497,14.208333,0.336111,0.0,5981.185651,64.038553,1
8545,3015,1651676502,18.386111,0.783333,0.010175,7739.876408,3.741782,0
8546,3015,1651676505,19.208333,-0.627778,0.010756,8086.001716,-62.019449,1
8547,3015,1651676508,3.194444,0.630556,0.0,1344.743597,21.812766,1
8548,3015,1651676510,4.455556,0.727778,0.0,1875.624982,35.363506,1
8549,3015,1651676511,17.111111,-1.122222,0.0,7203.148311,-84.258342,1
8550,3015,1651676512,5.911111,1.188889,0.0,2488.360326,44.407999,1
8551,3015,1651676513,15.372222,-0.397222,-0.013207,6471.140058,-31.842903,1
8552,3015,1651676515,9.569444,0.504167,0.072667,4028.38408,-25.509683,1
8553,3015,1651676516,14.044444,0.427778,-0.055422,5912.194458,19.839398,0
8554,3015,1651676521,13.719444,0.479167,-0.017224,5775.381414,8.172839,0
8555,3015,1651676530,18.083333,-0.211111,-0.06875,7612.418102,9.071396,0
8556,3015,1651676531,18.638889,0.275,0.044228,7846.286554,-26.880038,1
8557,3015,1651676533,18.263889,-0.663889,0.026478,7688.425349,-72.849945,1
8558,3015,1651676538,19.316667,-0.036111,0.088284,8131.606065,-71.868486,1
8559,3015,1651676552,0.0,1.297222,0.0,0.0,17.327184,1
8560,3015,1651676552,19.038889,0.198611,0.012969,8014.671839,-13.379195,1
8561,3015,1651676557,19.944444,0.044444,0.037373,8395.877415,-37.591122,1
8562,3015,1651676560,0.0,0.0,0.0,0.0,-0.048372,1
8563,3015,1651676563,1.594444,0.7,0.0,671.202456,68.939277,1
8564,3015,1651676565,5.066667,1.841667,0.025572,2132.880279,55.664998,1
8565,3015,1651676572,5.755556,1.827778,0.0,2422.877159,60.698231,1
8566,3015,1651676583,10.402778,-0.452778,0.028814,4379.186758,-57.775008,1
8567,3015,1651676584,9.95,-0.319444,0.040917,4188.583969,-56.687515,1
8568,3015,1651676586,9.311111,-0.05,0.032208,3919.63525,-35.12394,1
8569,3015,1651676587,9.261111,-0.172222,0.029318,3898.587089,-40.782017,1
8570,3015,1651676595,18.441667,0.016667,-0.027928,7763.263253,5.347792,0
8571,3015,1651676596,18.458333,0.269444,-0.05469,7770.279307,13.687317,0
8572,3015,1651676599,1.280556,0.833333,0.0,539.066781,10.607401,0
8573,3015,1651676605,0.741667,-0.011111,0.0,312.214383,-12.435348,1
8574,3015,1651676606,0.730556,0.155556,0.0,307.537014,-2.384541,1
8575,3015,1651676608,3.236111,0.744444,0.0,1362.283731,30.59289,1
8576,3015,1651676615,6.522222,-1.325,0.0,2745.615623,-92.359545,1
8577,3015,1651676619,2.547222,-0.716667,0.0,1072.286851,-55.080555,1
8578,3015,1651676621,10.797222,0.447222,0.0,4545.233358,3.613034,0
8579,3015,1651676629,0.155556,0.043056,0.0,65.483166,2.59599,0
8580,3015,1651676629,10.833333,1.313889,0.040494,4560.434808,-6.000805,1
8581,3015,1651676633,0.297222,0.102778,0.0,125.119622,6.196375,0
8582,3015,1651676634,12.805556,0.043056,-0.0267,5390.667811,1.211915,0
8583,3015,1651676634,0.4,-0.076389,0.0,168.385285,-16.365376,1
8584,3015,1651676638,12.3,-0.194444,0.0,5177.84752,-25.976832,1
8585,3015,1651676640,1.369444,2.930556,0.0,576.485733,98.384697,1
8586,3015,1651676641,4.3,1.070833,0.0,1810.141816,84.141934,1
8587,3015,1651676643,6.441667,1.208333,-0.029267,2711.704697,77.774495,1
8588,3015,1651676646,5.102778,1.388889,0.0,2148.081729,54.240805,1
8589,3015,1651676647,6.491667,2.197222,0.0,2732.752858,81.332325,1
8590,3015,1651676647,10.422222,0.505556,-0.058517,4387.372153,52.221185,1
8591,3015,1651676649,10.263889,1.075,0.0,4320.719645,40.320748,1
8592,3015,1651676649,11.425,0.569444,-0.075282,4809.504709,49.594144,1
8593,3015,1651676659,10.063889,-0.068056,0.087836,4236.527002,-69.049895,1
8594,3015,1651676663,9.8,-0.083333,0.089761,4125.439487,-71.009634,1
8595,3015,1651676664,16.483333,0.0,-0.035186,6938.876961,2.494541,0
8596,3015,1651676665,9.569444,-0.336111,0.069888,4028.38408,-74.553856,1
8597,3015,1651676668,16.241667,-0.025,0.0,6837.144185,-17.614081,1
8598,3015,1651676670,5.397222,-0.536111,0.0,2272.032008,-44.565862,1
8599,3015,1651676674,0.0,0.472222,0.0,0.0,-14.405281,1
8600,3015,1651676677,13.355556,-0.6875,0.0,5622.197578,-56.156271,1
8601,3015,1651676680,0.0,0.0,0.0,0.0,-2.596572,1
8602,3015,1651676684,0.0,0.0,0.0,0.0,22.311496,1
8603,3015,1651676684,7.033333,-1.626389,0.0,2960.774598,-110.648526,1
8604,3015,1651676687,1.194444,0.888889,-0.057845,502.817171,65.584703,1
8605,3015,1651676688,2.083333,1.455556,0.0,877.006694,64.505628,1
8606,3015,1651676689,3.538889,0.977778,0.0,1489.742037,54.547589,1
8607,3015,1651676690,4.516667,0.608333,-0.044619,1901.350512,43.75683,1
8608,3015,1651676694,3.386111,-1.336111,0.0,1425.428213,-92.517137,1
8609,3015,1651676697,0.0,0.0,0.0,0.0,-0.000383,1
8610,3015,1651676704,0.0,0.0,0.0,0.0,2.295149,1
8611,3015,1651676712,1.641667,-1.038889,0.0,691.081275,-74.449039,1
8612,3015,1651676742,0.0,0.0,0.0,0.0,19.048243,1
8613,3015,1651676745,2.247222,0.983333,0.0,945.997887,44.996552,1
8614,3015,1651676747,4.183333,0.836111,0.0,1761.029441,15.824106,1
8615,3015,1651676753,6.183333,1.340278,0.032707,2602.955867,-1.167768,1
8616,3015,1651676755,8.863889,0.419444,0.015605,3731.371146,-0.455395,1
8617,3015,1651676767,14.563889,0.644444,0.0,6130.861461,6.845114,0
8618,3015,1651676772,16.116667,0.275,0.04456,6784.523783,-25.629018,1
8619,3015,1651676791,19.894444,-0.005556,0.075977,8374.829254,-63.201926,1
8620,3015,1651676792,19.888889,0.043056,0.112264,8372.49057,-81.460771,1
8621,3015,1651676797,20.422222,0.054167,0.061439,8597.004283,-51.437327,1
8622,3015,1651676801,20.808333,-0.005556,0.022678,8759.542857,-32.558038,1
8623,3015,1651676812,21.869444,0.013889,0.104577,9206.2316,-80.101713,1
8624,3015,1651676817,22.188889,-0.130556,0.071956,9340.70596,-69.97816,1
8625,3015,1651676835,22.733333,-0.036111,0.065506,9569.897042,-60.909217,1
8626,3015,1651676843,22.991667,0.127778,0.080442,9678.645872,-59.964021,1
8627,3015,1651676848,24.55,0.218056,-0.025054,10334.646879,2.06921,0
8628,3015,1651676850,24.986111,0.447222,-0.020879,10518.233614,13.963259,0
8629,3015,1651676851,25.433333,0.088889,-0.063296,10706.497717,21.647655,0
8630,3015,1651676877,2.777778,0.956944,-0.019991,1169.342258,3.97756,0
8631,3015,1651676886,1.286111,-0.643056,0.0,541.405466,-50.561844,1
8632,3015,1651676903,3.158333,1.052778,0.0,1329.542148,50.701124,1
8633,3015,1651676909,10.855556,0.6375,-0.027964,4569.789546,42.198983,1
8634,3015,1651676911,12.130556,0.851389,0.028803,5106.517642,12.610237,0
8635,3015,1651676916,15.3,1.066667,0.03009,6440.737159,4.354812,0
8636,3015,1651676919,18.155556,0.5625,-0.034404,7642.821001,24.748478,0
8637,3015,1651676922,19.563889,0.527778,-0.020755,8235.677526,12.891878,0
8638,3015,1651676924,20.619444,0.902778,0.03008,8680.027584,16.166175,0
8639,3015,1651676926,22.425,0.605556,-0.011988,9440.100052,10.363911,0
8640,3015,1651676935,25.630556,0.297222,0.044102,10789.521018,-30.570217,1
8641,3015,1651676947,27.372222,0.122222,-0.016472,11522.698614,-7.058274,1
8642,3015,1651676949,27.616667,-0.108333,-0.068071,11625.600732,0.755834,0
8643,3015,1651676951,27.4,-0.027778,-0.052259,11534.392036,1.550685,0
8644,3015,1651676954,27.65,0.041667,-0.033613,11639.63284,-2.09052,1
8645,3015,1651676955,27.691667,0.211111,-0.093025,11657.172973,29.80635,0
8646,3015,1651676957,28.583333,0.877778,-0.073015,12032.531838,48.143547,0
8647,3015,1651676978,20.844444,-0.688889,-0.053733,8774.744307,-28.876941,1
8648,3015,1651676979,20.155556,-0.863889,-0.052893,8484.747427,-39.457762,1
8649,3015,1651677022,0.0,0.0,0.0,0.0,-0.0,1
8650,3015,1651677025,0.0,0.0,0.0,0.0,-0.0,1
8651,3015,1651677046,1.616667,1.813889,0.0,680.557194,87.426733,1
8652,3015,1651677053,13.536111,1.027778,0.024683,5698.204825,45.706187,1
8653,3015,1651677054,14.563889,0.772222,0.0,6130.861461,35.759464,1
8654,3015,1651677059,17.95,0.465278,-0.035704,7556.289673,17.935042,0
8655,3015,1651677070,21.791667,0.241667,-0.037062,9173.490017,5.963877,0
8656,3015,1651677078,22.291667,-1.002778,-0.017117,9383.971623,-70.359248,1
8657,3015,1651677082,16.591667,-2.209722,0.033774,6984.481309,-169.391744,1
8658,3015,1651677096,0.0,0.0,0.0,0.0,-0.035908,1
8659,3015,1651677103,5.230556,1.493056,0.025707,2201.871472,45.743675,1
8660,3015,1651677109,11.888889,0.711111,0.032678,5004.784866,7.590478,0
8661,3015,1651677110,12.6,0.704167,0.010397,5304.136484,14.352809,0
8662,3015,1651677112,14.008333,0.411111,0.0,5896.993009,18.006018,0
8663,3015,1651677113,14.419444,0.680556,0.0,6070.055663,23.362351,0
8664,3015,1651677131,21.508333,0.283333,-0.024163,9054.217106,-4.771908,1
8665,3015,1651677134,22.475,0.309722,0.070118,9461.148212,-42.562596,1
8666,3015,1651677148,27.419444,0.238889,-0.007149,11542.577432,-5.546536,1
8667,3015,1651677151,28.069444,-0.288889,0.03573,11816.203521,-63.161132,1
8668,3015,1651677152,27.780556,-0.059722,0.014264,11694.591926,-36.468123,1
8669,3015,1651677170,27.744444,0.075,0.025146,11679.390476,-34.703646,1
8670,3015,1651677193,25.758333,0.005556,0.021423,10843.310762,-34.951922,1
8671,3015,1651677198,25.563889,-0.108333,-0.023762,10761.456804,-15.096497,1
8672,3015,1651677219,23.066667,-0.25,-0.008746,9710.218113,-30.465069,1
8673,3015,1651677224,20.977778,-0.606944,-0.038385,8830.872735,-33.048069,1
8674,3015,1651677241,8.422222,-0.018056,-0.017372,3545.445727,-3.802265,1
8675,3015,1651677243,8.386111,0.761111,0.0,3530.244278,19.150762,1
8676,3015,1651677249,13.363889,0.813889,0.020151,5625.705605,22.67988,1
8677,3015,1651677258,21.602778,0.255556,-0.033675,9093.974743,19.558697,0
8678,3015,1651677271,21.736111,-0.208333,0.089891,9150.103172,-84.831152,1
8679,3015,1651677276,20.988889,-0.323611,0.049485,8835.550104,-67.597337,1
8680,3015,1651677297,23.547222,0.679167,0.027595,9912.514324,3.711531,0
8681,3015,1651677300,25.088889,0.163889,-0.074197,10561.499277,11.93751,0
8682,3015,1651677304,26.225,0.186111,-0.011016,11039.760261,-5.398895,1
8683,3015,1651677336,23.016667,-0.095833,-0.041318,9689.169953,-1.981686,1
8684,3015,1651677361,0.0,0.0,0.0,0.0,-19.807738,1
8685,3015,1651677370,2.891667,1.244444,0.0,1217.285291,69.535897,1
8686,3015,1651677372,5.241667,1.469444,-0.035034,2206.548842,81.558507,1
8687,3015,1651677403,9.3,-2.530556,-0.043406,3914.957881,-140.265743,1
8688,3015,1651677413,6.677778,2.102778,-0.02151,2811.098789,89.797446,1
8689,3015,1651677414,8.780556,0.815278,-0.040108,3696.290879,85.24295,1
8690,3015,1651677417,11.213889,1.409722,-0.080685,4720.634697,91.043296,1
8691,3015,1651677419,14.033333,0.936111,-0.052784,5907.517089,72.579964,1
8692,3015,1651677425,19.086111,0.863889,-0.090795,8034.550657,74.42863,1
8693,3015,1651677465,19.280556,0.343056,0.082641,8116.404615,-45.681199,1
8694,3015,1651677472,20.977778,0.047222,-0.043476,8830.872735,-7.991213,1
8695,3015,1651677477,21.472222,-0.447222,-0.028052,9039.015657,-29.836774,1
8696,3015,1651677479,21.066667,0.013889,0.125603,8868.291687,-91.781706,1
8697,3015,1651677484,19.811111,-0.529167,-0.020449,8339.748987,-38.117335,1
8698,3015,1651677489,16.519444,-0.705556,-0.07025,6954.07841,-17.51513,1
8699,3015,1651677496,14.419444,0.319444,0.047955,6070.055663,-24.086033,1
8700,3015,1651677503,14.769444,0.530556,-0.038208,6217.392788,15.333242,0
8701,3015,1651677507,15.275,0.236111,-0.013134,6430.213079,-0.684672,1
8702,3015,1651677513,17.244444,0.7,-0.017028,7259.27674,9.933689,0
8703,3015,1651677524,15.047222,-0.658333,-0.118596,6334.327013,27.447429,0
8704,3015,1651677526,14.297222,0.290278,-0.097815,6018.604604,31.631628,1
8705,3015,1651677528,14.877778,-0.236111,-0.04594,6262.997136,-2.637865,1
8706,3015,1651677534,14.894444,0.533333,0.0,6270.013189,17.17939,0
8707,3015,1651677538,16.308333,0.154167,-0.027397,6865.208399,5.280223,0
8708,3015,1651677552,16.477778,0.530556,0.024253,6936.538277,7.134117,0
8709,3015,1651677556,18.616667,0.225,-0.012946,7836.931815,12.188283,0
8710,3015,1651677573,20.777778,0.247222,-0.068207,8746.680092,2.313686,0
8711,3015,1651677574,21.025,0.259722,-0.028219,8850.751553,3.453858,0
8712,3015,1651677592,14.997222,-1.005556,-0.062666,6313.278853,-39.268712,1
8713,3015,1651677596,9.583333,-1.893056,0.0,4034.230791,-127.428162,1
8714,3015,1651677602,0.0,0.0,0.0,0.0,-19.025287,1
8715,3015,1651677610,0.0,0.0,0.0,0.0,-0.002447,1
8716,3015,1651677613,0.0,0.736111,0.0,0.0,30.959539,1
8717,3015,1651677614,0.736111,0.811111,0.0,309.875698,43.050805,1
8718,3015,1651677616,2.802778,1.038889,0.0,1179.866339,59.659242,1
8719,3015,1651677622,9.680556,1.044444,0.0,4075.15777,51.575955,1
8720,3015,1651677631,17.866667,0.419444,0.0,7521.209406,0.077184,0
8721,3015,1651677652,2.627778,0.669444,0.0,1106.197776,20.66275,1
8722,3015,1651677655,4.202778,0.838889,0.0,1769.214837,33.237913,1
8723,3015,1651677657,5.880556,0.705556,-0.032243,2475.497561,40.247201,1
8724,3015,1651677679,8.133333,0.772222,0.0,3423.834132,50.890625,1
8725,3015,1651677680,8.905556,0.861111,0.0,3748.91128,36.739623,1
8726,3015,1651677688,14.708333,0.544444,0.047752,6191.667258,-10.537038,1
8727,3015,1651677691,16.544444,0.097222,-0.043532,6964.602491,0.338358,0
8728,3015,1651677723,0.0,0.0,0.0,0.0,-0.000195,1
8729,3015,1651677736,0.422222,0.427778,0.0,177.740023,14.0372,0
8730,3015,1651677737,0.85,1.477778,0.0,357.818731,15.487076,0
8731,3015,1651677749,7.772222,1.008333,0.023822,3271.819639,3.857751,0
8732,3016,1651677758,10.119444,-0.169444,0.0,4259.913847,-23.663045,1
8733,3016,1651677761,8.705556,-1.433333,0.029923,3664.718638,-117.02161,1
8734,3016,1651677764,4.305556,-0.827778,0.0,1812.4805,-61.979624,1
8735,3016,1651677768,5.366667,1.183333,-0.038017,2259.169243,64.909184,1
8736,3016,1651677773,10.602778,0.658333,0.0,4463.3794,27.989992,1
8737,3016,1651677774,11.261111,0.226389,0.0,4740.513515,-0.195561,1
8738,3016,1651677783,10.808333,-0.8125,-0.034896,4549.910727,-42.163638,1
8739,3016,1651677793,6.691667,0.844444,0.017784,2816.9455,25.421447,1
8740,3016,1651677796,9.130556,0.422222,0.0,3843.628003,21.528236,1
8741,3016,1651677813,4.383333,-0.011111,0.0,1845.222084,-12.743134,1
8742,3016,1651677814,4.372222,-0.513889,0.0,1840.544715,-43.060652,1
8743,3016,1651677822,4.383333,0.465278,-0.028172,1845.222084,33.567672,1
8744,3016,1651677825,5.586111,1.177778,-0.063857,2351.547282,69.737327,1
8745,3016,1651677847,5.680556,-0.826389,0.0,2391.304918,-62.12231,1
8746,3016,1651677853,6.236111,0.909722,0.044346,2625.17337,12.193768,1
8747,3016,1651677859,9.013889,-1.268056,-0.044346,3794.515628,-63.494066,1
8748,3016,1651677865,4.608333,1.213889,-0.080458,1939.938807,66.322419,1
8749,3016,1651677867,6.322222,0.784722,-0.019109,2661.42298,48.608515,1
8750,3016,1651677880,2.102778,0.841667,0.0,885.19209,5.328592,0
8751,3016,1651677898,12.527778,0.643056,0.01115,5273.733585,17.136865,1
8752,3016,1651677900,13.813889,0.936111,-0.071752,5815.139051,41.640748,1
8753,3016,1651677901,14.75,0.2875,-0.047416,6209.207392,37.357083,1
8754,3016,1651677903,15.325,0.030556,-0.07601,6451.261239,27.94777,0
8755,3016,1651677904,15.355556,0.159722,-0.047562,6464.124004,13.14946,0
8756,3016,1651677923,3.286111,-0.786111,0.0,1383.331892,-59.339359,1
8757,3016,1651677930,3.394444,-0.151389,0.0,1428.93624,-21.075496,1
8758,3016,1651677936,3.477778,-0.783333,0.0,1464.016507,-59.19323,1
8759,3016,1651677939,1.508333,0.0,0.0,634.952846,-11.79376,1
8760,3016,1651680060,4.213889,0.411111,0.0,1773.892206,9.996514,0
8761,3016,1651680063,5.494444,-0.052778,-0.03461,2312.958987,20.400972,1
8762,3016,1651680064,5.441667,0.0,-0.056245,2290.741484,27.869535,1
8763,3016,1651680065,5.441667,0.504167,-0.049019,2290.741484,41.546217,1
8764,3016,1651680069,8.488889,0.0,-0.052346,3573.509942,61.760343,1
8765,3016,1651680072,10.863889,1.358333,-0.067401,4573.297572,89.99809,1
8766,3016,1651680073,12.222222,1.055556,-0.082906,5145.105937,77.454197,1
8767,3016,1651680074,13.277778,0.0,-0.104132,5589.455995,44.445672,1
8768,3016,1651680094,0.0,0.0,0.0,0.0,-0.47233,1
8769,3016,1651680095,0.0,0.0,0.0,0.0,-0.078722,1
8770,3016,1651680102,0.0,0.0,0.0,0.0,5.930803,1
8771,3016,1651680107,1.616667,0.913889,0.0,680.557194,51.439732,1
8772,3016,1651680113,9.866667,0.515278,-0.012154,4153.503702,24.074905,1
8773,3016,1651680121,2.45,1.8,-0.0441,1031.359872,46.422346,1
8774,3016,1651680123,5.55,0.7125,-0.050073,2336.345832,83.546669,1
8775,3016,1651680132,16.538889,0.525,0.019015,6962.263806,20.852791,0
8776,3016,1651680136,17.711111,1.658333,-0.025747,7455.726239,39.427488,0
8777,3016,1651680137,19.369444,0.529167,0.0,8153.823567,25.436493,0
8778,3016,1651680140,21.422222,0.6375,0.021626,9017.967496,8.659146,0
8779,3016,1651680143,23.005556,0.058333,-0.046314,9684.492584,2.006197,0
8780,3016,1651680152,12.288889,-2.544444,0.101956,5173.170151,-227.450885,1
8781,3016,1651680155,7.8,-1.783333,0.0,3283.513061,-120.300324,1
8782,3016,1651680159,7.552778,0.0,-0.033186,3179.4416,57.032016,1
8783,3016,1651680160,7.552778,1.516667,-0.033732,3179.4416,67.805068,1
8784,3016,1651680162,10.586111,0.972222,0.0,4456.363347,69.53826,1
8785,3016,1651680165,13.777778,0.625,-0.049433,5799.937601,31.573032,1
8786,3016,1651680174,17.413889,0.0,-0.033795,7330.606618,8.288714,0
8787,3016,1651680175,17.413889,0.758333,0.105612,7330.606618,-32.926141,1
8788,3016,1651680178,19.430556,1.233333,0.026478,8179.549097,12.557735,0
8789,3016,1651680179,20.663889,0.0,-0.037061,8698.73706,10.51392,0
8790,3016,1651680182,22.122222,0.019444,0.062169,9312.641745,-55.151564,1
8791,3016,1651680192,17.202778,-0.991667,0.011581,7241.736606,-83.243965,1
8792,3016,1651680210,4.727778,0.608333,0.0,1990.220524,20.005144,1
8793,3016,1651680228,8.477778,-0.211111,0.024252,3568.832572,-39.923116,1
8794,3016,1651680229,8.266667,-0.241667,0.0,3479.962561,-27.456497,1
8795,3016,1651680233,6.827778,-0.483333,-0.129566,2874.243271,14.601086,1
8796,3016,1651680258,0.0,0.0,0.0,0.0,-0.023419,1
8797,3016,1651680260,0.0,0.138889,0.0,0.0,2.679288,1
8798,3016,1651680266,0.0,0.0,0.0,0.0,-0.04343,1
8799,3016,1651680268,0.0,0.0,0.0,0.0,-0.007238,1
8800,3016,1651680269,0.0,0.0,0.0,0.0,-0.001206,1
8801,3016,1651680286,0.0,0.0,0.0,0.0,-1e-06,1
8802,3016,1651680291,0.155556,-0.077778,-0.178391,65.483166,99.614699,0
8803,3016,1651680298,0.0,0.0,0.0,0.0,1.318006,1
8804,3016,1651680303,0.225,-0.069444,0.0,94.716723,-4.188559,1
8805,3016,1651680325,0.180556,-0.180556,0.0,76.007247,-10.88862,1
8806,3016,1651680334,3.241667,1.533333,-0.07714,1364.622415,100.586568,1
8807,3016,1651680345,6.172222,0.869444,-0.01588,2598.278498,36.060832,1
8808,3016,1651680347,7.911111,1.416667,-0.017784,3330.286752,90.243054,1
8809,3016,1651680348,9.327778,3.275,-0.052043,3926.651304,109.719129,1
8810,3016,1651680355,11.286111,-1.391667,0.0,4751.037596,-97.778828,1
8811,3016,1651680374,1.069444,0.0,0.0,450.196769,-11.775102,1
8812,3016,1651680375,1.069444,0.872222,0.0,450.196769,33.268211,1
8813,3016,1651680377,2.813889,1.516667,0.0,1184.543708,62.627284,1
8814,3016,1651680393,18.719444,0.613889,-0.046245,7880.197479,27.919615,0
8815,3016,1651680394,19.333333,0.0,-0.067237,8138.622118,24.203981,0
8816,3016,1651680395,19.333333,0.55,-0.032881,8138.622118,8.488253,0
8817,3016,1651680399,20.65,0.0,0.068256,8692.890349,-58.851627,1
8818,3016,1651680413,2.541667,-0.126389,0.0,1069.948166,-19.484434,1
8819,3016,1651680419,3.905556,0.313889,0.0,1644.095215,3.915756,0
8820,3016,1651682158,4.8,-0.302778,0.0,2020.623422,-30.394677,1
8821,3016,1651682160,4.233333,-0.288889,-0.052488,1782.077602,13.760186,1
8822,3016,1651682170,3.672222,0.591667,0.0,1545.870466,-2.103278,1
8823,3016,1651682173,5.586111,0.741667,0.0,2351.547282,25.369075,1
8824,3016,1651682175,6.811111,0.35,0.0,2867.227217,10.463391,1
8825,3016,1651682182,4.805556,0.036111,-0.038204,2022.962107,13.30741,1
8826,3016,1651682183,4.841667,0.138889,-0.069141,2038.163556,18.516065,1
8827,3016,1651682186,3.122222,0.0,-0.133109,1314.340698,43.892965,1
8828,3016,1651682187,3.122222,1.872222,-0.107739,1314.340698,108.092888,1
8829,3016,1651682189,6.544444,0.613889,-0.083799,2754.970361,107.189949,1
8830,3016,1651682191,7.772222,1.905556,-0.067145,3271.819639,97.300077,1
8831,3016,1651682192,9.677778,0.497222,-0.065322,4073.988428,66.566122,1
8832,3016,1651682194,10.519444,0.875,-0.02405,4428.299132,45.050974,1
8833,3016,1651682196,12.361111,0.977778,0.0,5203.57305,33.378683,1
8834,3016,1651682197,13.338889,0.927778,0.027464,5615.181525,8.849118,0
8835,3016,1651682207,12.113889,-0.05,-0.049667,5099.501589,2.366794,0
8836,3016,1651682214,7.422222,-0.961111,-0.040537,3124.482514,-46.791532,1
8837,3016,1651682217,6.066667,-0.404167,0.0,2553.843492,-36.735747,1
8838,3016,1651682220,5.494444,0.55,0.0,2312.958987,28.625409,1
8839,3016,1651682222,7.630556,1.155556,0.0,3212.183184,48.332999,1
8840,3016,1651682224,9.461111,0.694444,0.0,3982.779732,19.745216,1
8841,3016,1651682234,6.213889,0.530556,0.0,2615.818632,17.78491,1
8842,3016,1651682235,6.744444,0.966667,0.025052,2839.163003,36.199375,1
8843,3016,1651682243,6.352778,0.511111,0.0,2674.285745,3.61615,0
8844,3016,1651682247,7.463889,0.408333,-0.025753,3142.022648,8.176955,0
8845,3016,1651682250,8.072222,0.513889,0.0,3398.108603,-5.058835,1
8846,3016,1651682254,5.783333,0.461111,-0.029757,2434.570582,10.152224,0
8847,3016,1651682256,6.961111,1.955556,-0.038348,2930.371699,46.038854,1
8848,3016,1651682266,5.766667,-0.530556,0.066097,2427.554528,-83.097692,1
8849,3016,1651682268,4.083333,-0.630556,0.0,1718.93312,-50.055745,1
8850,3016,1651682271,3.363889,-0.230556,0.0,1416.073475,-25.846096,1
8851,3016,1651682279,0.0,0.0,0.0,0.0,1.024241,1
8852,3016,1651682287,2.45,1.630556,0.0,1031.359872,53.117051,1
8853,3016,1651682289,4.763889,0.983333,0.0,2005.421973,63.581644,1
8854,3016,1651682291,7.933333,0.808333,0.0,3339.64149,83.732453,1
8855,3016,1651682300,12.094444,-0.988889,-0.02954,5091.316193,-56.435033,1
8856,3016,1651682304,3.683333,-2.052778,0.0,1550.547835,-135.769101,1
8857,3016,1651682306,1.4,0.25,-0.089911,589.348498,23.947864,1
8858,3016,1651682311,5.416667,1.688889,0.0,2280.217404,64.566206,1
8859,3016,1651682313,8.658333,2.475,0.03719,3644.839819,91.972096,1
8860,3016,1651682314,11.133333,2.302778,0.027234,4686.723771,80.253699,1
8861,3016,1651682328,1.794444,-1.294444,0.0,755.395099,-89.868521,1
8862,3016,1651682346,0.169444,0.319444,0.0,71.329878,19.263057,0
8863,3016,1651682347,0.488889,1.269444,0.0,205.804237,32.873889,1
8864,3016,1651682349,2.247222,0.619444,0.0,945.997887,27.770896,1
8865,3016,1651682350,2.866667,0.755556,0.0,1206.761211,29.739454,1
8866,3016,1651682353,4.316667,1.425,-0.030451,1817.157869,53.180056,1
8867,3016,1651682362,2.241667,0.591667,0.0,943.659202,20.360279,1
8868,3016,1651682363,2.833333,1.690278,-0.040073,1192.729104,65.923028,1
8869,3016,1651682365,6.213889,1.308333,-0.035724,2615.818632,69.675617,1
8870,3016,1651682367,8.030556,0.85,-0.042932,3380.568469,41.8693,1
8871,3016,1651682373,5.622222,-1.95,0.0,2366.748731,-129.868812,1
8872,3016,1651682380,1.836111,0.405556,0.0,772.935233,18.351856,1
8873,3016,1651682381,2.241667,1.086111,0.0,943.659202,43.032234,1
8874,3016,1651682382,3.327778,1.025,0.0,1400.872025,64.451714,1
8875,3016,1651682383,4.352778,1.938889,-0.025753,1832.359319,84.29796,1
8876,3016,1651682385,7.202778,3.111111,-0.018029,3032.104476,116.110194,1
8877,3016,1651682386,10.313889,1.666667,-0.022481,4341.767805,91.770155,1
8878,3016,1651682389,12.958333,1.080556,0.0,5454.981635,40.72465,1
8879,3016,1651682390,14.038889,1.322222,0.019282,5909.855774,39.533615,1
8880,3016,1651682391,15.361111,0.527778,0.014457,6466.462689,36.648302,1
8881,3016,1651682393,16.416667,1.347222,0.0,6910.812747,41.635277,1
8882,3016,1651682394,17.763889,0.894444,-0.024931,7477.943742,24.697495,0
8883,3016,1651682400,19.9,-0.15,-0.019841,8377.167939,-15.668055,1
8884,3016,1651682403,18.216667,-1.027778,-0.040514,7668.54653,-55.389129,1
8885,3016,1651682416,3.327778,-0.883333,0.069145,1400.872025,-105.790275,1
8886,3016,1651682440,0.0,0.741667,0.0,0.0,48.854245,1
8887,3016,1651682441,0.741667,2.144444,0.0,312.214383,68.159138,1
8888,3016,1651682442,2.886111,0.941667,0.0,1214.946606,59.587438,1
8889,3016,1651682445,7.136111,0.645833,0.034197,3004.040262,58.914668,1
8890,3016,1651682447,8.427778,1.866667,0.0,3547.784412,67.747272,1
8891,3016,1651682450,12.202778,0.961111,0.0,5136.920541,34.689808,1
8892,3016,1651682451,13.163889,0.875,0.022989,5541.512962,10.313463,0
8893,3016,1651682478,0.225,0.372222,0.0,94.716723,22.445366,0
8894,3016,1651682483,0.719444,-0.175,0.0,302.859645,-22.317842,1
8895,3016,1651682484,0.544444,-0.230556,0.0,229.191083,-25.664373,1
8896,3016,1651682487,0.266667,0.272222,0.0,112.256857,16.414706,0
8897,3016,1651682504,0.0,0.0,0.0,0.0,-0.041879,1
8898,3016,1651682508,0.205556,0.127778,0.0,86.531327,7.704716,0
8899,3016,1651682518,0.0,0.0,0.0,0.0,-0.004226,1
8900,3016,1651682522,1.580556,1.572222,-0.057845,665.355745,93.552823,1
8901,3016,1651682533,11.519444,-1.005556,0.038587,4849.262345,-97.250513,1
8902,3016,1651682534,10.513889,-0.641667,0.0,4425.960448,-52.273787,1
8903,3016,1651682551,0.0,0.0,0.0,0.0,2.882957,1
8904,3016,1651682553,0.463889,-0.463889,0.0,195.280157,-39.733787,1
8905,3016,1651682562,0.0,0.0,0.0,0.0,-2.4e-05,1
8906,3016,1651682569,0.0,0.0,0.0,0.0,-0.0,1
8907,3016,1651682571,0.0,0.0,0.0,0.0,-0.0,1
8908,3016,1651682585,0.494444,-0.094444,0.0,208.142922,-17.455577,1
8909,3016,1651682595,0.288889,0.055556,0.0,121.611595,3.348803,0
8910,3016,1651682601,0.85,0.452778,0.0,357.818731,40.621238,1
8911,3016,1651682602,1.302778,0.661111,0.0,548.421519,81.451119,1
8912,3016,1651682603,1.963889,4.061111,0.0,826.724977,125.085114,1
8913,3016,1651682604,6.025,1.666667,-0.034197,2536.303358,99.447231,1
8914,3016,1651682605,7.691667,0.363889,-0.024253,3237.908713,59.329587,1
8915,3016,1651682606,8.055556,0.927778,0.0,3391.092549,37.944671,1
8916,3016,1651682618,16.719444,0.675,0.039891,7038.271053,17.194295,0
8917,3016,1651682619,17.394444,1.325,0.0,7322.421222,25.788072,0
8918,3016,1651682620,18.719444,-0.038889,-0.050833,7880.197479,7.90741,0
8919,3016,1651682639,22.636111,0.097222,-0.072795,9528.970063,12.815566,0
8920,3016,1651682644,22.194444,0.013889,-0.013418,9343.044644,-11.154195,1
8921,3016,1651682651,14.441667,-0.802778,0.039198,6079.410401,-86.631833,1
8922,3016,1651682658,6.436111,-0.627778,0.0,2709.366013,-50.296393,1
8923,3016,1651682659,5.808333,0.15,0.043405,2445.094662,-28.762132,1
8924,3016,1651682661,6.697222,0.972222,0.043405,2819.284185,10.191426,0
8925,3016,1651682663,8.719444,0.406944,0.027454,3670.565349,-4.601574,1
8926,3016,1651682665,9.533333,0.627778,0.0,4013.182631,31.199208,1
8927,3016,1651682666,10.161111,1.275,-0.024186,4277.453981,65.929369,1
8928,3016,1651682668,12.511111,0.888889,-0.07948,5266.717532,88.90957,1
8929,3016,1651682669,13.4,1.513889,-0.050923,5640.907054,80.311566,1
8930,3016,1651682670,14.913889,0.669444,-0.030844,6278.198585,58.057007,1
8931,3016,1651682671,15.583333,0.858333,0.0,6560.010069,39.584136,1
8932,3016,1651682673,18.175,-0.458333,0.033189,7651.006396,-64.341612,1
8933,3016,1651682680,18.355556,-0.308333,0.0,7727.013643,-35.906079,1
8934,3016,1651682703,12.630556,-0.129167,0.0,5316.999249,-22.176275,1
8935,3016,1651682716,7.716667,-0.922222,0.044979,3248.432794,-94.769326,1
8936,3016,1651682724,0.519444,-0.519444,0.0,218.667002,-43.084867,1
8937,3016,1651682726,0.0,0.0,0.0,0.0,9.903632,1
8938,3016,1651682749,0.397222,-0.041667,0.0,167.215943,-14.271478,1
8939,3016,1651682759,4.358333,2.7,0.0,1834.698003,102.164713,1
8940,3016,1651682760,7.058333,1.291667,0.0,2971.298678,87.703685,1
8941,3016,1651682761,8.35,1.1,-0.036408,3515.042829,82.048316,1
8942,3016,1651682762,9.45,0.555556,-0.072719,3978.102363,92.399895,1
8943,3016,1651682764,12.058333,0.513889,-0.084451,5076.114743,91.53024,1
8944,3016,1651682766,13.647222,1.35,0.018192,5744.978515,60.070243,1
8945,3016,1651682776,19.133333,0.488889,0.024068,8054.429475,-2.454674,1
8946,3016,1651682778,20.597222,-0.122222,-0.11177,8670.672846,25.710285,0
8947,3016,1651682787,20.005556,0.597222,-0.149145,8421.602945,46.827508,0
8948,3016,1651682788,20.602778,0.294444,-0.113072,8673.01153,64.229489,0
8949,3016,1651682789,20.897222,0.4,-0.095017,8796.96181,70.98713,0
8950,3016,1651682794,23.030556,-0.411111,-0.034968,9695.016664,-24.737266,1
8951,3016,1651682799,20.383333,-0.573611,-0.042924,8580.633492,-27.964561,1
8952,3016,1651682808,15.35,1.086111,-0.024683,6461.78532,17.519605,0
8953,3016,1651682810,17.022222,0.166667,-0.051272,7165.729359,33.62628,0
8954,3016,1651682811,17.188889,0.436111,-0.052072,7235.889895,31.075772,0
8955,3016,1651682815,17.608333,0.483333,-0.089754,7412.460576,44.32366,0
8956,3016,1651682816,18.091667,0.716667,-0.073979,7615.926129,20.927598,0
8957,3016,1651682822,18.994444,-0.566667,-0.096507,7995.962363,18.239456,0
8958,3016,1651682823,18.427778,-0.155556,-0.078264,7757.416542,17.025944,0
8959,3016,1651682824,18.272222,0.319444,-0.035599,7691.933375,12.149723,0
8960,3016,1651682825,18.591667,0.072222,-0.02151,7826.407735,-0.455915,1
8961,3016,1651682826,18.663889,0.252778,-0.021172,7856.810634,0.449782,0
8962,3016,1651682837,14.672222,-1.177778,0.092005,6176.465809,-140.285607,1
8963,3016,1651682839,12.680556,-1.105556,0.113216,5338.047409,-147.408714,1
8964,3016,1651682851,3.636111,0.463889,0.0,1530.669016,5.086446,0
8965,3016,1651682852,4.1,0.875,0.0,1725.949173,14.563698,1
8966,3016,1651682863,10.741667,1.630556,0.0,4521.846513,52.1518,1
8967,3016,1651682865,13.747222,1.377778,0.033009,5787.074837,22.322787,0
8968,3016,1651682866,15.125,0.0,0.025886,6367.068597,-30.73913,1
8969,3016,1651682869,15.663889,0.65,0.0,6593.920995,5.689557,0
8970,3016,1651682871,16.7,0.280556,0.057846,7030.085657,-33.401123,1
8971,3016,1651682880,21.611111,0.427778,-0.009072,9097.48277,6.703522,0
8972,3016,1651682890,23.391667,0.319444,-0.03358,9847.031158,12.126453,0
8973,3016,1651682891,23.711111,0.827778,0.0,9981.505517,3.271345,0
8974,3016,1651682892,24.538889,0.019444,0.007928,10329.96951,-25.173476,1
8975,3016,1651682912,23.613889,-0.030556,-0.037191,9940.578538,-0.930109,1
8976,3016,1651682918,23.819444,0.236111,0.0,10027.109865,-6.874561,1
8977,3016,1651682929,25.147222,0.002778,-0.015802,10586.055465,-12.727841,1
8978,3016,1651682935,25.861111,0.361111,-0.030224,10886.576425,-0.68162,1
8979,3016,1651682936,26.222222,0.211111,-0.042081,11038.590919,5.915386,0
8980,3016,1651682954,24.569444,-0.097222,0.0,10342.832275,-27.574132,1
8981,3016,1651682958,23.977778,-0.216667,-0.033754,10093.762374,-14.459268,1
8982,3016,1651682967,21.247222,0.147222,-0.056393,8944.298934,6.852366,0
8983,3016,1651682972,21.072222,-0.011111,-0.129874,8870.630372,50.72318,0
8984,3016,1651682975,21.225,1.388889,-0.085144,8934.944196,81.774049,0
8985,3016,1651682977,22.888889,-0.222222,-0.177843,9635.380209,69.825768,0
8986,3016,1651682991,11.436111,-1.805556,0.05903,4814.182078,-157.451591,1
8987,3016,1651682996,6.238889,-0.127778,0.0,2626.342712,-20.103555,1
8988,3016,1651682999,5.011111,-0.513889,0.0,2109.493434,-43.159515,1
8989,3016,1651683014,1.477778,0.394444,0.0,622.090081,34.639906,1
8990,3016,1651683016,2.561111,1.236111,0.0,1078.133562,59.129581,1
8991,3016,1651683025,10.15,0.777778,-0.017491,4272.776612,22.869378,1
8992,3016,1651683044,20.052778,1.069444,0.05501,8441.481763,3.691954,0
8993,3016,1651683051,22.063889,-0.561111,0.064156,9288.085558,-91.282626,1
8994,3016,1651683065,23.783333,-0.155556,0.039696,10011.908416,-53.783527,1
8995,3016,1651683074,21.169444,-0.525,-0.037062,8911.557351,-29.017261,1
8996,3016,1651683079,19.044444,-1.425,0.027574,8017.010523,-119.871594,1
8997,3016,1651683083,13.925,-2.344444,-0.019302,5861.912741,-144.984357,1
8998,3016,1651683096,0.338889,-0.019444,0.0,142.659756,-12.930698,1
8999,3016,1651683099,0.288889,0.286111,0.0,121.611595,17.252047,0
9000,3016,1651683103,0.169444,-0.006944,0.0,71.329878,-0.419246,1
9001,3016,1651683119,0.652778,0.375,0.0,274.795431,2.833232,0
9002,3016,1651683126,1.013889,0.791667,0.0,426.809924,58.719709,1
9003,3016,1651683127,1.805556,3.422222,0.0,760.072468,98.793339,1
9004,3016,1651683128,5.227778,1.136111,0.0,2200.70213,82.979799,1
9005,3016,1651683130,7.552778,1.986111,0.029541,3179.4416,43.803242,1
9006,3016,1651683133,10.216667,1.225,0.048582,4300.840826,23.870808,1
9007,3016,1651683138,15.613889,0.633333,-0.041048,6572.872834,33.348876,0
9008,3016,1651683139,16.247222,0.636111,0.0,6839.482869,25.907125,0
9009,3016,1651683150,21.905556,0.358333,-0.013119,9221.433049,3.339443,0
9010,3016,1651683166,17.311111,0.633333,-0.055107,7287.340954,44.878849,0
9011,3016,1651683173,21.725,1.986111,-0.016843,9145.425803,33.585783,0
9012,3016,1651683174,23.711111,0.597222,0.008053,9981.505517,26.53072,0
9013,3016,1651683175,24.308333,0.569444,0.012154,10232.914103,20.875245,0
9014,3016,1651683176,24.877778,0.808333,-0.011103,10472.629266,23.967999,0
9015,3016,1651683178,26.194444,0.422222,-0.04621,11026.897496,19.829985,0
9016,3016,1651683185,26.844444,-0.911111,0.0,11300.523585,-78.583186,1
9017,3016,1651683196,23.408333,-0.216667,-0.038618,9854.047211,-11.155245,1
9018,3016,1651683206,20.716667,0.536111,0.01351,8720.954563,2.684759,0
9019,3016,1651683208,21.808333,0.188889,0.027016,9180.50607,-24.082958,1
9020,3016,1651683209,21.997222,0.216667,-0.036014,9260.021344,8.084347,0
9021,3016,1651683217,23.386111,0.361111,-0.008196,9844.692473,1.052769,0
9022,3016,1651683218,23.747222,0.391667,-0.028657,9996.706967,10.883392,0
9023,3016,1651683219,24.138889,0.211111,-0.028657,10161.584225,15.633308,0
9024,3016,1651683222,25.438889,0.091667,-0.066493,10708.836402,19.977317,0
9025,3016,1651683229,25.913889,0.080556,-0.039177,10908.793928,6.528778,0
9026,3016,1651683230,25.994444,0.138889,-0.074288,10942.704854,9.428318,0
9027,3016,1651683231,26.133333,-0.086111,-0.06247,11001.171967,-3.294483,1
9028,3016,1651683239,25.572222,-0.0375,-0.054219,10764.96483,-3.741082,1
9029,3016,1651683253,25.813889,-0.127778,0.0,10866.697607,-30.450721,1
9030,3016,1651683265,23.577778,-0.105556,0.044619,9925.377089,-53.496399,1
9031,3016,1651683267,23.366667,0.183333,0.150922,9836.507077,-97.948522,1
9032,3016,1651683272,22.891667,-0.169444,0.085143,9636.549551,-80.561438,1
9033,3016,1651683282,20.475,0.452778,0.028353,8619.221786,-8.025087,1
9034,3016,1651683287,20.402778,1.166667,0.0,8588.818888,1.692381,0
9035,3016,1651683296,23.005556,0.313889,0.05307,9684.492584,-32.719915,1
9036,3016,1651683299,24.322222,0.366667,-0.032562,10238.760814,9.043042,0
9037,3016,1651683308,24.491667,0.066667,-0.040242,10310.090692,2.201143,0
9038,3016,1651683309,24.558333,0.180556,-0.027966,10338.154906,1.627424,0
9039,3016,1651683321,24.261111,-0.055556,0.037213,10213.035284,-46.674226,1
9040,3016,1651683322,24.205556,-0.283333,0.057849,10189.648439,-72.470193,1
9041,3016,1651683323,23.922222,0.122222,0.053725,10070.375529,-45.371459,1
9042,3016,1651683327,24.811111,-0.241667,-0.066577,10444.565052,-0.124814,1
9043,3016,1651683333,24.244444,0.608333,-0.027539,10206.019231,5.643317,0
9044,3016,1651683337,25.527778,-0.202778,-0.025734,10746.255354,-19.602233,1
9045,3016,1651683343,24.280556,0.361111,-0.058086,10221.22068,2.615103,0
9046,3016,1651683347,24.425,-0.075,0.073526,10282.026478,-69.266246,1
9047,3016,1651683350,23.863889,-0.205556,0.09921,10045.819341,-91.707121,1
9048,3016,1651683354,23.583333,-0.047222,0.0,9927.715773,-23.7759,1
9049,3016,1651683357,23.608333,0.091667,-0.062566,9938.239854,3.021092,0
9050,3016,1651683359,23.191667,0.048611,-0.096667,9762.838515,4.158977,0
9051,3016,1651683368,21.416667,0.302778,-0.055562,9015.628812,23.514312,0
9052,3016,1651683375,21.252778,0.75,-0.084781,8946.637619,15.658579,0
9053,3016,1651683380,22.177778,0.294444,-0.072794,9336.028591,16.777516,0
9054,3016,1651683381,22.472222,0.419444,0.0,9459.97887,0.791226,0
9055,3016,1651683384,22.716667,-0.936111,-0.085143,9562.880989,-26.686688,1
9056,3016,1651683391,22.238889,-0.519444,-0.084478,9361.75412,-1.596518,1
9057,3016,1651683393,20.994444,-0.361111,-0.111766,8837.888789,-4.607162,1
9058,3016,1651683407,18.544444,0.294444,-0.073987,7806.528917,17.355654,0
9059,3016,1651683412,18.505556,-0.325,-0.100504,7790.158125,25.081182,0
9060,3016,1651683417,16.816667,-0.561111,-0.077528,7079.198032,-4.69523,1
9061,3016,1651683418,16.255556,-0.688889,-0.038822,6842.990896,-34.832805,1
9062,3016,1651683421,14.666667,0.858333,-0.090384,6174.127124,49.28375,1
9063,3016,1651683423,16.236111,0.005556,-0.047526,6834.8055,22.559671,0
9064,3016,1651683424,16.241667,0.005556,-0.023777,6837.144185,-1.793332,1
9065,3016,1651683433,13.875,-0.097222,-0.030652,5840.86458,-2.773283,1
9066,3016,1651683436,13.216667,0.633333,-0.035475,5563.730465,19.601268,1
9067,3016,1651683438,13.936111,0.463889,-0.070862,5866.59011,38.329771,1
9068,3016,1651683439,14.4,0.236111,-0.064646,6061.870267,31.320081,1
9069,3016,1651683440,14.636111,0.019444,-0.048515,6161.264359,18.351554,0
9070,3016,1651683443,14.358333,-0.316667,-0.080315,6044.330133,-1.717493,1
9071,3016,1651683445,13.725,-0.466667,-0.021291,5777.720098,-30.487498,1
9072,3016,1651683455,9.075,-0.658333,-0.072655,3820.241158,-10.11335,1
9073,3016,1651683466,4.105556,-0.391667,0.0,1728.287858,-35.652975,1
9074,3016,1651683467,3.713889,-2.319444,0.0,1563.410599,-151.853689,1
9075,3016,1651683469,0.0,0.0,0.0,0.0,-15.979635,1
9076,3016,1651683495,0.433333,-0.216667,0.0,182.417392,-24.825037,1
9077,3016,1651683497,0.0,0.0,0.0,0.0,-2.177746,1
9078,3016,1651683502,0.483333,0.061111,0.0,203.465553,-8.074896,1
9079,3016,1651683525,0.0,0.0,0.0,0.0,-0.000233,1
9080,3016,1651683530,1.105556,0.941667,0.0,465.398219,52.057821,1
9081,3016,1651683531,2.047222,1.466667,0.0,861.805244,54.480043,1
9082,3016,1651683534,5.0,0.438889,0.0,2104.816065,31.490501,1
9083,3016,1651683535,5.438889,0.6,-0.068323,2289.572142,33.903576,1
9084,3016,1651683537,5.730556,-0.255556,-0.071023,2412.353079,10.52334,1
9085,3016,1651683538,5.475,-0.347222,-0.053307,2304.773591,-1.853003,1
9086,3016,1651683541,4.738889,0.25,0.0,1994.897893,17.654368,1
9087,3016,1651683543,5.772222,2.722222,0.0,2429.893213,86.527989,1
9088,3016,1651683546,12.522222,0.544444,0.042639,5271.394901,-6.555774,1
9089,3016,1651683572,0.991667,0.041667,0.0,417.455186,-9.259824,1
9090,3016,1651683577,4.377778,1.691667,0.0,1842.883399,70.588205,1
9091,3016,1651683578,6.069444,0.844444,0.0,2555.012834,46.683113,1
9092,3016,1651683579,6.913889,0.725,0.0,2910.492881,18.449155,1
9093,3016,1651683584,9.636111,0.822222,0.027067,4056.448294,13.155191,1
9094,3016,1651683587,10.85,1.327778,0.0,4567.450861,22.574582,1
9095,3016,1651683590,12.527778,0.333333,-0.030249,5273.733585,34.471882,1
9096,3016,1651683592,14.230556,0.544444,-0.013018,5990.54039,10.740454,0
9097,3016,1651683593,14.775,-0.35,0.0,6219.731472,-36.462424,1
9098,3016,1651683598,12.594444,-0.483333,0.0,5301.797799,-43.518646,1
9099,3016,1651683621,0.302778,0.277778,0.0,127.458306,4.993144,0
9100,3016,1651683627,5.688889,0.427778,0.077658,2394.812945,-32.060676,1
9101,3016,1651683628,6.116667,1.763889,0.058517,2574.891653,24.299451,1
9102,3016,1651683629,7.880556,1.858333,0.045092,3317.423987,48.42428,1
9103,3016,1651683631,10.783333,1.358333,0.0,4539.386647,67.73361,1
9104,3016,1651683633,14.086111,1.155556,0.0,5929.734592,53.169414,1
9105,3016,1651683634,15.241667,0.452778,-0.012677,6416.180972,32.731758,1
9106,3016,1651683661,17.475,-0.380556,-0.020786,7356.332147,-27.521276,1
9107,3016,1651683667,13.597222,0.080556,-0.028437,5723.930355,-1.007269,1
9108,3016,1651683668,13.677778,0.033333,-0.06245,5757.84128,0.187542,0
9109,3016,1651683671,13.663889,1.238889,0.020111,5751.994569,20.208186,0
9110,3016,1651683672,14.902778,1.852778,0.030856,6273.521216,44.519911,1
9111,3016,1651683683,19.091667,-0.258333,-0.083229,8036.889342,14.464309,0
9112,3016,1651683684,18.833333,0.161111,-0.058574,7928.140512,13.786502,0
9113,3016,1651683690,18.483333,-0.108333,-0.022345,7780.803387,-10.786483,1
9114,3016,1651683697,15.469444,-1.791667,-0.015128,6512.067037,-114.852247,1
9115,3016,1651683699,12.8,-0.344444,0.0,5388.329126,-35.229281,1
9116,3016,1651683707,4.922222,0.377778,0.0,2072.074482,6.588852,0
9117,3016,1651683708,5.3,-0.022222,-0.052678,2231.105029,1.877841,0
9118,3016,1651683712,5.227778,-0.058333,-0.066947,2200.70213,16.603218,1
9119,3016,1651683713,5.169444,-0.363889,-0.066947,2176.145943,3.330946,0
9120,3016,1651683725,6.827778,1.938889,0.0,2874.243271,32.245773,1
9121,3016,1651683736,0.386111,0.508333,0.0,162.538574,18.895441,0
9122,3016,1651683740,0.638889,0.502778,0.0,268.948719,15.616206,0
9123,3016,1651683741,1.141667,0.838889,0.0,480.599668,11.233005,0
9124,3016,1651683745,3.452778,0.95,0.0,1453.492427,33.526198,1
9125,3016,1651683748,6.322222,1.75,0.0,2661.42298,77.372347,1
9126,3016,1651683749,8.072222,1.716667,0.025981,3398.108603,80.438678,1
9127,3016,1651683750,9.788889,1.730556,0.0,4120.762118,81.468453,1
9128,3016,1651683751,11.519444,1.222222,0.0,4849.262345,82.985338,1
9129,3016,1651683752,12.741667,1.430556,-0.080729,5363.772939,89.589388,1
9130,3016,1651683753,14.172222,0.586111,-0.079632,5965.984202,84.444364,1
9131,3016,1651683755,15.977778,0.506944,-0.079742,6726.05667,70.811911,1
9132,3016,1651683760,18.125,0.672222,-0.015991,7629.958236,4.545759,0
9133,3016,1651683774,15.475,0.255556,-0.049349,6514.405721,8.147058,0
9134,3016,1651683779,16.236111,-0.488889,-0.019118,6834.8055,-34.345887,1
9135,3016,1651683788,11.183333,-0.702778,0.016817,4707.771932,-66.081835,1
9136,3016,1651683792,8.080556,-1.016667,-0.082969,3401.61663,-25.386721,1
9137,3016,1651683795,6.388889,-0.313889,-0.10468,2689.487194,26.269837,1
9138,3016,1651683800,3.488889,-1.211111,0.0,1468.693876,-84.990887,1
9139,3016,1651683805,1.894444,0.455556,0.0,797.49142,6.685157,0
9140,3016,1651683810,0.525,-0.252778,0.0,221.005687,-27.004102,1
9141,3016,1651683811,0.272222,-0.005556,0.0,114.595541,-0.33624,1
9142,3016,1651683816,2.069444,0.375,0.0,871.159982,50.300555,1
9143,3016,1651683818,4.675,1.425,-0.032252,1968.003021,76.50559,1
9144,3016,1651683820,6.405556,1.280556,-0.022139,2696.503248,97.234471,1
9145,3016,1651683821,7.686111,3.683333,0.0,3235.570029,110.025687,1
9146,3016,1651683822,11.369444,0.647222,0.0,4786.117863,71.660267,1
9147,3016,1651683823,12.016667,1.138889,0.0,5058.57461,45.164476,1
9148,3016,1651683824,13.155556,0.0,-0.03001,5538.004936,25.908769,1
9149,3016,1651683826,13.155556,0.527778,-0.028857,5538.004936,16.008326,0
9150,3016,1651683827,13.683333,0.0,-0.021645,5760.179965,-2.118987,1
9151,3016,1651683833,10.513889,-3.619444,0.0,4425.960448,-231.843396,1
9152,3016,1651683836,5.441667,2.116667,-0.04935,2290.741484,50.904241,1
9153,3016,1651683839,9.094444,1.472222,0.0,3828.426554,37.755051,1
9154,3016,1651683840,10.566667,-0.241667,-0.028178,4448.177951,-11.605189,1
9155,3016,1651683849,10.022222,-0.138889,0.018784,4218.986868,-32.826978,1
9156,3016,1651683849,2.427778,-0.616667,0.0,1022.005134,-49.040432,1
9157,3016,1651683854,0.972222,-0.155556,0.0,409.26979,-21.152331,1
9158,3016,1651683858,1.219444,-0.647222,0.0,513.341251,-50.810353,1
9159,3016,1651683872,5.302778,1.102778,0.048341,2232.274371,52.822488,1
9160,3016,1651683873,6.405556,0.854167,0.041584,2696.503248,46.85672,1
9161,3016,1651683875,8.113889,1.672222,0.0,3415.648737,57.651669,1
9162,3016,1651683876,9.786111,1.005556,0.0,4119.592776,55.275874,1
9163,3016,1651683878,12.155556,0.344444,0.0,5117.041723,29.720307,1
9164,3016,1651683890,6.569444,-1.069444,0.036033,2765.494441,-98.127403,1
9165,3016,1651683905,1.455556,1.327778,0.0,612.735343,45.762741,1
9166,3016,1651683906,2.783333,2.516667,0.0,1171.680943,48.701755,1
9167,3016,1651683910,5.494444,-0.536111,0.053305,2312.958987,-75.885401,1
9168,3016,1651683914,5.288889,0.230556,-0.041583,2226.42766,16.71702,1
9169,3016,1651683918,7.377778,0.702778,-0.048475,3105.773038,39.108067,1
9170,3016,1651683926,6.122222,-0.083333,-0.059461,2577.230337,11.189496,1
9171,3016,1651683960,0.786111,0.444444,0.0,330.923859,-1.276835,1
9172,3016,1651683969,0.694444,2.444444,0.0,292.335565,41.041179,1
9173,3016,1651683971,3.277778,0.625,0.0,1379.823865,4.27363,0
9174,3016,1651683978,4.275,0.218056,0.0,1799.617736,13.315109,1
9175,3016,1651683981,5.566667,0.936111,0.0,2343.361886,55.751131,1
9176,3016,1651683983,8.036111,0.991667,-0.078975,3382.907153,64.310386,1
9177,3016,1651683984,9.027778,-0.205556,-0.06279,3800.36234,39.920827,1
9178,3016,1651683985,8.822222,-0.184722,-0.071327,3713.831013,34.551458,1
9179,3016,1651683987,8.452778,0.705556,-0.052346,3558.308492,36.02259,1
9180,3016,1651683988,9.158333,0.455556,-0.041891,3855.321426,14.636597,1
9181,3016,1651683989,9.613889,-0.575,-0.033185,4047.093556,-28.445218,1
9182,3016,1651683991,7.716667,-0.463889,-0.037003,3248.432794,-18.958191,1
9183,3016,1651683994,6.888889,-0.025,0.0,2899.968801,-14.046444,1
9184,3016,1651683995,6.863889,0.713889,-0.042204,2889.44472,9.363622,0
9185,3016,1651684005,4.563889,-0.072222,0.160191,1921.22933,-110.064705,1
9186,3016,1651684011,4.141667,1.002778,0.0,1743.489307,35.929467,1
9187,3016,1651684012,5.144444,3.388889,0.032302,2165.621862,37.147928,1
9188,3016,1651684018,5.725,-0.097222,0.075987,2410.014394,-62.748585,1
9189,3016,1651684019,5.627778,1.194444,0.069443,2369.087415,-0.512672,1
9190,3016,1651684031,3.875,1.408333,0.059931,1631.23245,-0.263179,1
9191,3016,1651684034,6.538889,-0.005556,0.052486,2752.631676,-43.617915,1
9192,3016,1651684049,0.194444,0.130556,0.0,81.853958,7.872298,0
9193,3016,1651684050,0.325,0.368056,0.0,136.813044,10.436955,0
9194,3016,1651684053,2.675,1.569444,0.0,1126.076595,56.168469,1
9195,3016,1651684055,4.65,1.302778,0.0,1957.47894,49.037884,1
9196,3016,1651684057,7.927778,-0.141667,0.058185,3337.302805,-55.498571,1
9197,3016,1651684062,4.552778,0.580556,0.135659,1916.551961,-56.478213,1
9198,3016,1651684066,5.375,0.252778,0.112136,2262.67727,-62.692637,1
9199,3016,1651684069,6.811111,1.991667,0.126276,2867.227217,-6.323882,1
9200,3016,1651684073,9.002778,0.086111,0.052346,3789.838259,-38.639359,1
9201,3016,1651684085,4.397222,0.7,0.10286,1851.068795,-30.156507,1
9202,3016,1651684090,3.580556,0.102778,0.084256,1507.282171,-55.196464,1
9203,3016,1651684112,8.791667,-0.816667,0.065574,3700.968248,-100.770605,1
9204,3016,1651684119,0.658333,-0.272222,0.0,277.134115,-28.179267,1
9205,3016,1651684124,0.0,0.0,0.0,0.0,-5.980028,1
9206,3016,1651684136,0.0,0.0,0.0,0.0,10.702719,1
9207,3016,1651684138,0.713889,0.480556,0.0,300.52096,9.090795,0
9208,3016,1651684148,5.252778,0.169444,0.041583,2211.226211,-26.419096,1
9209,3016,1651684150,5.591667,0.108333,0.064415,2353.885966,-43.552162,1
9210,3016,1651684152,6.105556,0.35,0.080456,2570.214284,-38.468734,1
9211,3016,1651684179,0.0,0.0,0.0,0.0,-0.0,1
9212,3016,1651684195,5.752778,-2.044444,0.0,2421.707817,-135.588608,1
9213,3016,1651684196,3.708333,-0.241667,0.066842,1561.071915,-65.791273,1
9214,3016,1651684211,4.988889,0.422222,0.0,2100.138696,9.800279,0
9215,3016,1651684216,10.525,-0.605556,0.069651,4430.637817,-90.979899,1
9216,3016,1651684219,4.413889,-0.536111,0.0,1858.084849,-44.406761,1
9217,3016,1651684223,3.677778,0.477778,0.0,1548.20915,6.350049,0
9218,3016,1651684225,4.958333,2.047222,0.052486,2087.275931,13.139253,1
9219,3016,1651684227,6.841667,-1.761111,0.130589,2880.089982,-195.172368,1
9220,3016,1651684233,0.0,0.0,0.0,0.0,-13.688742,1
9221,3016,1651684234,0.0,0.0,0.0,0.0,-2.281457,1
9222,3016,1651684261,8.463889,-0.397222,0.092618,3562.985861,-91.205269,1
9223,3016,1651684265,5.216667,-0.894444,0.0,2196.024761,-66.142914,1
9224,3016,1651684266,4.322222,-1.636111,0.107724,1819.496554,-173.858307,1
9225,3016,1651684276,5.252778,-0.352778,0.02548,2211.226211,-48.457006,1
9226,3016,1651684288,0.0,0.0,0.0,0.0,-0.18085,1
9227,3016,1651684309,2.366667,2.869444,0.029221,996.279604,64.943622,1
9228,3016,1651684310,5.236111,1.013889,0.0,2204.210157,26.705563,1
9229,3016,1651684315,3.641667,0.719444,0.0,1533.007701,-1.450348,1
9230,3016,1651684316,4.361111,1.272222,0.033459,1835.867346,9.101499,0
9231,3016,1651684322,1.280556,-0.905556,0.0,539.066781,-66.391206,1
9232,3017,1651684334,0.0,0.483333,0.0,0.0,37.715768,1
9233,3017,1651684335,0.483333,1.672222,0.0,203.465553,57.761267,1
9234,3017,1651684336,2.155556,1.4,0.0,907.409592,47.48899,1
9235,3017,1651684338,3.925,-0.216667,0.0,1652.280611,-25.075998,1
9236,3017,1651684344,4.841667,0.811111,-0.066097,2038.163556,39.49961,1
9237,3017,1651684349,0.261111,-0.130556,0.0,109.918172,-7.874046,1
9238,3017,1651684356,0.0,0.0,0.0,0.0,-0.000169,1
9239,3017,1651684364,3.563889,2.166667,-0.086645,1500.266117,98.406422,1
9240,3017,1651684365,5.730556,0.041667,-0.083023,2412.353079,65.199591,1
9241,3017,1651684367,5.7,0.241667,-0.059931,2399.490314,54.621652,1
9242,3017,1651684368,5.941667,1.702778,-0.065574,2501.223091,51.247135,1
9243,3017,1651684387,0.0,0.0,0.0,0.0,-0.006381,1
9244,3017,1651684390,0.0,0.575,0.0,0.0,60.378781,1
9245,3017,1651684391,0.575,2.352778,-0.038202,242.053847,100.679817,0
9246,3017,1651684397,3.683333,1.533333,-0.074863,1550.547835,115.263263,1
9247,3017,1651684399,9.188889,1.25,-0.057269,3868.184191,111.732058,1
9248,3017,1651684400,10.438889,-0.016667,-0.089705,4394.388207,67.897501,1
9249,3017,1651684403,9.194444,-0.825,-0.161366,3870.522875,24.01185,1
9250,3017,1651684404,8.369444,-1.208333,-0.144127,3523.228224,-1.229134,1
9251,3017,1651684407,4.855556,-1.805556,-0.124179,2044.010268,-48.128796,1
9252,3017,1651684413,0.0,0.0,0.0,0.0,-2.373197,1
9253,3017,1651684418,0.180556,0.152778,0.0,76.007247,9.212455,0
9254,3017,1651684423,0.0,0.0,0.0,0.0,-0.024583,1
9255,3017,1651684432,1.286111,0.355556,0.0,541.405466,33.480298,1
9256,3017,1651684432,2.625,1.577778,-0.095263,1105.028434,74.850965,1
9257,3017,1651684434,5.155556,0.483333,0.0,2170.299231,16.39381,1
9258,3017,1651684434,4.105556,0.652778,0.0,1728.287858,55.552481,1
9259,3017,1651684436,4.613889,0.922222,0.0,1942.277491,11.960111,1
9260,3017,1651684436,5.833333,1.255556,0.0,2455.618743,48.589553,1
9261,3017,1651684438,6.133333,0.975,-0.060831,2581.907706,74.497301,1
9262,3017,1651684440,9.516667,1.273611,-0.035521,4006.166577,22.042868,1
9263,3017,1651684441,11.075,1.025,0.0,4662.167584,46.361731,1
9264,3017,1651684442,12.063889,-1.697222,-0.042386,5078.453428,-91.585938,1
9265,3017,1651684445,8.580556,-0.513889,-0.06859,3612.098236,-3.645745,1
9266,3017,1651684455,11.713889,1.063889,0.0,4931.116303,38.186076,1
9267,3017,1651684456,12.777778,1.297222,0.0,5378.974388,40.049448,1
9268,3017,1651684457,14.075,0.797222,0.0,5925.057223,14.948841,0
9269,3017,1651684466,0.777778,0.466667,0.0,327.415832,20.349901,1
9270,3017,1651684468,1.583333,0.075,-0.077532,666.525087,15.157977,1
9271,3017,1651684474,0.55,0.15,0.0,231.529767,-2.715746,1
9272,3017,1651684475,0.7,-0.236111,0.0,294.674249,-26.002584,1
9273,3017,1651684476,0.797222,0.663889,-0.092475,335.601228,28.163964,1
9274,3017,1651684478,2.813889,-0.538889,0.0,1184.543708,-44.383557,1
9275,3017,1651684479,0.75,0.386111,0.0,315.72241,35.534489,1
9276,3017,1651684481,1.522222,2.058333,0.0,640.799558,62.413571,1
9277,3017,1651684482,3.580556,1.244444,0.0,1507.282171,57.195619,1
9278,3017,1651684484,5.577778,1.861111,0.02469,2348.039255,44.341485,1
9279,3017,1651684485,2.180556,0.036111,-0.124179,917.933673,21.965578,1
9280,3017,1651684487,8.519444,1.291667,0.0,3586.372706,42.621198,1
9281,3017,1651684488,9.811111,1.080556,0.0,4130.116856,31.816196,1
9282,3017,1651684493,10.863889,-0.025,0.07858,4573.297572,-61.316506,1
9283,3017,1651684495,1.619444,0.011111,-0.089911,681.726537,23.851361,1
9284,3017,1651684498,1.944444,0.772222,0.0,818.539581,25.88848,1
9285,3017,1651684503,13.302778,1.291667,0.040529,5599.980075,7.137619,0
9286,3017,1651684505,3.719444,0.647222,0.0,1565.749284,24.430616,1
9287,3017,1651684505,14.866667,0.9,0.0,6258.319767,5.300371,0
9288,3017,1651684506,4.366667,1.230556,0.0,1838.20603,61.021836,1
9289,3017,1651684509,17.05,-0.413889,0.059384,7177.422782,-76.374534,1
9290,3017,1651684511,16.436111,-0.325,0.060579,6918.998143,-71.375404,1
9291,3017,1651684512,16.111111,-0.544444,0.026272,6782.185098,-64.305843,1
9292,3017,1651684515,0.761111,0.056944,-0.092486,320.399779,19.734147,1
9293,3017,1651684516,13.411111,-0.913889,-0.036424,5645.584423,-48.419076,1
9294,3017,1651684517,0.875,0.030556,-0.10774,368.342811,18.89001,1
9295,3017,1651684519,10.288889,0.369444,-0.037561,4331.243725,11.264654,1
9296,3017,1651684520,10.658333,0.272222,-0.032895,4486.766245,29.185771,1
9297,3017,1651684521,0.886111,-0.005556,0.0,373.02018,-12.104208,1
9298,3017,1651684522,3.066667,3.244444,-0.088139,1290.953853,53.121241,1
9299,3017,1651684523,12.197222,1.261111,-0.059779,5134.581856,76.614753,1
9300,3017,1651684524,13.458333,1.752778,-0.040402,5665.463242,73.941732,1
9301,3017,1651684524,4.908333,-0.756944,-0.069548,2066.22777,-16.922967,1
9302,3017,1651684525,15.211111,1.066667,0.028866,6403.318207,40.942521,1
9303,3017,1651684526,16.277778,0.833333,0.055743,6852.345634,7.748009,0
9304,3017,1651684528,3.616667,1.677778,-0.04834,1522.48362,89.932386,1
9305,3017,1651684528,17.372222,0.288889,-0.011253,7313.066484,-1.595697,1
9306,3017,1651684531,8.869444,1.038889,-0.039378,3733.709831,35.203503,1
9307,3017,1651684535,5.802778,-1.352778,0.0,2442.755978,-93.888404,1
9308,3017,1651684540,3.508333,2.077778,0.0,1476.879272,1.015442,0
9309,3017,1651684543,3.05,0.519444,0.0,1283.9378,-2.689438,1
9310,3017,1651684545,4.675,2.258333,0.0,1968.003021,47.931766,1
9311,3017,1651684547,0.258333,0.194444,0.0,108.74883,11.724527,0
9312,3017,1651684548,5.494444,4.069444,-0.075149,2312.958987,86.010616,1
9313,3017,1651684549,0.647222,0.352778,-0.070589,272.456746,29.638449,1
9314,3017,1651684549,9.563889,0.35,-0.093656,4026.045395,55.001441,1
9315,3017,1651684551,1.352778,0.530556,0.0,569.46968,37.311635,1
9316,3017,1651684551,8.683333,-2.65,-0.124179,3655.3639,-99.906417,1
9317,3017,1651684552,1.883333,0.905556,-0.054027,792.814051,38.449224,1
9318,3017,1651684553,2.788889,0.259722,-0.040537,1174.019627,8.380646,0
9319,3017,1651684557,2.833333,0.191667,-0.034196,1192.729104,34.039044,1
9320,3017,1651684557,2.777778,-0.154167,0.0,1169.342258,-21.180236,1
9321,3017,1651684559,1.991667,0.822222,0.0,838.418399,63.12214,1
9322,3017,1651684568,7.252778,1.491667,0.0,3053.152637,16.852577,1
9323,3017,1651684568,1.661111,0.3625,0.0,699.26667,12.505097,0
9324,3017,1651684569,8.744444,0.136111,0.046487,3681.089429,-32.112413,1
9325,3017,1651684572,3.966667,0.513889,0.0,1669.820745,13.188684,1
9326,3017,1651684574,11.461111,0.869444,0.033511,4824.706158,11.785874,0
9327,3017,1651684574,0.0,1.713889,0.0,0.0,56.835715,1
9328,3017,1651684575,12.330556,0.591667,0.0,5190.710285,1.449608,0
9329,3017,1651684576,4.388889,-0.690278,0.0,1847.560768,-53.699879,1
9330,3017,1651684577,4.141667,0.652778,0.0,1743.489307,44.913577,1
9331,3017,1651684578,4.794444,0.051389,-0.038586,2018.284738,25.992917,1
9332,3017,1651684580,4.897222,-0.169444,-0.066097,2061.550401,17.280427,1
9333,3017,1651684582,14.727778,1.05,0.0,6199.852654,36.655628,1
9334,3017,1651684583,15.777778,1.172222,0.0,6641.864027,23.252161,0
9335,3017,1651684587,9.297222,-0.125,-0.05297,3913.788539,36.709671,1
9336,3017,1651684591,13.802778,0.102778,-0.067295,5810.461682,31.062799,1
9337,3017,1651684596,12.233333,0.813889,0.015128,5149.783306,13.262385,0
9338,3017,1651684597,13.047222,0.422222,0.0,5492.400587,29.842073,1
9339,3017,1651684600,15.830556,0.894444,0.0,6664.08153,50.500124,1
9340,3017,1651684601,0.261111,0.051389,0.0,109.918172,3.097791,0
9341,3017,1651684603,4.147222,2.119444,0.0,1745.827992,63.391479,1
9342,3017,1651684604,6.266667,1.752778,0.0,2638.036135,70.160124,1
9343,3017,1651684605,8.019444,0.766667,-0.014343,3375.8911,48.874271,1
9344,3017,1651684607,19.261111,-0.283333,0.0,8108.219219,-34.960256,1
9345,3017,1651684608,0.0,0.0,0.0,0.0,1.984509,1
9346,3017,1651684609,18.972222,0.288889,0.015992,7986.607625,-9.669399,1
9347,3017,1651684610,19.261111,0.225,0.0,8108.219219,-4.306116,1
9348,3017,1651684611,19.486111,0.366667,0.0,8202.935942,4.14393,0
9349,3017,1651684611,0.677778,0.330556,0.0,285.319511,16.613884,0
9350,3017,1651684613,1.338889,0.25,-0.089911,563.622969,7.126733,0
9351,3017,1651684614,21.211111,0.725,-0.009199,8929.097485,27.689376,0
9352,3017,1651684614,1.588889,-0.394444,0.0,668.863772,-35.584147,1
9353,3017,1651684615,21.936111,0.833333,-0.034753,9234.295814,29.273797,0
9354,3017,1651684616,22.769444,0.333333,-0.038344,9585.098492,9.780531,0
9355,3017,1651684617,9.213889,1.291667,-0.104938,3878.708271,94.309494,1
9356,3017,1651684618,10.505556,0.308333,-0.082342,4422.452421,42.972081,1
9357,3017,1651684623,22.836111,0.227778,-0.026069,9613.162706,6.632565,0
9358,3017,1651684623,7.336111,-2.047222,-0.084256,3088.232904,-86.58811,1
9359,3017,1651684624,0.205556,-0.020833,0.0,86.531327,-1.257014,1
9360,3017,1651684625,3.286111,1.338889,-0.160889,1383.331892,61.706208,1
9361,3017,1651684626,4.625,0.863889,-0.114223,1946.95486,124.087515,1
9362,3017,1651684626,0.163889,0.005556,0.0,68.991193,0.334575,0
9363,3017,1651684628,0.175,0.159722,0.0,73.668562,9.63126,0
9364,3017,1651684628,7.736111,3.091667,-0.084256,3256.618189,144.664518,1
9365,3017,1651684630,0.494444,0.441667,0.0,208.142922,8.36553,0
9366,3017,1651684631,0.936111,0.247222,0.0,394.068341,2.340021,0
9367,3017,1651684631,21.133333,-0.288889,-0.019153,8896.355902,-25.282519,1
9368,3017,1651684636,0.888889,-0.094444,0.0,374.189523,-17.464576,1
9369,3017,1651684637,4.744444,1.536111,0.0,1997.236577,22.562419,1
9370,3017,1651684638,6.280556,1.508333,0.0,2643.882846,41.27256,1
9371,3017,1651684639,7.788889,0.652778,0.033795,3278.835692,27.438927,1
9372,3017,1651684639,17.475,0.277778,-0.027175,7356.332147,2.655726,0
9373,3017,1651684639,1.388889,0.930556,-0.053306,584.671129,41.013424,1
9374,3017,1651684639,2.566667,0.155556,0.0,1080.472247,-2.48438,1
9375,3017,1651684640,8.441667,0.822222,0.0193,3553.631123,15.102837,1
9376,3017,1651684640,17.752778,0.041667,-0.039089,7473.266373,19.046866,0
9377,3017,1651684641,3.25,0.540278,-0.032257,1368.130442,29.19596,1
9378,3017,1651684642,9.455556,0.730556,0.0,3980.441047,1.736933,0
9379,3017,1651684643,4.330556,0.211111,0.0,1823.004581,2.659596,0
9380,3017,1651684643,18.788889,-0.041667,-0.031272,7909.431035,-1.70597,1
9381,3017,1651684644,4.541667,-0.465278,-0.024252,1911.874592,-25.896339,1
9382,3017,1651684647,9.358333,-1.563889,0.0,3939.514068,-107.508066,1
9383,3017,1651684649,3.319444,0.327778,-0.056251,1397.363999,31.685438,1
9384,3017,1651684650,3.647222,0.463889,-0.056251,1535.346385,43.792151,1
9385,3017,1651684651,4.111111,1.452778,0.0,1730.626542,34.148332,1
9386,3017,1651684653,5.566667,3.658333,-0.090199,2343.361886,132.913925,1
9387,3017,1651684654,2.880556,0.091667,0.0,1212.607922,-6.365283,1
9388,3017,1651684656,8.761111,-0.302778,-0.019782,3688.105483,-19.650797,1
9389,3017,1651684657,7.975,-0.434722,0.035922,3357.181624,-60.12359,1
9390,3017,1651684658,2.475,0.272222,0.0,1041.883952,18.993072,1
9391,3017,1651684659,2.747222,1.019444,-0.046342,1156.479494,41.919803,1
9392,3017,1651684659,7.105556,-0.802778,0.040089,2991.177497,-84.547942,1
9393,3017,1651684661,4.769444,0.522222,0.0,2007.760658,17.866906,1
9394,3017,1651684661,6.738889,-0.002862,0.0,2836.824319,-12.677712,1
9395,3017,1651684665,6.616667,0.713889,-0.024687,2785.373259,66.022996,1
9396,3017,1651684666,7.330556,0.838889,-0.044666,3085.89422,74.996482,1
9397,3017,1651684668,10.288889,0.283333,0.0,4331.243725,44.914058,1
9398,3017,1651684669,10.572222,0.883333,0.0,4450.516635,29.332458,1
9399,3017,1651684669,9.366667,-0.030556,-0.069137,3943.022095,59.424331,1
9400,3017,1651684669,0.0,0.0,0.0,0.0,-11.84506,1
9401,3017,1651684669,5.927778,0.616667,0.0,2495.376379,-1.035124,1
9402,3017,1651684671,9.305556,0.833333,-0.078975,3917.296565,65.532298,1
9403,3017,1651684678,3.925,-0.875,0.0,1652.280611,-64.775623,1
9404,3017,1651684680,8.041667,-0.252778,0.046397,3385.245838,-55.316079,1
9405,3017,1651684681,5.616667,1.230556,0.040089,2364.410046,26.992786,1
9406,3017,1651684681,1.713889,-0.856944,0.0,721.484173,-63.481198,1
9407,3017,1651684683,8.077778,0.758333,0.086771,3400.447287,-17.999352,1
9408,3017,1651684685,9.594444,0.465278,0.106335,4038.90816,-47.537718,1
9409,3017,1651684686,2.886111,0.277778,-0.127043,1214.946606,137.944046,1
9410,3017,1651684687,2.766667,0.397222,-0.069137,1164.664889,3.104093,0
9411,3017,1651684689,3.925,1.425,-0.121235,1652.280611,105.481554,1
9412,3017,1651684690,5.35,0.7,-0.071352,2252.15319,90.140168,1
9413,3017,1651684690,11.986111,0.458333,0.0,5045.711845,11.012942,0
9414,3017,1651684691,3.144444,0.461111,0.0,1323.695436,16.311448,1
9415,3017,1651684691,4.533333,0.841667,-0.033509,1908.366566,28.759914,1
9416,3017,1651684692,5.375,0.586111,0.0,2262.67727,31.101645,1
9417,3017,1651684693,4.372222,0.65,0.0,1840.544715,40.90908,1
9418,3017,1651684694,5.022222,1.475,0.022128,2114.170803,55.493966,1
9419,3017,1651684697,16.297222,0.091667,0.016941,6860.53103,-20.56459,1
9420,3017,1651684697,8.602778,0.163889,0.0,3621.452974,-3.093694,1
9421,3017,1651684702,8.519444,-0.916667,-0.029757,3586.372706,-50.737179,1
9422,3017,1651684706,0.0,0.0,0.0,0.0,4.977169,1
9423,3017,1651684709,3.025,1.580556,-0.0441,1273.413719,85.17913,1
9424,3017,1651684710,4.605556,1.933333,-0.04834,1938.769464,115.325667,1
9425,3017,1651684710,11.369444,-0.369444,-0.114046,4786.117863,-0.018669,0
9426,3017,1651684711,6.538889,1.902778,-0.062562,2752.631676,119.298524,1
9427,3017,1651684711,12.183333,0.961111,0.069165,5128.735145,6.472653,0
9428,3017,1651684711,0.5,-0.077778,0.0,210.481607,-16.450615,1
9429,3017,1651684712,8.441667,1.580556,-0.049208,3553.631123,97.805804,1
9430,3017,1651684712,13.144444,0.547222,0.0,5533.327566,1.281993,0
9431,3017,1651684713,0.266667,0.269444,0.0,112.256857,16.247197,0
9432,3017,1651684713,10.022222,1.059722,-0.03788,4218.986868,54.331535,1
9433,3017,1651684715,0.411111,-0.205556,0.0,173.062654,-24.154692,1
9434,3017,1651684716,12.280556,1.058333,0.020427,5169.662124,15.359197,1
9435,3017,1651684718,15.35,-0.194444,0.013369,6461.78532,-35.224894,1
9436,3017,1651684718,5.108333,-0.163889,-0.042044,2150.420413,-4.055069,1
9437,3017,1651684720,4.533333,-0.613889,0.0,1908.366566,-49.114636,1
9438,3017,1651684722,16.555556,-0.016667,0.0,6969.27986,-17.281327,1
9439,3017,1651684724,16.291667,0.263889,-0.047392,6858.192345,-2.053074,1
9440,3017,1651684726,1.311111,0.427778,0.0,551.929546,50.793949,1
9441,3017,1651684726,11.744444,-0.580556,-0.047996,4943.979068,-20.825193,1
9442,3017,1651684728,3.622222,1.4,0.0,1524.822305,51.912939,1
9443,3017,1651684728,6.322222,1.405556,0.0,2661.42298,49.020826,1
9444,3017,1651684729,5.022222,0.272222,0.0,2114.170803,25.174594,1
9445,3017,1651684729,7.727778,0.95,0.0,3253.110163,26.854263,1
9446,3017,1651684737,7.3,1.636111,0.0,3073.031455,23.451998,1
9447,3017,1651684739,9.430556,0.2,0.0,3969.916967,-1.162253,1
9448,3017,1651684739,12.336111,0.011111,0.024848,5193.048969,-28.196853,1
9449,3017,1651684741,5.375,0.648611,0.034379,2262.67727,1.435249,0
9450,3017,1651684742,12.552778,0.566667,0.0,5284.257665,-0.88754,1
9451,3017,1651684743,6.672222,0.772222,0.0,2808.760105,23.832129,1
9452,3017,1651684746,5.052778,-1.322222,0.089911,2127.033568,-144.643729,1
9453,3017,1651684747,5.597222,-1.275,0.0,2356.224651,-89.159509,1
9454,3017,1651684750,4.775,1.855556,0.0,2010.099342,38.806117,1
9455,3017,1651684754,4.744444,0.713889,0.0,1997.236577,16.887913,1
9456,3017,1651684755,11.286111,0.890278,0.0,4751.037596,41.247342,1
9457,3017,1651684756,6.447222,0.640278,0.0,2714.043382,25.56709,1
9458,3017,1651684758,7.727778,0.616667,0.0,3253.110163,11.920203,1
9459,3017,1651684759,13.572222,0.225,-0.057628,5713.406274,34.036118,1
9460,3017,1651684761,0.0,0.0,0.0,0.0,6.653863,1
9461,3017,1651684764,15.488889,0.783333,0.046294,6520.252433,-4.986203,1
9462,3017,1651684771,4.780556,0.973611,0.012788,2012.438027,28.286584,1
9463,3017,1651684772,15.469444,0.319444,-0.017599,6512.067037,0.736599,0
9464,3017,1651684773,15.788889,0.219444,-0.029327,6646.541396,5.056001,0
9465,3017,1651684774,0.988889,0.575,0.0,416.285844,27.589037,1
9466,3017,1651684775,1.563889,1.816667,0.060029,658.339691,23.30225,1
9467,3017,1651684777,17.202778,0.333333,0.022265,7241.736606,-9.618873,1
9468,3017,1651684778,5.525,0.772222,0.048356,2325.821752,-0.108689,1
9469,3017,1651684779,17.780556,0.297222,-0.027574,7484.959796,8.942351,0
9470,3017,1651684781,7.166667,0.180556,0.055433,3016.903027,-34.264332,1
9471,3017,1651684782,17.886111,-0.111111,-0.070289,7529.394801,6.633227,0
9472,3017,1651684784,8.858333,1.291667,0.0,3729.032462,44.494298,1
9473,3017,1651684787,13.319444,0.525,0.014195,5606.996129,31.824469,1
9474,3017,1651684791,3.008333,-0.013889,0.0,1266.397666,-12.743033,1
9475,3017,1651684802,17.316667,0.436111,0.011404,7289.679639,7.789816,0
9476,3017,1651684805,5.586111,0.241667,0.0,2351.547282,14.65022,1
9477,3017,1651684805,1.538889,0.116667,0.0,647.815611,-4.759919,1
9478,3017,1651684806,0.186111,-0.093056,0.0,78.345931,-5.612122,1
9479,3017,1651684807,6.688889,0.277778,0.0,2815.776158,47.577586,1
9480,3017,1651684811,18.961111,0.052778,0.052895,7981.930255,-45.564177,1
9481,3017,1651684812,10.972222,1.055556,0.027732,4618.90192,26.885124,1
9482,3017,1651684815,0.0,0.225,0.0,0.0,18.940145,1
9483,3017,1651684816,0.225,0.608333,0.0,94.716723,36.683628,0
9484,3017,1651684816,8.041667,0.286111,0.02549,3385.245838,-10.547371,1
9485,3017,1651684817,8.327778,0.952778,0.0,3505.688091,20.785997,1
9486,3017,1651684818,1.441667,0.316667,0.0,606.888632,29.154541,1
9487,3017,1651684819,1.758333,1.225,0.0,740.19365,20.96926,1
9488,3017,1651684820,2.983333,0.0,0.0,1255.873585,-11.903018,1
9489,3017,1651684822,9.45,-0.916667,-0.122675,3978.102363,11.752191,1
9490,3017,1651684823,8.533333,-0.616667,-0.144527,3592.219418,18.943741,1
9491,3017,1651684823,12.963889,0.638889,-0.021717,5457.32032,27.527532,1
9492,3017,1651684824,13.602778,0.490278,-0.023732,5726.269039,16.070941,0
9493,3017,1651684824,7.916667,-0.072222,-0.054794,3332.625436,17.384662,1
9494,3017,1651684824,0.694444,-0.005556,0.0,292.335565,-12.099212,1
9495,3017,1651684826,7.772222,0.233333,-0.016638,3271.819639,15.175659,1
9496,3017,1651684830,7.288889,-0.375,0.0,3068.354086,-35.246097,1
9497,3017,1651684830,0.572222,-0.063889,0.0,240.884505,-15.614347,1
9498,3017,1651684831,6.913889,-0.036111,0.029921,2910.492881,-32.301989,1
9499,3017,1651684836,7.558333,6.944444,-0.023709,3181.780285,166.113214,1
9500,3017,1651684838,0.633333,0.291667,0.0,266.610035,4.549448,0
9501,3017,1651684841,13.211111,-0.575,0.024141,5561.391781,-63.494236,1
9502,3017,1651684842,12.636111,-0.859722,0.0,5319.337933,-66.233447,1
9503,3017,1651684848,0.211111,0.013889,0.0,88.870012,0.83681,0
9504,3017,1651684848,5.613889,-5.316667,0.0,2363.240704,-332.888132,1
9505,3017,1651684848,5.977778,-1.080556,0.0,2516.42454,-77.506524,1
9506,3017,1651684849,4.897222,-1.3375,0.0,2061.550401,-92.807314,1
9507,3017,1651684851,0.186111,0.073611,0.0,78.345931,4.438416,0
9508,3017,1651684851,0.0,0.0,0.0,0.0,-7.069107,1
9509,3017,1651684851,2.222222,-0.675,0.0,935.473807,-52.542358,1
9510,3017,1651684856,0.0,0.0,0.0,0.0,-0.005455,1
9511,3017,1651684859,21.144444,-0.169444,0.074024,8901.033271,-72.787685,1
9512,3017,1651684860,20.975,0.025,0.063352,8829.703393,-54.694404,1
9513,3017,1651684864,0.638889,0.569444,0.0,268.948719,25.085706,1
9514,3017,1651684865,20.686111,-0.138889,0.02927,8708.091798,-44.386348,1
9515,3017,1651684866,1.822222,1.331944,0.0,767.088521,26.470569,1
9516,3017,1651684868,0.0,1.122222,0.0,0.0,34.427729,1
9517,3017,1651684869,1.122222,0.261111,0.0,472.414272,47.019695,1
9518,3017,1651684869,4.569444,1.244444,0.0,1923.568015,33.011408,1
9519,3017,1651684869,0.0,0.0,0.0,0.0,-0.116335,1
9520,3017,1651684870,1.383333,1.652778,0.0,582.332445,81.35281,1
9521,3017,1651684870,20.263889,0.538889,0.091523,8530.351775,-39.705439,1
9522,3017,1651684871,3.036111,2.330556,0.0,1278.091088,107.952563,1
9523,3017,1651684872,5.366667,2.808333,0.0,2259.169243,102.581007,1
9524,3017,1651684875,10.561111,0.397222,-0.014709,4445.839266,6.642292,0
9525,3017,1651684878,13.644444,1.980556,0.081715,5743.809173,3.498576,0
9526,3017,1651684878,10.591667,-0.775,0.0,4458.702031,-60.341288,1
9527,3017,1651684884,20.638889,0.602778,-0.055694,8688.21298,8.615305,0
9528,3017,1651684886,20.511111,1.238889,-0.074997,8634.423236,15.754529,0
9529,3017,1651684886,9.583333,0.308333,-0.03226,4034.230791,-9.51708,1
9530,3017,1651684887,21.75,0.186111,-0.028383,9155.949883,15.420196,0
9531,3017,1651684889,7.875,1.2,0.039081,3315.085302,13.476048,1
9532,3017,1651684890,12.044444,0.455556,0.0,5070.268032,35.352925,1
9533,3017,1651684890,4.227778,1.472222,0.0,1779.738917,73.829742,1
9534,3017,1651684891,5.7,1.448611,0.0,2399.490314,68.174412,1
9535,3017,1651684892,13.580556,1.008333,-0.045951,5716.914301,66.452809,1
9536,3017,1651684893,5.186111,0.0,-0.038202,2183.161996,11.457902,1
9537,3017,1651684895,10.791667,0.886111,-0.016642,4542.894674,45.44057,1
9538,3017,1651684895,16.158333,1.455556,-0.107461,6802.063917,90.879006,1
9539,3017,1651684896,17.613889,0.886111,-0.02627,7414.79926,72.519503,1
9540,3017,1651684896,4.577778,-0.636111,-0.069136,1927.076042,-9.826488,1
9541,3017,1651684897,18.5,1.002778,-0.065823,7787.819441,47.199086,0
9542,3017,1651684897,3.941667,-0.205556,-0.056245,1659.296665,-3.05844,1
9543,3017,1651684898,3.736111,-0.516667,0.0,1572.765337,-43.143102,1
9544,3017,1651684900,4.177778,1.461111,0.0,1758.690757,60.316975,1
9545,3017,1651684901,5.638889,1.938889,0.0,2373.764784,62.728087,1
9546,3017,1651684903,2.288889,0.7,0.0,963.538021,19.46582,1
9547,3017,1651684903,18.675,-0.930556,0.094836,7861.488003,-129.232767,1
9548,3017,1651684904,2.988889,1.527778,0.0,1258.21227,16.883171,1
9549,3017,1651684904,8.036111,0.393056,-0.060382,3382.907153,42.388049,1
9550,3017,1651684906,8.822222,-0.116667,-0.057642,3713.831013,30.496692,1
9551,3017,1651684909,8.883333,0.283333,-0.075273,3739.556542,37.098458,1
9552,3017,1651684909,6.388889,-1.141667,0.0,2689.487194,-81.275564,1
9553,3017,1651684911,9.45,-0.369444,-0.104407,3978.102363,27.530226,1
9554,3017,1651684912,9.080556,-0.452778,-0.089762,3822.579843,19.152106,1
9555,3017,1651684913,8.627778,-0.366667,-0.086166,3631.977054,14.335946,1
9556,3017,1651684913,3.297222,0.791667,0.0,1388.009261,20.721645,1
9557,3017,1651684914,4.088889,0.897222,0.0,1721.271804,34.317014,1
9558,3017,1651684915,4.986111,0.775,0.0,2098.969354,39.741299,1
9559,3017,1651684916,5.761111,1.198611,0.0,2425.215844,39.04031,1
9560,3017,1651684918,7.105556,-0.130556,-0.027692,2991.177497,-4.181813,1
9561,3017,1651684919,9.027778,0.583333,0.02954,3800.36234,10.479724,1
9562,3017,1651684919,1.425,0.230556,0.0,599.872579,-0.018991,1
9563,3017,1651684924,0.216667,0.086111,0.0,91.208696,5.192004,0
9564,3017,1651684926,6.969444,-1.866667,0.0,2933.879726,-125.123298,1
9565,3017,1651684929,6.375,1.044444,0.01783,2683.640483,3.624443,0
9566,3017,1651684931,2.516667,1.433333,0.095302,1059.424086,25.023189,1
9567,3017,1651684931,13.338889,0.211111,0.077096,5615.181525,-47.197885,1
9568,3017,1651684936,12.625,0.076389,-0.087894,5314.660564,9.802816,0
9569,3017,1651684936,8.838889,0.677778,0.0,3720.847066,43.834499,1
9570,3017,1651684938,11.152778,0.680556,-0.016645,4694.909167,49.818918,1
9571,3017,1651684941,0.0,0.0,0.0,0.0,-8e-06,1
9572,3017,1651684943,14.141667,0.977778,0.071088,5953.121437,-7.48926,1
9573,3017,1651684948,0.0,0.0,0.0,0.0,-0.0,1
9574,3017,1651684949,1.744444,0.359722,0.0,734.346938,40.528836,1
9575,3017,1651684950,13.844444,0.4,0.0,5828.001816,5.312325,0
9576,3017,1651684951,2.463889,0.463889,0.0,1037.206583,57.772059,1
9577,3017,1651684951,19.080556,1.775,0.0,8032.211973,34.526115,0
9578,3017,1651684951,14.244444,0.458333,-0.077092,5996.387101,16.189794,0
9579,3017,1651684953,21.05,0.444444,-0.030882,8861.275634,-1.380339,1
9580,3017,1651684954,0.0,0.0,0.0,0.0,-0.0,1
9581,3017,1651684956,5.85,-1.080556,-0.0441,2462.634796,-51.555874,1
9582,3017,1651684960,22.708333,-0.35,0.0,9559.372962,-41.366395,1
9583,3017,1651684966,13.397222,1.347222,0.023889,5639.737712,50.992841,1
9584,3017,1651684966,20.213889,0.2125,-0.052361,8509.303614,-1.906563,1
9585,3017,1651684968,15.741667,1.672222,0.033749,6626.662578,23.599956,0
9586,3017,1651684968,22.697222,0.016667,0.035556,9554.695593,-40.135521,1
9587,3017,1651684973,22.116667,0.102778,-0.04704,9310.303061,-2.068957,1
9588,3017,1651684977,21.555556,0.430556,0.0,9074.095925,3.446121,0
9589,3017,1651684978,0.555556,0.7,0.0,233.868452,13.815987,0
9590,3017,1651684979,1.255556,0.5,0.0,528.542701,24.978643,1
9591,3017,1651684980,24.766667,0.102778,-0.05307,10425.855575,4.016943,0
9592,3017,1651684980,21.122222,-0.051389,0.081987,8891.678532,-70.312379,1
9593,3017,1651684981,24.869444,0.3,-0.039075,10469.121239,3.825713,0
9594,3017,1651684984,4.444444,0.972222,-0.038833,1870.947613,62.558407,1
9595,3017,1651684984,25.227778,0.258333,-0.08552,10619.96639,11.958183,0
9596,3017,1651684985,5.416667,1.172222,-0.034825,2280.217404,53.151978,1
9597,3017,1651684990,24.833333,0.586111,-0.078299,10453.91979,28.603813,0
9598,3017,1651684991,25.419444,0.563889,-0.058385,10700.651006,39.749262,0
9599,3017,1651684992,25.983333,0.288889,-0.061988,10938.027485,43.3408,0
9600,3017,1651684993,3.838889,0.280556,0.0,1616.031001,-1.873818,1
9601,3017,1651684997,8.797222,1.013889,0.0,3703.306932,68.722363,1
9602,3017,1651684998,9.811111,1.533333,0.0,4130.116856,83.128055,1
9603,3017,1651684999,8.863889,1.025,-0.018029,3731.371146,30.150158,1
9604,3017,1651684999,11.344444,2.633333,0.0,4775.593783,83.300934,1
9605,3017,1651684999,22.058333,-0.338889,0.032508,9285.746874,-59.315583,1
9606,3017,1651685000,13.977778,-0.011111,-0.047037,5884.130244,55.724011,1
9607,3017,1651685000,27.722222,-0.225,-0.068258,11670.035738,20.360114,0
9608,3017,1651685001,27.497222,0.344444,-0.043032,11575.319015,33.804925,0
9609,3017,1651685002,13.955556,0.5,-0.053674,5874.775506,46.108877,1
9610,3017,1651685003,10.197222,-0.416667,0.0,4292.65543,-38.597402,1
9611,3017,1651685004,15.130556,0.490278,0.0,6369.407281,2.827717,0
9612,3017,1651685006,22.547222,-0.115278,0.069539,9491.551111,-67.906347,1
9613,3017,1651685007,28.583333,0.780556,-0.041063,12032.531838,16.105672,0
9614,3017,1651685008,29.363889,0.269444,-0.036284,12361.117013,23.431823,0
9615,3017,1651685008,8.0,-1.194444,0.0,3367.705704,-84.840536,1
9616,3017,1651685009,29.633333,0.241667,-0.085882,12474.543212,29.152622,0
9617,3017,1651685013,22.208333,-0.158333,0.013777,9348.891355,-37.535009,1
9618,3017,1651685016,17.655556,0.505556,0.0,7432.339394,8.689439,0
9619,3017,1651685016,0.941667,-0.470833,0.0,396.407026,-40.163634,1
9620,3017,1651685021,18.958333,0.091667,-0.020813,7980.760913,4.558958,0
9621,3017,1651685022,19.05,0.127778,-0.043887,8019.349208,13.014064,0
9622,3017,1651685023,19.177778,0.072222,-0.06755,8073.138952,13.093138,0
9623,3017,1651685026,21.683333,0.302778,0.086235,9127.885669,-51.834617,1
9624,3017,1651685028,22.194444,0.447222,-0.02595,9343.044644,3.484411,0
9625,3017,1651685029,22.641667,0.55,-0.096044,9531.308748,20.446837,0
9626,3017,1651685032,25.619444,0.133333,-0.063766,10784.843649,13.367828,0
9627,3017,1651685035,24.002778,0.0,0.044555,10104.286454,-47.426935,1
9628,3017,1651685036,0.608333,1.084722,-0.029757,256.085955,50.806735,1
9629,3017,1651685037,11.786111,0.091667,-0.052429,4961.519202,-1.148748,1
9630,3017,1651685038,23.444444,-0.5,-0.012619,9869.24866,-43.55375,1
9631,3017,1651685041,5.397222,0.513889,0.0,2272.032008,8.553593,0
9632,3017,1651685041,24.905556,-1.072222,-0.008984,10484.322688,-81.362739,1
9633,3017,1651685043,7.733333,-0.416667,0.0,3255.448847,-37.868837,1
9634,3017,1651685044,6.938889,1.941667,0.067513,2921.016961,4.711138,0
9635,3017,1651685046,13.869444,-2.252778,0.036045,5838.525896,-171.954041,1
9636,3017,1651685047,11.616667,-1.280556,0.0415,4890.189324,-115.580421,1
9637,3017,1651685048,10.130556,1.15,0.035922,4264.591216,2.536571,0
9638,3017,1651685050,11.316667,0.125,-0.02997,4763.900361,10.025842,0
9639,3017,1651685050,5.983333,-2.341667,0.0,2518.763224,-153.556689,0
9640,3017,1651685051,3.641667,-2.216667,0.0,1533.007701,-145.647097,0
9641,3017,1651685052,10.119444,1.4,0.038815,4259.913847,39.401348,1
9642,3017,1651685054,12.769444,1.811111,-0.034732,5375.466362,62.138876,1
9643,3017,1651685065,1.852778,-0.926389,0.137628,779.951286,-148.209984,1
9644,3017,1651685068,0.0,0.0,0.0,0.0,-4.116944,1
9645,3017,1651685069,0.0,0.0,0.0,0.0,-0.686157,1
9646,3017,1651685076,0.675,0.333333,0.0,284.150169,21.79986,1
9647,3017,1651685077,1.008333,1.394444,0.0,424.47124,38.68866,1
9648,3017,1651685078,2.402778,0.791667,0.053306,1011.481053,46.191968,1
9649,3017,1651685079,3.194444,2.469444,0.044619,1344.743597,60.317956,1
9650,3017,1651685079,0.0,0.0,0.0,0.0,-0.0,1
9651,3017,1651685080,2.663889,0.741667,0.0,1121.399226,30.815391,1
9652,3017,1651685081,20.136111,0.516667,-0.054197,8476.562031,24.593387,0
9653,3017,1651685081,6.641667,1.672222,0.033613,2795.89734,53.01964,1
9654,3017,1651685082,8.313889,1.202778,0.029914,3499.841379,45.653033,1
9655,3017,1651685084,5.577778,0.466667,-0.035556,2348.039255,8.122703,0
9656,3017,1651685084,10.608333,1.058333,0.040839,4465.718085,27.428625,1
9657,3017,1651685085,22.188889,0.344444,-0.105203,9340.70596,34.774293,0
9658,3017,1651685085,11.666667,0.638889,0.035171,4911.237485,24.694436,1
9659,3017,1651685086,5.577778,-0.345833,-0.029975,2348.039255,-15.501889,1
9660,3017,1651685089,14.722222,0.902778,0.0,6197.513969,7.171395,0
9661,3017,1651685090,6.725,1.45,0.021509,2830.977607,41.321914,1
9662,3017,1651685091,5.741667,0.411111,-0.052621,2417.030448,25.014419,1
9663,3017,1651685091,22.969444,-0.323611,0.01989,9669.291134,-51.660414,1
9664,3017,1651685092,6.152778,-0.602778,-0.035339,2590.093102,-27.954461,1
9665,3017,1651685093,8.983333,0.944444,0.0,3781.652863,7.994421,0
9666,3017,1651685093,1.286111,0.611111,0.0,541.405466,0.659046,0
9667,3017,1651685093,22.322222,-0.088889,0.119917,9396.834388,-95.569405,1
9668,3017,1651685097,4.188889,0.8,0.0,1763.368126,7.905548,0
9669,3017,1651685098,11.066667,0.333333,-0.039939,4658.659557,4.00015,0
9670,3017,1651685099,5.397222,1.008333,0.026629,2272.032008,30.354679,1
9671,3017,1651685100,2.175,3.155556,0.052488,915.594988,42.263362,1
9672,3017,1651685101,7.413889,0.972222,-0.026232,3120.974488,59.615921,1
9673,3017,1651685102,8.386111,1.577778,-0.03497,3530.244278,78.421156,1
9674,3017,1651685103,9.963889,0.85,-0.054849,4194.430681,80.96962,1
9675,3017,1651685103,21.472222,-0.188889,0.163102,9039.015657,-126.042879,1
9676,3017,1651685104,21.283333,-0.240278,0.060316,8959.500383,-69.127413,1
9677,3017,1651685106,20.802778,-0.419444,0.038234,8757.204173,-66.647027,1
9678,3017,1651685106,21.7,0.133333,0.035921,9134.901722,-32.584233,1
9679,3017,1651685111,10.758333,-2.811111,0.0,4528.862567,-183.18404,1
9680,3017,1651685115,22.575,0.008333,-0.071998,9503.244534,1.953468,0
9681,3017,1651685117,22.861111,0.730556,-0.061347,9623.686786,44.911384,0
9682,3017,1651685117,3.138889,1.238889,0.0,1321.356752,35.730271,1
9683,3017,1651685118,23.591667,0.766667,-0.036838,9931.2238,42.420528,0
9684,3017,1651685118,4.377778,0.777778,0.0,1842.883399,47.35673,1
9685,3017,1651685120,0.0,0.0,0.0,0.0,-0.298945,1
9686,3017,1651685121,8.358333,1.947222,0.057928,3518.550855,55.655087,1
9687,3017,1651685122,0.458333,1.177778,0.0,192.941473,59.264095,1
9688,3017,1651685122,10.305556,1.897222,0.066461,4338.259778,28.975756,1
9689,3017,1651685123,1.636111,0.780556,0.0,688.74259,40.265798,1
9690,3017,1651685123,0.0,0.0,0.0,0.0,-0.008304,1
9691,3017,1651685128,15.911111,0.972222,0.073722,6697.992456,-0.566489,1
9692,3017,1651685129,17.805556,0.180556,-0.045504,7495.483876,7.205264,0
9693,3017,1651685129,1.552778,-0.841667,0.0,653.662322,-62.551219,1
9694,3017,1651685131,20.427778,0.581944,-0.051403,8599.342968,51.904457,0
9695,3017,1651685134,0.0,1.430556,0.0,0.0,4.831514,1
9696,3017,1651685135,19.586111,-0.3,-0.04397,8245.032264,-10.32466,1
9697,3017,1651685141,0.0,0.205556,0.0,0.0,5.546549,1
9698,3017,1651685142,21.241667,0.019444,0.072568,8941.96025,-60.612783,1
9699,3017,1651685143,25.469444,0.258333,-0.049354,10721.699167,-4.434492,1
9700,3017,1651685143,21.261111,-0.076389,0.161864,8950.145645,-118.394529,1
9701,3017,1651685144,11.416667,-3.555556,-0.036037,4805.996682,-207.131237,1
9702,3017,1651685145,25.952778,0.861111,0.0,10925.16472,0.76843,0
9703,3017,1651685145,0.905556,0.216667,0.0,381.205576,5.711759,0
9704,3017,1651685146,26.813889,0.188889,-0.007599,11287.66082,-7.755535,1
9705,3017,1651685146,6.075,-0.997222,0.0,2557.351519,-72.500579,1
9706,3017,1651685148,1.702778,0.858333,0.0,716.806804,21.689365,1
9707,3017,1651685151,3.744444,1.093056,0.0,1576.273364,31.486264,1
9708,3017,1651685152,1.286111,0.843056,-0.027732,541.405466,48.617438,1
9709,3017,1651685152,27.969444,0.361111,0.0,11774.107199,-2.881025,1
9710,3017,1651685153,5.930556,0.341667,0.0,2496.545722,13.998722,1
9711,3017,1651685155,5.236111,0.144444,-0.045047,2204.210157,52.260954,1
9712,3017,1651685156,6.713889,1.083333,0.10183,2826.300238,-6.863988,1
9713,3017,1651685157,5.247222,0.0,-0.074867,2208.887526,61.461707,1
9714,3017,1651685158,5.247222,2.211111,-0.049278,2208.887526,82.239553,1
9715,3017,1651685159,7.458333,0.990278,0.0,3139.683964,67.157415,1
9716,3017,1651685162,10.911111,1.272222,0.040423,4593.176391,31.519529,1
9717,3017,1651685163,12.183333,0.733333,0.042694,5128.735145,5.603862,0
9718,3017,1651685167,20.258333,-0.251389,-0.068052,8528.01309,15.181645,0
9719,3017,1651685168,27.677778,0.525,-0.058337,11651.326262,3.705984,0
9720,3017,1651685170,14.286111,0.258333,-0.055491,6013.927235,17.041785,0
9721,3017,1651685171,28.088889,-0.191667,0.036759,11824.388916,-57.920055,1
9722,3017,1651685173,12.861111,-0.108333,0.0,5414.054656,-21.016881,1
9723,3017,1651685175,27.877778,-0.144444,-0.03284,11735.518905,-13.97646,1
9724,3017,1651685175,22.558333,-0.048611,0.0,9496.22848,-23.079697,1
9725,3017,1651685175,12.644444,-0.925,0.030779,5322.84596,-88.257441,1
9726,3017,1651685178,17.516667,0.175,0.038427,7373.872281,-28.836616,1
9727,3017,1651685185,18.580556,0.547222,-0.026014,7821.730366,7.990875,0
9728,3017,1651685186,0.0,0.627778,0.0,0.0,6.100202,1
9729,3017,1651685187,0.627778,0.066667,0.0,264.27135,-7.742525,1
9730,3017,1651685190,18.405556,-0.411111,-0.132901,7748.061804,24.618512,0
9731,3017,1651685191,0.294444,0.616667,0.0,123.950279,37.18556,0
9732,3018,1651685192,17.583333,0.633333,-0.10447,7401.936495,44.661965,0
9733,3018,1651685193,20.541667,-0.436111,0.0,8647.286,-45.013804,1
9734,3018,1651685194,0.247222,0.066667,0.0,104.071461,4.019207,0
9735,3018,1651685194,20.105556,-1.019444,0.015025,8463.699266,-88.728275,1
9736,3018,1651685198,21.019444,0.797222,-0.046589,8848.412869,41.164095,0
9737,3018,1651685198,0.0,0.0,0.0,0.0,-0.964093,1
9738,3018,1651685201,8.011111,-2.236111,0.0,3372.383073,-147.659332,1
9739,3018,1651685202,1.369444,1.088889,0.0,576.485733,51.884757,1
9740,3018,1651685203,3.538889,-2.016667,0.0,1489.742037,-133.574281,1
9741,3018,1651685205,22.475,0.330556,-0.061086,9461.148212,15.665521,0
9742,3018,1651685205,0.0,0.0,0.0,0.0,-17.264894,1
9743,3018,1651685206,22.805556,0.241667,-0.067486,9600.299941,10.418019,0
9744,3018,1651685206,5.972222,1.727778,-0.044619,2514.085855,76.86188,1
9745,3018,1651685207,7.7,0.577778,0.0,3241.41674,60.76261,1
9746,3018,1651685208,22.538889,-0.022222,-0.062796,9488.043084,8.744256,0
9747,3018,1651685208,8.277778,1.558333,0.0,3484.63993,56.841977,1
9748,3018,1651685209,9.836111,0.640278,-0.01765,4140.640937,47.646932,1
9749,3018,1651685209,22.516667,0.180556,-0.065437,9478.688346,23.370292,0
9750,3018,1651685215,2.022222,1.669444,0.0,851.281164,82.55088,1
9751,3018,1651685217,17.336111,0.608333,-0.016357,7297.865034,49.114992,1
9752,3018,1651685217,21.916667,-0.444444,0.056245,9226.110418,-79.504459,1
9753,3018,1651685220,9.872222,3.180556,0.075998,4155.842386,2.322765,0
9754,3018,1651685220,20.686111,0.090278,-0.097311,8708.091798,-4.690867,1
9755,3018,1651685221,0.0,0.2875,0.0,0.0,13.215196,1
9756,3018,1651685223,0.575,0.444444,0.0,242.053847,22.45283,0
9757,3018,1651685225,21.713889,1.211111,-0.080434,9140.748433,65.35437,0
9758,3018,1651685225,13.616667,0.766667,0.0,5732.11575,21.357746,0
9759,3018,1651685226,3.133333,1.319444,0.0,1319.018067,46.352472,1
9760,3018,1651685227,19.477778,-0.041667,-0.041183,8199.427916,0.728377,0
9761,3018,1651685227,23.808333,0.226389,-0.144885,10022.432496,77.029649,0
9762,3018,1651685228,5.772222,0.55,0.0,2429.893213,18.823981,1
9763,3018,1651685232,16.086111,-0.355556,0.0,6771.661018,-37.464717,1
9764,3018,1651685233,25.855556,0.15,-0.057318,10884.237741,25.311817,0
9765,3018,1651685234,26.005556,0.236111,-0.06113,10947.382223,26.944126,0
9766,3018,1651685234,15.572222,0.077778,-0.062564,6555.3327,8.605558,0
9767,3018,1651685235,10.772222,1.266667,0.048506,4534.709278,18.252645,1
9768,3018,1651685238,14.930556,-0.216667,-0.093773,6285.214639,32.097259,1
9769,3018,1651685239,14.713889,-0.313889,-0.100427,6194.005942,28.574623,0
9770,3018,1651685240,14.4,0.302778,-0.052785,6061.870267,23.555856,0
9771,3018,1651685247,9.897222,-1.563889,0.031199,4166.366466,-126.00969,1
9772,3018,1651685251,16.666667,-0.004167,0.03688,7016.05355,-38.253915,1
9773,3018,1651685252,4.702778,0.019444,0.0,1979.696443,-10.948401,1
9774,3018,1651685253,24.236111,-0.216667,-0.104183,10202.511204,0.1511,0
9775,3018,1651685256,16.766667,-0.880556,0.010012,7058.149871,-75.377186,1
9776,3018,1651685257,6.080556,0.977778,0.033413,2559.690204,5.028197,0
9777,3018,1651685259,8.036111,0.719444,0.0,3382.907153,16.184087,1
9778,3018,1651685260,8.755556,0.508333,0.0,3685.766798,8.67047,0
9779,3018,1651685260,14.05,0.616667,0.0,5914.533143,-2.904018,1
9780,3018,1651685263,15.833333,0.244444,0.059039,6665.250873,-35.812665,1
9781,3018,1651685264,14.130556,-1.740278,-0.121638,5948.444068,-48.582787,1
9782,3018,1651685266,0.0,0.0,0.0,0.0,-1.62675,1
9783,3018,1651685267,9.786111,0.697222,0.026508,4119.592776,1.288526,0
9784,3018,1651685269,2.155556,0.894444,0.0,907.409592,49.764995,1
9785,3018,1651685271,4.233333,1.738889,0.026672,1782.077602,84.852215,1
9786,3018,1651685272,5.972222,2.325,0.035921,2514.085855,112.158968,1
9787,3018,1651685273,8.297222,3.380556,0.02248,3492.825326,125.067303,1
9788,3018,1651685274,11.677778,1.441667,-0.054973,4915.914854,101.046541,1
9789,3018,1651685275,11.869444,0.452778,-0.038467,4996.59947,24.716664,1
9790,3018,1651685275,7.052778,1.038889,-0.029668,2968.959994,51.711528,1
9791,3018,1651685276,8.091667,0.479167,-0.048289,3406.293999,61.895686,1
9792,3018,1651685277,13.608333,0.225,-0.030448,5728.607724,22.500946,1
9793,3018,1651685277,13.858333,0.134722,-0.119126,5833.848527,76.890412,1
9794,3018,1651685279,11.122222,-1.4,0.0,4682.046402,-98.220791,1
9795,3018,1651685280,15.486111,0.322222,-0.022061,6519.08309,55.170948,1
9796,3018,1651685280,14.122222,-0.330556,0.022839,5944.936041,-48.39968,1
9797,3018,1651685281,15.808333,1.538889,0.011134,6654.726792,55.07641,1
9798,3018,1651685281,12.6,0.002778,-0.038459,5304.136484,25.191354,1
9799,3018,1651685283,17.727778,2.113889,-0.039667,7462.742293,84.179367,1
9800,3018,1651685284,13.566667,0.230556,0.0,5711.06759,-0.888288,1
9801,3018,1651685285,20.891667,1.208333,-0.032919,8794.623125,39.506896,0
9802,3018,1651685286,13.991667,-0.338889,0.0,5889.976955,-35.420776,1
9803,3018,1651685286,22.1,0.163889,0.01789,9303.287007,-20.441009,1
9804,3018,1651685289,6.816667,0.797222,0.0,2869.565902,38.24677,1
9805,3018,1651685294,13.838889,0.319444,-0.050259,5825.663131,11.820803,0
9806,3018,1651685294,20.897222,-0.577778,0.134272,8796.96181,-132.383965,1
9807,3018,1651685299,14.141667,-0.390278,-0.015228,5953.121437,-29.63734,1
9808,3018,1651685301,8.363889,-0.770833,0.0,3520.88954,-59.393619,1
9809,3018,1651685306,4.388889,-1.005556,0.06915,1847.560768,-113.299147,1
9810,3018,1651685310,0.947222,-0.355556,0.0,398.74571,-33.212185,1
9811,3018,1651685311,0.591667,-0.295833,0.0,249.069901,-29.601719,1
9812,3018,1651685312,13.538889,-0.266667,0.0,5699.374167,-30.859975,1
9813,3018,1651685313,0.0,0.205556,0.0,0.0,-1.89023,1
9814,3018,1651685318,0.15,0.086111,0.0,63.144482,5.192407,0
9815,3018,1651685320,0.644444,-0.129167,0.0,271.287404,-19.552257,1
9816,3018,1651685323,0.0,0.0,0.0,0.0,-5.840408,1
9817,3018,1651685325,22.233333,0.488889,-0.026639,9359.415436,10.775985,0
9818,3018,1651685325,5.405556,-0.6,0.051269,2275.540035,-78.528155,1
9819,3018,1651685329,24.25,0.409722,-0.07522,10208.357915,6.541543,0
9820,3018,1651685331,25.069444,0.211111,-0.031263,10553.313882,10.900784,0
9821,3018,1651685332,25.280556,-0.094444,-0.048111,10642.183893,10.757168,0
9822,3018,1651685336,0.652778,0.4125,0.0,274.795431,22.026178,1
9823,3018,1651685340,2.983333,1.622222,0.034617,1255.873585,46.996757,1
9824,3018,1651685342,25.558333,-0.222222,-0.014844,10759.118119,-27.203103,1
9825,3018,1651685344,6.805556,0.880556,-0.052355,2864.888533,69.819476,1
9826,3018,1651685345,7.686111,1.022222,-0.088816,3235.570029,87.142247,1
9827,3018,1651685346,8.708333,1.008333,-0.102236,3665.88798,84.805501,1
9828,3018,1651685348,10.725,0.952778,-0.04826,4514.830459,56.322784,1
9829,3018,1651685348,6.25,1.016667,0.0,2631.020081,39.771574,1
9830,3018,1651685349,11.677778,0.261111,-0.015608,4915.914854,10.434001,0
9831,3018,1651685350,1.763889,0.355556,0.0,742.532334,19.809794,1
9832,3018,1651685350,8.283333,0.941667,0.0,3486.978614,22.666516,1
9833,3018,1651685351,25.841667,0.738889,-0.021073,10878.391029,13.908441,0
9834,3018,1651685351,2.119444,1.8,0.0,892.208143,22.859147,1
9835,3018,1651685352,26.580556,0.536111,-0.052641,11189.43607,5.258605,0
9836,3018,1651685353,3.713889,-2.513889,0.0,1563.410599,-163.579317,1
9837,3018,1651685354,14.527778,0.541667,0.0,6115.660011,6.30476,0
9838,3018,1651685354,27.086111,-0.302778,0.048022,11402.256361,-70.317109,1
9839,3018,1651685355,15.069444,0.225,0.0,6343.681752,-1.932986,1
9840,3018,1651685356,15.294444,0.488889,-0.017968,6438.398474,9.449743,0
9841,3018,1651685358,16.272222,0.291667,-0.027954,6850.006949,6.082814,0
9842,3018,1651685359,2.397222,-0.727778,0.0,1009.142369,-55.738359,1
9843,3018,1651685360,0.0,0.0,0.0,0.0,-0.147496,1
9844,3018,1651685361,16.780556,0.123611,-0.03028,7063.996583,28.143715,0
9845,3018,1651685361,0.941667,-0.222222,0.0,396.407026,-25.171582,1
9846,3018,1651685363,17.027778,1.111111,-0.1128,7168.068044,48.247054,1
9847,3018,1651685365,17.95,0.133333,-0.020002,7556.289673,1.825355,0
9848,3018,1651685365,3.333333,2.077778,0.0,1403.21071,55.730749,1
9849,3018,1651685368,18.380556,0.719444,-0.08634,7737.537723,7.39686,0
9850,3018,1651685371,19.786111,0.036111,-0.033917,8329.224906,40.945799,0
9851,3018,1651685371,2.125,3.272222,0.0,894.546828,104.014764,1
9852,3018,1651685371,3.780556,-2.175,0.0,1591.474814,-143.151463,1
9853,3018,1651685374,0.277778,0.258333,0.0,116.934226,15.577061,0
9854,3018,1651685374,20.830556,0.080556,-0.088859,8768.897595,51.899364,0
9855,3018,1651685374,7.908333,1.233333,0.0,3329.11741,70.848823,1
9856,3018,1651685375,20.911111,0.047222,-0.090238,8802.808521,39.611015,0
9857,3018,1651685376,20.958333,-0.129167,-0.098937,8822.687339,28.473423,0
9858,3018,1651685378,11.369444,0.427778,0.0,4786.117863,8.755743,0
9859,3018,1651685379,0.194444,0.047222,0.0,81.853958,2.847029,0
9860,3018,1651685379,20.675,-0.116667,-0.019488,8703.414429,-14.384089,1
9861,3018,1651685381,11.761111,-1.109722,-0.013066,4950.995122,-73.275906,1
9862,3018,1651685382,3.883333,-0.175,0.0,1634.740477,-22.557999,1
9863,3018,1651685389,2.680556,0.9,0.0,1128.415279,9.166617,0
9864,3018,1651685389,2.972222,-1.486111,0.0,1251.196216,-101.519222,1
9865,3018,1651685390,3.580556,1.322222,0.0,1507.282171,20.543393,1
9866,3018,1651685390,15.5,0.194444,-0.063189,6524.929802,-0.99555,1
9867,3018,1651685391,0.0,0.0,0.0,0.0,-16.91987,1
9868,3018,1651685393,0.741667,0.736111,0.0,312.214383,38.192337,1
9869,3018,1651685393,5.369444,0.916667,0.0,2260.338585,4.741869,0
9870,3018,1651685396,13.4,0.330556,0.0,5640.907054,1.497019,0
9871,3018,1651685396,0.0,0.0,0.0,0.0,-0.013055,1
9872,3018,1651685397,4.347222,2.380556,0.0,1830.020634,77.207606,1
9873,3018,1651685399,7.988889,1.405556,0.055282,3363.028335,40.415274,1
9874,3018,1651685399,14.352778,0.680556,-0.044731,6041.991449,20.393819,0
9875,3018,1651685401,14.866667,0.702778,-0.046843,6258.319767,30.9892,1
9876,3018,1651685404,16.525,0.461111,-0.106593,6956.417095,48.128055,1
9877,3018,1651685404,14.075,0.391667,0.0,5925.057223,51.120238,1
9878,3018,1651685405,14.466667,0.761111,-0.025886,6089.934481,48.679575,1
9879,3018,1651685406,4.716667,1.126389,0.029834,1985.543155,23.68394,1
9880,3018,1651685408,17.069444,0.072222,0.056958,7185.608178,-45.649179,1
9881,3018,1651685409,17.952778,0.193056,-0.039344,7557.459016,11.508833,0
9882,3018,1651685409,6.244444,-1.041667,0.032257,2628.681397,-94.166504,1
9883,3018,1651685411,4.161111,0.680556,0.0,1751.674703,-3.350163,1
9884,3018,1651685412,4.841667,1.301389,0.015327,2038.163556,26.639104,1
9885,3018,1651685413,17.958333,0.108333,-0.085321,7559.7977,29.607471,0
9886,3018,1651685414,7.444444,0.772222,0.0,3133.837252,30.544355,1
9887,3018,1651685415,8.216667,1.233333,0.069844,3458.9144,23.607633,1
9888,3018,1651685416,9.45,1.841667,0.099654,3978.102363,3.369169,0
9889,3018,1651685428,0.0,0.0,0.0,0.0,0.505867,1
9890,3018,1651685429,0.0,0.266667,0.0,0.0,12.024866,1
9891,3018,1651685430,12.352778,-1.147222,0.09818,5200.065023,-141.015962,1
9892,3018,1651685431,5.35,0.933333,0.0,2252.15319,12.196007,1
9893,3018,1651685431,0.611111,-0.611111,0.0,257.255297,-48.614372,1
9894,3018,1651685433,7.216667,0.25,-0.019497,3037.951187,11.490528,1
9895,3018,1651685436,0.0,0.0,0.0,0.0,22.307861,1
9896,3018,1651685450,8.127778,1.522222,0.0,3421.495448,26.573576,1
9897,3018,1651685451,3.477778,0.277778,0.0,1464.016507,20.154842,1
9898,3018,1651685452,9.763889,-0.194444,0.0,4110.238038,-25.054039,1
9899,3018,1651685453,4.758333,0.252778,-0.034198,2003.083289,41.428917,1
9900,3018,1651685454,2.977778,0.797222,0.0,1253.534901,30.131869,1
9901,3018,1651685454,9.630556,0.35,0.0,4054.10961,-1.703385,1
9902,3018,1651685455,6.127778,0.744444,-0.025572,2579.569022,55.467015,1
9903,3018,1651685456,6.872222,0.958333,-0.036371,2892.952747,52.151708,1
9904,3018,1651685457,7.830556,1.111111,0.0,3296.375826,29.796218,1
9905,3018,1651685457,10.694444,0.138889,0.0,4501.967695,-5.266918,1
9906,3018,1651685458,8.941667,0.005556,0.0,3764.11273,-12.739756,1
9907,3018,1651685459,8.947222,1.944444,0.0,3766.451414,40.179918,1
9908,3018,1651685459,0.0,0.0,0.0,0.0,-0.0,1
9909,3018,1651685461,6.625,1.011111,0.039192,2788.881286,1.608045,0
9910,3018,1651685461,0.0,0.0,0.0,0.0,-0.0,1
9911,3018,1651685462,3.633333,-0.7875,0.0,1529.499674,-59.462735,1
9912,3018,1651685463,11.688889,0.980556,-0.072262,4920.592223,70.37774,1
9913,3018,1651685465,9.847222,0.322222,0.093663,4145.318306,-48.84844,1
9914,3018,1651685465,0.638889,-0.030556,0.0,268.948719,-13.605571,1
9915,3018,1651685468,10.113889,-0.122222,0.0,4257.575163,-20.813539,1
9916,3018,1651685469,0.0,0.0,0.0,0.0,-13.43732,1
9917,3018,1651685470,10.0,-0.425,0.0,4209.63213,-39.034239,1
9918,3018,1651685472,18.427778,0.394444,-0.105485,7757.416542,47.00179,0
9919,3018,1651685473,8.230556,-1.111111,0.0,3464.761111,-79.876979,1
9920,3018,1651685473,0.0,0.375,0.0,0.0,-0.449251,1
9921,3018,1651685473,4.752778,-1.938889,0.0,2000.744604,-129.050017,1
9922,3018,1651685479,17.238889,-0.122222,-0.017104,7256.938055,-13.972251,1
9923,3018,1651685481,0.0,0.0,0.0,0.0,-0.01244,1
9924,3018,1651685485,0.0,0.0,0.0,0.0,-0.000457,1
9925,3018,1651685485,0.397222,-0.397222,0.0,167.215943,-35.712625,1
9926,3018,1651685487,1.183333,2.766667,0.0,498.139802,84.718077,1
9927,3018,1651685488,0.0,0.0,0.0,0.0,-1.3e-05,1
9928,3018,1651685490,7.063889,0.730556,0.018489,2973.637363,34.847687,1
9929,3018,1651685493,0.0,0.0,0.0,0.0,-0.000128,1
9930,3018,1651685495,10.827778,-0.161111,0.017649,4558.096123,-33.777275,1
9931,3018,1651685496,18.483333,0.283333,0.052889,7780.803387,-31.362306,1
9932,3018,1651685499,0.163889,0.247222,0.0,68.991193,14.907855,0
9933,3018,1651685503,0.258333,0.280556,0.0,108.74883,16.917305,0
9934,3018,1651685505,8.905556,0.080556,-0.120764,3748.91128,49.279851,1
9935,3018,1651685508,10.663889,1.297222,-0.107759,4489.10493,56.006014,1
9936,3018,1651685513,7.130556,-1.454167,0.036342,3001.701577,-121.635531,1
9937,3018,1651685516,0.0,0.0,0.0,0.0,8.263808,1
9938,3018,1651685517,6.461111,1.377778,0.055419,2719.890093,24.040768,1
9939,3018,1651685518,7.838889,2.1125,0.045416,3299.883853,29.077244,1
9940,3018,1651685519,0.138889,0.016667,0.0,58.467113,1.946183,0
9941,3018,1651685519,20.352778,0.486111,0.124336,8567.770727,-62.08095,1
9942,3018,1651685521,4.433333,2.269444,0.0,1866.270244,91.863264,1
9943,3018,1651685522,12.969444,0.658333,0.014479,5459.659004,14.996078,0
9944,3018,1651685524,14.363889,0.751389,-0.118189,6046.668818,62.991041,1
9945,3018,1651685525,11.591667,0.254167,-0.046686,4879.665244,32.628451,1
9946,3018,1651685527,16.25,0.0,-0.069481,6840.652211,30.559285,0
9947,3018,1651685527,12.1,0.113889,-0.033608,5093.654877,-2.335226,1
9948,3018,1651685529,0.258333,0.127778,0.0,108.74883,7.704312,0
9949,3018,1651685532,8.622222,-0.133333,0.077308,3629.63837,-66.384734,1
9950,3018,1651685533,0.175,0.252778,0.0,73.668562,15.242811,0
9951,3018,1651685535,0.0,0.441667,0.0,0.0,-2.534472,1
9952,3018,1651685538,0.7,-0.5,0.0,294.674249,-41.915935,1
9953,3018,1651685543,6.508333,1.95,0.0,2739.768911,47.79809,1
9954,3018,1651685544,8.458333,1.316667,0.039954,3560.647177,45.327579,1
9955,3018,1651685545,9.775,1.027778,0.059892,4114.915407,41.191601,1
9956,3018,1651685545,21.658333,-0.186111,0.0,9117.361588,-30.71512,1
9957,3018,1651685546,10.802778,0.829167,-0.036267,4547.572043,54.79157,1
9958,3018,1651685547,22.280556,0.093056,-0.026264,9379.294254,12.306818,0
9959,3018,1651685550,14.002778,0.308333,-0.115325,5894.654324,47.838906,1
9960,3018,1651685554,0.216667,0.025,0.0,91.208696,1.506807,0
9961,3018,1651685557,8.875,-0.702778,0.036964,3736.048515,-77.150014,1
9962,3018,1651685558,3.211111,0.738889,0.0,1351.759651,35.60141,1
9963,3018,1651685558,0.0,0.375,0.0,0.0,35.684973,1
9964,3018,1651685559,3.95,0.277778,0.0,1662.804691,9.531894,0
9965,3018,1651685559,23.711111,0.483333,-0.035658,9981.505517,18.289485,0
9966,3018,1651685560,8.025,0.947222,0.047602,3378.229784,6.095021,0
9967,3018,1651685561,3.075,1.088889,0.0,1294.46188,53.461821,1
9968,3018,1651685562,24.241667,0.138889,-0.104691,10204.849889,38.197793,0
9969,3018,1651685563,5.252778,0.991667,0.0,2211.226211,39.507389,1
9970,3018,1651685563,24.380556,-0.130556,-0.127095,10263.317002,29.604579,0
9971,3018,1651685564,6.244444,0.705556,0.0,2628.681397,13.632169,1
9972,3018,1651685566,8.616667,2.594444,0.046688,3627.299685,30.536586,1
9973,3018,1651685567,11.211111,0.643056,0.00782,4719.465355,28.745381,1
9974,3018,1651685567,6.066667,-0.922222,0.038977,2553.843492,-90.872824,1
9975,3018,1651685568,7.377778,0.669444,0.060571,3105.773038,-7.845509,1
9976,3018,1651685569,12.497222,0.297222,0.0,5260.87082,19.409136,1
9977,3018,1651685569,5.891667,1.891667,0.041193,2480.17493,43.793364,1
9978,3018,1651685570,22.811111,0.025,-0.064281,9602.638626,2.70974,0
9979,3018,1651685570,7.783333,1.497222,0.042384,3276.497008,60.470945,1
9980,3018,1651685570,12.794444,1.388889,0.046758,5385.990442,7.742237,0
9981,3018,1651685571,14.183333,0.294444,0.046758,5970.661571,-24.77971,1
9982,3018,1651685572,4.069444,-0.308333,0.0,1713.086408,-30.622838,1
9983,3018,1651685574,12.425,0.430556,0.09129,5230.467922,-41.875997,1
9984,3018,1651685576,23.627778,0.344444,0.06996,9946.42525,-41.25271,1
9985,3018,1651685578,24.477778,0.183333,-0.044321,10304.243981,2.684896,0
9986,3018,1651685580,13.658333,0.705556,0.0,5749.655884,17.878365,0
9987,3018,1651685581,4.433333,1.636111,0.052822,1866.270244,31.271238,1
9988,3018,1651685583,15.319444,0.561111,-0.013208,6448.922555,23.175008,0
9989,3018,1651685583,22.666667,-0.097222,-0.034605,9541.832828,-5.747521,1
9990,3018,1651685584,15.880556,0.541667,-0.025304,6685.129691,19.696351,0
9991,3018,1651685585,16.422222,0.555556,0.0,6913.151431,0.592676,0
9992,3018,1651685586,9.883333,-1.416667,0.0,4160.519755,-98.796684,1
9993,3018,1651685592,3.386111,-0.588889,0.107715,1425.428213,-110.582888,1
9994,3018,1651685593,21.95,-0.008333,0.061547,9240.142525,-56.337337,1
9995,3018,1651685594,13.966667,0.530556,-0.020051,5879.452875,16.884267,0
9996,3018,1651685598,14.25,-1.672222,0.0,5998.725785,-115.945395,1
9997,3018,1651685604,19.575,0.391667,-0.020348,8240.354895,5.453736,0
9998,3018,1651685607,0.833333,1.872222,0.0,350.802678,24.108481,1
9999,3018,1651685610,0.0,0.0,0.0,0.0,-0.245732,1
10000,3018,1651685612,4.461111,1.65,0.0,1877.963667,28.006173,1
10001,3018,1651685614,6.111111,0.766667,0.011362,2572.552968,9.473961,0
10002,3018,1651685616,7.644444,0.983333,0.0,3218.029895,2.405808,0
10003,3018,1651685616,17.691667,0.427778,-0.068315,7447.540843,35.244076,0
10004,3018,1651685617,18.119444,0.25,-0.063615,7627.619551,20.780015,0
10005,3018,1651685617,4.891667,1.497222,0.0,2059.211717,87.69487,1
10006,3018,1651685618,20.202778,0.391667,0.111123,8504.626245,-59.980779,1
10007,3018,1651685625,14.938889,0.763889,-0.017595,6288.722665,35.916222,1
10008,3018,1651685626,2.891667,1.297222,-0.104787,1217.285291,88.301353,1
10009,3018,1651685627,16.466667,0.144444,-0.033768,6931.860907,24.709345,0
10010,3018,1651685627,4.188889,0.647222,-0.116066,1763.368126,107.55759,1
10011,3018,1651685627,19.852778,0.169444,0.145571,8357.28912,-93.179884,1
10012,3018,1651685628,16.611111,0.088889,-0.061549,6992.666705,19.667778,0
10013,3018,1651685628,20.022222,-0.016667,0.087739,8428.618998,-70.835021,1
10014,3018,1651685629,15.65,0.391667,-0.03085,6588.074284,23.539309,0
10015,3018,1651685629,5.483333,1.436111,-0.107739,2308.281618,120.894081,1
10016,3018,1651685630,16.041667,0.483333,-0.042425,6752.951542,31.582367,0
10017,3018,1651685631,8.313889,1.577778,-0.067145,3499.841379,98.060236,1
10018,3018,1651685632,20.413889,-0.102778,0.043954,8593.496257,-50.64346,1
10019,3018,1651685633,17.3,0.877778,0.010058,7282.663585,-0.40709,1
10020,3018,1651685634,10.911111,0.880556,-0.024849,4593.176391,47.179771,1
10021,3018,1651685634,6.286111,0.658333,0.0,2646.221531,31.712703,1
10022,3018,1651685635,6.944444,0.663889,0.0,2923.355646,23.751677,1
10023,3018,1651685635,19.055556,0.691667,0.08882,8021.687892,-28.129258,1
10024,3018,1651685636,7.608333,0.998611,0.05728,3202.828446,12.739564,1
10025,3018,1651685636,12.461111,0.833333,0.0,5245.669371,17.060754,1
10026,3018,1651685638,9.605556,0.875,0.0668,4043.585529,0.069656,0
10027,3018,1651685639,19.544444,0.091667,0.046018,8227.49213,-39.555775,1
10028,3018,1651685641,16.097222,0.977778,0.035721,6776.338387,0.198995,0
10029,3018,1651685646,11.975,0.255556,0.023613,5041.034476,-12.585795,1
10030,3018,1651685647,19.238889,0.058333,0.079662,8098.864481,-61.081805,1
10031,3018,1651685649,19.586111,0.766667,0.086766,8245.032264,-22.743974,1
10032,3018,1651685649,16.219444,-0.936111,0.06317,6827.789446,-109.628984,1
10033,3018,1651685649,13.555556,-1.413889,-0.081635,5706.390221,-52.076861,1
10034,3018,1651685649,0.755556,-0.069444,0.0,318.061094,-15.953379,1
10035,3018,1651685651,9.975,-0.983333,-0.053643,4199.10805,-41.161804,1
10036,3018,1651685652,0.513889,0.725,0.0,216.328318,12.610647,0
10037,3018,1651685653,1.238889,0.736111,0.0,521.526647,27.839265,1
10038,3018,1651685655,2.819444,0.669444,0.0,1186.882392,38.693056,1
10039,3018,1651685657,4.613889,0.869444,0.0,1942.277491,57.902196,1
10040,3018,1651685657,3.513889,-1.044444,0.0,1479.217957,-74.943236,1
10041,3018,1651685658,2.469444,0.827778,-0.089911,1039.545268,33.876798,1
10042,3018,1651685658,5.483333,1.508333,0.0,2308.281618,78.398454,1
10043,3018,1651685658,17.605556,0.786111,0.0,7411.291233,15.656961,0
10044,3018,1651685659,3.297222,1.497222,-0.10631,1388.009261,81.332405,1
10045,3018,1651685660,9.177778,1.480556,-0.018178,3863.506822,77.800644,1
10046,3018,1651685660,19.369444,0.0,-0.009999,8153.823567,-12.065277,1
10047,3018,1651685662,6.097222,0.8,-0.026489,2566.706257,23.49899,1
10048,3018,1651685665,20.191667,-0.030556,-0.055238,8499.948876,20.658021,0
10049,3018,1651685665,9.008333,-0.6875,0.083025,3792.176944,-103.259492,1
10050,3018,1651685666,11.605556,0.705556,-0.014476,4885.511955,18.042487,1
10051,3018,1651685666,20.161111,0.458333,-0.060891,8487.086111,26.933098,0
10052,3018,1651685667,20.619444,0.419444,-0.038599,8680.027584,16.33287,0
10053,3018,1651685668,13.266667,0.638889,-0.039603,5584.778626,46.42265,1
10054,3018,1651685669,13.905556,0.705556,-0.046988,5853.727345,44.337334,1
10055,3018,1651685670,4.116667,0.416667,0.019697,1732.965227,-9.107089,1
10056,3018,1651685671,21.658333,0.616667,-0.061002,9117.361588,1.674902,0
10057,3018,1651685672,4.95,1.166667,0.028946,2083.767904,32.227966,1
10058,3018,1651685673,11.05,1.436111,-0.082688,4651.643504,84.193511,1
10059,3018,1651685673,15.866667,0.75,-0.011403,6679.28298,17.575418,0
10060,3018,1651685674,7.325,2.022222,-0.055984,3083.555535,75.041883,1
10061,3018,1651685674,19.208333,0.030556,0.07556,8086.001716,-60.337433,1
10062,3018,1651685675,13.922222,0.644444,-0.06142,5860.743399,57.370318,1
10063,3018,1651685676,22.8,-0.225,0.0,9597.961257,-33.897286,1
10064,3018,1651685677,18.319444,1.486111,-0.082593,7711.812194,36.703275,0
10065,3018,1651685677,15.397222,-0.202778,0.054081,6481.664138,-59.650551,1
10066,3018,1651685678,19.805556,0.561111,-0.085163,8337.410302,22.439957,0
10067,3018,1651685678,9.744444,-0.716667,0.0,4102.052642,-56.539469,1
10068,3018,1651685680,18.266667,0.869444,0.02492,7689.594691,19.359242,0
10069,3018,1651685680,14.491667,-1.002778,0.052043,6100.458562,-106.251848,1
10070,3018,1651685681,22.636111,0.6,-0.040554,9528.970063,7.172197,0
10071,3018,1651685683,21.688889,0.436111,0.049323,9130.224353,-22.181412,1
10072,3018,1651685684,3.688889,2.072222,0.0,1552.886519,39.346539,1
10073,3018,1651685685,5.761111,0.497222,-0.022535,2425.215844,46.778083,1
10074,3018,1651685687,6.755556,1.083333,0.0,2843.840372,46.771398,1
10075,3018,1651685689,21.694444,0.122222,-0.107154,9132.563038,7.83614,0
10076,3018,1651685690,5.597222,-0.519444,-0.053306,2356.224651,-12.261503,1
10077,3018,1651685691,23.844444,0.036111,-0.063184,10037.633946,6.946277,0
10078,3018,1651685693,4.516667,-0.327778,0.0,1901.350512,-31.858725,1
10079,3018,1651685695,22.744444,-0.011111,0.031789,9574.574411,-39.634487,1
10080,3018,1651685697,6.033333,1.319444,0.022061,2539.811385,30.892777,1
10081,3018,1651685698,7.352778,1.186111,0.022061,3095.248958,40.704197,1
10082,3018,1651685698,19.933333,-0.8,0.051973,8391.200046,-97.072076,1
10083,3018,1651685699,8.538889,1.95,0.044891,3594.558102,19.446504,1
10084,3018,1651685701,20.275,0.573611,-0.078743,8535.029144,31.610803,0
10085,3018,1651685702,17.419444,-0.463889,0.028511,7332.945302,-61.486423,1
10086,3018,1651685705,20.7,-0.008333,-0.055937,8713.938509,11.303345,0
10087,3018,1651685705,7.216667,-0.779167,0.0,3037.951187,-59.601375,1
10088,3018,1651685706,20.691667,0.447222,-0.04112,8710.430482,17.391868,0
10089,3018,1651685706,20.788889,0.030556,0.013985,8751.357461,-25.259948,1
10090,3018,1651685710,1.286111,1.986111,0.0,541.405466,64.931965,1
10091,3018,1651685710,18.886111,-0.258333,0.163536,7950.358015,-128.760232,1
10092,3018,1651685711,3.272222,0.791667,0.036046,1377.48518,51.047921,1
10093,3018,1651685712,4.063889,1.2,0.0,1710.747724,51.959555,1
10094,3018,1651685714,6.172222,1.708333,0.0,2598.278498,59.481423,1
10095,3018,1651685715,21.061111,0.0,-0.107613,8865.953003,10.490536,0
10096,3018,1651685717,9.280556,1.791667,-0.018029,3906.772485,55.916478,1
10097,3018,1651685717,18.108333,-0.575,0.206431,7622.942182,-172.071469,1
10098,3018,1651685718,4.686111,1.244444,0.0,1972.68039,69.264599,1
10099,3018,1651685722,12.316667,-0.313889,0.0,5184.863574,-33.186483,1
10100,3018,1651685722,16.277778,0.041667,-0.097661,6852.345634,-2.026106,1
10101,3018,1651685723,16.319444,-0.222222,-0.092283,6869.885768,24.079746,0
10102,3018,1651685724,20.830556,0.672222,-0.009453,8768.897595,3.498032,0
10103,3018,1651685725,21.502778,0.586111,-0.025672,9051.878422,4.814051,0
10104,3018,1651685725,10.372222,-0.911111,0.0,4366.323993,-68.473361,1
10105,3018,1651685727,21.713889,0.044444,-0.137787,9140.748433,25.845247,0
10106,3018,1651685729,21.802778,0.144444,-0.098845,9178.167386,40.491904,0
10107,3018,1651685731,22.038889,0.041667,-0.09876,9277.561478,47.804607,0
10108,3018,1651685732,0.0,0.0,0.0,0.0,-13.688742,1
10109,3018,1651685733,22.147222,0.018056,-0.139809,9323.165826,54.848175,0
10110,3018,1651685733,19.622222,-0.633333,-0.021543,8260.233713,-43.633012,1
10111,3018,1651685734,18.272222,1.086111,-0.185564,7691.933375,95.611053,1
10112,3018,1651685735,22.183333,0.013889,-0.132203,9338.367275,39.037937,0
10113,3018,1651685735,2.977778,1.419444,0.045047,1253.534901,-5.499397,1
10114,3018,1651685737,19.538889,-0.083333,-0.130337,8225.153445,46.046884,0
10115,3018,1651685738,5.169444,1.038889,0.029757,2176.145943,31.967067,1
10116,3018,1651685738,0.391667,-0.186111,0.0,164.877258,-22.981871,1
10117,3018,1651685738,19.455556,-0.061111,-0.026067,8190.073177,-6.359089,1
10118,3018,1651685739,0.205556,0.144444,0.0,86.531327,8.709769,0
10119,3018,1651685740,12.763889,-0.030556,-0.027176,5373.127677,-0.308639,1
10120,3018,1651685747,10.619444,0.236111,0.0,4470.395454,7.241969,0
10121,3018,1651685747,17.491667,-2.208333,0.03719,7363.348201,-171.818999,1
10122,3018,1651685748,14.333333,0.347222,-0.082945,6033.806053,44.252009,1
10123,3018,1651685749,0.0,0.0,0.0,0.0,-0.90743,1
10124,3018,1651685750,12.563889,-0.069444,0.040494,5288.935035,-42.334066,1
10125,3018,1651685752,12.947222,-0.702778,-0.015328,5450.304266,-47.889185,1
10126,3018,1651685755,2.305556,1.638889,0.0,970.554074,64.192643,1
10127,3018,1651685755,17.847222,2.652778,0.00801,7513.02401,-8.330578,1
10128,3018,1651685756,10.144444,-1.436111,-0.027734,4270.437927,-83.750428,1
10129,3018,1651685757,5.858333,1.4,0.045659,2466.142823,45.43115,1
10130,3018,1651685758,6.622222,-1.458333,-0.035556,2787.711944,-79.518311,1
10131,3018,1651685759,5.163889,-0.830556,0.0,2173.807258,-62.281173,1
10132,3018,1651685762,1.147222,-0.230556,0.0,482.938353,-25.681189,1
10133,3018,1651685764,1.897222,1.738889,0.0,798.660762,48.212381,1
10134,3018,1651685765,4.413889,-1.002778,0.0,1858.084849,-72.548267,1
10135,3018,1651685765,0.0,0.0,0.0,0.0,-3.482939,1
10136,3018,1651685766,19.538889,0.158333,0.045674,8225.153445,-35.329996,1
10137,3018,1651685767,3.75,0.844444,0.0,1578.612049,33.937102,1
10138,3018,1651685769,5.783333,1.227778,0.0,2434.570582,35.095943,1
10139,3018,1651685770,6.997222,1.105556,0.0,2945.573149,48.119339,1
10140,3018,1651685771,8.102778,0.915278,0.009759,3410.971368,36.167473,1
10141,3018,1651685774,10.458333,0.277778,-0.026672,4402.573603,17.067421,1
10142,3018,1651685775,10.736111,0.211111,-0.035556,4519.507829,2.492763,0
10143,3018,1651685776,19.097222,0.280556,-0.121908,8039.228026,16.026951,0
10144,3018,1651685776,0.386111,-0.386111,0.0,162.538574,-35.042446,1
10145,3018,1651685777,6.369444,-0.102778,-0.035341,2681.301798,1.201876,0
10146,3018,1651685778,10.5,-0.747222,0.029914,4420.113737,-76.21046,1
10147,3018,1651685781,0.169444,0.061111,0.0,71.329878,3.684724,0
10148,3018,1651685782,0.230556,0.766667,0.0,97.055407,46.231597,0
10149,3018,1651685783,20.716667,-0.15,0.124307,8720.954563,-100.670095,1
10150,3018,1651685784,4.969444,0.888889,0.035556,2091.9533,11.775704,1
10151,3018,1651685785,2.222222,1.358333,0.066099,935.473807,8.883246,0
10152,3018,1651685787,0.0,0.0,0.0,0.0,-0.0,1
10153,3018,1651685788,7.494444,0.597222,0.0,3154.885413,13.203942,1
10154,3018,1651685790,0.0,0.0,0.0,0.0,-0.014313,1
10155,3018,1651685790,5.066667,0.397222,0.101,2132.880279,-47.434297,1
10156,3018,1651685791,12.844444,2.256944,0.046959,5407.038603,74.683023,1
10157,3018,1651685791,7.927778,-0.652778,0.0,3337.302805,-52.157318,1
10158,3018,1651685794,20.288889,-0.286111,-0.07512,8540.875855,9.231743,0
10159,3018,1651685796,9.341667,1.563889,-0.039546,3932.498015,79.282474,1
10160,3018,1651685796,19.913889,0.694444,0.117946,8383.01465,-45.506537,1
10161,3018,1651685797,20.608333,0.030556,0.113747,8675.350215,-83.559074,1
10162,3018,1651685799,8.041667,0.441667,0.088032,3385.245838,-37.822708,1
10163,3018,1651685799,0.0,0.427778,0.0,0.0,2.678808,1
10164,3018,1651685800,13.119444,0.158333,0.0,5522.803486,-5.046704,1
10165,3018,1651685800,21.186111,0.183333,0.11513,8918.573404,-75.550244,1
10166,3018,1651685802,21.441667,-0.152778,-0.08237,9026.152892,2.168132,0
10167,3018,1651685803,21.288889,0.111111,-0.041583,8961.839068,-1.580476,1
10168,3018,1651685808,4.222222,0.625,-0.042048,1777.400233,26.478904,1
10169,3018,1651685812,19.827778,-0.313889,0.123344,8346.76504,-109.398096,1
10170,3018,1651685813,0.2,0.645833,0.0,84.192643,38.945174,0
10171,3018,1651685813,4.330556,0.238889,0.0,1823.004581,2.857809,0
10172,3018,1651685814,4.569444,0.538889,0.0,1923.568015,19.672478,1
10173,3018,1651685815,1.491667,2.383333,-0.03534,627.936793,80.409808,1
10174,3018,1651685816,3.875,1.008333,-0.030894,1631.23245,77.043841,1
10175,3018,1651685817,6.236111,1.358333,0.0,2625.17337,59.335121,1
10176,3018,1651685818,19.147222,0.163889,-0.034884,8060.276187,15.473894,0
10177,3018,1651685818,6.030556,1.15,-0.036039,2538.642043,71.503941,1
10178,3018,1651685819,7.180556,1.127778,-0.047616,3022.749738,63.219793,1
10179,3018,1651685819,8.961111,2.033333,-0.022535,3772.298125,55.298895,1
10180,3018,1651685820,8.308333,0.297222,-0.042047,3497.502695,43.387153,1
10181,3018,1651685821,8.605556,0.488889,-0.036039,3622.622316,23.980149,1
10182,3018,1651685821,8.705556,-1.6,-0.025753,3664.718638,-94.351212,1
10183,3018,1651685822,20.530556,1.097222,-0.09751,8642.608631,49.551668,0
10184,3018,1651685824,21.488889,-0.2,-0.017439,9046.031711,-21.179771,1
10185,3018,1651685825,13.330556,0.408333,0.0,5611.673498,36.213819,1
10186,3018,1651685827,14.147222,1.152778,-0.033749,5955.460122,42.685623,1
10187,3018,1651685828,0.0,0.0,0.0,0.0,-1.490703,1
10188,3018,1651685829,16.111111,0.669444,0.020984,6782.185098,-0.605771,1
10189,3018,1651685830,2.547222,0.730556,0.0,1072.286851,10.353748,0
10190,3018,1651685833,4.641667,1.180556,0.0,1953.970914,56.896785,1
10191,3018,1651685834,17.594444,-0.048611,0.01883,7406.613864,-30.858249,1
10192,3018,1651685835,6.661111,3.644444,0.049208,2804.082736,82.442675,1
10193,3018,1651685835,20.455556,-0.108333,0.071916,8611.03639,-67.39574,1
10194,3018,1651685835,0.0,0.0,0.0,0.0,-0.00115,1
10195,3018,1651685837,20.558333,0.477778,0.093483,8654.302054,-44.733784,1
10196,3018,1651685838,11.308333,-0.052778,0.024305,4760.392334,-31.329749,1
10197,3018,1651685839,16.730556,-0.7,-0.030312,7042.948422,-40.763958,1
10198,3018,1651685839,19.363889,0.163889,0.048758,8151.484883,-36.691746,1
10199,3018,1651685839,20.872222,-0.355556,-0.072693,8786.437729,-1.386441,1
10200,3018,1651685840,20.516667,-0.126389,-0.049348,8636.76192,5.718588,0
10201,3018,1651685842,19.986111,0.375,-0.026015,8413.417549,-0.646591,1
10202,3018,1651685843,20.361111,0.065278,0.011885,8571.278754,-21.641744,1
10203,3018,1651685846,0.0,0.509722,0.0,0.0,34.115861,1
10204,3018,1651685848,1.019444,1.141667,0.0,429.148609,65.488518,1
10205,3018,1651685850,2.288889,0.416667,0.0,963.538021,4.787897,0
10206,3018,1651685851,7.397222,2.469444,0.0,3113.958434,138.075345,1
10207,3018,1651685851,2.705556,1.666667,0.0,1138.93936,18.994263,1
10208,3018,1651685852,9.866667,2.305556,-0.012078,4153.503702,118.788697,1
10209,3018,1651685854,14.477778,1.147222,-0.025351,6094.611851,96.581131,1
10210,3018,1651685854,20.366667,0.205556,-0.07769,8573.617438,71.029086,0
10211,3018,1651685854,13.369444,-0.961111,0.0,5628.044289,-72.662025,1
10212,3018,1651685855,15.625,0.904167,-0.11454,6577.550203,81.533822,1
10213,3018,1651685855,21.255556,0.0,-0.014638,8947.806961,-10.601716,1
10214,3018,1651685856,20.777778,1.152778,-0.055478,8746.680092,42.659085,0
10215,3018,1651685857,17.433333,0.965278,-0.03901,7338.792013,47.246968,0
10216,3018,1651685859,19.975,-2.725,0.020984,8408.74018,-194.993689,1
10217,3018,1651685859,1.158333,-0.211111,0.0,487.615722,-24.509049,1
10218,3018,1651685860,8.638889,-0.247222,0.0,3636.654423,-27.895289,1
10219,3018,1651685861,21.719444,-0.247222,-0.066495,9143.087118,4.641737,0
10220,3018,1651685861,0.0,0.0,0.0,0.0,-11.481932,1
10221,3018,1651685864,10.283333,-2.469444,0.0,4328.90504,-162.415611,1
10222,3018,1651685865,0.0,0.0,0.0,0.0,-7.739341,1
10223,3018,1651685866,13.169444,0.494444,-0.021271,5543.851647,12.409918,0
10224,3018,1651685866,5.675,-3.477778,0.0,2388.966234,-222.008575,1
10225,3018,1651685866,0.0,0.0,0.0,0.0,-1.28989,1
10226,3018,1651685868,14.158333,1.358333,-0.042022,5960.137491,46.684493,1
10227,3018,1651685868,21.575,0.216667,-0.013473,9082.281321,5.981915,0
10228,3018,1651685869,21.791667,0.0,-0.039435,9173.490017,3.026183,0
10229,3018,1651685869,2.366667,-0.397222,0.0,996.279604,-35.802392,1
10230,3018,1651685870,16.194444,0.797222,0.0,6817.265366,18.927673,0
10231,3018,1651685871,1.025,0.452778,0.0,431.487293,8.755776,0
10232,3019,1651685872,17.172222,0.780556,-0.022698,7228.873841,17.342904,0
10233,3019,1651685873,17.952778,0.319444,-0.044231,7557.459016,32.187302,0
10234,3019,1651685874,18.272222,0.452778,-0.091123,7691.933375,32.479805,0
10235,3019,1651685876,4.644444,0.413889,0.0,1955.140256,35.779445,1
10236,3019,1651685877,5.058333,1.208333,0.0,2129.372252,52.51116,1
10237,3019,1651685878,6.266667,0.677778,-0.022061,2638.036135,79.244724,1
10238,3019,1651685879,21.297222,1.075,-0.047694,8965.347095,26.299113,0
10239,3019,1651685880,9.227778,1.802778,-0.062169,3884.554982,99.740571,1
10240,3019,1651685881,11.030556,0.586111,-0.053306,4643.458108,55.358429,1
10241,3019,1651685882,11.616667,-0.133333,-0.039938,4890.189324,5.779904,0
10242,3019,1651685883,21.0,0.0,-0.13327,8840.227473,25.074427,0
10243,3019,1651685883,5.119444,0.0,0.0,2155.097782,-12.188456,1
10244,3019,1651685885,21.0,-0.319444,-0.153346,8840.227473,46.890775,0
10245,3019,1651685887,5.669444,0.575,0.0,2386.627549,1.367307,0
10246,3019,1651685889,6.244444,0.029167,-0.019809,2628.681397,-0.040202,1
10247,3019,1651685890,21.325,0.351389,-0.064576,8977.040517,17.757338,0
10248,3019,1651685891,6.302778,0.030556,-0.043405,2653.237584,7.164921,0
10249,3019,1651685892,5.047222,1.788889,0.0,2124.694883,96.69385,1
10250,3019,1651685892,22.027778,-0.180556,-0.052903,9272.884109,13.664457,0
10251,3019,1651685893,21.847222,0.161111,-0.036621,9196.876862,15.178316,0
10252,3019,1651685893,6.588889,0.0,0.0,2773.679837,-12.472184,1
10253,3019,1651685894,22.008333,-0.191667,-0.088026,9264.698713,22.155256,0
10254,3019,1651685895,21.816667,0.0,-0.082248,9184.014097,31.705107,0
10255,3019,1651685897,11.344444,-0.111111,0.0,4775.593783,-20.578966,1
10256,3019,1651685901,3.386111,1.727778,0.0,1425.428213,53.98741,1
10257,3019,1651685901,4.975,-0.561111,0.0,2094.291985,-46.001221,1
10258,3019,1651685902,5.113889,0.411111,0.0,2152.759098,42.031679,1
10259,3019,1651685903,21.152778,0.186111,-0.145513,8904.541297,39.626495,0
10260,3019,1651685903,0.0,0.706944,0.0,0.0,70.729074,1
10261,3019,1651685904,6.491667,1.266667,0.0,2732.752858,18.488368,1
10262,3019,1651685904,21.338889,-0.002778,-0.067573,8982.887229,26.08197,0
10263,3019,1651685905,1.413889,2.044444,-0.089912,595.195209,128.253544,1
10264,3019,1651685906,7.758333,0.954167,0.051463,3265.972928,1.796211,0
10265,3019,1651685906,2.813889,0.175,0.0,1184.543708,-1.333754,1
10266,3019,1651685908,9.666667,0.952778,0.031365,4069.311059,26.52392,1
10267,3019,1651685908,6.719444,3.230556,0.049208,2828.638923,28.752061,1
10268,3019,1651685908,2.377778,0.0,0.0,1000.956973,-11.84948,1
10269,3019,1651685909,10.619444,1.408333,-0.023972,4470.395454,27.01674,1
10270,3019,1651685909,10.972222,2.391667,0.036757,4618.90192,94.572106,1
10271,3019,1651685910,13.363889,1.569444,0.047634,5625.705605,31.243414,1
10272,3019,1651685911,12.027778,0.090278,-0.033399,5063.251979,1.533266,0
10273,3019,1651685911,14.933333,0.016667,0.061214,6286.383981,-50.366403,1
10274,3019,1651685914,20.113889,0.186111,-0.095187,8467.207293,4.978858,0
10275,3019,1651685915,12.747222,1.863889,-0.020428,5366.111624,48.496671,1
10276,3019,1651685916,14.611111,0.676389,0.027261,6150.740279,34.950012,1
10277,3019,1651685916,19.605556,0.494444,-0.105126,8253.217659,22.904969,0
10278,3019,1651685917,3.283333,-0.022222,-0.103648,1382.162549,39.48916,1
10279,3019,1651685918,0.525,0.0,0.0,221.005687,-11.760786,1
10280,3019,1651685919,3.636111,0.555556,-0.085318,1530.669016,82.148894,1
10281,3019,1651685920,4.191667,0.844444,-0.073909,1764.537468,114.061432,1
10282,3019,1651685921,5.036111,4.191667,-0.034869,2120.017514,121.751575,1
10283,3019,1651685921,13.133333,-2.022222,-0.058182,5528.650197,-102.346744,1
10284,3019,1651685921,0.0,0.0,0.0,0.0,-4.598397,1
10285,3019,1651685922,18.958333,-0.561111,0.0,7980.760913,-51.520316,1
10286,3019,1651685927,17.986111,2.261111,-0.031215,7571.491123,37.193564,0
10287,3019,1651685928,20.247222,0.263889,-0.036694,8523.335721,19.278563,0
10288,3019,1651685928,5.863889,-1.083333,0.0,2468.481507,-77.651792,1
10289,3019,1651685929,20.511111,0.136111,0.014387,8634.423236,-18.941633,1
10290,3019,1651685930,0.0,0.622222,0.0,0.0,9.146583,1
10291,3019,1651685933,0.852778,0.175,0.0,358.988073,-1.215169,1
10292,3019,1651685935,7.455556,-1.116667,-0.077084,3138.514621,-34.710572,1
10293,3019,1651685936,0.791667,0.966667,0.0,333.262544,12.086968,0
10294,3019,1651685937,1.758333,0.445833,0.0,740.19365,20.128441,1
10295,3019,1651685940,22.152778,0.0,-0.059585,9325.50451,-0.72799,1
10296,3019,1651685941,9.547222,1.888889,-0.051742,4019.029342,66.015355,1
10297,3019,1651685941,22.152778,0.405556,-0.054611,9325.50451,1.529859,0
10298,3019,1651685941,0.463889,0.013889,0.0,195.280157,-10.922245,1
10299,3019,1651685942,11.436111,0.308333,0.0,4814.182078,22.082451,1
10300,3019,1651685943,4.188889,0.688889,0.0,1763.368126,26.297639,1
10301,3019,1651685943,22.963889,-0.291667,-0.02317,9666.95245,-24.419428,1
10302,3019,1651685944,4.877778,1.322222,0.047613,2053.365006,38.819972,1
10303,3019,1651685945,14.369444,1.613889,-0.023814,6049.007502,61.916307,1
10304,3019,1651685946,7.752778,1.866667,0.05858,3263.634243,52.162472,1
10305,3019,1651685952,7.522222,1.775,0.072643,3166.578836,41.850069,1
10306,3019,1651685953,14.038889,0.555556,0.040089,5909.855774,-5.053892,1
10307,3019,1651685953,0.441667,0.0,0.0,185.925419,-11.759458,1
10308,3019,1651685955,15.902778,1.294444,-0.022761,6694.484429,13.18721,0
10309,3019,1651685956,15.222222,0.402778,-0.024892,6407.995576,13.475612,0
10310,3019,1651685956,12.908333,0.883333,0.0,5433.933475,21.446407,1
10311,3019,1651685956,0.633333,-0.169444,0.0,266.610035,-21.980903,1
10312,3019,1651685957,15.625,-0.094444,-0.046762,6577.550203,12.212663,0
10313,3019,1651685957,25.197222,0.075,0.0,10607.103625,-17.703803,1
10314,3019,1651685958,15.530556,0.097222,-0.06836,6537.792566,3.349448,0
10315,3019,1651685959,16.375,-0.391667,-0.035949,6893.272613,-18.662857,1
10316,3019,1651685961,12.388889,0.018056,-0.055884,5215.266472,0.027771,0
10317,3019,1651685962,0.355556,0.375,0.0,149.675809,10.855384,0
10318,3019,1651685963,12.425,0.876389,-0.056928,5230.467922,39.106712,1
10319,3019,1651685963,0.730556,0.0,0.0,307.537014,-11.765043,1
10320,3019,1651685964,0.730556,0.005556,0.0,307.537014,-11.430025,1
10321,3019,1651685965,14.177778,0.716667,-0.056319,5968.322887,43.233328,1
10322,3019,1651685965,17.594444,-0.255556,0.098085,7406.613864,-89.778587,1
10323,3019,1651685966,14.894444,0.208333,-0.040282,6270.013189,28.371535,0
10324,3019,1651685966,25.486111,-0.252778,0.069551,10728.71522,-78.532981,1
10325,3019,1651685967,15.102778,0.305556,-0.031685,6357.713859,9.426985,0
10326,3019,1651685968,0.266667,0.0,0.0,112.256857,-0.001173,1
10327,3019,1651685968,15.408333,0.405556,0.044345,6486.341507,-17.26184,1
10328,3019,1651685969,0.266667,0.120833,0.0,112.256857,7.285467,0
10329,3019,1651685970,15.694444,0.311111,0.0,6606.78376,-2.965549,1
10330,3019,1651685971,25.161111,0.080556,-0.010001,10591.902176,-11.459451,1
10331,3019,1651685972,16.255556,-0.108333,0.023077,6842.990896,-36.207679,1
10332,3019,1651685975,16.25,1.008333,0.060602,6840.652211,-3.272614,1
10333,3019,1651685976,25.491667,0.833333,-0.051938,10731.053905,10.122472,0
10334,3019,1651685978,16.95,-0.333333,0.014576,7135.32646,-45.161409,1
10335,3019,1651685978,1.902778,0.566667,0.0,800.999447,-0.551318,1
10336,3019,1651685984,4.536111,0.494444,0.057268,1909.535908,-15.903939,1
10337,3019,1651685986,5.0,2.5,0.064307,2104.816065,4.959428,0
10338,3019,1651685987,27.558333,0.036111,-0.007355,11601.044545,-17.779454,1
10339,3019,1651685989,0.472222,-0.236111,0.0,198.788184,-25.99818,1
10340,3019,1651685991,7.963889,0.7,0.0,3352.504255,8.557227,0
10341,3019,1651685992,5.683333,0.294444,-0.036037,2392.474261,19.434259,1
10342,3019,1651685994,2.144444,1.047222,0.033085,902.732223,6.278771,0
10343,3019,1651685997,4.486111,0.813889,0.034197,1888.487747,2.778748,0
10344,3019,1651685997,18.180556,0.277778,0.016065,7653.345081,-9.897734,1
10345,3019,1651685998,5.3,0.0,0.0,2231.105029,-12.219481,1
10346,3019,1651685999,26.016667,0.104167,-0.063847,10952.059592,-0.191042,1
10347,3019,1651686003,6.441667,0.0,-0.03637,2711.704697,24.691909,1
10348,3019,1651686003,19.491667,-0.611111,0.0,8205.274627,-54.873658,1
10349,3019,1651686008,14.558333,0.540278,-0.069847,6128.522776,11.956841,0
10350,3019,1651686008,25.111111,0.036111,-0.059591,10570.854015,-3.870304,1
10351,3019,1651686009,0.0,0.393056,0.0,0.0,-0.286465,1
10352,3019,1651686010,15.638889,0.684722,-0.105225,6583.396914,49.458381,1
10353,3019,1651686010,25.402778,0.0,0.022517,10693.634953,-35.629979,1
10354,3019,1651686011,25.402778,-0.290278,-0.008474,10693.634953,-34.92109,1
10355,3019,1651686012,17.008333,0.858333,-0.038423,7159.882648,45.443031,0
10356,3019,1651686015,24.383333,-0.008333,0.037818,10264.486344,-44.279795,1
10357,3019,1651686017,24.286111,-0.0125,0.024562,10223.559365,-36.669571,1
10358,3019,1651686017,10.572222,0.298611,0.080418,4450.516635,-42.773787,1
10359,3019,1651686019,0.241667,0.2,0.0,101.732776,12.059682,0
10360,3019,1651686020,25.191667,0.133333,-0.04532,10604.764941,8.538637,0
10361,3019,1651686021,25.325,0.138889,-0.034875,10660.893369,6.771029,0
10362,3019,1651686021,11.522222,1.147222,0.051271,4850.431688,-10.925253,1
10363,3019,1651686024,12.916667,-0.116667,-0.050628,5437.441501,26.719702,1
10364,3019,1651686025,12.8,2.233333,-0.061214,5388.329126,43.278609,1
10365,3019,1651686028,6.683333,0.544444,0.0,2813.437474,20.567248,1
10366,3019,1651686028,21.072222,0.220833,0.066722,8870.630372,-44.927004,1
10367,3019,1651686029,7.227778,0.844444,0.0,3042.628556,40.145211,1
10368,3019,1651686030,16.144444,-0.243056,0.095573,6796.217206,-86.751377,1
10369,3019,1651686033,22.630556,-0.356944,0.0,9526.631379,-41.727013,1
10370,3019,1651686041,16.508333,-0.119444,-0.023709,6949.401041,-9.514704,1
10371,3019,1651686043,13.838889,0.954167,-0.006985,5825.663131,2.787917,0
10372,3019,1651686045,15.747222,1.475,-0.053669,6629.001263,61.830901,1
10373,3019,1651686045,22.013889,-0.236111,0.064256,9267.037397,-71.706319,1
10374,3019,1651686045,10.294444,-0.9625,0.095262,4333.582409,-127.40419,1
10375,3019,1651686046,17.222222,1.420833,-0.069634,7249.922002,61.410282,1
10376,3019,1651686049,4.583333,-1.744444,0.0,1929.414726,-117.298301,1
10377,3019,1651686057,20.902778,0.019444,0.091807,8799.300494,-71.62892,1
10378,3019,1651686061,18.813889,-0.304167,0.066949,7919.955116,-75.233667,1
10379,3019,1651686062,21.036111,0.216667,-0.105776,8855.428922,15.032169,0
10380,3019,1651686064,21.288889,0.616667,-0.085124,8961.839068,28.045606,0
10381,3019,1651686064,15.366667,-0.038889,0.04949,6468.801373,-47.059817,1
10382,3019,1651686067,22.727778,0.427778,-0.036959,9567.558358,31.153892,0
10383,3019,1651686068,0.0,0.0,0.0,0.0,-0.273166,1
10384,3019,1651686069,23.583333,0.488889,-0.077925,9927.715773,30.205915,0
10385,3019,1651686070,18.438889,-0.005556,-0.05242,7762.093911,4.884487,0
10386,3019,1651686072,0.544444,0.463889,0.0,229.191083,5.148091,0
10387,3019,1651686076,3.236111,1.472222,0.029992,1362.283731,21.831867,1
10388,3019,1651686079,15.233333,-0.044444,0.041907,6412.672945,-42.878879,1
10389,3019,1651686079,6.205556,-1.241667,0.0,2612.310605,-87.267809,1
10390,3019,1651686081,20.794444,0.35,-0.037372,8753.696146,7.228663,0
10391,3019,1651686082,21.144444,0.236111,-0.040839,8901.033271,20.751741,0
10392,3019,1651686082,24.483333,-0.155556,-0.020387,10306.582665,-19.036695,1
10393,3019,1651686083,21.380556,0.930556,-0.028034,9000.427362,18.900169,0
10394,3019,1651686083,6.652778,-0.094444,0.0,2800.574709,-18.18144,1
10395,3019,1651686083,24.327778,0.330556,0.036256,10241.099499,-22.881986,1
10396,3019,1651686087,8.575,-0.398611,0.090857,3609.759552,-90.291046,1
10397,3019,1651686089,15.933333,0.109722,0.011521,6707.347194,-16.097474,1
10398,3019,1651686092,23.216667,0.391667,-0.046298,9773.362595,9.261801,0
10399,3019,1651686092,15.763889,0.472222,0.075755,6636.017316,-31.831011,1
10400,3019,1651686093,0.230556,0.030556,0.0,97.055407,1.841722,0
10401,3019,1651686094,24.0,0.0,-0.039385,10103.117112,3.375853,0
10402,3019,1651686096,24.261111,0.113889,0.051451,10213.035284,-44.809652,1
10403,3019,1651686096,24.0,0.0875,-0.016437,10103.117112,-6.315729,1
10404,3019,1651686097,15.875,0.252778,0.060336,6682.791006,-36.092098,1
10405,3019,1651686098,0.0,0.0,0.0,0.0,-0.036454,1
10406,3019,1651686099,24.280556,0.016667,0.013242,10221.22068,-28.255833,1
10407,3019,1651686107,23.391667,-0.266667,-0.008528,9847.031158,-31.847615,1
10408,3019,1651686108,22.122222,0.122222,-0.013391,9312.641745,-4.584073,1
10409,3019,1651686109,22.244444,-0.077778,-0.041974,9364.092805,-5.743413,1
10410,3019,1651686114,1.408333,1.997222,0.0,592.856525,42.955612,1
10411,3019,1651686115,3.405556,0.483333,0.065657,1433.613609,-21.341907,1
10412,3019,1651686118,6.297222,1.922222,0.034867,2650.8989,62.601218,1
10413,3019,1651686119,8.219444,1.466667,0.028172,3460.083742,49.250704,1
10414,3019,1651686119,20.022222,-0.133333,-0.062343,8428.618998,4.729158,0
10415,3019,1651686119,23.108333,-0.144444,0.069649,9727.758247,-70.152045,1
10416,3019,1651686120,9.686111,0.55,0.0,4077.496455,23.649306,1
10417,3019,1651686124,14.727778,0.633333,-0.047727,6199.852654,27.209877,0
10418,3019,1651686131,19.933333,0.255556,0.007319,8391.200046,-7.200135,1
10419,3019,1651686133,0.0,0.0,0.0,0.0,46.230336,1
10420,3019,1651686134,20.361111,0.029167,0.094326,8571.278754,-72.145752,1
10421,3019,1651686134,0.0,3.425,0.0,0.0,79.018106,1
10422,3019,1651686135,3.425,0.202778,0.0,1441.799005,45.155738,1
10423,3019,1651686135,19.719444,0.041667,-0.045761,8301.160692,3.110311,0
10424,3019,1651686136,19.761111,0.097222,-0.07273,8318.700826,16.177404,0
10425,3019,1651686137,19.858333,-0.113889,-0.06237,8359.627805,21.058108,0
10426,3019,1651686139,4.572222,2.897222,0.0,1924.737357,101.727577,1
10427,3019,1651686140,19.708333,0.308333,-0.092453,8296.483323,43.434835,0
10428,3019,1651686140,7.469444,2.655556,0.0,3144.361333,91.145778,1
10429,3019,1651686140,17.847222,0.558333,-0.016115,7513.02401,35.636542,0
10430,3019,1651686141,10.125,0.044444,-0.029987,4262.252532,39.953063,1
10431,3019,1651686141,20.016667,0.536111,-0.106203,8426.280314,31.293386,0
10432,3019,1651686142,19.316667,0.118056,-0.048204,8131.606065,9.868387,0
10433,3019,1651686146,19.991667,0.222222,-0.082215,8415.756233,22.044561,0
10434,3019,1651686149,7.427778,-1.027778,-0.038209,3126.821199,-52.181586,1
10435,3019,1651686149,21.030556,-0.275,-0.039374,8853.090238,-12.486082,1
10436,3019,1651686150,19.522222,-0.030556,-0.06884,8218.137392,26.702092,0
10437,3019,1651686153,20.597222,0.0,-0.11568,8670.672846,35.57584,0
10438,3019,1651686153,9.6,-3.683333,0.0,4041.246845,-235.392962,1
10439,3019,1651686156,19.830556,0.772222,-0.112959,8347.934382,52.588769,0
10440,3019,1651686156,0.0,0.0,0.0,0.0,-4.027953,1
10441,3019,1651686157,20.602778,0.223611,-0.03313,8673.01153,34.816611,0
10442,3019,1651686158,20.963889,0.0,-0.046626,8825.026024,10.494551,0
10443,3019,1651686163,20.166667,0.0,-0.035699,8489.424796,-2.794186,1
10444,3019,1651686165,22.238889,0.452778,-0.012258,9361.75412,3.092165,0
10445,3019,1651686166,20.522222,0.019444,-0.044784,8639.100605,-2.613776,1
10446,3019,1651686167,22.577778,0.191667,-0.062806,9504.413876,20.061924,0
10447,3019,1651686168,22.769444,0.025,-0.034223,9585.098492,19.386154,0
10448,3019,1651686170,8.066667,0.772222,0.039902,3395.769918,55.593709,1
10449,3019,1651686170,0.0,0.0,0.0,0.0,-0.058847,1
10450,3019,1651686171,22.908333,0.294444,-0.080387,9643.565605,36.293125,0
10451,3019,1651686171,18.591667,0.494444,0.030088,7826.407735,-5.31787,1
10452,3019,1651686172,9.611111,1.516667,0.090871,4045.924214,32.44448,1
10453,3019,1651686172,23.202778,0.261111,-0.084598,9767.515884,31.782679,0
10454,3019,1651686173,23.463889,-0.059722,-0.089616,9877.434056,8.195433,0
10455,3019,1651686174,17.986111,0.290278,-0.040604,7571.491123,14.196907,0
10456,3019,1651686174,12.644444,1.775,0.101535,5322.84596,14.124938,0
10457,3019,1651686176,15.577778,0.744444,0.035094,6557.671385,3.216028,0
10458,3019,1651686176,18.566667,0.036111,-0.040679,7815.883655,31.475251,0
10459,3019,1651686176,0.0,0.0,0.0,0.0,-8e-06,1
10460,3019,1651686177,18.602778,0.894444,-0.088031,7831.085104,48.407686,0
10461,3019,1651686178,19.497222,0.0,-0.101406,8207.613311,39.120574,0
10462,3019,1651686179,16.966667,0.754167,0.016862,7142.342514,6.670761,0
10463,3019,1651686179,19.497222,0.093056,-0.060577,8207.613311,18.448056,0
10464,3019,1651686182,20.325,1.008333,0.029977,8556.077304,-0.893074,1
10465,3019,1651686183,22.075,0.094444,-0.079847,9292.762927,2.811226,0
10466,3019,1651686183,1.063889,1.497222,0.0,447.858085,55.26576,1
10467,3019,1651686186,20.511111,0.277778,-0.071309,8634.423236,5.818129,0
10468,3019,1651686189,4.466667,-0.427778,0.054017,1880.302351,-69.600886,1
10469,3019,1651686191,23.622222,0.233333,0.045178,9944.086565,-33.422995,1
10470,3019,1651686191,3.416667,-1.694444,0.0,1438.290978,-114.129222,1
10471,3019,1651686193,20.875,-0.383333,-0.121409,8787.607071,23.464794,0
10472,3019,1651686195,20.108333,-0.425,-0.075109,8464.868608,7.007569,0
10473,3019,1651686196,19.461111,-0.772222,0.095003,8192.411862,-120.276517,1
10474,3019,1651686197,18.688889,-1.775,0.096631,7867.334714,-181.212161,1
10475,3019,1651686198,18.719444,-0.175,-0.055128,7880.197479,0.344429,0
10476,3019,1651686199,0.525,0.325,0.0,221.005687,10.788552,0
10477,3019,1651686201,21.652778,-0.291667,0.019031,9115.022904,-48.260053,1
10478,3019,1651686203,21.225,0.054167,0.221502,8934.944196,-144.771357,1
10479,3019,1651686204,13.838889,-1.052778,0.0,5825.663131,-78.40046,1
10480,3019,1651686206,17.836111,0.259722,-0.036733,7508.346641,2.551177,0
10481,3019,1651686208,6.8,2.630556,0.0,2862.549848,94.269087,1
10482,3019,1651686208,18.355556,-0.308333,-0.073997,7727.013643,-1.354747,1
10483,3019,1651686209,9.316667,-1.105556,0.050629,3921.973934,-109.588552,1
10484,3019,1651686213,16.394444,-0.380556,-0.067129,6901.458009,-7.913253,1
10485,3019,1651686217,2.180556,0.205556,0.0,917.933673,6.851319,0
10486,3019,1651686217,1.363889,-1.363889,0.0,574.147049,-94.033819,1
10487,3019,1651686218,7.963889,0.569444,0.031798,3352.504255,18.875916,1
10488,3019,1651686218,14.805556,-2.463889,-0.061248,6232.594237,-127.950056,1
10489,3019,1651686219,8.533333,1.616667,0.037079,3592.219418,18.231251,1
10490,3019,1651686219,2.813889,1.202778,0.05127,1184.543708,27.978007,1
10491,3019,1651686220,4.016667,2.161111,0.053306,1690.868906,6.33221,0
10492,3019,1651686223,4.8,-0.172222,0.0,2020.623422,-22.521756,1
10493,3019,1651686223,0.0,0.0,0.0,0.0,-0.012093,1
10494,3019,1651686225,4.455556,1.027778,0.0,1875.624982,30.236535,1
10495,3019,1651686225,4.052778,-0.109722,-0.035183,1706.070355,11.759358,1
10496,3019,1651686228,3.713889,1.2,-0.060841,1563.410599,75.524547,1
10497,3019,1651686229,4.913889,2.652778,0.0,2068.566455,75.636389,1
10498,3019,1651686229,18.761111,0.011111,-0.075195,7897.737613,22.822761,0
10499,3019,1651686229,8.977778,0.302778,-0.051974,3779.314179,22.439619,1
10500,3019,1651686231,18.783333,0.786111,0.0,7907.092351,26.327331,0
10501,3019,1651686231,0.272222,0.561111,0.0,114.595541,33.835589,0
10502,3019,1651686231,9.275,-0.266667,-0.064455,3904.433801,15.219788,1
10503,3019,1651686232,14.327778,1.316667,-0.038202,6031.467369,44.5625,1
10504,3019,1651686232,9.008333,-0.022222,-0.060578,3792.176944,15.081452,1
10505,3019,1651686235,20.45,1.015278,-0.094443,8608.697706,55.732663,0
10506,3019,1651686239,23.416667,0.016667,0.021378,9857.555238,-32.356522,1
10507,3019,1651686239,6.430556,-0.606944,0.0,2707.027328,-49.038897,1
10508,3019,1651686241,0.294444,0.030556,0.0,123.950279,1.841169,0
10509,3019,1651686241,4.644444,1.2,0.0,1955.140256,1.822363,0
10510,3019,1651686243,22.811111,-0.186111,0.034255,9602.638626,-51.684893,1
10511,3019,1651686244,9.316667,0.769444,-0.060602,3921.973934,85.236771,1
10512,3019,1651686244,0.508333,-0.081944,0.0,213.989633,-16.702017,1
10513,3019,1651686245,3.297222,0.777778,-0.06302,1388.009261,67.349225,1
10514,3019,1651686246,10.855556,1.3,-0.067045,4569.789546,87.597802,1
10515,3019,1651686247,5.180556,0.863889,-0.09501,2180.823312,128.64025,1
10516,3019,1651686247,12.155556,1.111111,-0.043413,5117.041723,80.316892,1
10517,3019,1651686247,0.252778,0.219444,0.0,106.410146,13.232154,0
10518,3019,1651686247,22.280556,-0.347222,-0.161164,9379.294254,11.848602,0
10519,3019,1651686248,6.044444,2.325,-0.105282,2544.488754,180.190302,1
10520,3019,1651686248,13.266667,1.313889,-0.028952,5584.778626,65.045068,1
10521,3019,1651686248,0.472222,0.0,0.0,198.788184,-11.759918,1
10522,3019,1651686249,8.369444,4.472222,-0.107286,3523.228224,184.221949,1
10523,3019,1651686249,14.580556,0.519444,-0.03938,6137.877514,36.563706,1
10524,3019,1651686249,21.586111,0.216667,-0.044105,9086.95869,31.248008,0
10525,3019,1651686250,12.841667,0.333333,-0.071752,5405.86926,112.091888,1
10526,3019,1651686250,21.802778,0.308333,-0.103496,9178.167386,43.809776,0
10527,3019,1651686251,13.175,0.411111,-0.061501,5546.190331,65.438803,1
10528,3019,1651686252,0.397222,0.241667,0.0,167.215943,2.814437,0
10529,3019,1651686255,14.991667,1.363889,0.033873,6310.940168,21.855611,0
10530,3019,1651686255,2.669444,0.755556,0.0,1123.73791,37.173499,1
10531,3019,1651686256,21.138889,-1.030556,0.019552,8898.694586,-92.761228,1
10532,3019,1651686257,0.258333,0.008333,0.0,108.74883,0.501426,0
10533,3019,1651686258,4.913889,0.133333,0.0,2068.566455,-4.114014,1
10534,3019,1651686259,0.266667,0.0625,0.0,112.256857,3.767779,0
10535,3019,1651686259,18.683333,0.211111,-0.139429,7864.99603,9.39556,0
10536,3019,1651686260,17.563889,-1.333333,0.029772,7393.7511,-114.740271,1
10537,3019,1651686262,0.247222,0.741667,0.0,104.071461,44.723885,0
10538,3019,1651686262,4.269444,-0.113889,-0.062345,1797.279051,12.545312,1
10539,3019,1651686263,4.155556,0.608333,0.0,1749.336018,28.992072,1
10540,3019,1651686263,0.988889,0.0,0.0,416.285844,-11.772368,1
10541,3019,1651686265,9.341667,-0.0875,-0.130292,3932.498015,18.097048,1
10542,3019,1651686266,6.411111,1.988889,0.0,2698.841932,61.362722,1
10543,3019,1651686267,20.247222,0.347222,-0.087,8523.335721,19.709077,0
10544,3019,1651686267,9.166667,-0.108333,-0.141984,3858.829453,29.413358,1
10545,3019,1651686267,8.4,1.008333,0.0,3536.090989,37.883935,1
10546,3019,1651686268,9.408333,0.186111,0.0,3960.562229,-1.992893,1
10547,3019,1651686269,8.627778,0.858333,0.0,3631.977054,81.014247,1
10548,3019,1651686269,21.122222,1.055556,0.017964,8891.678532,36.914227,0
10549,3019,1651686270,7.413889,-1.533333,-0.088153,3120.974488,-53.331583,1
10550,3019,1651686271,23.808333,0.576389,-0.048845,10022.432496,20.822178,0
10551,3019,1651686271,6.225,1.230556,0.064449,2620.496001,9.057094,0
10552,3019,1651686274,8.947222,0.8125,0.013135,3766.451414,5.403311,0
10553,3019,1651686279,0.7,-0.35,0.0,294.674249,-32.870451,1
10554,3019,1651686283,5.719444,1.544444,0.0,2407.67571,88.934557,1
10555,3019,1651686284,7.263889,4.744444,0.036027,3057.830006,88.113726,1
10556,3019,1651686284,21.35,-0.233333,-0.067481,8987.564598,4.818709,0
10557,3019,1651686285,21.116667,-0.025,-0.11431,8889.339848,42.23358,0
10558,3019,1651686287,14.769444,0.561111,0.090373,6217.392788,-34.519034,1
10559,3019,1651686288,12.419444,1.594444,0.020074,5228.129237,27.178483,1
10560,3019,1651686288,22.013889,0.308333,-0.051333,9267.037397,26.51219,0
10561,3019,1651686290,15.094444,0.772222,0.0,6354.205832,28.48879,0
10562,3019,1651686290,0.0,0.0,0.0,0.0,-5.309858,1
10563,3019,1651686293,0.0,0.105556,0.0,0.0,0.641129,1
10564,3019,1651686294,23.088889,0.077778,-0.182455,9719.572851,53.869869,0
10565,3019,1651686294,12.602778,-0.158333,-0.024213,5305.305826,-9.689094,1
10566,3019,1651686295,14.961111,0.491667,-0.05753,6298.077403,33.438827,1
10567,3019,1651686295,23.166667,0.051389,-0.121162,9752.314435,24.196765,0
10568,3019,1651686295,12.444444,-0.675,0.0,5238.653317,-55.014826,1
10569,3019,1651686296,15.452778,0.488889,-0.06109,6505.050983,32.026331,0
10570,3019,1651686296,14.708333,0.513889,-0.032353,6191.667258,5.165902,0
10571,3019,1651686297,15.941667,0.336111,-0.046334,6710.855221,4.741192,0
10572,3019,1651686297,23.269444,-0.036111,0.020155,9795.580098,-34.707396,1
10573,3019,1651686299,0.0,0.0,0.0,0.0,-0.251274,1
10574,3019,1651686300,0.0,0.0,0.0,0.0,-0.041879,1
10575,3019,1651686304,0.297222,0.216667,0.0,125.119622,13.064242,0
10576,3019,1651686308,17.013889,0.0,-0.048347,7162.221332,1.980024,0
10577,3019,1651686308,11.908333,0.958333,0.049735,5012.970262,0.547287,0
10578,3019,1651686310,14.063889,0.0,0.012345,5920.379854,-22.273827,1
10579,3019,1651686310,23.452778,-0.163889,-0.021357,9872.756687,-18.154579,1
10580,3019,1651686311,23.288889,0.127778,-0.096018,9803.765494,25.394012,0
10581,3019,1651686312,16.869444,-0.166667,-0.024886,7101.415535,-11.869269,1
10582,3019,1651686313,14.45,0.313889,-0.017598,6082.918428,4.52501,0
10583,3019,1651686314,23.480556,-0.783333,-0.208942,9884.45011,23.394519,0
10584,3019,1651686314,14.763889,0.15,-0.020111,6215.054103,5.296048,0
10585,3019,1651686315,14.913889,0.155556,-0.026031,6278.198585,0.64384,0
10586,3019,1651686317,21.025,-0.458333,-0.039955,8850.751553,-23.195846,1
10587,3019,1651686319,0.0,0.0,0.0,0.0,-0.0,1
10588,3019,1651686320,0.0,0.0,0.0,0.0,-0.0,1
10589,3019,1651686322,16.702778,0.313889,-0.01676,7031.254999,14.533143,0
10590,3019,1651686325,21.55,0.288889,-0.01841,9071.75724,30.33532,0
10591,3019,1651686325,17.130556,0.011111,-0.039089,7211.333707,-2.686209,1
10592,3019,1651686326,21.838889,0.369444,-0.229666,9193.368835,62.468568,0
10593,3019,1651686326,6.769444,-4.661111,0.0,2849.687084,-293.592001,1
10594,3019,1651686328,19.847222,0.0,0.0445,8354.950436,-44.389478,1
10595,3019,1651686329,0.163889,-0.163889,0.0,68.991193,-9.883472,1
10596,3019,1651686330,0.0,0.0,0.0,0.0,0.675074,1
10597,3019,1651686330,17.466667,0.086111,0.028537,7352.82412,-28.36207,1
10598,3019,1651686332,0.472222,0.077778,0.0,198.788184,-7.069667,1
10599,3019,1651686333,20.552778,-0.501389,-0.136984,8651.96337,20.955546,0
10600,3019,1651686333,0.436111,-0.218056,0.0,183.586735,-24.908831,1
10601,3019,1651686335,19.55,0.393056,-0.027362,8229.830814,37.823872,0
10602,3019,1651686336,18.822222,-0.008333,0.010873,7923.463143,-24.491457,1
10603,3019,1651686337,0.180556,0.133333,0.0,76.007247,8.039893,0
10604,3019,1651686337,20.661111,0.4,-0.032816,8697.567718,10.885928,0
10605,3019,1651686338,0.0,0.0,0.0,0.0,-0.01922,1
10606,3019,1651686339,21.061111,0.936111,-0.063513,8865.953003,32.665533,0
10607,3019,1651686339,21.441667,-0.0125,-0.199117,9026.152892,65.880137,0
10608,3019,1651686339,0.375,-0.375,0.0,157.861205,-34.37227,1
10609,3019,1651686340,21.997222,0.226389,-0.041791,9260.021344,11.836378,0
10610,3019,1651686341,21.416667,0.208333,-0.123263,9015.628812,38.698789,0
10611,3019,1651686342,22.45,-0.030556,0.0,9450.624132,-21.910479,1
10612,3019,1651686343,0.0,0.0,0.0,0.0,-2e-06,1
10613,3019,1651686344,22.280556,-0.433333,-0.040827,9379.294254,-22.0723,1
10614,3019,1651686346,21.9,-0.011111,0.11663,9219.094365,-88.657028,1
10615,3019,1651686347,0.0,0.0,0.0,0.0,-0.0,1
10616,3019,1651686348,0.0,0.0,0.0,0.0,-0.002729,1
10617,3019,1651686349,0.0,0.0,0.0,0.0,21.669527,1
10618,3019,1651686353,22.075,0.097222,-0.0316,9292.762927,3.470176,0
10619,3019,1651686353,21.777778,-0.319444,-0.140124,9167.643305,0.433135,0
10620,3019,1651686353,4.119444,1.802778,-0.04632,1734.134569,88.842958,1
10621,3019,1651686353,0.0,0.0,0.0,0.0,-2e-06,1
10622,3019,1651686354,5.922222,0.061111,-0.045656,2493.037695,52.91457,1
10623,3019,1651686356,6.944444,-0.225,-0.030449,2923.355646,-8.218909,1
10624,3019,1651686359,4.461111,0.333333,-0.042044,1877.963667,6.65451,0
10625,3019,1651686360,4.794444,0.627778,0.0,2018.284738,16.055456,1
10626,3019,1651686360,20.361111,-0.133333,-0.158312,8571.278754,31.943714,0
10627,3019,1651686361,5.422222,0.208333,0.0,2282.556088,18.990642,1
10628,3019,1651686361,20.227778,-0.075,-0.163496,8515.150325,40.254391,0
10629,3019,1651686363,20.077778,0.229167,-0.034887,8452.005843,18.003609,0
10630,3019,1651686364,6.755556,0.611111,0.0,2843.840372,30.538637,1
10631,3019,1651686365,16.605556,0.483333,-0.068434,6990.32802,34.609932,0
10632,3019,1651686366,8.0,1.413889,0.0,3367.705704,52.167456,1
10633,3019,1651686368,17.294444,0.247222,-0.045663,7280.3249,1.356679,0
10634,3019,1651686369,11.363889,0.555556,0.035556,4783.779179,-1.272367,1
10635,3019,1651686371,11.641667,-0.416667,0.070449,4900.713405,-80.464977,1
10636,3019,1651686372,21.888889,0.084722,-0.031292,9214.416996,1.338358,0
10637,3019,1651686372,22.161111,-0.447222,0.079558,9329.012537,-93.503049,1
10638,3019,1651686374,17.05,-0.211111,-0.019014,7177.422782,-18.102611,1
10639,3019,1651686375,22.166667,0.066667,-0.112161,9331.351222,16.850836,0
10640,3019,1651686376,0.433333,1.316667,0.0,182.417392,67.639911,0
10641,3019,1651686377,22.3,0.502778,-0.07101,9387.47965,20.173937,0
10642,3019,1651686377,1.75,1.883333,0.0,736.685623,100.037499,1
10643,3019,1651686379,5.791667,0.090278,-0.058998,2438.078609,92.366453,1
10644,3019,1651686380,16.019444,0.0,0.0,6743.596804,-15.988272,1
10645,3019,1651686381,23.927778,-0.180556,-0.094455,10072.714213,35.600364,0
10646,3019,1651686382,23.747222,0.145833,-0.117504,9996.706967,37.274707,0
10647,3019,1651686384,20.994444,0.797222,-0.049958,8837.888789,9.62963,0
10648,3019,1651686385,13.163889,0.0,-0.085771,5541.512962,-0.181716,1
10649,3019,1651686386,17.280556,0.347222,-0.086455,7274.478189,63.574583,1
10650,3019,1651686386,13.163889,-0.329167,-0.021297,5541.512962,-21.943474,1
10651,3019,1651686388,17.975,1.255556,-0.043004,7566.813754,37.319203,0
10652,3019,1651686389,12.125,1.133333,0.020636,5104.178958,-4.278784,1
10653,3019,1651686390,21.858333,0.036111,-0.07583,9201.554231,21.571878,0
10654,3019,1651686390,0.0,0.0,0.0,0.0,-5.281935,1
10655,3019,1651686392,21.772222,-0.030556,-0.114238,9165.304621,32.949842,0
10656,3019,1651686393,13.35,1.1,0.0,5619.858894,16.955938,0
10657,3019,1651686394,21.741667,0.148611,-0.061215,9152.441856,18.766829,0
10658,3019,1651686395,15.036111,0.591667,-0.104797,6329.649644,61.047049,1
10659,3019,1651686396,15.627778,0.891667,-0.097671,6578.719545,53.107301,1
10660,3019,1651686396,22.038889,-0.019444,-0.035768,9277.561478,5.38874,0
10661,3019,1651686400,20.022222,0.719444,-0.107101,8428.618998,50.847017,0
10662,3019,1651686401,22.227778,0.155556,-0.140624,9357.076751,43.401743,0
10663,3019,1651686402,21.283333,0.025,0.141775,8959.500383,-100.659091,1
10664,3019,1651686403,22.366667,0.088889,-0.08984,9415.543864,42.486169,0
10665,3019,1651686403,0.0,0.0,0.0,0.0,-0.0,1
10666,3019,1651686404,0.0,0.0,0.0,0.0,-0.0,1
10667,3019,1651686405,22.255556,0.091667,-0.116057,9368.770174,28.837695,0
10668,3019,1651686405,0.0,0.0,0.0,0.0,-0.0,1
10669,3019,1651686406,22.347222,0.319444,-0.067592,9407.358468,49.752019,0
10670,3019,1651686407,15.525,0.05,0.020499,6535.453882,-24.761863,1
10671,3019,1651686408,21.616667,-0.930556,-0.124433,9099.821454,-2.532434,1
10672,3019,1651686412,25.413889,0.116667,-0.031753,10698.312322,42.143697,0
10673,3019,1651686413,25.530556,0.766667,-0.063441,10747.424696,48.459854,0
10674,3019,1651686413,18.494444,-0.5,0.03147,7785.480756,-66.038247,1
10675,3019,1651686415,26.677778,0.268056,-0.086375,11230.363049,11.661542,0
10676,3019,1651686416,17.722222,0.530556,0.0,7460.403608,-0.495434,1
10677,3019,1651686417,18.252778,-0.259722,0.031084,7683.74798,-51.175341,1
10678,3019,1651686419,3.008333,1.319444,0.0,1266.397666,52.153218,1
10679,3019,1651686419,27.338889,0.147222,-0.073883,11508.666507,0.801007,0
10680,3019,1651686419,7.583333,-0.543056,-0.100927,3192.304365,-8.100562,1
10681,3019,1651686420,27.486111,0.036111,-0.102868,11570.641646,19.699866,0
10682,3019,1651686420,4.327778,0.416667,-0.057271,1821.835239,40.902661,1
10683,3019,1651686420,17.783333,-0.869444,0.122045,7486.129138,-140.876079,1
10684,3019,1651686421,4.744444,0.388889,0.0,1997.236577,28.613168,1
10685,3019,1651686422,5.133333,0.125,-0.052621,2160.944493,26.508766,1
10686,3019,1651686422,5.602778,-1.244444,-0.086655,2358.563335,-36.400866,1
10687,3019,1651686423,4.358333,-1.941667,-0.12421,1834.698003,-56.242895,1
10688,3019,1651686424,17.836111,-0.308333,-0.02371,7508.346641,-21.657248,1
10689,3019,1651686425,24.883333,-0.561111,-0.04849,10474.96795,-27.298705,1
10690,3019,1651686425,6.425,0.045833,0.022443,2704.688644,-22.861542,1
10691,3019,1651686429,6.641667,1.033333,0.046415,2795.89734,13.815636,1
10692,3019,1651686430,7.675,1.658333,0.060986,3230.89266,2.68471,0
10693,3019,1651686433,1.822222,2.066667,-0.083044,767.088521,119.950706,1
10694,3019,1651686434,3.888889,1.177778,-0.064437,1637.079162,106.837732,1
10695,3019,1651686436,18.061111,0.325,0.066861,7603.063364,-36.783337,1
10696,3019,1651686439,8.358333,0.627778,0.0,3518.550855,25.741541,1
10697,3019,1651686440,13.633333,0.802778,-0.082065,5739.131804,67.973745,1
10698,3019,1651686442,9.058333,0.022222,0.0,3813.225104,-11.769334,1
10699,3019,1651686443,19.308333,0.6,0.056599,8128.098038,-14.955214,1
10700,3019,1651686444,17.675,0.463889,-0.079363,7440.52479,34.566058,0
10701,3019,1651686444,14.788889,-0.780556,0.0,6225.578183,-62.433085,1
10702,3019,1651686445,10.483333,1.525,0.13081,4413.097683,4.21352,0
10703,3019,1651686446,12.008333,1.263889,0.057471,5055.066583,11.934007,0
10704,3019,1651686447,13.272222,1.472222,0.123998,5587.11731,13.563795,0
10705,3019,1651686447,20.347222,0.158333,0.037062,8565.432042,-30.808235,1
10706,3019,1651686447,10.855556,-1.894444,0.0,4569.789546,-127.940736,1
10707,3019,1651686450,14.925,-1.533333,0.0,6282.875954,-107.894711,1
10708,3019,1651686453,17.558333,0.780556,-0.099217,7391.412415,77.023219,1
10709,3019,1651686454,18.338889,0.7,-0.123263,7719.99759,66.587505,1
10710,3019,1651686454,7.325,-2.072222,-0.088146,3083.555535,-85.811066,1
10711,3019,1651686455,19.038889,0.361111,-0.069842,8014.671839,24.042988,0
10712,3019,1651686455,7.172222,1.419444,0.0,3019.241711,69.247044,1
10713,3019,1651686456,9.038889,0.894444,-0.039579,3805.039709,58.7351,1
10714,3019,1651686457,9.672222,0.930556,0.035922,4071.649744,6.706784,0
10715,3019,1651686458,10.752778,0.202778,-0.080361,4526.523882,56.145728,1
10716,3019,1651686459,19.297222,-0.822222,-0.116799,8123.420669,24.559622,0
10717,3019,1651686461,18.591667,1.683333,-0.116788,7826.407735,50.116925,0
10718,3019,1651686463,14.902778,0.419444,0.0,6273.521216,17.065374,0
10719,3019,1651686463,12.8,0.126389,-0.013549,5388.329126,11.504743,0
10720,3019,1651686465,13.052778,0.008333,-0.029843,5494.739272,4.629377,0
10721,3019,1651686465,15.741667,0.838889,-0.022803,6626.662578,37.994671,1
10722,3019,1651686467,14.727778,-1.836111,0.036039,6199.852654,-147.228463,1
10723,3019,1651686468,17.95,0.894444,-0.049604,7556.289673,8.836457,0
10724,3019,1651686468,12.877778,0.230556,-0.051866,5421.07071,5.083512,0
10725,3019,1651686470,13.113889,-0.065278,-0.011649,5520.464802,-11.680525,1
10726,3019,1651686473,12.3,-0.591667,-0.026272,5177.84752,-34.485119,1
10727,3019,1651686475,9.122222,2.113889,-0.024937,3840.119976,114.65492,1
10728,3019,1651686475,21.638889,0.502778,-0.039695,9109.176193,-1.73345,1
10729,3019,1651686479,15.680556,1.443056,-0.014146,6600.937048,64.17558,1
10730,3019,1651686480,14.619444,-0.369444,-0.071983,6154.248306,0.313831,0
10731,3019,1651686481,9.727778,-0.575,0.0,4095.036589,-47.991159,1
10732,3020,1651686482,14.238889,-0.213889,0.0,5994.048416,-27.997969,1
10733,3020,1651686483,20.372222,-0.222222,-0.009903,8575.956123,-26.17944,1
10734,3020,1651686487,14.044444,-0.230556,-0.050433,5912.194458,4.612567,0
10735,3020,1651686487,16.102778,-1.388889,0.0,6778.677072,-99.786899,1
10736,3020,1651686488,13.813889,0.133333,-0.029991,5815.139051,6.264565,0
10737,3020,1651686489,23.227778,0.0,-0.024814,9778.039964,-6.065471,1
10738,3020,1651686491,13.4,-0.183333,-0.071983,5640.907054,0.974403,0
10739,3020,1651686493,13.530556,-1.936111,0.0,5695.86614,-131.529143,1
10740,3020,1651686496,9.436111,-1.080556,0.0,3972.255652,-78.385613,1
10741,3020,1651686497,8.488889,-1.761111,0.0,3573.509942,-119.145305,1
10742,3020,1651686497,0.0,0.0,0.0,0.0,-0.0062,1
10743,3020,1651686497,5.386111,-1.461111,-0.054021,2267.354639,-68.588351,1
10744,3020,1651686498,6.727778,-3.177778,0.0,2832.14695,-204.13294,1
10745,3020,1651686499,23.577778,0.116667,0.0,9925.377089,-13.88855,1
10746,3020,1651686499,0.0,0.0,0.0,0.0,-0.001033,1
10747,3020,1651686500,1.697222,-0.338889,-0.09248,714.46812,5.874413,0
10748,3020,1651686501,2.313889,0.458333,0.0,974.062101,1.339969,0
10749,3020,1651686502,1.019444,1.413889,0.0,429.148609,75.270005,1
10750,3020,1651686502,2.772222,1.447222,0.0,1167.003574,43.891243,1
10751,3020,1651686503,23.513889,0.419444,0.012529,9898.482217,-2.943785,1
10752,3020,1651686505,5.994444,0.531944,-0.087608,2523.440594,84.12602,1
10753,3020,1651686505,6.513889,1.5125,-0.031108,2742.107596,102.66684,1
10754,3020,1651686507,0.205556,0.113889,0.0,86.531327,6.867171,0
10755,3020,1651686507,7.058333,1.775,-0.093345,2971.298678,94.855543,1
10756,3020,1651686508,8.833333,0.936111,-0.028946,3718.508382,73.77695,1
10757,3020,1651686509,12.866667,0.7,0.015227,5416.393341,53.763748,1
10758,3020,1651686509,9.769444,0.997222,0.0,4112.576723,52.366107,1
10759,3020,1651686511,24.175,0.141667,-0.012529,10176.785674,-5.486105,1
10760,3020,1651686512,12.038889,1.125,0.02232,5067.929348,29.175781,1
10761,3020,1651686512,0.236111,0.825,0.0,99.394092,49.749243,0
10762,3020,1651686513,13.163889,0.897222,-0.041501,5541.512962,55.625046,1
10763,3020,1651686513,1.061111,1.5,0.0,446.688743,47.346341,1
10764,3020,1651686513,24.436111,0.0,-0.058403,10286.703847,-0.192881,1
10765,3020,1651686514,14.061111,0.95,-0.051111,5919.210512,68.785963,1
10766,3020,1651686516,17.425,-0.694444,0.0,7335.283987,-58.640735,1
10767,3020,1651686519,4.758333,1.177778,0.0,2003.083289,7.876686,0
10768,3020,1651686523,1.033333,1.841667,0.0,434.99532,65.406986,1
10769,3020,1651686523,6.172222,-0.141667,-0.032252,2598.278498,-1.966248,1
10770,3020,1651686524,2.875,0.738889,0.0,1210.269237,83.497912,1
10771,3020,1651686524,23.952778,-0.369444,-0.032562,10083.238294,-24.353358,1
10772,3020,1651686525,6.002778,-0.211111,0.0,2526.94862,-25.081158,1
10773,3020,1651686527,7.511111,1.333333,0.0,3161.901467,106.729764,1
10774,3020,1651686527,4.927778,-0.094444,0.0,2074.413166,-17.852003,1
10775,3020,1651686528,23.741667,-0.025,-0.020356,9994.368282,-10.592494,1
10776,3020,1651686530,13.041667,1.069444,0.069767,5490.061903,12.500766,0
10777,3020,1651686531,13.838889,0.491667,0.0,5825.663131,39.551865,1
10778,3020,1651686531,14.111111,0.827778,-0.010123,5940.258672,29.206501,1
10779,3020,1651686533,23.355556,0.016667,0.012838,9831.829708,-27.29201,1
10780,3020,1651686534,16.188889,0.880556,0.0,6814.926682,40.512436,1
10781,3020,1651686535,23.011111,-0.066667,0.052551,9686.831268,-55.368252,1
10782,3020,1651686535,4.491667,0.025,0.0,1890.826432,-10.581373,1
10783,3020,1651686536,11.416667,-0.113889,-0.032678,4805.996682,-1.56221,1
10784,3020,1651686538,18.525,0.016667,-0.108136,7798.343521,48.547972,0
10785,3020,1651686540,9.527778,-0.988889,0.037568,4010.843946,-94.95615,1
10786,3020,1651686541,18.536111,-0.016667,-0.053179,7803.02089,5.477983,0
10787,3020,1651686541,8.538889,-0.672222,0.029757,3594.558102,-70.979395,1
10788,3020,1651686543,22.963889,0.205556,-0.039151,9666.95245,3.96071,0
10789,3020,1651686549,23.3,0.452778,-0.017157,9808.442863,9.861496,0
10790,3020,1651686550,23.752778,0.116667,-0.069502,9999.045651,15.372047,0
10791,3020,1651686557,3.75,1.375,0.0,1578.612049,28.591964,1
10792,3020,1651686557,11.261111,-0.776389,0.042659,4740.513515,-85.723622,1
10793,3020,1651686558,23.355556,0.0,-0.077647,9831.829708,6.64216,0
10794,3020,1651686558,5.125,0.586111,0.0,2157.436467,32.349122,1
10795,3020,1651686559,5.711111,1.191667,0.034196,2404.167683,31.834017,1
10796,3020,1651686560,6.902778,0.518056,0.017599,2905.815512,31.263752,1
10797,3020,1651686561,0.0,0.0,0.0,0.0,-13.650877,1
10798,3020,1651686561,23.772222,-0.152778,-0.00819,10007.231047,-25.474432,1
10799,3020,1651686568,23.7,0.0,-0.102018,9976.828148,10.05915,0
10800,3020,1651686569,23.7,0.081944,-0.037692,9976.828148,9.028602,0
10801,3020,1651686571,10.972222,1.302778,0.024538,4618.90192,49.392744,1
10802,3020,1651686572,12.275,0.616667,0.0,5167.32344,52.610648,1
10803,3020,1651686573,12.891667,1.163889,-0.044861,5426.917421,71.816471,1
10804,3020,1651686577,4.25,0.802778,-0.03461,1789.093655,52.529831,1
10805,3020,1651686580,25.391667,-0.013889,0.047917,10688.957584,-51.368081,1
10806,3020,1651686581,8.741667,1.286111,0.018207,3679.920087,45.089397,1
10807,3020,1651686587,0.75,0.247222,0.0,315.72241,20.316107,1
10808,3020,1651686587,24.894444,-0.011111,0.016392,10479.645319,-32.279874,1
10809,3020,1651686588,0.997222,0.313889,0.0,419.793871,39.002286,1
10810,3020,1651686589,10.711111,-0.597222,0.069136,4508.983748,-90.241486,1
10811,3020,1651686591,2.730556,1.386111,0.0,1149.46344,111.271546,1
10812,3020,1651686597,12.711111,1.038889,0.0,5350.910174,42.960458,1
10813,3020,1651686598,13.75,1.072222,0.0,5788.244179,21.736922,0
10814,3020,1651686598,5.947222,1.238889,0.055419,2503.561775,1.51179,0
10815,3020,1651686599,4.672222,2.566667,-0.104625,1966.833679,108.669676,1
10816,3020,1651686601,8.097222,0.947222,0.044234,3408.632683,1.379365,0
10817,3020,1651686602,10.438889,0.4625,0.023698,4394.388207,14.129931,1
10818,3020,1651686604,11.363889,-0.838889,0.0,4783.779179,-64.473597,1
10819,3020,1651686604,14.055556,-0.613889,0.0,5916.871827,-52.033714,1
10820,3020,1651686606,8.961111,-1.855556,0.033613,3772.298125,-144.724328,1
10821,3020,1651686607,7.105556,-0.8,0.0,2991.177497,-60.831449,1
10822,3020,1651686608,2.736111,1.697222,0.0,1151.802124,53.535924,1
10823,3020,1651686610,6.805556,1.425,0.0,2864.888533,55.855497,1
10824,3020,1651686611,22.275,-0.447222,0.008893,9376.95557,-52.134388,1
10825,3020,1651686612,10.966667,0.288889,-0.034969,4616.563236,15.541587,1
10826,3020,1651686613,11.255556,0.155556,-0.061145,4738.174831,23.834552,1
10827,3020,1651686615,10.972222,-0.066667,-0.113211,4618.90192,37.420691,1
10828,3020,1651686615,4.155556,-1.988889,0.0,1749.336018,-131.977441,1
10829,3020,1651686616,10.905556,-0.280556,-0.116574,4590.837706,40.628094,1
10830,3020,1651686616,13.952778,0.643056,-0.006717,5873.606164,9.748639,0
10831,3020,1651686618,21.786111,-0.283333,0.061081,9171.151332,-72.52948,1
10832,3020,1651686619,10.233333,-0.216667,-0.109282,4307.85688,34.5436,1
10833,3020,1651686620,2.825,0.636111,0.086645,1189.221077,-24.351586,1
10834,3020,1651686623,4.516667,0.011111,0.095263,1901.350512,-67.281293,1
10835,3020,1651686626,11.961111,0.8875,0.0,5035.187764,24.140943,1
10836,3020,1651686629,14.1,0.222222,0.0,5935.581303,-1.634152,1
10837,3020,1651686630,19.030556,0.013889,0.031656,8011.163812,-35.490254,1
10838,3020,1651686634,5.622222,0.966667,0.043403,2366.748731,21.183553,1
10839,3020,1651686634,19.122222,0.056944,0.028128,8049.752106,-30.879622,1
10840,3020,1651686634,11.661111,-1.425,0.0,4908.898801,-99.930847,1
10841,3020,1651686638,4.702778,-1.641667,-0.063018,1979.696443,-74.077367,1
10842,3020,1651686640,1.419444,-1.419444,0.0,597.533894,-97.386549,1
10843,3020,1651686641,19.586111,-0.144444,0.059966,8245.032264,-61.999234,1
10844,3020,1651686642,10.191667,0.713889,0.0,4290.316746,-0.00639,1
10845,3020,1651686642,0.905556,0.108333,0.0,381.205576,-5.236915,1
10846,3020,1651686643,0.0,0.0,0.0,0.0,-0.450864,1
10847,3020,1651686644,1.583333,0.972222,0.0,666.525087,35.909107,1
10848,3020,1651686646,11.277778,0.111111,0.0,4747.529569,-7.153378,1
10849,3020,1651686647,20.711111,0.5,-0.034461,8718.615878,-0.313934,1
10850,3020,1651686650,10.977778,-0.883333,-0.065655,4621.240605,-28.421133,1
10851,3020,1651686653,1.2,1.025,-0.054024,505.155856,50.431753,1
10852,3020,1651686653,22.125,0.522222,0.052432,9313.811088,-19.126933,1
10853,3020,1651686656,2.794444,0.891667,-0.086169,1176.358312,66.405624,1
10854,3020,1651686657,3.569444,0.758333,0.09719,1502.604802,-23.220484,1
10855,3020,1651686660,0.0,0.0,0.0,0.0,28.547868,1
10856,3020,1651686664,20.994444,0.304167,-0.007164,8837.888789,-8.845727,1
10857,3020,1651686668,2.241667,2.05,0.0,943.659202,5.814648,0
10858,3020,1651686669,4.291667,1.311111,0.034605,1806.633789,37.730596,1
10859,3020,1651686671,6.666667,3.5,0.072681,2806.42142,63.085719,1
10860,3020,1651686672,10.166667,1.111111,0.075001,4279.792666,15.472882,1
10861,3020,1651686678,8.575,-0.594444,0.084711,3609.759552,-98.508049,1
10862,3020,1651686680,21.761111,-0.025,-0.080829,9160.627252,4.431874,0
10863,3020,1651686685,1.008333,-0.55,0.0,424.47124,-44.939783,1
10864,3020,1651686686,0.458333,0.458333,0.0,192.941473,15.879274,0
10865,3020,1651686687,9.377778,-0.6375,-0.040514,3947.699464,-27.832017,1
10866,3020,1651686690,6.158333,-2.536111,-0.052488,2592.431787,-134.462372,1
10867,3020,1651686693,0.0,0.0,0.0,0.0,26.769499,1
10868,3020,1651686694,19.630556,-0.434722,-0.020944,8263.74174,-32.01377,1
10869,3020,1651686697,19.038889,-0.822222,0.0,8014.671839,-67.316636,1
10870,3020,1651686700,6.394444,0.922222,0.069234,2691.825879,-11.153084,1
10871,3020,1651686705,5.930556,-1.527778,0.0,2496.545722,-104.466193,1
10872,3020,1651686705,0.0,0.0,0.0,0.0,-3.3e-05,1
10873,3020,1651686708,0.361111,0.411111,0.0,152.014494,13.032935,0
10874,3020,1651686710,19.352778,-0.080556,0.076173,8146.807514,-67.488665,1
10875,3020,1651686711,19.272222,-0.080556,0.008034,8112.896588,-27.460964,1
10876,3020,1651686716,0.0,0.0,0.0,0.0,-6.035877,1
10877,3020,1651686717,19.841667,0.018056,-0.072914,8352.611751,23.747808,0
10878,3020,1651686722,19.105556,-0.036111,-0.06884,8042.736053,-0.260775,1
10879,3020,1651686728,1.127778,0.35,0.0,474.752957,28.90817,1
10880,3020,1651686729,18.711111,-0.065278,-0.056436,7876.689452,8.758872,0
10881,3020,1651686731,18.580556,-0.038889,-0.055108,7821.730366,3.245538,0
10882,3020,1651686732,18.541667,-0.252778,-0.038595,7805.359574,-9.979209,1
10883,3020,1651686733,18.288889,0.247222,-0.047465,7698.949429,17.710732,0
10884,3020,1651686735,19.213889,-0.211111,-0.10417,8088.340401,52.225237,0
10885,3020,1651686737,18.791667,0.772222,-0.139328,7910.600378,59.934642,0
10886,3020,1651686737,3.466667,1.080556,0.057269,1459.339138,4.952892,0
10887,3020,1651686738,19.563889,0.108333,-0.104681,8235.677526,24.404163,0
10888,3020,1651686739,19.672222,-0.35,0.0,8281.281874,-39.24443,1
10889,3020,1651686739,0.0,0.0,0.0,0.0,-0.0,1
10890,3020,1651686741,19.761111,0.015278,-0.074538,8318.700826,11.80455,0
10891,3020,1651686741,0.0,0.0,0.0,0.0,-0.0,1
10892,3020,1651686743,19.791667,-0.252778,-0.074906,8331.563591,9.078249,0
10893,3020,1651686743,5.833333,-1.475,0.080456,2455.618743,-148.468527,1
10894,3020,1651686745,3.041667,0.266667,0.083023,1280.429773,-44.533369,1
10895,3020,1651686746,19.755556,-0.193056,0.022528,8316.362141,-43.072623,1
10896,3020,1651686748,19.369444,0.138889,-0.068749,8153.823567,2.923035,0
10897,3020,1651686748,4.327778,0.666667,0.095263,1821.835239,-27.721879,1
10898,3020,1651686749,0.397222,0.436111,0.0,167.215943,14.540064,0
10899,3020,1651686750,0.833333,0.0,0.0,350.802678,-11.767693,1
10900,3020,1651686751,19.580556,-0.131944,-0.062878,8242.693579,26.148095,0
10901,3020,1651686753,19.316667,0.166667,-0.102118,8131.606065,36.491457,0
10902,3020,1651686753,1.275,-0.111111,0.0,536.728097,-18.483408,1
10903,3020,1651686754,19.483333,0.102778,-0.093403,8201.7666,36.266434,0
10904,3020,1651686756,19.513889,-0.341667,-0.097558,8214.629365,22.969368,0
10905,3020,1651686761,0.4,0.263889,0.0,168.385285,4.154472,0
10906,3020,1651686762,0.663889,0.319444,0.0,279.4728,0.229647,0
10907,3020,1651686762,18.441667,0.208333,-0.080505,7763.263253,16.477057,0
10908,3020,1651686763,18.65,0.0,-0.085077,7850.963923,13.080824,0
10909,3020,1651686765,1.094444,0.119444,0.0,460.72085,-4.573109,1
10910,3020,1651686766,1.213889,0.741667,0.0,511.002567,11.102434,0
10911,3020,1651686767,1.955556,0.248611,0.0,823.21695,16.41513,1
10912,3020,1651686767,0.0,0.0,0.0,0.0,-14.875671,1
10913,3020,1651686768,17.988889,0.0,-0.072703,7572.660465,14.80537,0
10914,3020,1651686769,17.988889,0.294444,-0.060822,7572.660465,11.91955,0
10915,3020,1651686769,0.0,0.0,0.0,0.0,-0.413213,1
10916,3020,1651686770,3.183333,0.583333,0.0,1340.066228,32.403459,1
10917,3020,1651686773,5.819444,0.541667,0.0,2449.772031,33.00217,1
10918,3020,1651686774,18.041667,0.611111,-0.046785,7594.877968,28.579703,0
10919,3020,1651686776,3.219444,1.780556,0.042038,1355.267677,51.962655,1
10920,3020,1651686776,7.838889,0.5,0.0,3299.883853,11.209198,1
10921,3020,1651686777,19.091667,0.272222,-0.119082,8036.889342,53.575771,0
10922,3020,1651686777,4.922222,-0.036111,-0.035338,2072.074482,16.353046,1
10923,3020,1651686778,19.363889,0.086111,-0.115956,8151.484883,49.527981,0
10924,3020,1651686778,5.930556,0.433333,0.0,2496.545722,-2.027562,1
10925,3020,1651686781,19.522222,0.288889,-0.074533,8218.137392,30.394226,0
10926,3020,1651686781,3.786111,0.359722,0.025572,1593.813498,-5.326299,1
10927,3020,1651686785,20.433333,-0.036111,-0.065669,8601.681652,17.025488,0
10928,3020,1651686785,5.302778,0.005556,0.0,2232.274371,-11.884948,1
10929,3020,1651686786,10.458333,-0.455556,0.0,4402.573603,-41.031472,1
10930,3020,1651686788,6.205556,-0.011111,0.057928,2612.310605,-47.073066,1
10931,3020,1651686789,19.986111,-0.133333,-0.015882,8413.417549,-17.047229,1
10932,3020,1651686790,9.430556,0.0,0.0,3969.916967,-13.222898,1
10933,3020,1651686791,0.833333,-0.175,0.0,350.802678,-22.320758,1
10934,3020,1651686794,18.638889,-0.002778,-0.033734,7846.286554,1.064142,0
10935,3020,1651686794,0.838889,-0.838889,0.0,353.141362,-62.355554,1
10936,3020,1651686797,9.125,0.259722,0.0,3841.289319,3.873683,0
10937,3020,1651686799,9.644444,0.644444,0.0,4059.956321,4.895379,0
10938,3020,1651686799,18.302778,-0.1875,-0.062736,7704.79614,-1.412326,1
10939,3020,1651686806,11.761111,0.111111,0.025223,4950.995122,-22.158124,1
10940,3020,1651686807,11.872222,0.205556,0.032203,4997.768812,-20.604797,1
10941,3020,1651686815,12.172222,0.0,0.052484,5124.057776,-45.019892,1
10942,3020,1651686815,10.966667,-0.140278,-0.038103,4616.563236,-26.952295,1
10943,3020,1651686817,10.686111,-1.122222,0.0,4498.459668,-81.313049,1
10944,3020,1651686818,12.075,-0.15,0.078672,5083.130797,-69.36668,1
10945,3020,1651686819,4.3,1.219444,0.0,1810.141816,40.263114,1
10946,3020,1651686819,11.925,-0.059722,0.046402,5019.986315,-44.955938,1
10947,3020,1651686823,6.863889,-1.272222,0.0,2889.44472,-89.252299,1
10948,3020,1651686824,10.227778,-0.425,0.04202,4305.518195,-63.792727,1
10949,3020,1651686824,5.591667,0.288889,0.083023,2353.885966,-43.556369,1
10950,3020,1651686826,1.130556,-1.130556,0.0,475.922299,-79.953468,1
10951,3020,1651686828,9.383333,-0.319444,0.072684,3950.038149,-75.127856,1
10952,3020,1651686834,3.772222,0.677778,0.084258,1587.966787,-20.546222,1
10953,3020,1651686834,0.0,0.0,0.0,0.0,-0.000286,1
10954,3020,1651686835,4.45,0.159722,0.059893,1873.286298,-37.614462,1
10955,3020,1651686839,0.0,0.0,0.0,0.0,-18.550244,1
10956,3020,1651686844,0.333333,-0.147222,0.0,140.321071,-20.636048,1
10957,3020,1651686847,6.133333,-2.813889,0.046132,2581.907706,-209.158091,1
10958,3020,1651686847,0.416667,-0.225,0.0,175.401339,-25.32733,1
10959,3020,1651686848,0.191667,0.133333,0.0,80.684616,8.039824,0
10960,3020,1651686850,0.308333,0.616667,0.0,129.796991,25.429181,0
10961,3020,1651686851,0.0,1.280556,0.0,0.0,48.532233,1
10962,3020,1651686852,1.280556,1.347222,0.0,539.066781,51.719142,1
10963,3020,1651686853,2.627778,0.690278,0.0,1106.197776,39.354554,1
10964,3020,1651686855,3.911111,0.894444,0.0,1646.4339,33.264818,1
10965,3020,1651686856,4.805556,0.586111,0.032252,2022.962107,5.41174,0
10966,3020,1651686857,5.391667,0.388889,0.045962,2269.693323,-15.779206,1
10967,3020,1651686860,6.938889,0.825,0.069673,2921.016961,-3.693112,1
10968,3020,1651686860,2.5,-0.705556,0.0,1052.408033,-54.406588,1
10969,3020,1651686861,8.019444,0.213889,0.0,3375.8911,12.143997,1
10970,3020,1651686865,8.941667,1.147222,0.072465,3764.11273,1.520496,0
10971,3020,1651686867,9.125,-0.348611,0.0,3841.289319,-34.151771,1
10972,3020,1651686870,8.061111,-0.555556,0.0,3393.431234,-46.329661,1
10973,3020,1651686871,6.655556,-0.45,0.100078,2801.744051,-98.293476,1
10974,3020,1651686874,12.980556,1.197222,-0.035825,5464.336373,18.485691,1
10975,3020,1651686880,14.830556,-0.247222,0.024491,6243.118317,-44.682857,1
10976,3020,1651686882,0.0,0.0,0.0,0.0,-0.095972,1
10977,3020,1651686886,0.0,0.0,0.0,0.0,-7.4e-05,1
10978,3020,1651686889,13.294444,-0.947222,0.120733,5596.472048,-142.501844,1
10979,3020,1651686890,12.347222,-0.616667,0.066228,5197.726338,-90.332896,1
10980,3020,1651686892,5.133333,0.9,0.0,2160.944493,20.325085,1
10981,3020,1651686894,7.136111,1.286111,0.044666,3004.040262,10.94323,1
10982,3020,1651686894,0.0,0.0,0.0,0.0,38.850609,1
10983,3020,1651686896,2.241667,2.258333,0.0,943.659202,64.937974,1
10984,3020,1651686899,8.569444,0.741667,0.0,3607.420867,2.677179,0
10985,3020,1651686901,7.075,1.038889,0.0,2978.314732,19.524228,1
10986,3020,1651686902,8.113889,0.501389,0.0,3415.648737,20.680829,1
10987,3020,1651686903,10.658333,0.572222,0.017285,4486.766245,12.999316,1
10988,3020,1651686908,3.677778,1.769444,0.033459,1548.20915,41.333173,1
10989,3020,1651686909,5.447222,0.788889,0.0,2293.080169,0.575138,0
10990,3020,1651686911,12.088889,0.705556,0.0,5088.977508,10.836297,0
10991,3020,1651686914,15.130556,0.111111,0.064755,6369.407281,-46.843606,1
10992,3020,1651686918,0.0,0.0,0.0,0.0,-0.17542,1
10993,3020,1651686921,9.158333,-2.233333,0.077953,3855.321426,-193.556501,1
10994,3020,1651686926,0.0,1.255556,0.0,0.0,46.225513,1
10995,3020,1651686927,14.719444,-0.018056,0.069287,6196.344627,-57.085135,1
10996,3020,1651686927,1.861111,-1.861111,0.0,783.459313,-124.044368,1
10997,3020,1651686928,2.444444,0.869444,0.0,1029.021187,31.699883,1
10998,3020,1651686933,0.0,0.0,0.0,0.0,27.94102,1
10999,3020,1651686934,3.416667,1.963889,-0.044619,1438.290978,99.848069,1
11000,3020,1651686935,15.036111,0.891667,0.012016,6329.649644,5.025,0
11001,3020,1651686935,5.380556,1.394444,-0.055105,2265.015954,122.600122,1
11002,3020,1651686936,15.927778,0.394444,0.011607,6705.008509,6.667865,0
11003,3020,1651686937,9.816667,0.55,-0.06233,4132.455541,86.618085,1
11004,3020,1651686938,10.366667,0.561111,-0.072589,4363.985308,48.517024,1
11005,3020,1651686941,16.483333,0.127778,-0.035187,6938.876961,0.733097,0
11006,3020,1651686942,9.475,-1.566667,0.0,3988.626443,-107.71181,1
11007,3020,1651686945,3.911111,-2.052778,0.0,1646.4339,-135.797629,1
11008,3020,1651686947,2.480556,0.830556,-0.065574,1044.222637,53.164508,1
11009,3020,1651686949,4.141667,0.875,-0.078639,1743.489307,91.454549,1
11010,3020,1651686950,5.016667,2.175,-0.052486,2111.832119,109.175874,1
11011,3020,1651686951,3.411111,2.941667,0.068686,1435.952293,24.66518,1
11012,3020,1651686952,17.305556,-0.575,-0.011733,7285.00227,-44.471894,1
11013,3020,1651686957,10.016667,0.852778,0.0,4216.648184,15.939057,1
11014,3020,1651686959,10.869444,0.483333,-0.02767,4575.636257,20.888139,1
11015,3020,1651686961,17.316667,-0.127778,-0.010427,7289.679639,-18.277121,1
11016,3020,1651686963,13.236111,1.172222,0.053584,5571.915861,16.275891,0
11017,3020,1651686966,16.175,0.255556,-0.073942,6809.07997,15.357434,0
11018,3020,1651686968,16.291667,-0.394444,-0.061653,6858.192345,-3.679956,1
11019,3020,1651686969,5.55,0.505556,-0.095263,2336.345832,57.705582,1
11020,3020,1651686970,6.055556,-0.277778,-0.128299,2549.166123,34.185222,1
11021,3020,1651686971,15.469444,-0.261111,-0.055501,6512.067037,0.444395,0
11022,3020,1651686971,15.813889,-0.041667,0.044342,6657.065477,-44.437637,1
11023,3020,1651686972,15.208333,0.105556,-0.050241,6402.148864,6.683145,0
11024,3020,1651686973,15.313889,0.972222,0.032535,6446.58387,-3.030841,1
11025,3020,1651686974,2.175,0.794444,-0.103499,915.594988,34.375027,1
11026,3020,1651686975,2.969444,0.847222,-0.103645,1250.026874,57.321319,1
11027,3020,1651686977,4.227778,0.85,-0.057269,1779.738917,29.303597,1
11028,3020,1651686978,5.077778,-0.561111,-0.057269,2137.557648,-12.354191,1
11029,3020,1651686978,17.227778,-0.283333,0.017599,7252.260686,-44.079018,1
11030,3020,1651686980,17.583333,0.597222,0.0,7401.936495,1.234788,0
11031,3020,1651686981,4.727778,0.941667,0.0,1990.220524,46.715782,1
11032,3020,1651686983,7.711111,1.033333,-0.036966,3246.094109,39.211156,1
11033,3020,1651686986,8.211111,-0.463889,0.0,3456.575716,-40.842118,1
11034,3020,1651686990,5.9,-0.422222,0.0,2483.682957,-37.791664,1
11035,3020,1651686997,1.841667,0.3375,-0.077841,775.273917,78.965282,1
11036,3020,1651686997,15.936111,-0.2,-0.048031,6708.516536,-0.389607,1
11037,3020,1651686999,2.516667,1.666667,-0.077841,1059.424086,101.003683,1
11038,3020,1651687001,17.280556,0.602778,0.020852,7274.478189,1.93479,0
11039,3020,1651687001,4.438889,2.063889,-0.043884,1868.608929,95.777323,1
11040,3020,1651687003,5.161111,-3.580556,0.0,2172.637916,-228.114574,1
11041,3020,1651687004,8.205556,0.669444,-0.058517,3454.237031,73.667723,1
11042,3020,1651687005,8.875,0.694444,-0.058517,3736.048515,79.262895,1
11043,3020,1651687006,9.569444,1.752778,-0.073057,4028.38408,78.888229,1
11044,3020,1651687007,11.322222,0.691667,-0.010666,4766.239045,45.179457,1
11045,3020,1651687011,12.983333,0.466667,-0.049453,5465.505716,15.56173,0
11046,3020,1651687013,17.466667,-0.1,-0.083612,7352.82412,9.626953,0
11047,3020,1651687014,17.366667,-0.255556,-0.056988,7310.727799,-3.061902,1
11048,3020,1651687018,16.338889,-0.138889,-0.067677,6878.071164,10.416544,0
11049,3020,1651687019,16.2,-0.155556,-0.046898,6819.604051,22.672178,0
11050,3020,1651687020,0.230556,0.123611,0.0,97.055407,7.453272,0
11051,3020,1651687020,1.05,0.080556,0.0,442.011374,-6.916663,1
11052,3020,1651687023,15.433333,0.266667,-0.023968,6496.865587,6.843166,0
11053,3020,1651687027,1.552778,0.658333,0.0,653.662322,27.618609,1
11054,3020,1651687027,0.0,1.825,0.0,0.0,55.792101,1
11055,3020,1651687028,1.825,0.555556,-0.054026,768.257864,48.466503,1
11056,3020,1651687030,2.936111,0.554167,0.0,1235.994767,29.715396,1
11057,3020,1651687032,4.044444,0.452778,0.0,1702.562328,13.527315,1
11058,3020,1651687032,3.247222,0.111111,-0.112137,1366.9611,49.310351,1
11059,3020,1651687033,3.358333,0.205556,-0.103499,1413.73479,46.901182,1
11060,3020,1651687034,14.302778,-0.072222,0.017728,6020.943288,-29.903682,1
11061,3020,1651687035,13.411111,0.088889,0.0,5645.584423,-9.362039,1
11062,3020,1651687038,3.797222,-0.280556,-0.07226,1598.490867,-0.030073,1
11063,3020,1651687039,15.119444,0.443056,-0.012691,6364.729912,20.643435,0
11064,3020,1651687039,1.888889,0.247222,0.0,795.152736,-4.244457,1
11065,3020,1651687042,16.672222,-0.555556,-0.085466,7018.392235,24.381159,0
11066,3020,1651687042,1.208333,-0.604167,0.0,508.663882,-48.213519,1
11067,3020,1651687043,2.216667,0.452778,0.0,933.135122,26.120401,1
11068,3020,1651687045,4.25,0.494444,0.0,1789.093655,3.087324,0
11069,3020,1651687046,0.0,0.0,0.0,0.0,-0.223211,1
11070,3020,1651687047,7.161111,-0.0125,0.070591,3014.564342,-54.786529,1
11071,3020,1651687049,16.986111,0.063889,-0.057351,7150.52791,7.584269,0
11072,3020,1651687051,6.641667,4.141667,-0.026261,2795.89734,79.581634,1
11073,3020,1651687054,6.8,-1.008333,-0.039955,2862.549848,-49.835567,1
11074,3020,1651687055,16.972222,-0.966667,0.018203,7144.681199,-85.497152,1
11075,3020,1651687055,0.0,0.0,0.0,0.0,-2.9e-05,1
11076,3020,1651687056,16.005556,-0.408333,0.036394,6737.750093,-61.985008,1
11077,3020,1651687061,11.755556,0.447222,0.042743,4948.656437,-12.172536,1
11078,3020,1651687065,2.669444,0.452778,-0.064793,1123.73791,56.540133,1
11079,3020,1651687066,3.122222,1.822222,-0.088139,1314.340698,93.360568,1
11080,3020,1651687067,4.944444,1.461111,-0.061715,2081.42922,70.105916,1
11081,3020,1651687068,14.091667,-0.377778,0.033281,5932.073277,-57.365225,1
11082,3020,1651687069,5.325,0.858333,0.0,2241.629109,38.140424,1
11083,3020,1651687070,6.183333,1.418056,0.0,2602.955867,35.968243,1
11084,3020,1651687071,11.555556,0.169444,-0.025656,4864.463795,10.395505,0
11085,3020,1651687071,13.258333,0.858333,0.045199,5581.270599,-1.997692,1
11086,3020,1651687072,11.725,0.658333,-0.019303,4935.793672,25.021789,1
11087,3020,1651687072,9.019444,0.316667,0.0,3796.854313,7.589159,0
11088,3020,1651687072,3.086111,-0.705556,-0.100075,1299.139249,-3.77407,1
11089,3020,1651687080,13.816667,-0.472222,-0.049043,5816.308393,-14.550505,1
11090,3020,1651687081,4.316667,-0.131944,-0.080979,1817.157869,40.495909,1
11091,3020,1651687082,16.977778,-0.263889,0.011204,7147.019883,-39.008346,1
11092,3020,1651687083,4.052778,0.540278,-0.118417,1706.070355,76.017066,1
11093,3020,1651687085,5.133333,1.091667,-0.114951,2160.944493,93.969246,1
11094,3020,1651687087,7.316667,1.047222,-0.06302,3080.047508,89.562883,1
11095,3020,1651687088,8.363889,1.008333,-0.063449,3520.88954,78.437433,1
11096,3020,1651687094,3.544444,0.505556,-0.066097,1492.080722,37.98671,1
11097,3020,1651687095,4.05,1.377778,0.0,1704.901013,57.626935,1
11098,3020,1651687097,6.483333,0.280556,-0.044619,2729.244831,29.689384,1
11099,3020,1651687098,6.763889,-0.513889,-0.074988,2847.348399,-1.470875,1
11100,3020,1651687102,16.283333,0.019444,-0.05596,6854.684318,10.205944,0
11101,3020,1651687108,1.861111,0.413889,0.0,783.459313,19.582914,1
11102,3020,1651687113,4.069444,0.431944,-0.056299,1713.086408,44.903159,1
11103,3020,1651687117,6.230556,0.963889,0.0,2622.834685,30.56616,1
11104,3020,1651687118,9.013889,0.205556,-0.136953,3794.515628,26.802928,1
11105,3020,1651687119,9.219444,-1.991667,-0.124179,3881.046955,-60.365079,1
11106,3020,1651687120,0.180556,0.416667,0.0,76.007247,25.125807,0
11107,3020,1651687122,0.216667,0.158333,0.0,91.208696,9.547237,0
11108,3020,1651687128,0.0,0.0,0.0,0.0,5.359511,1
11109,3020,1651687129,0.0,0.408333,0.0,0.0,24.457999,1
11110,3020,1651687131,4.111111,-0.797222,0.0,1730.626542,-60.110036,1
11111,3020,1651687132,19.702778,0.808333,0.054804,8294.144638,-1.593736,1
11112,3020,1651687133,2.65,0.102778,-0.104684,1115.552514,9.480643,0
11113,3020,1651687133,3.019444,1.655556,-0.04935,1271.075035,122.386045,1
11114,3020,1651687134,4.675,3.330556,-0.041917,1968.003021,129.977392,1
11115,3020,1651687135,2.416667,0.902778,-0.084255,1017.327765,78.624385,1
11116,3020,1651687136,3.319444,0.472222,-0.103212,1397.363999,115.239454,1
11117,3020,1651687137,9.480556,1.477778,-0.016106,3990.965128,80.504762,1
11118,3020,1651687138,10.958333,0.725,-0.037505,4613.055209,75.514343,1
11119,3020,1651687139,9.1,0.952778,-0.043228,3830.765238,103.298718,1
11120,3020,1651687139,11.683333,2.088889,-0.021645,4918.253539,68.301492,1
11121,3020,1651687145,4.147222,0.286111,-0.046343,1745.827992,15.983098,1
11122,3020,1651687146,4.433333,0.675,-0.029316,1866.270244,14.111914,1
11123,3020,1651687146,13.647222,-0.308333,-0.069152,5744.978515,-2.523362,1
11124,3020,1651687154,4.033333,-0.8125,0.060287,1697.884959,-96.415226,1
11125,3020,1651687156,18.680556,-0.45,0.0167,7863.826687,-54.46181,1
11126,3020,1651687157,2.130556,0.35,0.0,896.885512,14.143757,1
11127,3020,1651687159,0.0,0.0,0.0,0.0,-3.543491,1
11128,3020,1651687160,4.027778,0.472222,-0.033457,1695.546275,63.92515,1
11129,3020,1651687161,19.075,0.130556,-0.046326,8029.873288,24.439688,0
11130,3020,1651687161,4.5,2.238889,0.0,1894.334459,78.536179,1
11131,3020,1651687162,19.205556,0.143056,-0.047576,8084.832374,29.605935,0
11132,3020,1651687162,6.738889,0.822222,0.0,2836.824319,77.576886,1
11133,3020,1651687163,7.561111,2.002778,-0.028023,3182.949627,69.36163,1
11134,3020,1651687165,4.830556,0.380556,-0.016106,2033.486187,126.279834,1
11135,3020,1651687166,10.397222,0.848611,-0.015686,4376.848073,45.712649,1
11136,3020,1651687167,4.322222,-0.438889,-0.107718,1819.496554,-1.448591,1
11137,3020,1651687168,12.094444,0.441667,-0.070851,5091.316193,49.781952,1
11138,3020,1651687169,7.108333,2.552778,0.0,2992.346839,72.417355,1
11139,3020,1651687169,4.533333,0.706944,-0.065311,1908.366566,33.363142,1
11140,3020,1651687169,12.536111,0.413889,-0.08355,5277.241612,39.446067,1
11141,3020,1651687170,9.661111,0.268056,-0.027429,4066.972375,36.055932,1
11142,3020,1651687171,19.763889,0.197222,-0.029717,8319.870168,11.942672,0
11143,3020,1651687172,13.458333,-0.479167,0.0,5665.463242,-43.638546,1
11144,3020,1651687174,12.5,-0.738889,0.017103,5262.040163,-68.941787,1
11145,3020,1651687175,4.275,0.513889,0.0,1799.617736,40.848944,1
11146,3020,1651687176,4.788889,1.877778,0.0,2015.946053,106.387365,1
11147,3020,1651687182,7.475,0.455556,0.0,3146.700017,11.216773,1
11148,3020,1651687184,8.386111,0.991667,0.059029,3530.244278,11.900895,1
11149,3020,1651687185,9.377778,0.833333,0.046606,3947.699464,11.381148,1
11150,3020,1651687187,2.45,1.552778,-0.115408,1031.359872,87.985156,1
11151,3020,1651687187,20.558333,-0.231944,-0.032335,8654.302054,-13.703611,1
11152,3020,1651687188,4.002778,0.641667,-0.086342,1685.022194,113.683215,1
11153,3020,1651687189,4.644444,1.508333,-0.163401,1955.140256,138.207556,1
11154,3020,1651687191,0.644444,0.661111,0.0,271.287404,9.139884,0
11155,3020,1651687195,20.808333,0.269444,-0.080829,8759.542857,9.821892,0
11156,3020,1651687195,6.127778,-1.369444,-0.051888,2579.569022,-64.454875,1
11157,3020,1651687197,3.852778,-0.220833,0.0,1621.877712,-25.317998,1
11158,3020,1651687198,21.272222,-0.361111,0.019516,8954.823014,-52.463829,1
11159,3020,1651687199,3.411111,0.216667,0.0,1435.952293,9.978592,0
11160,3020,1651687199,15.602778,-0.283333,0.063308,6568.195465,-70.021559,1
11161,3020,1651687200,3.627778,0.858333,0.0,1527.160989,53.825589,1
11162,3020,1651687200,0.0,0.0,0.0,0.0,-13.968104,0
11163,3020,1651687201,20.691667,0.1125,0.033792,8710.430482,-31.885792,1
11164,3020,1651687203,20.916667,0.016667,0.0,8805.147205,-17.96623,1
11165,3020,1651687204,15.269444,0.180556,0.031312,6427.874394,-23.109765,1
11166,3020,1651687204,9.8,0.333333,0.017783,4125.439487,-3.689907,1
11167,3020,1651687204,20.933333,0.152778,0.0,8812.163259,-9.769794,1
11168,3020,1651687213,3.841667,-0.019444,-0.0441,1617.200343,15.252619,1
11169,3020,1651687214,3.822222,0.155556,-0.05127,1609.014947,49.840191,1
11170,3020,1651687215,3.977778,1.444444,-0.055419,1674.498114,94.410965,1
11171,3020,1651687215,15.7,-0.248611,-0.025651,6609.122444,-15.733287,1
11172,3020,1651687216,5.422222,2.033333,-0.076293,2282.556088,118.816599,1
11173,3020,1651687217,7.455556,2.361111,0.0,3138.514621,105.923394,1
11174,3020,1651687220,11.455556,0.022222,-0.032182,4822.367473,27.572651,1
11175,3020,1651687223,12.183333,0.333333,-0.046132,5128.735145,17.197986,1
11176,3020,1651687224,12.933333,-0.833333,0.049281,5444.457555,-93.709272,1
11177,3020,1651687229,5.988889,-1.270833,0.0,2521.101909,-88.983081,1
11178,3020,1651687230,20.105556,0.002778,-0.049831,8463.699266,0.966251,0
11179,3020,1651687232,2.797222,-0.118056,0.0,1177.527654,-19.004407,1
11180,3020,1651687234,20.552778,0.025,-0.074669,8651.96337,5.972572,0
11181,3020,1651687235,20.577778,-0.019444,-0.080183,8662.48745,20.938437,0
11182,3020,1651687237,20.802778,0.052778,-0.029933,8757.204173,13.098474,0
11183,3020,1651687239,20.908333,0.380556,-0.019841,8801.639179,5.146256,0
11184,3020,1651687241,21.175,-0.175,-0.051948,8913.896035,8.52741,0
11185,3020,1651687242,21.0,0.108333,-0.09398,8840.227473,23.988312,0
11186,3020,1651687253,0.0,0.115278,0.0,0.0,7.715022,1
11187,3020,1651687254,22.430556,0.030556,-0.070783,9442.438736,25.954073,0
11188,3020,1651687255,22.461111,0.0,-0.05929,9455.301501,22.921704,0
11189,3020,1651687257,0.772222,1.1875,0.0,325.077148,41.113447,1
11190,3020,1651687260,21.325,0.0,-0.051702,8977.040517,8.881019,0
11191,3020,1651687263,21.0,0.144444,-0.053625,8840.227473,17.452824,0
11192,3020,1651687264,8.241667,0.761111,-0.096503,3469.438481,75.69172,1
11193,3020,1651687267,10.519444,0.680556,0.0,4428.299132,33.400357,1
11194,3020,1651687267,22.872222,0.175,-0.079128,9628.364155,34.823276,0
11195,3020,1651687268,11.2,0.633333,0.017967,4714.787986,31.781675,1
11196,3020,1651687269,11.833333,1.033333,0.0,4981.398021,42.214742,1
11197,3020,1651687270,12.866667,0.797222,-0.044954,5416.393341,46.004643,1
11198,3020,1651687271,23.375,0.416667,-0.086356,9840.015104,31.171489,0
11199,3020,1651687272,14.461111,0.808333,-0.025572,6087.595797,31.860646,1
11200,3020,1651687272,23.791667,0.083333,-0.07568,10015.416443,11.932715,0
11201,3020,1651687276,24.363889,0.088889,-0.025193,10256.300948,-1.374443,1
11202,3020,1651687277,24.452778,0.008333,-0.011683,10293.7199,-14.246431,1
11203,3020,1651687280,15.905556,0.391667,-0.059215,6695.653771,24.455602,0
11204,3020,1651687281,16.297222,0.604167,-0.036015,6860.53103,23.051203,0
11205,3020,1651687283,17.505556,0.620833,0.024389,7369.194912,2.683576,0
11206,3020,1651687289,20.988889,-0.333333,0.067065,8835.550104,-78.48782,1
11207,3020,1651687298,6.383333,-1.352778,0.041583,2687.14851,-118.431039,1
11208,3020,1651687303,16.466667,-0.3875,0.035387,6931.860907,-60.384406,1
11209,3020,1651687311,7.433333,0.308333,0.0,3129.159883,3.453059,0
11210,3020,1651687321,3.622222,0.845833,0.052346,1524.822305,2.597923,0
11211,3020,1651687324,0.0,0.0,0.0,0.0,-22.798124,1
11212,3020,1651687327,8.2,-0.048611,0.069945,3451.898347,-56.848613,1
11213,3020,1651687331,0.15,1.663889,0.044619,63.144482,74.118682,0
11214,3020,1651687334,4.244444,0.925,0.0,1786.754971,38.363802,1
11215,3020,1651687335,9.347222,-0.355556,0.078975,3934.836699,-80.975634,1
11216,3020,1651687338,8.013889,-0.940278,0.046132,3373.552415,-96.611834,1
11217,3020,1651687341,9.291667,0.845833,0.027016,3911.449854,4.42213,0
11218,3020,1651687344,11.938889,0.861111,0.0,5025.833026,14.412996,1
11219,3020,1651687348,0.955556,0.488889,0.0,402.253737,13.772075,0
11220,3020,1651687350,1.933333,0.886111,0.0,813.862212,15.712786,1
11221,3020,1651687352,3.538889,0.336111,0.052486,1489.742037,-22.515743,1
11222,3020,1651687356,16.225,0.536111,0.0,6830.128131,6.920785,0
11223,3020,1651687357,16.761111,0.283333,-0.028165,7055.811187,7.224897,0
11224,3020,1651687365,3.538889,0.719444,0.0,1489.742037,6.786458,0
11225,3020,1651687366,4.258333,0.313889,0.0,1792.601682,9.949393,0
11226,3020,1651687368,4.886111,0.469444,0.0,2056.873032,6.673951,0
11227,3020,1651687371,18.469444,0.308333,0.048887,7774.956676,-27.499297,1
11228,3020,1651687375,4.988889,0.269444,0.146168,2100.138696,-81.406752,1
11229,3020,1651687379,19.791667,0.086111,-0.03177,8331.563591,14.396164,0
11230,3020,1651687380,6.847222,0.452778,0.139309,2882.428667,-66.734564,1
11231,3020,1651687381,7.3,0.005556,0.101625,3073.031455,-71.872996,1
11232,3021,1651687384,20.341667,-0.163889,0.0,8563.093358,-28.463082,1
11233,3021,1651687386,20.386111,0.530556,0.0,8581.802834,-1.433783,1
11234,3021,1651687405,16.375,0.0,-0.029634,6893.272613,-3.062795,1
11235,3021,1651687408,16.666667,-0.033333,0.059378,7016.05355,-53.209023,1
11236,3021,1651687410,4.744444,0.280556,0.080222,1997.236577,-42.276056,1
11237,3021,1651687416,18.163889,0.190278,-0.030438,7646.329027,4.282424,0
11238,3021,1651687418,2.536111,0.0,0.0,1067.609482,-11.862311,1
11239,3021,1651687419,2.536111,0.769444,0.0,1067.609482,19.525557,1
11240,3021,1651687421,19.116667,0.115278,0.023175,8047.413422,-24.44931,1
11241,3021,1651687426,19.322222,0.561111,-0.029541,8133.944749,12.71532,0
11242,3021,1651687427,19.883333,-0.069444,-0.077525,8370.151885,12.218659,0
11243,3021,1651687427,7.825,0.4,0.0,3294.037142,-0.023646,1
11244,3021,1651687431,9.022222,0.319444,0.052379,3798.023655,-24.59363,1
11245,3021,1651687441,0.530556,0.686111,0.0,223.344371,11.585607,0
11246,3021,1651687442,19.377778,-0.013889,-0.015611,8157.331594,-9.608734,1
11247,3021,1651687443,8.991667,0.0,0.046491,3785.16089,-40.394738,1
11248,3021,1651687444,2.794444,0.277778,0.092474,1176.358312,-49.364066,1
11249,3021,1651687449,19.683333,0.483333,-0.049569,8285.959243,7.403073,0
11250,3021,1651687457,9.775,0.375,0.072611,4114.915407,-33.331498,1
11251,3021,1651687458,4.327778,0.722222,0.038913,1821.835239,3.489334,0
11252,3021,1651687462,6.75,0.705556,0.060567,2841.501688,-5.519228,1
11253,3021,1651687465,20.633333,0.030556,0.041183,8685.874295,-41.125851,1
11254,3021,1651687467,11.925,0.638889,-0.041111,5019.986315,7.490297,0
11255,3021,1651687468,12.563889,0.0,-0.016105,5288.935035,-4.891403,1
11256,3021,1651687471,12.547222,0.119444,-0.020787,5281.918981,0.160908,0
11257,3021,1651687478,0.0,0.0,0.0,0.0,-0.012537,1
11258,3021,1651687482,0.0,0.0,0.0,0.0,-5.8e-05,1
11259,3021,1651687489,18.777778,0.063889,-0.042093,7904.753666,-0.629121,1
11260,3021,1651687490,12.305556,0.427778,-0.017574,5180.186204,-0.070542,1
11261,3021,1651687495,12.288889,0.069444,0.0,5173.170151,-10.058975,1
11262,3021,1651687499,4.605556,0.102778,0.089705,1938.769464,-58.519797,1
11263,3021,1651687504,3.441667,-0.222222,0.078639,1448.815058,-71.493275,1
11264,3021,1651687508,5.272222,-1.569444,0.0,2219.411606,-106.857202,1
11265,3021,1651687513,2.052778,-0.797222,0.0,864.143929,-59.900806,1
11266,3021,1651687514,13.35,-0.002778,0.020234,5619.858894,-26.753524,1
11267,3021,1651687518,0.0,0.0,0.0,0.0,-2.025388,1
11268,3021,1651687522,0.0,0.0,0.0,0.0,-1e-06,1
11269,3021,1651687526,1.130556,0.377778,0.0,475.922299,14.152764,0
11270,3021,1651687533,13.572222,-0.036111,-0.041244,5713.406274,2.650533,0
11271,3021,1651687534,13.536111,0.038889,-0.045357,5698.204825,6.398624,0
11272,3021,1651687538,3.775,-0.963889,0.0,1589.136129,-70.116862,1
11273,3021,1651687542,1.558333,1.491667,0.0,656.001007,63.817984,1
11274,3021,1651687544,5.555556,1.483333,0.051274,2338.684517,21.500386,1
11275,3021,1651687544,0.0,0.0,0.0,0.0,-0.570398,1
11276,3021,1651687551,11.661111,1.286111,-0.013937,4908.898801,32.704316,1
11277,3021,1651687553,15.022222,0.055556,-0.035187,6323.802933,14.438889,0
11278,3021,1651687554,0.0,0.0,0.0,0.0,-2e-06,1
11279,3021,1651687555,15.655556,0.636111,-0.093693,6590.412968,78.034516,1
11280,3021,1651687556,16.291667,1.213889,-0.070291,6858.192345,65.808031,1
11281,3021,1651687559,17.994444,0.741667,0.0,7574.99915,38.806482,0
11282,3021,1651687559,0.0,0.0,0.0,0.0,-0.0,1
11283,3021,1651687564,15.413889,-0.113889,-0.066945,6488.680192,9.010659,0
11284,3021,1651687565,15.3,-0.066667,-0.072574,6440.737159,16.769717,0
11285,3021,1651687567,0.7,0.597222,0.0,294.674249,3.728634,0
11286,3021,1651687568,15.138889,-0.116667,0.0,6372.915308,-22.571184,1
11287,3021,1651687572,19.594444,-0.416667,0.124433,8248.54029,-116.07785,1
11288,3021,1651687580,12.666667,-0.561111,0.0,5332.200698,-48.238984,1
11289,3021,1651687592,18.736111,0.175,0.098508,7887.213533,-64.745975,1
11290,3021,1651687597,5.972222,0.841667,-0.026031,2514.085855,69.367289,1
11291,3021,1651687599,7.655556,1.511111,-0.039036,3222.707264,76.54892,1
11292,3021,1651687601,9.558333,1.425,-0.058517,4023.706711,82.935789,1
11293,3021,1651687603,18.508333,0.052778,-0.018212,7791.327467,-3.5164,1
11294,3021,1651687604,11.858333,0.422222,-0.007564,4991.922101,14.690904,1
11295,3021,1651687606,12.702778,0.241667,0.0,5347.402147,2.13872,0
11296,3021,1651687608,19.030556,0.002778,-0.072726,8011.163812,4.529994,0
11297,3021,1651687608,3.816667,-0.030556,0.0,1606.676263,-13.839067,1
11298,3021,1651687609,13.047222,0.218056,-0.032061,5492.400587,3.575235,0
11299,3021,1651687609,19.033333,0.066667,-0.053376,8012.333154,1.295917,0
11300,3021,1651687613,13.858333,-0.180556,0.029142,5833.848527,-42.934037,1
11301,3021,1651687619,11.522222,-0.786111,-0.029283,4850.431688,-44.135017,1
11302,3021,1651687621,1.127778,-0.1,0.0,474.752957,-17.807539,1
11303,3021,1651687621,9.95,-1.858333,-0.041253,4188.583969,-101.200475,1
11304,3021,1651687622,19.491667,-0.055556,-0.060927,8205.274627,0.205459,0
11305,3021,1651687623,19.436111,0.0125,-0.042073,8181.887782,3.79146,0
11306,3021,1651687623,1.063889,0.088889,0.0,447.858085,-6.41462,1
11307,3021,1651687627,19.194444,0.152778,0.0,8080.155005,-8.61907,1
11308,3021,1651687628,1.177778,-0.013889,0.0,495.801118,-12.616662,1
11309,3021,1651687634,19.375,-0.111111,0.023194,8156.162252,-38.276494,1
11310,3021,1651687635,0.0,0.0,0.0,0.0,-4e-05,1
11311,3021,1651687644,3.327778,0.113889,0.066843,1400.872025,-44.306478,1
11312,3021,1651687645,0.0,0.0,0.0,0.0,-0.0,1
11313,3021,1651687646,19.502778,0.113889,0.035173,8209.951996,-31.824432,1
11314,3021,1651687650,0.0,0.0,0.0,0.0,1.017717,1
11315,3021,1651687652,19.827778,-0.094444,0.0,8346.76504,-23.934935,1
11316,3021,1651687655,0.2,0.098611,0.0,84.192643,5.945909,0
11317,3021,1651687655,19.702778,-0.2,-0.045396,8294.144638,-3.53142,1
11318,3021,1651687656,19.502778,0.0,-0.09471,8209.951996,3.947054,0
11319,3021,1651687657,0.397222,-0.105556,0.0,167.215943,-18.124184,1
11320,3021,1651687659,0.0,0.144444,0.0,0.0,-0.312457,1
11321,3021,1651687660,0.144444,-0.144444,0.0,60.805797,-8.71081,1
11322,3021,1651687661,18.994444,-0.227778,0.015983,7995.962363,-40.835146,1
11323,3021,1651687661,0.0,0.0,0.0,0.0,-0.935354,1
11324,3021,1651687663,0.0,0.0,0.0,0.0,2.81506,1
11325,3021,1651687664,0.0,0.216667,0.0,0.0,4.432805,1
11326,3021,1651687665,0.216667,0.008333,0.0,91.208696,0.501753,0
11327,3021,1651687671,0.747222,1.573611,0.0,314.553067,19.491128,1
11328,3021,1651687672,13.911111,-0.519444,-0.059944,5856.06603,-11.0362,1
11329,3021,1651687674,0.216667,0.966667,0.0,91.208696,58.292345,0
11330,3021,1651687676,3.597222,1.655556,0.0,1514.298225,81.519716,1
11331,3021,1651687683,11.558333,0.0,-0.051186,4865.633137,42.072526,1
11332,3021,1651687685,2.227778,-0.786111,0.0,937.812491,-59.243124,1
11333,3021,1651687686,1.441667,-1.441667,0.0,606.888632,-98.727669,1
11334,3021,1651687692,0.544444,0.316667,0.0,229.191083,29.53358,1
11335,3021,1651687694,1.177778,0.658333,-0.057846,495.801118,48.534111,1
11336,3021,1651687695,1.836111,1.230556,0.0,772.935233,62.757503,1
11337,3021,1651687698,4.752778,1.416667,-0.039387,2000.744604,99.189852,1
11338,3021,1651687701,5.755556,-0.073611,0.038221,2422.877159,-39.193951,1
11339,3021,1651687704,11.158333,0.997222,0.014922,4697.247852,30.421584,1
11340,3021,1651687706,13.411111,0.441667,-0.012129,5645.584423,29.553558,1
11341,3021,1651687707,13.852778,0.193056,-0.013869,5831.509842,39.18263,1
11342,3021,1651687707,0.436111,0.711111,0.0,183.586735,31.122917,0
11343,3021,1651687708,1.147222,0.458333,0.0,482.938353,7.506351,0
11344,3021,1651687709,14.238889,0.969444,-0.0893,5994.048416,62.185486,1
11345,3021,1651687710,15.208333,0.763889,-0.079188,6402.148864,60.232258,1
11346,3021,1651687713,1.502778,0.751389,0.0,632.614162,4.615675,0
11347,3021,1651687716,0.0,0.0,0.0,0.0,-49.173647,1
11348,3021,1651687721,0.0,0.0,0.0,0.0,-0.037943,1
11349,3021,1651687723,17.130556,-0.358333,-0.108732,7211.333707,28.20588,0
11350,3021,1651687725,9.861111,-0.205556,-0.059029,4151.165017,17.424224,1
11351,3021,1651687726,17.063889,-0.566667,-0.012129,7183.269493,-43.599953,1
11352,3021,1651687727,0.0,0.0,0.0,0.0,-5e-06,1
11353,3021,1651687729,15.855556,-0.083333,0.0,6674.605611,-20.927392,1
11354,3021,1651687733,3.211111,0.452778,0.0,1351.759651,-2.9221,1
11355,3021,1651687737,0.0,0.647222,0.0,0.0,8.045378,1
11356,3021,1651687739,5.580556,-0.891667,-0.088694,2349.208597,-13.926829,1
11357,3021,1651687741,4.002778,1.95,0.065599,1685.022194,46.477112,1
11358,3021,1651687745,7.516667,1.919444,-0.066298,3164.240151,96.288569,1
11359,3021,1651687746,9.436111,0.255556,-0.046475,3972.255652,56.87481,1
11360,3021,1651687746,0.0,0.0,0.0,0.0,45.094212,1
11361,3021,1651687747,9.691667,-0.997222,-0.157606,4079.835139,32.305571,1
11362,3021,1651687749,7.697222,-1.108333,-0.163534,3240.247398,23.076055,1
11363,3021,1651687750,3.544444,0.791667,-0.041587,1492.080722,100.525832,1
11364,3021,1651687751,4.336111,2.844444,-0.048478,1825.343265,113.727147,1
11365,3021,1651687752,7.180556,1.038889,-0.048478,3022.749738,84.687237,1
11366,3021,1651687753,8.219444,0.427778,-0.030088,3460.083742,56.568957,1
11367,3021,1651687755,1.425,-0.7125,0.0,599.872579,-54.755778,1
11368,3021,1651687756,9.722222,1.208333,0.0,4092.697904,68.854199,1
11369,3021,1651687757,10.930556,2.311111,0.0,4601.361787,79.583849,1
11370,3021,1651687758,13.241667,0.7,-0.029713,5574.254546,68.995221,1
11371,3021,1651687759,13.941667,0.284722,-0.086139,5868.928795,72.753061,1
11372,3021,1651687763,16.225,1.986111,-0.065341,6830.128131,89.72476,1
11373,3021,1651687763,18.475,0.0,0.0,7777.29536,-17.385132,1
11374,3021,1651687764,18.211111,0.258333,-0.077108,7666.207846,61.067412,1
11375,3021,1651687773,0.833333,0.5,0.0,350.802678,35.748828,1
11376,3021,1651687773,19.713889,0.0,0.058169,8298.822007,-52.318747,1
11377,3021,1651687775,1.472222,0.422222,0.0,619.751397,46.994221,1
11378,3021,1651687776,1.894444,0.4875,-0.114164,797.49142,61.710114,1
11379,3021,1651687778,20.613889,0.0,0.115315,8677.688899,-86.31901,1
11380,3021,1651687779,20.613889,0.036111,0.096001,8677.688899,-72.876111,1
11381,3021,1651687781,20.686111,0.116667,0.044749,8708.091798,-38.061109,1
11382,3021,1651687782,18.236111,-0.611111,0.03763,7676.731926,-76.198096,1
11383,3021,1651687787,19.172222,0.452778,0.03859,8070.800267,-13.183486,1
11384,3021,1651687788,17.291667,-0.413889,0.07399,7279.155558,-85.066133,1
11385,3021,1651687792,0.0,0.0,0.0,0.0,-0.045098,1
11386,3021,1651687794,20.408333,0.127778,-0.077905,8591.157572,-8.585041,1
11387,3021,1651687794,17.466667,0.0875,0.0308,7352.82412,-29.606868,1
11388,3021,1651687794,0.0,0.0,0.0,0.0,-0.007516,1
11389,3021,1651687795,20.536111,0.090278,0.069243,8644.947316,-53.908015,1
11390,3021,1651687796,0.0,0.0,0.0,0.0,-0.000209,1
11391,3021,1651687804,20.844444,0.030556,0.069707,8774.744307,-57.992061,1
11392,3021,1651687813,5.513889,0.619444,0.0,2321.144383,27.739628,1
11393,3021,1651687814,6.133333,0.116667,-0.028145,2581.907706,9.052787,0
11394,3021,1651687814,20.697222,-0.047222,0.044778,8712.769167,-47.968978,1
11395,3021,1651687822,16.622222,-0.216667,0.0,6997.344074,-29.378448,1
11396,3021,1651687824,16.858333,-0.043056,-0.012492,7096.738166,-11.696055,1
11397,3021,1651687826,1.836111,0.425,-0.061748,772.935233,57.084446,1
11398,3021,1651687827,19.980556,-0.127778,0.049569,8411.078864,-55.156175,1
11399,3021,1651687827,16.430556,-0.176389,0.089636,6916.659458,-79.416361,1
11400,3021,1651687832,16.133333,-1.594444,-0.069789,6791.539836,-71.180517,1
11401,3021,1651687832,19.647222,0.102778,0.092451,8270.757793,-66.140271,1
11402,3021,1651687836,0.0,0.0,0.0,0.0,-2.98925,1
11403,3021,1651687836,19.816667,0.05,0.05849,8342.087671,-49.558623,1
11404,3021,1651687837,0.0,0.0,0.0,0.0,-0.498208,1
11405,3021,1651687842,20.558333,0.116667,-0.103057,8654.302054,28.223189,0
11406,3021,1651687844,8.991667,0.3,-0.03319,3785.16089,9.562318,0
11407,3021,1651687845,9.291667,0.0,-0.036408,3911.449854,6.732043,0
11408,3021,1651687848,11.513889,0.622222,0.096296,4846.923661,-32.882758,1
11409,3021,1651687851,0.991667,0.216667,-0.107722,417.455186,29.711142,1
11410,3021,1651687852,20.661111,-0.469444,0.039482,8697.567718,-70.297696,1
11411,3021,1651687854,2.125,0.638889,-0.112137,894.546828,68.634057,1
11412,3021,1651687854,14.269444,0.505556,0.020268,6006.911181,4.437941,0
11413,3021,1651687854,19.8,-0.111111,0.014557,8335.071617,-33.477255,1
11414,3021,1651687855,2.763889,0.281944,-0.087548,1163.495547,60.583166,1
11415,3021,1651687857,3.327778,-0.015278,-0.1105,1400.872025,48.06519,1
11416,3021,1651687858,16.0,0.108333,-0.072117,6735.411408,28.932047,0
11417,3021,1651687859,16.108333,0.594444,-0.04538,6781.015756,22.248346,0
11418,3021,1651687859,19.347222,0.144444,0.02627,8144.468829,-24.654733,1
11419,3021,1651687860,16.702778,0.0,-0.02335,7031.254999,-2.629792,1
11420,3021,1651687863,19.147222,0.263889,0.0,8060.276187,-1.888853,1
11421,3021,1651687864,16.991667,0.308333,0.038716,7152.866594,-20.66712,1
11422,3021,1651687866,1.533333,0.093056,-0.089911,645.476927,3.792548,0
11423,3021,1651687867,17.222222,0.095833,-0.060414,7249.922002,8.299005,0
11424,3021,1651687869,17.413889,-0.191667,-0.058319,7330.606618,5.332226,0
11425,3021,1651687870,17.222222,-0.080556,-0.034045,7249.922002,-1.490138,1
11426,3021,1651687871,19.708333,0.122222,0.115313,8296.483323,-78.345712,1
11427,3021,1651687872,17.05,0.019444,-0.03487,7177.422782,9.63765,0
11428,3021,1651687873,0.0,0.0,0.0,0.0,-0.044337,1
11429,3021,1651687875,0.0,0.0,0.0,0.0,2.346517,1
11430,3021,1651687876,17.263889,0.205556,-0.126591,7267.462136,53.181973,1
11431,3021,1651687877,17.469444,0.094444,-0.104753,7353.993463,45.424476,0
11432,3021,1651687878,17.563889,-0.480556,-0.124238,7393.7511,30.584256,0
11433,3021,1651687882,17.130556,0.344444,-0.015761,7211.333707,-0.669941,1
11434,3021,1651687884,5.066667,0.586111,-0.06233,2132.880279,33.115682,1
11435,3021,1651687884,17.752778,-0.161111,-0.012013,7473.266373,-19.606866,1
11436,3021,1651687885,5.652778,0.430556,-0.07244,2379.611496,30.558035,1
11437,3021,1651687890,6.636111,-1.168056,0.0,2793.558655,-82.920002,1
11438,3021,1651687893,3.911111,0.575,-0.084257,1646.4339,35.60093,1
11439,3021,1651687895,4.666667,1.208333,-0.089742,1964.494994,38.055286,1
11440,3021,1651687897,20.058333,0.048611,-0.005115,8443.820448,-12.452794,1
11441,3021,1651687898,16.211111,0.575,-0.034045,6824.28142,1.398962,0
11442,3021,1651687899,5.366667,-0.313889,-0.073477,2259.169243,8.466462,0
11443,3021,1651687906,3.736111,-0.591667,-0.089873,1572.765337,-0.222578,1
11444,3021,1651687908,2.552778,0.591667,-0.051888,1074.625535,28.132149,1
11445,3021,1651687910,3.736111,0.9,0.0,1572.765337,35.541203,1
11446,3021,1651687911,4.636111,0.465278,-0.026672,1951.632229,31.964564,1
11447,3021,1651687913,17.758333,-0.005556,-0.033749,7475.605058,-1.254153,1
11448,3021,1651687914,20.244444,0.138889,-0.094524,8522.166379,12.65542,0
11449,3021,1651687915,6.111111,-0.072222,-0.036046,2572.552968,7.684093,0
11450,3021,1651687916,20.252778,0.113889,-0.061371,8525.674406,13.413177,0
11451,3021,1651687916,17.722222,0.036111,0.040004,7460.403608,-38.257389,1
11452,3021,1651687920,3.925,-1.775,0.0,1652.280611,-119.048527,1
11453,3021,1651687921,20.463889,0.166667,-0.061546,8614.544417,16.162718,0
11454,3021,1651687922,20.630556,-0.094444,-0.09398,8684.704953,23.199922,0
11455,3021,1651687923,20.536111,0.0,-0.061371,8644.947316,25.395882,0
11456,3021,1651687924,20.536111,0.126389,-0.069837,8644.947316,31.444733,0
11457,3021,1651687927,20.741667,0.241667,-0.071444,8731.478643,28.786261,0
11458,3021,1651687929,20.983333,0.136111,-0.070449,8833.21142,17.71091,0
11459,3021,1651687931,21.255556,0.383333,-0.031434,8947.806961,1.756149,0
11460,3021,1651687933,4.166667,0.652778,-0.06233,1754.013388,34.171566,1
11461,3021,1651687934,4.819444,0.627778,-0.068313,2028.808818,52.339947,1
11462,3021,1651687935,21.991667,0.084722,-0.052123,9257.682659,55.327586,0
11463,3021,1651687936,16.991667,0.591667,-0.041047,7152.866594,15.735369,0
11464,3021,1651687937,22.161111,1.702778,-0.138436,9329.012537,78.737209,0
11465,3021,1651687938,23.863889,-0.658333,-0.146333,10045.819341,58.645445,0
11466,3021,1651687941,5.608333,-0.905556,-0.124179,2360.90202,30.985557,1
11467,3021,1651687942,4.702778,-0.652778,-0.15324,1979.696443,39.930522,1
11468,3021,1651687942,16.569444,0.205556,-0.072692,6975.126571,-2.020828,1
11469,3021,1651687944,22.958333,0.191667,-0.039697,9664.613765,9.771041,0
11470,3021,1651687945,4.552778,1.316667,-0.033273,1916.551961,46.181899,1
11471,3021,1651687946,22.975,0.019444,-0.088412,9671.629819,23.542732,0
11472,3021,1651687948,15.722222,0.115278,-0.0623,6618.477182,-0.266305,1
11473,3021,1651687949,23.066667,0.344444,-0.064063,9710.218113,30.45696,0
11474,3021,1651687950,23.411111,0.0,-0.085471,9855.216553,25.682214,0
11475,3021,1651687954,0.0,0.0,0.0,0.0,-12.38465,1
11476,3021,1651687956,22.927778,-0.080556,-0.03755,9651.751,-3.207558,1
11477,3021,1651687956,14.219444,-0.186111,-0.018191,5985.86302,-15.619468,1
11478,3021,1651687957,14.033333,0.180556,-0.041425,5907.517089,9.625982,0
11479,3021,1651687957,22.847222,0.0,-0.008584,9617.840075,-15.318265,1
11480,3021,1651687960,14.655556,0.469444,-0.038816,6169.449755,3.821402,0
11481,3021,1651687962,14.744444,0.288889,0.025885,6206.868707,-13.130156,1
11482,3021,1651687968,21.569444,0.0,0.072661,9079.942636,-62.07103,1
11483,3021,1651687969,21.569444,-0.156944,0.05063,9079.942636,-58.62631,1
11484,3021,1651687972,13.658333,0.194444,0.014476,5749.655884,-11.61492,1
11485,3021,1651687979,0.186111,0.044444,0.0,78.345931,2.679572,0
11486,3021,1651687982,20.144444,-0.086111,0.028434,8480.070058,-40.348186,1
11487,3021,1651687983,14.719444,-0.041667,-0.055115,6196.344627,12.362138,0
11488,3021,1651687985,14.636111,-0.030556,-0.055491,6161.264359,14.758016,0
11489,3021,1651687986,14.605556,0.036111,-0.041585,6148.401594,16.290128,0
11490,3021,1651687988,20.597222,0.027778,0.055038,8670.672846,-49.395195,1
11491,3021,1651687989,0.536111,1.304167,-0.112135,225.683056,77.095476,1
11492,3021,1651687991,3.144444,1.133333,-0.09132,1323.695436,100.498939,1
11493,3021,1651687994,21.013889,-0.044444,0.033202,8846.074184,-41.225111,1
11494,3021,1651687998,15.166667,-0.154167,-0.039877,6384.608731,-1.403374,1
11495,3021,1651688000,14.858333,0.091667,-0.065915,6254.81174,4.069762,0
11496,3021,1651688000,11.363889,0.259722,-0.047327,4783.779179,32.869133,1
11497,3021,1651688004,11.744444,-0.405556,-0.03603,4943.979068,-17.305317,1
11498,3021,1651688005,21.169444,0.155556,-0.01351,8911.557351,-1.82382,1
11499,3021,1651688007,21.391667,0.006944,0.0,9005.104732,-18.883928,1
11500,3021,1651688007,13.361111,-1.363889,0.0,5624.536263,-96.947151,1
11501,3021,1651688010,7.638889,-1.431944,-0.061777,3215.69121,-62.756713,1
11502,3021,1651688012,4.775,0.297222,-0.062685,2010.099342,1.983404,0
11503,3021,1651688014,5.369444,0.902778,0.0,2260.338585,34.894384,1
11504,3021,1651688014,21.441667,-0.194444,0.028353,9026.152892,-47.722913,1
11505,3021,1651688017,8.061111,0.561111,-0.039876,3393.431234,35.661635,1
11506,3021,1651688018,5.797222,-1.044444,0.036046,2440.417293,-96.469883,1
11507,3021,1651688024,0.0,0.0,0.0,0.0,-19.751847,1
11508,3021,1651688026,0.0,0.0,0.0,0.0,-3.291975,1
11509,3021,1651688027,5.519444,1.101389,0.0,2323.483067,45.973243,1
11510,3021,1651688027,0.0,0.0,0.0,0.0,-0.548662,1
11511,3021,1651688029,7.722222,1.002778,-0.101588,3250.771478,71.831901,1
11512,3021,1651688030,8.725,0.540278,-0.097033,3672.904033,62.726959,1
11513,3021,1651688035,0.0,0.0,0.0,0.0,-2e-06,1
11514,3021,1651688036,5.366667,-0.231944,-0.081936,2259.169243,5.542525,0
11515,3021,1651688036,21.158333,0.066667,0.0,8906.879982,-15.118754,1
11516,3021,1651688038,4.902778,1.340278,-0.116683,2063.889086,79.151037,1
11517,3021,1651688041,8.611111,0.726389,-0.086309,3624.961001,64.756344,1
11518,3021,1651688043,10.063889,-0.188889,-0.070236,4236.527002,13.925208,1
11519,3021,1651688043,0.0,0.0,0.0,0.0,-0.0,1
11520,3021,1651688046,8.5,-1.530556,-0.050944,3578.187311,-75.297485,1
11521,3021,1651688047,21.291667,0.033333,-0.036695,8963.00841,0.219749,0
11522,3021,1651688049,0.0,0.0,0.0,0.0,-0.0,1
11523,3021,1651688051,4.522222,0.875,0.0,1903.689197,12.899698,1
11524,3021,1651688051,0.0,0.0,0.0,0.0,-0.0,1
11525,3021,1651688052,5.397222,0.416667,0.0,2272.032008,4.418859,0
11526,3021,1651688056,0.15,0.102778,0.0,63.144482,6.197461,0
11527,3021,1651688057,21.683333,0.252778,-0.017309,9127.885669,-0.150393,1
11528,3021,1651688065,2.633333,0.930556,0.0,1108.536461,55.806898,1
11529,3021,1651688067,5.113889,2.016667,0.025572,2152.759098,55.005087,1
11530,3021,1651688067,21.188889,-0.097222,-0.037062,8919.742747,-3.234426,1
11531,3021,1651688071,8.494444,0.761111,0.033075,3575.848626,8.438404,0
11532,3021,1651688076,13.2,-0.405556,-0.007793,5556.714412,-34.504622,1
11533,3021,1651688078,12.388889,0.9,0.0,5215.266472,6.769716,0
11534,3021,1651688084,19.636111,-0.283333,0.048223,8266.080424,-63.521969,1
11535,3021,1651688085,19.352778,0.119444,0.0,8146.807514,-10.729829,1
11536,3021,1651688091,19.388889,-0.127778,0.014477,8162.008963,-34.16941,1
11537,3021,1651688102,19.755556,0.152778,-0.056599,8316.362141,9.000612,0
11538,3021,1651688108,20.680556,-0.005556,-0.048758,8705.753113,7.181905,0
11539,3021,1651688109,1.080556,0.633333,0.030042,454.874138,31.593232,1
11540,3021,1651688113,4.402778,2.741667,0.038348,1853.407479,46.463377,1
11541,3021,1651688115,20.633333,0.016667,-0.008746,8685.874295,-12.630578,1
11542,3021,1651688118,7.244444,0.163889,0.0,3049.64461,-2.738706,1
11543,3021,1651688128,10.144444,0.319444,-0.049283,4270.437927,31.714702,1
11544,3021,1651688130,10.675,0.0,-0.052488,4493.782299,15.386507,1
11545,3021,1651688142,13.325,-1.183333,-0.05243,5609.334813,-55.221949,1
11546,3021,1651688154,0.0,0.0,0.0,0.0,-1.755375,1
11547,3021,1651688161,0.0,0.186111,0.0,0.0,-0.28631,1
11548,3021,1651688169,0.0,0.0,0.0,0.0,4.011731,1
11549,3021,1651688173,0.441667,0.268056,0.0,185.925419,4.405157,0
11550,3021,1651688178,4.919444,0.665278,0.02232,2070.90514,41.997753,1
11551,3021,1651688179,11.527778,0.233333,0.026233,4852.770372,-15.291377,1
11552,3021,1651688180,6.25,1.622222,0.037569,2631.020081,16.803386,1
11553,3021,1651688181,13.016667,1.059722,-0.040579,5479.537823,57.106227,1
11554,3021,1651688184,15.519444,1.036111,-0.098436,6533.115197,73.423715,1
11555,3021,1651688186,9.438889,1.358333,0.039877,3973.424994,12.386851,1
11556,3021,1651688187,10.797222,0.273611,-0.012838,4545.233358,9.449107,0
11557,3021,1651688189,11.344444,-0.1,-0.032402,4775.593783,-0.859895,1
11558,3021,1651688190,17.758333,-0.113889,-0.059938,7475.605058,5.344686,0
11559,3021,1651688192,10.408333,-0.658333,-0.059775,4381.525442,-18.105692,1
11560,3021,1651688207,8.216667,-2.341667,0.13976,3458.9144,-235.85036,1
11561,3021,1651688209,0.0,0.0,0.0,0.0,-0.002156,1
11562,3021,1651688216,0.0,0.0,0.0,0.0,-0.422149,1
11563,3021,1651688217,0.0,0.0,0.0,0.0,-0.070358,1
11564,3021,1651688221,1.116667,1.083333,0.0,470.075588,13.001271,0
11565,3021,1651688224,3.586111,0.236111,0.0,1509.620856,16.493588,1
11566,3021,1651688226,4.533333,1.105556,0.0,1908.366566,29.006018,1
11567,3021,1651688227,5.638889,0.069444,-0.026328,2373.764784,14.065652,1
11568,3021,1651688232,7.372222,0.833333,0.064659,3103.434354,-0.356061,1
11569,3021,1651688243,9.269444,0.0,0.039876,3902.095116,-36.597513,1
11570,3021,1651688245,13.369444,0.0,-0.061501,5628.044289,-0.123232,1
11571,3021,1651688246,13.369444,-0.102778,-0.057824,5628.044289,8.355681,0
11572,3021,1651688248,13.163889,-0.005556,-0.038054,5541.512962,10.11676,0
11573,3021,1651688250,14.238889,0.331944,0.042864,5994.048416,-20.259761,1
11574,3021,1651688256,12.166667,-0.077778,0.0,5121.719092,-18.887657,1
11575,3021,1651688256,15.202778,0.226389,0.067461,6399.81018,-41.513183,1
11576,3021,1651688260,12.075,-0.233333,0.107286,5083.130797,-91.107202,1
11577,3021,1651688275,2.758333,0.127778,0.0,1161.156863,-4.176301,1
11578,3021,1651688276,2.886111,0.997222,0.0,1214.946606,7.499048,0
11579,3021,1651688285,18.855556,0.001389,-0.053084,7937.49525,10.165857,0
11580,3021,1651688288,3.772222,-1.194444,0.0,1587.966787,-84.019761,1
11581,3021,1651688291,17.45,0.211111,0.051506,7345.808067,-34.294131,1
11582,3021,1651688295,19.236111,0.497222,-0.034647,8097.695139,27.567838,0
11583,3021,1651688296,19.733333,0.330556,-0.06599,8307.007403,28.174688,0
11584,3021,1651688297,20.063889,0.156944,-0.036016,8446.159132,17.938667,0
11585,3021,1651688299,20.377778,0.333333,-0.01951,8578.294807,6.336276,0
11586,3021,1651688301,20.969444,0.338889,0.0,8827.364708,-2.745302,1
11587,3021,1651688311,21.452778,0.019444,-0.009078,9030.830261,-12.837007,1
11588,3021,1651688324,20.216667,-0.030556,0.009684,8510.472956,-26.030698,1
11589,3021,1651688338,20.366667,0.0,-0.041008,8573.617438,0.223094,0
11590,3021,1651688343,20.202778,-0.025,-0.078651,8504.626245,4.950913,0
11591,3021,1651688355,19.188889,-0.113889,0.033598,8077.816321,-44.435367,1
11592,3021,1651688361,19.091667,0.086111,-0.026858,8036.889342,18.305734,0
11593,3021,1651688368,18.958333,0.0,0.0,7980.760913,-17.683505,1
11594,3021,1651688370,1.786111,0.286111,0.0,751.887072,-0.292848,1
11595,3021,1651688372,2.208333,0.513889,0.0,929.627095,-2.196262,1
11596,3021,1651688373,21.230556,0.802778,-0.069129,8937.282881,69.097208,0
11597,3021,1651688379,2.783333,0.4,0.0,1171.680943,6.615891,0
11598,3021,1651688380,24.847222,0.402778,-0.096667,10459.766501,41.139714,0
11599,3021,1651688388,2.727778,0.241667,0.0,1148.294098,7.184081,0
11600,3021,1651688390,3.355556,1.355556,0.0,1412.565448,13.416437,1
11601,3021,1651688391,4.711111,-0.291667,0.0,1983.20447,-29.710699,1
11602,3021,1651688393,5.272222,0.269444,0.0,2219.411606,5.539628,0
11603,3021,1651688411,12.161111,0.35,0.015328,5119.380407,-2.097214,1
11604,3021,1651688412,12.511111,0.602778,0.0,5266.717532,9.290021,0
11605,3021,1651688414,13.622222,0.608333,0.031957,5734.454435,0.267859,0
11606,3021,1651688416,0.0,1.341667,-0.083025,0.0,97.00296,1
11607,3021,1651688417,1.341667,1.955556,-0.112148,564.792311,120.191398,1
11608,3021,1651688421,5.741667,0.018056,-0.070588,2417.030448,64.439528,1
11609,3021,1651688421,17.686111,0.1875,0.052061,7445.202159,-36.180286,1
11610,3021,1651688423,5.777778,0.405556,-0.075999,2432.231897,64.802339,1
11611,3021,1651688426,8.036111,1.363889,-0.029315,3382.907153,83.946438,1
11612,3021,1651688427,9.4,1.830556,-0.035338,3957.054202,76.020572,1
11613,3021,1651688429,11.791667,0.688889,0.0,4963.857887,33.965523,1
11614,3021,1651688431,13.325,2.072222,0.035585,5609.334813,21.609454,1
11615,3021,1651688432,15.397222,0.386111,0.069698,6481.664138,-33.289656,1
11616,3021,1651688451,5.441667,1.327778,0.0,2290.741484,18.076223,1
11617,3021,1651688451,16.447222,-0.0875,0.018598,6923.675512,-32.423027,1
11618,3021,1651688453,16.272222,-0.15,0.0,6850.006949,-25.168368,1
11619,3021,1651688454,7.15,0.725,0.0,3009.886973,18.044671,1
11620,3021,1651688456,16.394444,-0.091667,-0.083029,6901.458009,-0.190042,1
11621,3021,1651688457,9.125,1.780556,0.0,3841.289319,21.890144,1
11622,3021,1651688462,12.983333,-0.291667,0.029997,5465.505716,-49.749185,1
11623,3021,1651688464,3.355556,1.038889,0.0,1412.565448,1.336981,0
11624,3021,1651688464,12.691667,1.640278,0.0,5342.724778,23.95782,1
11625,3021,1651688466,15.972222,0.833333,0.022702,6723.717985,37.073132,0
11626,3021,1651688467,7.355556,1.25,0.0,3096.4183,61.681165,1
11627,3021,1651688467,16.805556,1.447222,0.0,7074.520663,39.157356,0
11628,3021,1651688468,18.252778,0.0,-0.030602,7683.74798,27.84328,0
11629,3021,1651688469,18.252778,0.511111,-0.055111,7683.74798,20.567931,0
11630,3021,1651688473,7.911111,-3.188889,-0.028946,3330.286752,-188.071019,1
11631,3021,1651688475,18.119444,0.097222,-0.007971,7627.619551,-6.622095,1
11632,3021,1651688477,18.313889,1.383333,-0.046625,7709.473509,39.892867,0
11633,3021,1651688477,3.519444,0.483333,0.0,1481.556641,27.075742,1
11634,3021,1651688478,19.697222,0.705556,-0.07133,8291.805954,40.992582,0
11635,3021,1651688479,20.402778,0.055556,-0.029976,8588.818888,18.03877,0
11636,3021,1651688481,7.772222,1.211111,0.0,3271.819639,49.59187,1
11637,3021,1651688482,20.355556,0.475,-0.030602,8568.940069,0.798703,0
11638,3021,1651688484,9.377778,0.2,-0.022413,3947.699464,-25.504126,1
11639,3021,1651688485,9.577778,-2.772222,-0.025052,4031.892107,-165.714799,1
11640,3021,1651688488,13.955556,-3.038889,-0.132033,5874.775506,-120.735465,1
11641,3021,1651688493,5.875,0.711111,0.0,2473.158876,53.210141,1
11642,3021,1651688494,6.586111,2.544444,0.0,2772.510495,47.250245,1
11643,3021,1651688505,3.180556,0.502778,0.0,1338.896886,11.866244,1
11644,3021,1651688505,0.719444,0.031944,-0.083028,302.859645,55.91957,1
11645,3021,1651688507,4.433333,0.747222,0.0,1866.270244,6.130079,0
11646,3021,1651688507,0.783333,0.980556,-0.062334,329.754517,92.136674,1
11647,3021,1651688508,1.763889,1.841667,-0.059939,742.532334,129.991828,1
11648,3021,1651688512,7.880556,0.725,0.0,3317.423987,68.076841,1
11649,3021,1651688513,5.705556,4.902778,0.0,2401.828999,87.03164,1
11650,3021,1651688513,8.605556,1.225,-0.028661,3622.622316,93.081843,1
11651,3021,1651688514,9.830556,3.344444,-0.017511,4138.302252,106.427982,1
11652,3021,1651688515,13.175,0.7375,-0.00647,5546.190331,71.216994,1
11653,3021,1651688517,14.65,0.602778,-0.023349,6167.111071,50.680869,1
11654,3021,1651688519,15.366667,0.530556,-0.067776,6468.801373,29.532888,0
11655,3021,1651688519,12.294444,0.541667,-0.014882,5175.508835,8.368638,0
11656,3021,1651688520,12.836111,-0.072222,0.0,5403.530576,-18.82867,1
11657,3021,1651688523,14.466667,-0.930556,0.0,6089.934481,-71.323109,1
11658,3021,1651688524,13.536111,-2.322222,0.0,5698.204825,-154.815368,1
11659,3021,1651688525,8.205556,-1.805556,-0.053306,3454.237031,-90.411897,1
11660,3021,1651688527,9.475,-0.836111,0.039384,3988.626443,-86.792392,1
11661,3021,1651688529,3.775,1.272222,0.044101,1589.136129,19.383712,1
11662,3021,1651688533,6.805556,1.563889,0.039877,2864.888533,40.89881,1
11663,3021,1651688535,0.0,0.0,0.0,0.0,-22.239136,1
11664,3021,1651688537,10.258333,0.283333,0.0,4318.38096,26.631915,1
11665,3021,1651688540,13.155556,0.194444,-0.029757,5538.004936,15.429987,0
11666,3021,1651688545,1.575,1.238889,0.087343,663.01706,46.947473,1
11667,3021,1651688545,11.105556,-0.688889,0.041182,4675.030349,-79.522911,1
11668,3021,1651688547,4.052778,2.016667,0.06057,1706.070355,62.051221,1
11669,3021,1651688548,6.069444,1.672222,0.055279,2555.012834,78.664909,1
11670,3021,1651688552,1.094444,-0.630556,0.0,460.72085,-49.800529,1
11671,3021,1651688554,12.372222,2.941667,0.0,5208.250419,56.425213,1
11672,3021,1651688558,15.891667,0.55,-0.033613,6689.80706,30.23841,0
11673,3021,1651688559,16.441667,0.741667,-0.042325,6921.336827,31.394957,0
11674,3021,1651688560,17.183333,0.369444,-0.017104,7233.55121,13.026878,0
11675,3021,1651688563,3.930556,0.688889,-0.033465,1654.619296,44.201026,1
11676,3021,1651688581,0.0,0.0,0.0,0.0,-6.398897,1
11677,3021,1651688583,0.0,0.0,0.0,0.0,-0.177747,1
11678,3021,1651688586,0.0,0.0,0.0,0.0,-0.004937,1
11679,3021,1651688590,2.797222,0.577778,0.0,1177.527654,57.441643,1
11680,3021,1651688591,3.375,0.761111,-0.042048,1420.750844,42.115466,1
11681,3021,1651688592,4.136111,0.391667,0.0,1741.150623,23.849059,1
11682,3021,1651688594,4.419444,0.463889,0.0,1860.423533,12.870233,1
11683,3021,1651688599,4.758333,0.355556,0.0,2003.083289,-3.389673,1
11684,3021,1651688601,15.233333,-0.372222,-0.063787,6412.672945,-0.535804,1
11685,3021,1651688604,6.827778,0.636111,0.0,2874.243271,44.669064,1
11686,3021,1651688605,7.463889,1.380556,0.0,3142.022648,61.86501,1
11687,3021,1651688606,8.844444,2.241667,0.0,3723.185751,48.418747,1
11688,3021,1651688608,11.008333,1.008333,0.0,4634.10337,16.024177,1
11689,3021,1651688609,14.419444,-0.35,-0.029411,6070.055663,-19.000472,1
11690,3021,1651688610,12.861111,0.711111,0.014988,5414.054656,14.872588,0
11691,3021,1651688610,14.069444,0.102778,-0.040838,5922.718539,2.389366,0
11692,3021,1651688611,14.172222,0.041667,-0.059618,5965.984202,9.680334,0
11693,3021,1651688615,14.430556,0.858333,-0.025707,6074.733032,7.672955,0
11694,3021,1651688615,14.305556,0.066667,0.047635,6022.11263,-39.087288,1
11695,3021,1651688616,15.288889,1.230556,0.0,6436.05979,21.30549,0
11696,3021,1651688619,16.791667,0.313889,0.059938,7068.673952,-32.667802,1
11697,3021,1651688630,12.372222,-1.116667,0.0,5208.250419,-81.619193,1
11698,3021,1651688631,11.863889,-1.133333,0.037556,4994.260785,-104.483416,1
11699,3021,1651688632,10.730556,-0.247222,0.065659,4517.169144,-67.10567,1
11700,3021,1651688635,11.013889,1.930556,0.017104,4636.442054,22.549894,1
11701,3021,1651688635,9.013889,-2.455556,0.0,3794.515628,-161.174084,1
11702,3021,1651688641,13.055556,0.205556,0.014193,5495.908614,-10.51296,1
11703,3021,1651688642,0.0,0.0,0.0,0.0,-4.223622,1
11704,3021,1651688644,14.094444,-0.013889,0.0,5933.242619,-15.869831,1
11705,3021,1651688645,14.080556,0.108333,-0.039603,5927.395908,15.355245,0
11706,3021,1651688646,0.0,0.0,0.0,0.0,-0.019554,1
11707,3021,1651688649,16.194444,1.244444,0.017371,6817.265366,21.264147,0
11708,3021,1651688651,17.613889,0.344444,-0.017371,7414.79926,-2.861301,1
11709,3021,1651688656,1.219444,0.616667,0.0,513.341251,41.593356,1
11710,3021,1651688661,7.3,1.444444,-0.034869,3073.031455,95.281124,1
11711,3021,1651688669,12.341667,0.369444,-0.015327,5195.387654,6.622251,0
11712,3021,1651688670,0.447222,-0.15,0.0,188.264104,-20.805023,1
11713,3021,1651688670,12.711111,0.494444,0.044619,5350.910174,-10.811163,1
11714,3021,1651688678,1.816667,1.691667,0.0,764.749837,89.716656,1
11715,3021,1651688679,3.508333,2.238889,0.0,1476.879272,86.14968,1
11716,3021,1651688681,6.794444,0.327778,0.0,2860.211164,42.424133,1
11717,3021,1651688683,13.922222,-0.413889,-0.030042,5860.743399,-22.249685,1
11718,3021,1651688687,13.047222,0.169444,0.022481,5492.400587,-17.555752,1
11719,3021,1651688694,11.230556,-0.627778,0.02704,4727.65075,-67.581206,1
11720,3021,1651688702,17.788889,0.488889,0.105482,7488.467822,-49.316486,1
11721,3021,1651688707,20.419444,0.338889,0.014476,8595.834941,-6.704136,1
11722,3021,1651688714,0.0,0.0,0.0,0.0,-7.8e-05,1
11723,3021,1651688720,21.5,-0.319444,0.009453,9050.70908,-44.199009,1
11724,3021,1651688724,2.691667,2.386111,0.0,1133.092648,48.359566,1
11725,3021,1651688727,5.541667,1.705556,0.0,2332.837805,38.421672,1
11726,3021,1651688728,7.247222,1.477778,0.037366,3050.813952,44.915802,1
11727,3021,1651688729,22.225,0.019444,-0.030885,9355.907409,-0.572272,1
11728,3021,1651688730,10.119444,0.226389,0.039754,4259.913847,-23.145628,1
11729,3021,1651688732,10.572222,1.366667,0.041403,4450.516635,1.785539,0
11730,3021,1651688734,23.658333,0.269444,-0.088469,9959.288014,22.452415,0
11731,3021,1651688735,23.927778,0.183333,-0.038603,10072.714213,7.844203,0
11732,3022,1651688737,10.652778,-1.3,0.03604,4484.427561,-113.194474,1
11733,3022,1651688738,9.352778,-0.519444,0.04054,3937.175384,-68.336957,1
11734,3022,1651688740,24.344444,-0.566667,0.064281,10248.115552,-93.43671,1
11735,3022,1651688743,24.066667,0.25,0.0,10131.181326,-6.232248,1
11736,3022,1651688744,5.513889,0.747222,-0.051964,2321.144383,58.737079,1
11737,3022,1651688745,6.261111,1.691667,-0.030042,2635.69745,76.702598,1
11738,3022,1651688746,7.952778,1.05,-0.039378,3347.826886,70.844847,1
11739,3022,1651688747,24.266667,-0.9,0.106875,10215.373969,-138.376207,1
11740,3022,1651688748,23.366667,0.072222,0.096277,9836.507077,-72.856222,1
11741,3022,1651688750,11.2,1.758333,0.0,4714.787986,52.783925,1
11742,3022,1651688751,12.958333,0.355556,0.0,5454.981635,18.043099,0
11743,3022,1651688751,23.372222,0.138889,0.037773,9838.845762,-34.578808,1
11744,3022,1651688753,23.408333,0.105556,0.065858,9854.047211,-53.085687,1
11745,3022,1651688754,23.513889,0.0,0.038603,9898.482217,-43.551308,1
11746,3022,1651688762,23.336111,-0.391667,0.017164,9823.644312,-54.442623,1
11747,3022,1651688772,5.855556,0.943056,0.046294,2464.973481,59.488612,1
11748,3022,1651688776,0.741667,-0.097222,0.0,312.214383,-17.628126,1
11749,3022,1651688779,0.852778,-0.852778,0.0,358.988073,-63.193486,1
11750,3022,1651688784,8.555556,-1.580556,0.0,3601.574156,-108.275961,1
11751,3022,1651688786,0.0,0.0,0.0,0.0,-0.0251,1
11752,3022,1651688788,0.0,2.172222,0.0,0.0,86.385283,1
11753,3022,1651688789,2.808333,1.033333,0.0,1182.205023,26.126193,1
11754,3022,1651688793,7.633333,1.986111,0.051899,3213.352526,11.661403,1
11755,3022,1651688795,5.011111,0.230556,0.0,2109.493434,19.745349,1
11756,3022,1651688797,6.702778,0.401389,-0.012528,2821.622869,49.943705,1
11757,3022,1651688798,14.358333,1.086111,-0.025601,6044.330133,56.469741,1
11758,3022,1651688799,15.444444,0.786111,0.0,6501.542956,59.386673,1
11759,3022,1651688799,7.505556,0.663889,-0.067513,3159.562782,73.866329,1
11760,3022,1651688800,8.169444,2.186111,-0.062169,3439.035582,81.507955,1
11761,3022,1651688802,10.438889,-0.129167,-0.050938,4394.388207,8.213173,0
11762,3022,1651688807,5.061111,-0.694444,0.0,2130.541595,-54.055903,1
11763,3022,1651688809,22.830556,0.483333,-0.076335,9610.824021,14.909682,0
11764,3022,1651688810,4.119444,3.169444,0.0,1734.134569,69.662192,1
11765,3022,1651688813,24.513889,-0.197222,-0.143755,10319.44543,26.353602,0
11766,3022,1651688813,8.977778,0.738889,0.033085,3779.314179,6.257539,0
11767,3022,1651688814,24.316667,-0.141667,-0.070193,10236.42213,31.916142,0
11768,3022,1651688815,24.175,-0.016667,-0.135579,10176.785674,38.076269,0
11769,3022,1651688815,9.188889,0.120833,-0.010493,3868.184191,-5.928738,1
11770,3022,1651688817,9.430556,0.169444,0.0,3969.916967,-3.004851,0
11771,3022,1651688819,24.241667,-0.519444,-0.046201,10204.849889,-25.611053,1
11772,3022,1651688823,3.525,0.805556,0.0,1483.895326,16.692528,1
11773,3022,1651688830,9.575,-0.301389,-0.024619,4030.722765,-16.969464,1
11774,3022,1651688835,4.152778,0.45,-0.093658,1748.166676,18.954768,1
11775,3022,1651688836,7.408333,-1.55,-0.044101,3118.635803,-80.205205,1
11776,3022,1651688838,6.388889,1.344444,-0.073909,2689.487194,99.695138,1
11777,3022,1651688839,2.819444,0.430556,-0.052493,1186.882392,30.513066,1
11778,3022,1651688840,3.25,0.911111,-0.053306,1368.130442,121.901805,1
11779,3022,1651688841,4.161111,5.763889,-0.036371,1751.674703,181.039229,1
11780,3022,1651688842,9.925,1.455556,-0.042738,4178.059889,135.282234,1
11781,3022,1651688843,11.380556,0.591667,-0.051272,4790.795232,96.215049,1
11782,3022,1651688849,17.716667,1.230556,-0.073979,7458.064924,54.446336,1
11783,3022,1651688849,3.6,1.122222,0.0,1515.467567,-1.95029,1
11784,3022,1651688852,19.411111,1.316667,0.0,8171.363701,26.374135,0
11785,3022,1651688853,20.727778,0.436111,-0.084866,8725.631932,65.954834,0
11786,3022,1651688854,21.163889,1.255556,-0.124843,8909.218666,85.531867,1
11787,3022,1651688855,7.655556,0.975,0.074739,3222.707264,3.200595,0
11788,3022,1651688857,23.688889,0.347222,-0.025653,9972.150779,2.66897,0
11789,3022,1651688863,15.911111,0.247222,-0.060094,6697.992456,6.280467,0
11790,3022,1651688865,15.686111,0.390278,-0.048994,6603.275733,14.068786,0
11791,3022,1651688867,22.161111,-0.761111,0.115943,9329.012537,-133.674093,1
11792,3022,1651688881,1.872222,-1.322222,0.0,788.136682,-91.548313,1
11793,3022,1651688889,3.875,1.336111,0.032242,1631.23245,5.653684,0
11794,3022,1651688892,5.783333,0.286111,0.0,2434.570582,-0.476443,1
11795,3022,1651688895,8.422222,0.009722,0.0318,3545.445727,-31.023315,1
11796,3022,1651688898,7.213889,-1.236111,-0.035338,3036.781845,-66.380752,1
11797,3022,1651688901,0.175,0.025,0.0,73.668562,1.507076,0
11798,3022,1651688902,0.2,0.058333,0.0,84.192643,3.517029,0
11799,3022,1651688910,3.847222,1.533333,0.0,1619.539028,92.632083,1
11800,3022,1651688911,5.380556,1.786111,0.028947,2265.015954,45.630723,1
11801,3022,1651688915,7.938889,0.905556,0.0,3341.980174,39.600881,1
11802,3022,1651688916,8.844444,1.497222,0.0,3723.185751,55.921773,1
11803,3022,1651688932,18.905556,0.366667,-0.031753,7958.54341,14.571449,0
11804,3022,1651688934,19.786111,0.627778,0.064097,8329.224906,-17.982235,1
11805,3022,1651688942,19.377778,-0.327778,-0.040678,8157.331594,-13.800693,1
11806,3022,1651688956,0.0,0.0,0.0,0.0,-12.403732,1
11807,3022,1651688963,2.325,1.261111,0.0,978.73947,43.365237,1
11808,3022,1651688971,11.002778,1.055556,0.054461,4631.764685,5.499155,0
11809,3022,1651688972,12.058333,-0.036111,0.072325,5076.114743,-58.777593,1
11810,3022,1651688975,13.544444,1.677778,0.065243,5701.712852,13.231433,0
11811,3022,1651688976,15.222222,0.586111,0.050927,6407.995576,-10.14057,1
11812,3022,1651688979,17.327778,-0.026389,0.031981,7294.357008,-37.088613,1
11813,3022,1651688984,18.083333,0.508333,0.0,7612.418102,1.155289,0
11814,3022,1651688995,13.222222,-2.080556,-0.040192,5566.06915,-116.47486,1
11815,3022,1651689009,7.186111,0.288889,-0.053823,3025.088422,104.649523,1
11816,3022,1651689011,9.727778,2.083333,-0.085653,4095.036589,125.559945,1
11817,3022,1651689012,11.811111,1.158333,-0.082124,4972.043282,91.816865,1
11818,3022,1651689013,12.969444,0.055556,-0.021121,5459.659004,63.211041,1
11819,3022,1651689014,13.025,1.738889,0.018357,5483.045849,70.445655,1
11820,3022,1651689015,14.763889,2.161111,0.0,6215.054103,67.751881,1
11821,3022,1651689017,17.352778,0.483333,-0.029264,7304.881088,35.513406,0
11822,3022,1651689020,19.297222,0.591667,0.0,8123.420669,26.217547,0
11823,3022,1651689021,19.888889,0.436111,0.0,8372.49057,28.767053,0
11824,3022,1651689022,20.325,1.502778,0.0,8556.077304,32.452804,0
11825,3022,1651689026,23.233333,0.277778,-0.038845,9780.378649,34.742547,0
11826,3022,1651689028,25.033333,0.319444,-0.027649,10538.112432,27.354071,0
11827,3022,1651689033,27.063889,0.619444,0.0,11392.901623,1.575604,0
11828,3022,1651689045,29.061111,-0.138889,0.023746,12233.658707,-48.013052,1
11829,3022,1651689048,28.911111,-0.425,-0.04979,12170.514225,-21.899733,1
11830,3022,1651689054,27.719444,-0.197222,0.046101,11668.866396,-63.397191,1
11831,3022,1651689061,19.997222,-2.572222,-0.054973,8418.094918,-141.148656,1
11832,3022,1651689075,0.0,0.0,0.0,0.0,-0.051961,1
11833,3022,1651689076,0.0,0.0,0.0,0.0,29.233391,1
11834,3022,1651689077,0.0,1.5,0.0,0.0,69.425987,1
11835,3022,1651689080,5.052778,1.841667,0.0,2127.033568,97.988736,1
11836,3022,1651689081,6.894444,1.836111,0.0,2902.307485,98.546582,1
11837,3022,1651689082,8.730556,1.738889,0.0,3675.242718,101.51836,1
11838,3022,1651689085,13.916667,0.797222,-0.130743,5858.404714,104.745437,1
11839,3022,1651689086,14.713889,0.044444,-0.159618,6194.005942,106.197319,1
11840,3022,1651689095,23.608333,0.636111,-0.134319,9938.239854,60.613572,0
11841,3022,1651689102,19.975,-0.452778,0.024393,8408.74018,-59.973926,1
11842,3022,1651689105,16.0,-1.023611,0.058337,6735.411408,-111.956898,1
11843,3022,1651689113,7.197222,-1.991667,0.0,3029.765791,-132.714416,1
11844,3022,1651689117,0.0,0.0,0.0,0.0,-5.146231,0
11845,3022,1651689119,0.0,0.0,0.0,0.0,-0.857705,0
11846,3022,1651689120,0.0,0.0,0.0,0.0,-0.142951,0
11847,3022,1651689125,2.783333,1.094444,0.0,1171.680943,95.026947,1
11848,3022,1651689126,3.877778,2.347222,-0.035556,1632.401793,100.191455,1
11849,3022,1651689128,6.913889,1.816667,-0.03757,2910.492881,86.328534,1
11850,3022,1651689129,8.730556,0.751389,-0.038589,3675.242718,70.736795,1
11851,3022,1651689131,10.233333,1.377778,-0.034971,4307.85688,43.335742,1
11852,3022,1651689137,12.747222,0.161111,0.109881,5366.111624,-69.108842,1
11853,3022,1651689139,13.725,-0.4,0.117141,5777.720098,-107.60325,1
11854,3022,1651689150,16.905556,0.138889,0.052073,7116.616984,-38.673561,1
11855,3022,1651689153,18.022222,0.816667,0.061731,7586.692572,-4.106034,1
11856,3022,1651689159,20.747222,0.3,-0.018537,8733.817328,-1.926041,1
11857,3022,1651689160,21.047222,0.533333,0.055011,8860.106291,-19.201664,1
11858,3022,1651689174,23.063889,0.311111,0.0,9709.048771,-1.76765,1
11859,3022,1651689192,14.641667,-2.347222,0.0,6163.603044,-156.836687,1
11860,3022,1651689193,12.294444,-6.063889,0.0,5175.508835,-379.921019,1
11861,3022,1651689205,0.0,0.0,0.0,0.0,-8.2e-05,1
11862,3022,1651689210,2.566667,2.263889,0.0,1080.472247,91.209648,1
11863,3022,1651689211,4.830556,0.9,-0.034972,2033.486187,46.889137,1
11864,3022,1651689215,8.113889,1.113889,0.029541,3415.648737,46.111796,1
11865,3022,1651689218,11.622222,0.944444,0.06385,4892.528009,4.929249,0
11866,3022,1651689219,12.566667,1.338889,0.0,5290.104377,39.013834,1
11867,3022,1651689220,13.905556,1.194444,-0.018792,5853.727345,45.976891,1
11868,3022,1651689221,15.1,0.177778,-0.026865,6356.544516,40.951698,1
11869,3022,1651689224,17.125,0.7,-0.011734,7208.995023,21.10643,0
11870,3022,1651689232,20.011111,0.438889,0.081859,8423.941629,-39.918174,1
11871,3022,1651689234,21.205556,0.991667,0.00927,8926.7588,15.059986,0
11872,3022,1651689235,22.197222,0.222222,-0.030603,9344.213986,16.958083,0
11873,3022,1651689245,22.383333,0.030556,0.046316,9422.559918,-45.378678,1
11874,3022,1651689251,22.686111,0.35,-0.008422,9550.018224,3.499132,0
11875,3022,1651689267,26.808333,0.158333,0.014988,11285.322135,-22.868943,1
11876,3022,1651689279,26.711111,0.322222,0.014415,11244.395156,-12.563512,1
11877,3022,1651689310,0.0,0.0,0.0,0.0,-5.78456,1
11878,3022,1651689316,0.0,0.0,0.0,0.0,-0.000744,1
11879,3022,1651689323,0.0,0.0,0.0,0.0,-0.0,1
11880,3022,1651689330,0.0,0.0,0.0,0.0,-0.0,1
11881,3022,1651689331,0.0,0.0,0.0,0.0,-0.0,1
11882,3022,1651689333,0.0,0.0,0.0,0.0,-0.0,1
11883,3022,1651689336,0.0,0.0,0.0,0.0,15.184256,1
11884,3022,1651689337,0.0,0.563889,0.0,0.0,43.29776,1
11885,3022,1651689341,2.730556,1.694444,-0.118505,1149.46344,127.80574,1
11886,3022,1651689342,4.425,1.969444,-0.08991,1862.762218,118.645718,1
11887,3022,1651689345,8.108333,1.727778,-0.035921,3413.310052,94.809857,1
11888,3022,1651689346,9.836111,1.286111,-0.018029,4140.640937,90.106871,1
11889,3022,1651689348,13.127778,1.183333,0.0,5526.311513,75.960824,1
11890,3022,1651689349,14.311111,1.719444,0.0,6024.451315,69.498008,1
11891,3022,1651689352,17.613889,0.813889,-0.024931,7414.79926,56.267909,1
11892,3022,1651689354,19.872222,-0.127778,-0.059775,8365.474516,22.102191,0
11893,3022,1651689357,19.611111,0.972222,-0.023364,8255.556344,37.137985,0
11894,3022,1651689358,20.583333,1.402778,0.026472,8664.826134,30.39641,0
11895,3022,1651689359,21.986111,1.441667,0.095917,9255.343975,1.365038,0
11896,3022,1651689363,24.102778,0.1875,-0.051241,10146.382776,9.098856,0
11897,3022,1651689371,24.272222,-0.294444,0.040422,10217.712653,-62.972607,1
11898,3022,1651689374,23.227778,0.005556,0.008584,9778.039964,-25.364224,1
11899,3022,1651689376,23.022222,-0.211111,0.0,9691.508637,-33.227667,1
11900,3022,1651689377,22.811111,0.027778,-0.028457,9602.638626,-1.932586,1
11901,3022,1651689380,23.113889,0.222222,0.012598,9730.096932,-14.570341,1
11902,3022,1651689385,23.202778,-0.058333,0.080425,9767.515884,-71.338255,1
11903,3022,1651689386,23.144444,-0.122222,0.120586,9742.959697,-98.585401,1
11904,3022,1651689394,22.65,0.15,0.137781,9534.816775,-91.79307,1
11905,3022,1651689406,22.8,-0.133333,0.111834,9597.961257,-93.896285,1
11906,3022,1651689412,22.786111,-0.094444,0.053853,9592.114545,-57.636992,1
11907,3022,1651689444,25.275,0.152778,-0.012529,10639.845209,-5.713,1
11908,3022,1651689482,0.694444,-0.463889,0.0,292.335565,-39.738191,1
11909,3022,1651689489,0.0,0.0,0.0,0.0,32.04866,1
11910,3022,1651689493,6.744444,0.705556,0.0,2839.163003,85.382877,1
11911,3022,1651689494,7.45,2.302778,-0.036351,3136.175937,103.718548,1
11912,3022,1651689498,12.311111,1.480556,-0.047272,5182.524889,50.175379,1
11913,3022,1651689500,14.477778,1.911111,-0.102285,6094.611851,96.493251,1
11914,3022,1651689501,16.388889,0.386111,-0.048483,6899.119324,82.671188,1
11915,3022,1651689505,19.033333,-0.244444,0.026004,8012.333154,-47.75108,1
11916,3022,1651689514,23.5,0.786111,0.015983,9892.635506,17.634394,0
11917,3022,1651689515,24.286111,0.204167,-0.024067,10223.559365,34.197851,0
11918,3022,1651689518,25.880556,0.686111,-0.058773,10894.761821,56.88706,0
11919,3022,1651689519,26.566667,0.833333,-0.06976,11183.589359,43.221524,0
11920,3022,1651689520,27.4,-0.35,-0.099599,11534.392036,9.33571,0
11921,3022,1651689524,26.247222,0.152778,-0.069315,11049.114999,-1.020807,1
11922,3022,1651689528,26.675,0.251389,-0.036882,11229.193707,21.83154,0
11923,3022,1651689530,27.177778,0.227778,-0.077567,11440.844656,27.034372,0
11924,3022,1651689531,27.405556,-0.258333,-0.127364,11536.730721,21.327191,0
11925,3022,1651689536,26.9,0.133333,-0.059886,11323.91043,7.051804,0
11926,3022,1651689539,27.816667,0.175,-0.055713,11709.793375,6.007458,0
11927,3022,1651689543,28.486111,0.069444,-0.115262,11991.604859,31.096402,0
11928,3022,1651689545,28.583333,0.180556,-0.09802,12032.531838,23.124023,0
11929,3022,1651689555,28.519444,0.452778,-0.052597,12005.636966,17.774855,0
11930,3022,1651689558,29.091667,-0.047222,-0.084453,12246.521472,39.727855,0
11931,3022,1651689564,30.486111,-0.047222,-0.081583,12833.531285,-1.018958,1
11932,3022,1651689565,30.438889,-0.641667,-0.058803,12813.652467,-31.165142,1
11933,3022,1651689577,26.252778,-3.711111,-0.029541,11051.453684,-229.547242,1
11934,3022,1651689586,15.233333,-0.730556,-0.013871,6412.672945,-51.483285,1
11935,3022,1651689590,9.708333,-1.955556,-0.086654,4086.851193,-80.320143,0
11936,3022,1651689592,6.163889,-0.047222,-0.053307,2594.770471,-1.954743,0
11937,3022,1651689594,5.802778,1.961111,0.0,2442.755978,45.858492,1
11938,3022,1651689595,7.763889,1.165278,0.014978,3268.311612,49.368179,1
11939,3022,1651689600,11.147222,0.511111,0.058234,4692.570483,-17.174988,1
11940,3022,1651689601,11.658333,2.402778,0.0,4907.729458,44.431407,1
11941,3022,1651689602,14.061111,0.822222,0.0,5919.210512,51.679899,1
11942,3022,1651689603,14.883333,1.45,0.0,6265.33582,43.945533,1
11943,3022,1651689604,16.333333,0.191667,-0.018517,6875.732479,22.192304,0
11944,3022,1651689609,18.127778,0.444444,0.040742,7631.127578,-14.306567,1
11945,3022,1651689612,19.436111,0.883333,0.033509,8181.887782,2.98827,0
11946,3022,1651689613,20.319444,0.622222,0.031575,8553.73862,4.669104,0
11947,3022,1651689643,1.038889,2.536111,0.092595,437.334005,47.802179,1
11948,3022,1651689652,11.652778,0.863889,0.0,4905.390774,19.887462,1
11949,3022,1651689653,12.516667,1.619444,0.0,5269.056216,17.987517,1
11950,3022,1651689659,14.25,-1.152778,0.037805,5998.725785,-106.829559,1
11951,3022,1651689662,14.925,0.55,0.0,6282.875954,30.490654,1
11952,3022,1651689663,15.475,1.019444,-0.012346,6514.405721,41.572012,1
11953,3022,1651689664,16.494444,0.6,-0.03351,6943.55433,48.894924,1
11954,3022,1651689665,17.094444,0.844444,-0.054472,7196.132258,57.40481,1
11955,3022,1651689666,17.938889,0.880556,-0.040743,7551.612304,56.589752,1
11956,3022,1651689678,20.727778,-0.572222,0.038293,8725.631932,-75.843259,1
11957,3022,1651689679,20.155556,0.155556,0.050914,8484.747427,-38.974774,1
11958,3022,1651689697,24.044444,-0.327778,-0.024688,10121.826588,-26.542521,1
11959,3022,1651689699,23.5,-0.045833,-0.058044,9892.635506,1.734504,0
11960,3022,1651689702,23.880556,0.272222,-0.036948,10052.835395,3.092403,0
11961,3022,1651689720,19.111111,0.977778,-0.093056,8045.074737,75.958877,1
11962,3022,1651689722,21.513889,0.447222,-0.046629,9056.555791,23.78559,0
11963,3022,1651689758,7.566667,1.908333,0.0,3185.288312,93.658867,1
11964,3022,1651689759,9.475,2.172222,-0.017106,3988.626443,96.063216,1
11965,3022,1651689760,11.647222,0.7,-0.01533,4903.052089,92.325626,1
11966,3022,1651689762,14.836111,1.544444,-0.056896,6245.457002,85.646078,1
11967,3022,1651689763,16.380556,-0.022222,-0.069502,6895.611297,50.105039,1
11968,3022,1651689768,17.680556,-0.333333,-0.087389,7442.863474,17.042162,0
11969,3022,1651689775,8.15,-2.052778,0.0,3430.850186,-136.640756,1
11970,3022,1651689780,3.111111,3.016667,0.0,1309.663329,114.637508,1
11971,3022,1651689781,6.127778,2.011111,-0.041917,2579.569022,139.72123,1
11972,3022,1651689782,8.138889,3.175,-0.050414,3426.172817,129.205595,1
11973,3022,1651689783,11.313889,0.538889,-0.027324,4762.731018,72.609342,1
11974,3022,1651689786,12.094444,0.097222,-0.042023,5091.316193,9.223694,0
11975,3022,1651689789,14.177778,0.397222,0.0,5968.322887,22.055783,0
11976,3022,1651689800,6.275,-2.591667,0.0,2641.544162,-168.691458,1
11977,3022,1651689806,0.205556,0.119444,0.0,86.531327,7.202189,0
11978,3022,1651689807,0.325,0.272222,0.0,136.813044,4.657896,0
11979,3022,1651689811,0.0,0.0,0.0,0.0,29.027377,1
11980,3022,1651689813,0.947222,4.058333,-0.046167,398.74571,145.165415,1
11981,3022,1651689815,7.419444,0.555556,0.0,3123.313172,75.629721,1
11982,3022,1651689822,11.019444,-0.983333,0.0,4638.780739,-73.056918,1
11983,3022,1651689825,8.097222,-0.361111,-0.037026,3408.632683,-12.8464,1
11984,3022,1651689826,7.736111,-0.991667,0.0,3256.618189,-72.543901,1
11985,3022,1651689838,1.913889,0.827778,0.0,805.676816,0.322771,0
11986,3022,1651689844,3.458333,1.738889,-0.035139,1455.831112,60.887635,1
11987,3022,1651689847,8.116667,0.372222,0.0,3416.818079,19.830208,1
11988,3022,1651689850,7.825,-0.936111,0.0,3294.037142,-69.216532,1
11989,3022,1651689857,7.716667,1.491667,0.0,3248.432794,44.640621,1
11990,3022,1651689863,4.425,3.863889,-0.050993,1862.762218,102.125586,1
11991,3022,1651689864,8.288889,0.822222,-0.035219,3489.317299,70.288667,1
11992,3022,1651689874,5.602778,1.841667,0.0,2358.563335,74.687417,1
11993,3022,1651689878,7.875,-2.158333,-0.044998,3315.085302,-116.480165,1
11994,3022,1651689880,5.058333,0.641667,-0.051929,2129.372252,7.990221,0
11995,3022,1651689884,5.613889,-1.411111,0.0,2363.240704,-97.370529,1
11996,3022,1651689889,3.416667,0.322222,0.0,1438.290978,13.285645,1
11997,3022,1651689890,3.738889,1.775,0.0,1573.93468,67.376272,1
11998,3022,1651689891,5.513889,2.866667,0.0,2321.144383,66.254418,1
11999,3022,1651689895,8.530556,0.627778,0.0,3591.050075,25.110255,1
12000,3022,1651689899,12.233333,0.030556,0.0,5149.783306,-12.381634,1
