sample_id,profile_id,time_index,speed_rpm,torque_proxy_nm,voltage_v,current_a,ambient_temp_c,temperature_c,max_bridge_temp_c,is_allowed
1,1,0.0,95.492966,5.642229,21.994135,6.118761,25.0,11.430371,12.229922,1
2,1,0.1,95.492966,5.587977,21.994135,6.126954,25.0,11.95409,12.646151,1
3,1,0.2,95.492966,12.912023,21.994135,6.078809,25.0,11.43023,12.229922,1
4,1,0.3,95.492966,9.042033,21.994135,6.039383,25.0,11.843363,12.479497,1
5,1,0.4,95.492966,5.533724,17.106549,6.02235,25.0,11.320267,12.229922,1
6,1,0.5,95.492966,9.222874,17.106549,6.02235,25.0,11.457778,12.229922,1
7,1,0.6,95.492966,5.370968,21.994135,5.991331,25.0,11.457942,12.313061,1
8,1,0.7,95.492966,1.826491,26.88172,5.974161,25.0,11.457942,12.313061,1
9,1,0.8,95.492966,5.370968,26.88172,5.821461,25.0,11.623469,12.313061,1
10,1,0.9,95.492966,5.533724,17.106549,6.02235,25.0,11.457942,12.313061,1
11,1,1.0,95.492966,9.222874,17.106549,6.078809,25.0,11.485342,12.229922,1
12,1,1.1,95.492966,12.785435,17.106549,5.974161,25.0,11.457778,12.229922,1
13,1,1.2,95.492966,1.844575,26.88172,6.078809,25.0,11.595842,12.313061,1
14,1,1.3,95.492966,9.584555,17.106549,6.215214,25.0,11.45765,12.229922,1
15,1,1.4,95.492966,9.132454,17.106549,6.087448,25.0,11.457942,12.313061,1
16,1,1.5,95.492966,5.479472,17.106549,6.087448,25.0,11.430371,12.229922,1
17,1,1.6,95.492966,5.696481,26.88172,6.110948,25.0,10.989043,11.401305,1
18,1,1.7,95.492966,9.132454,17.106549,6.144475,25.0,11.650172,12.313061,1
19,1,1.8,95.492966,9.403715,21.994135,6.118761,25.0,11.402823,12.229922,1
20,1,1.9,95.492966,9.132454,21.994135,6.087448,25.0,11.540526,12.396252,1
21,1,2.0,95.492966,8.861193,21.994135,5.943292,25.0,11.457942,12.313061,1
22,1,2.1,95.492966,8.861193,12.218964,5.886346,25.0,11.67874,12.229922,1
23,1,2.2,95.492966,9.042033,21.994135,5.925983,25.0,11.430409,12.313061,1
24,1,2.3,95.492966,9.132454,21.994135,5.974161,25.0,11.457942,12.313061,1
25,1,2.4,95.492966,9.132454,17.106549,6.087448,25.0,11.485491,12.313061,1
26,1,2.5,95.492966,5.587977,21.994135,6.126954,25.0,11.568435,12.313061,1
27,1,2.6,95.492966,9.313294,26.88172,6.126954,25.0,11.154503,11.566642,1
28,1,2.7,95.492966,9.494135,12.218964,6.166983,25.0,11.485491,12.313061,1
29,1,2.8,95.492966,9.403715,26.88172,6.175112,25.0,11.182944,11.980819,1
30,1,2.9,95.492966,9.494135,17.106549,6.22328,25.0,11.485491,12.313061,1
31,1,3.0,95.492966,9.494135,46.432063,6.110948,25.0,11.761501,12.729561,1
32,1,3.1,95.492966,1.898827,21.994135,6.110948,25.0,11.375429,12.229922,1
33,1,3.2,95.492966,5.587977,17.106549,6.07055,25.0,11.960161,13.819292,1
34,1,3.3,95.492966,12.912023,21.994135,6.078809,25.0,11.485673,12.396252,1
35,1,3.4,95.492966,5.587977,17.106549,6.07055,25.0,12.986973,16.900151,1
36,1,3.5,95.492966,9.042033,31.769306,6.039383,25.0,11.046348,12.313061,1
37,1,3.6,95.492966,8.951613,21.994135,6.048473,25.0,11.457942,12.313061,1
38,1,3.7,95.492966,9.313294,21.994135,6.07055,25.0,11.402891,12.313061,1
39,1,3.8,95.492966,8.951613,21.994135,5.991331,25.0,11.457942,12.313061,1
40,1,3.9,95.492966,12.658847,31.769306,5.982552,25.0,11.84507,12.479497,1
41,1,4.0,95.492966,9.042033,26.88172,5.925983,25.0,11.402891,12.313061,1
42,1,4.1,95.492966,16.601173,26.88172,5.966159,25.0,11.458266,12.396252,1
43,1,4.2,95.492966,12.912023,21.994135,6.02235,25.0,11.485491,12.313061,1
44,1,4.3,95.492966,42.42522,17.106549,6.078809,25.0,11.457942,12.313061,1
45,1,4.4,95.492966,5.750733,26.88172,6.048079,25.0,11.78872,12.646151,1
46,1,4.5,95.492966,9.494135,26.88172,6.110948,25.0,11.458084,12.313061,1
47,1,4.6,95.492966,9.313294,21.994135,6.07055,25.0,11.733417,12.562796,1
48,1,4.7,95.492966,8.951613,12.218964,6.048473,25.0,11.457942,12.313061,1
49,1,4.8,95.492966,8.951613,12.218964,5.991331,25.0,11.815815,12.479497,1
50,1,4.9,95.492966,9.132454,17.106549,5.974161,25.0,11.375387,12.313061,1
51,1,5.0,95.492966,8.861193,17.106549,5.943292,25.0,11.457942,12.313061,1
52,1,5.1,95.492966,5.533724,17.106549,5.966159,25.0,11.485673,12.396252,1
53,1,5.2,95.492966,9.042033,31.769306,5.982552,25.0,11.457942,12.313061,1
54,1,5.3,95.492966,2.115836,26.88172,6.635696,25.0,11.623469,12.313061,1
55,1,5.4,95.492966,9.132454,26.88172,5.974161,25.0,11.457942,12.313061,1
56,1,5.5,95.492966,5.479472,12.218964,5.974161,25.0,11.623401,12.229922,1
57,1,5.6,95.492966,9.403715,21.994135,6.062675,25.0,11.457942,12.313061,1
58,1,5.7,95.492966,13.291789,21.994135,6.110948,25.0,12.432807,14.325898,1
59,1,5.8,95.492966,5.587977,21.994135,6.07055,25.0,11.155016,11.815002,1
60,1,5.9,95.492966,9.403715,26.88172,6.175112,25.0,11.485491,12.313061,1
61,1,6.0,95.492966,5.696481,26.88172,6.166983,25.0,11.265832,12.146836,1
62,1,6.1,95.492966,9.313294,12.218964,6.07055,25.0,11.457942,12.313061,1
63,1,6.2,95.492966,9.584555,7.331378,6.15923,25.0,12.040156,13.48288,1
64,1,6.3,95.492966,9.313294,17.106549,6.07055,25.0,11.403142,12.313061,1
65,1,6.4,95.492966,13.038612,12.218964,6.07055,25.0,11.680773,13.063774,1
66,1,6.5,95.492966,9.222874,17.106549,6.078809,25.0,11.513221,12.396252,1
67,1,6.6,95.492966,9.222874,17.106549,6.078809,25.0,12.214525,14.665029,1
68,1,6.7,95.492966,9.042033,17.106549,6.039383,25.0,11.101073,12.313061,1
69,1,6.8,95.492966,12.785435,26.88172,6.030675,25.0,11.457942,12.313061,1
70,1,6.9,95.492966,9.042033,26.88172,5.869683,25.0,11.430621,12.396252,1
71,1,7.0,95.492966,12.912023,17.106549,6.02235,25.0,11.458266,12.396252,1
72,1,7.1,95.492966,9.222874,17.106549,6.078809,25.0,11.540635,12.313061,1
73,1,7.2,95.492966,5.587977,21.994135,6.07055,25.0,11.485362,12.313061,1
74,1,7.3,95.492966,9.494135,26.88172,6.110948,25.0,11.457942,12.313061,1
75,1,7.4,95.492966,9.765396,21.994135,6.200206,25.0,11.43069,12.313061,1
76,1,7.5,95.492966,5.642229,21.994135,6.118761,25.0,11.458266,12.396252,1
77,1,7.6,95.492966,9.403715,17.106549,6.231719,25.0,11.735153,12.980133,1
78,1,7.7,95.492966,9.584555,21.994135,6.15923,25.0,11.430536,12.313061,1
79,1,7.8,95.492966,5.642229,31.769306,6.118761,25.0,11.954571,12.813028,1
80,1,7.9,95.492966,9.313294,26.88172,6.07055,25.0,11.485491,12.313061,1
81,1,8.0,95.492966,5.316716,12.218964,6.000494,25.0,11.712325,13.650957,1
82,1,8.1,95.492966,8.861193,17.106549,5.943292,25.0,11.210675,12.313061,1
83,1,8.2,95.492966,5.587977,21.994135,6.014412,25.0,11.485673,12.396252,1
84,1,8.3,95.492966,9.313294,17.106549,6.07055,25.0,11.430409,12.313061,1
85,1,8.4,95.492966,9.222874,26.88172,6.135526,25.0,11.458266,12.396252,1
86,1,8.5,95.492966,9.313294,26.88172,6.07055,25.0,11.513379,12.396252,1
87,1,8.6,95.492966,9.403715,21.994135,6.175112,25.0,11.512911,12.313061,1
88,1,8.7,95.492966,13.1652,26.88172,6.231719,25.0,11.485673,12.396252,1
89,1,8.8,95.492966,5.696481,12.218964,6.166983,25.0,11.403142,12.313061,1
90,1,8.9,95.492966,13.418377,17.106549,6.215214,25.0,11.458266,12.396252,1
91,1,9.0,95.492966,5.696481,12.218964,6.110948,25.0,11.762201,12.896552,1
92,1,9.1,95.492966,9.584555,26.88172,6.215214,25.0,11.430371,12.229922,1
93,1,9.2,95.492966,9.494135,26.88172,6.166983,25.0,11.926749,12.729561,1
94,1,9.3,95.492966,5.587977,12.218964,6.126954,25.0,11.485673,12.396252,1
95,1,9.4,95.492966,5.533724,21.994135,6.078809,25.0,11.684301,13.566886,1
96,1,9.5,95.492966,9.042033,21.994135,5.982552,25.0,11.210985,12.396252,1
97,1,9.6,95.492966,8.861193,17.106549,6.000494,25.0,11.458266,12.396252,1
98,1,9.7,95.492966,5.533724,12.218964,6.078809,25.0,11.485815,12.396252,1
99,1,9.8,95.492966,5.533724,17.106549,6.078809,25.0,11.485673,12.396252,1
100,1,9.9,95.492966,9.042033,21.994135,6.039383,25.0,11.568365,12.396252,1
101,1,10.0,95.492966,9.313294,17.106549,6.126954,25.0,11.540641,12.396252,1
102,1,10.1,95.492966,13.038612,17.106549,6.07055,25.0,11.458266,12.396252,1
103,1,10.2,95.492966,9.313294,17.106549,6.126954,25.0,11.375761,12.313061,1
104,1,10.3,95.492966,5.750733,12.218964,6.215214,25.0,11.485673,12.396252,1
105,1,10.4,95.492966,9.313294,17.106549,6.183617,25.0,11.957643,13.48288,1
106,1,10.5,95.492966,9.313294,21.994135,6.07055,25.0,11.458266,12.396252,1
107,1,10.6,95.492966,5.750733,12.218964,6.15923,25.0,11.761202,12.646151,1
108,1,10.7,95.492966,5.479472,21.994135,6.087448,25.0,11.485673,12.396252,1
109,1,10.8,95.492966,1.880743,7.331378,6.118761,25.0,11.402676,12.146836,1
110,1,10.9,95.492966,9.132454,17.106549,6.030675,25.0,11.486014,12.479497,1
111,1,11.0,95.492966,5.587977,17.106549,6.07055,25.0,11.568365,12.396252,1
112,1,11.1,95.492966,9.403715,26.88172,6.118761,25.0,11.513221,12.396252,1
113,1,11.2,95.492966,9.222874,26.88172,6.078809,25.0,11.513379,12.396252,1
114,1,11.3,95.492966,5.696481,17.106549,6.110948,25.0,11.485673,12.396252,1
115,1,11.4,95.492966,5.587977,17.106549,6.07055,25.0,11.292065,11.815002,1
116,1,11.5,95.492966,9.222874,21.994135,6.078809,25.0,11.458266,12.396252,1
117,1,11.6,95.492966,12.912023,17.106549,6.135526,25.0,11.375429,12.229922,1
118,1,11.7,95.492966,1.790323,26.88172,5.991331,25.0,11.485673,12.396252,1
119,1,11.8,95.492966,9.222874,21.994135,6.02235,25.0,11.403117,12.396252,1
120,1,11.9,95.492966,5.370968,21.994135,5.991331,25.0,11.486014,12.479497,1
121,1,12.0,95.492966,9.403715,21.994135,6.062675,25.0,11.734183,12.396252,1
122,1,12.1,95.492966,13.1652,17.106549,6.062675,25.0,11.458481,12.479497,1
123,1,12.2,95.492966,5.479472,17.106549,5.974161,25.0,11.65132,12.479497,1
124,1,12.3,95.492966,5.587977,21.994135,6.07055,25.0,11.458266,12.396252,1
125,1,12.4,95.492966,9.584555,21.994135,6.15923,25.0,11.734254,12.479497,1
126,1,12.5,95.492966,9.584555,21.994135,6.15923,25.0,11.513093,12.396252,1
127,1,12.6,95.492966,5.587977,17.106549,6.126954,25.0,11.319788,11.980819,1
128,1,12.7,95.492966,9.584555,17.106549,6.15923,25.0,11.458266,12.396252,1
129,1,12.8,95.492966,9.674976,21.994135,6.263456,25.0,11.467652,13.735092,1
130,1,12.9,95.492966,9.494135,17.106549,6.166983,25.0,11.375761,12.313061,1
131,1,13.0,95.492966,9.494135,17.106549,6.110948,25.0,11.848024,13.48288,1
132,1,13.1,95.492966,9.494135,21.994135,6.110948,25.0,11.486014,12.479497,1
133,1,13.2,95.492966,5.533724,17.106549,6.078809,25.0,11.763034,13.063774,1
134,1,13.3,95.492966,12.658847,17.106549,5.982552,25.0,11.430963,12.479497,1
135,1,13.4,95.492966,9.222874,21.994135,6.02235,25.0,11.513421,12.479497,1
136,1,13.5,95.492966,5.42522,21.994135,5.925983,25.0,11.486014,12.479497,1
137,1,13.6,95.492966,12.658847,17.106549,5.982552,25.0,11.568707,12.479497,1
138,1,13.7,95.492966,8.951613,26.88172,5.934443,25.0,11.403376,12.479497,1
139,1,13.8,95.492966,12.912023,21.994135,6.02235,25.0,11.458266,12.396252,1
140,1,13.9,95.492966,9.313294,17.106549,6.126954,25.0,11.486014,12.479497,1
141,1,14.0,95.492966,9.222874,17.106549,6.078809,25.0,11.98443,12.896552,1
142,1,14.1,95.492966,13.1652,21.994135,6.118761,25.0,11.485673,12.396252,1
143,1,14.2,95.492966,5.479472,21.994135,6.087448,25.0,11.486014,12.479497,1
144,1,14.3,95.492966,9.494135,26.88172,6.110948,25.0,11.458266,12.396252,1
145,1,14.4,95.492966,5.804985,12.218964,6.207522,25.0,11.198772,13.987889,1
146,1,14.5,95.492966,9.132454,12.218964,6.087448,25.0,11.348048,12.229922,1
147,1,14.6,95.492966,9.494135,21.994135,6.110948,25.0,11.625033,12.896552,1
148,1,14.7,95.492966,9.403715,17.106549,6.062675,25.0,11.513421,12.479497,1
149,1,14.8,95.492966,12.912023,26.88172,6.078809,25.0,11.739657,13.650957,1
150,1,14.9,95.492966,5.587977,21.994135,6.126954,25.0,11.403459,12.479497,1
151,1,15.0,95.492966,9.132454,7.331378,5.974161,25.0,11.486014,12.479497,1
152,1,15.1,95.492966,9.313294,21.994135,6.07055,25.0,11.486014,12.479497,1
153,1,15.2,95.492966,15.950147,26.88172,5.943292,25.0,10.992989,12.562796,1
154,1,15.3,95.492966,8.951613,21.994135,5.934443,25.0,11.376261,12.562796,1
155,1,15.4,95.492966,20.688172,21.994135,6.006861,25.0,11.486014,12.479497,1
156,1,15.5,95.492966,5.642229,21.994135,6.006861,25.0,11.486014,12.479497,1
157,1,15.6,95.492966,1.862659,21.994135,6.126954,25.0,12.123931,13.315054,1
158,1,15.7,95.492966,9.222874,21.994135,6.078809,25.0,11.458084,12.313061,1
159,1,15.8,95.492966,9.494135,26.88172,6.110948,25.0,11.513421,12.479497,1
160,1,15.9,95.492966,9.584555,21.994135,6.215214,25.0,11.458621,12.479497,1
161,1,16.0,95.492966,5.642229,21.994135,6.062675,25.0,11.513221,12.396252,1
162,1,16.1,95.492966,13.1652,17.106549,6.118761,25.0,11.402534,12.146836,1
163,1,16.2,95.492966,13.1652,17.106549,6.118761,25.0,11.513781,12.562796,1
164,1,16.3,95.492966,5.587977,17.106549,6.07055,25.0,11.513421,12.479497,1
165,1,16.4,95.492966,13.038612,26.88172,6.126954,25.0,12.214525,14.665029,1
166,1,16.5,95.492966,9.313294,12.218964,6.07055,25.0,11.348495,12.479497,1
167,1,16.6,95.492966,8.861193,17.106549,6.000494,25.0,11.486014,12.479497,1
168,1,16.7,95.492966,8.951613,12.218964,5.934443,25.0,11.486014,12.479497,1
169,1,16.8,95.492966,27.939883,21.994135,6.126954,25.0,11.513563,12.479497,1
170,1,16.9,95.492966,5.533724,26.88172,6.02235,25.0,11.321034,12.479497,1
171,1,17.0,95.492966,9.494135,17.106549,6.055184,25.0,11.513421,12.479497,1
172,1,17.1,95.492966,9.132454,21.994135,5.974161,25.0,11.513563,12.479497,1
173,1,17.2,95.492966,9.313294,21.994135,6.126954,25.0,11.486014,12.479497,1
174,1,17.3,95.492966,9.403715,26.88172,6.118761,25.0,11.154761,11.732168,1
175,1,17.4,95.492966,13.418377,21.994135,6.215214,25.0,11.486014,12.479497,1
176,1,17.5,95.492966,5.642229,26.88172,6.231719,25.0,11.403491,12.396252,1
177,1,17.6,95.492966,5.642229,21.994135,6.175112,25.0,11.513781,12.562796,1
178,1,17.7,95.492966,5.533724,17.106549,6.135526,25.0,11.678424,12.562796,1
179,1,17.8,95.492966,5.642229,26.88172,6.062675,25.0,11.486014,12.479497,1
180,1,17.9,95.492966,9.132454,26.88172,6.144475,25.0,11.541188,12.562796,1
181,1,18.0,95.492966,9.042033,21.994135,6.039383,25.0,11.513781,12.562796,1
182,1,18.1,95.492966,1.808407,26.88172,6.039383,25.0,11.129183,12.479497,1
183,1,18.2,95.492966,9.403715,21.994135,6.062675,25.0,11.486014,12.479497,1
184,1,18.3,95.492966,5.533724,36.656891,6.02235,25.0,11.486247,12.562796,1
185,1,18.4,95.492966,5.533724,12.218964,5.966159,25.0,11.513781,12.562796,1
186,1,18.5,95.492966,1.862659,17.106549,6.126954,25.0,11.458481,12.479497,1
187,1,18.6,95.492966,5.750733,21.994135,6.15923,25.0,11.486014,12.479497,1
188,1,18.7,95.492966,5.642229,7.331378,6.118761,25.0,11.376123,12.396252,1
189,1,18.8,95.492966,13.544966,17.106549,6.207522,25.0,11.486014,12.479497,1
190,1,18.9,95.492966,9.494135,26.88172,6.110948,25.0,11.733417,12.562796,1
191,1,19.0,95.492966,9.584555,26.88172,6.103516,25.0,11.486014,12.479497,1
192,1,19.1,95.492966,5.804985,17.106549,6.096467,25.0,11.541188,12.562796,1
193,1,19.2,95.492966,9.403715,31.769306,6.062675,25.0,11.486014,12.479497,1
194,1,19.3,95.492966,9.403715,17.106549,6.118761,25.0,11.129183,12.479497,1
195,1,19.4,95.492966,9.222874,26.88172,6.078809,25.0,11.513781,12.562796,1
196,1,19.5,95.492966,9.222874,21.994135,6.02235,25.0,11.486014,12.479497,1
197,1,19.6,95.492966,16.76393,17.106549,6.014412,25.0,11.513781,12.562796,1
198,1,19.7,95.492966,5.262463,17.106549,5.952529,25.0,11.458729,12.562796,1
199,1,19.8,95.492966,9.222874,26.88172,6.02235,25.0,11.513781,12.562796,1
200,1,19.9,95.492966,5.42522,21.994135,6.039383,25.0,11.513781,12.562796,1
201,1,20.0,95.492966,43.673021,7.331378,6.22328,25.0,11.513781,12.562796,1
202,1,20.1,95.492966,9.222874,26.88172,6.02235,25.0,11.099586,11.566642,1
203,1,20.2,95.492966,9.222874,17.106549,6.135526,25.0,11.513781,12.562796,1
204,1,20.3,95.492966,13.038612,17.106549,6.07055,25.0,11.43104,12.396252,1
205,1,20.4,95.492966,9.584555,12.218964,6.215214,25.0,11.513781,12.562796,1
206,1,20.5,95.492966,12.912023,21.994135,6.135526,25.0,11.51253,12.229922,1
207,1,20.6,95.492966,13.1652,26.88172,6.118761,25.0,11.486014,12.479497,1
208,1,20.7,95.492966,9.494135,26.88172,6.055184,25.0,11.541188,12.562796,1
209,1,20.8,95.492966,9.403715,12.218964,6.062675,25.0,11.513781,12.562796,1
210,1,20.9,95.492966,5.642229,26.88172,6.062675,25.0,11.156539,12.479497,1
211,1,21.0,95.492966,5.533724,7.331378,6.02235,25.0,11.513781,12.562796,1
212,1,21.1,95.492966,1.826491,21.994135,6.030675,25.0,11.513781,12.562796,1
213,1,21.2,95.492966,1.844575,17.106549,6.02235,25.0,11.513781,12.562796,1
214,1,21.3,95.492966,9.222874,7.331378,6.078809,25.0,11.513781,12.562796,1
215,1,21.4,95.492966,5.42522,21.994135,5.982552,25.0,11.817699,12.562796,1
216,1,21.5,95.492966,9.132454,26.88172,5.974161,25.0,11.321353,12.562796,1
217,1,21.6,95.492966,9.403715,17.106549,5.951325,25.0,11.513781,12.562796,1
218,1,21.7,95.492966,9.222874,26.88172,5.966159,25.0,11.541329,12.562796,1
219,1,21.8,95.492966,9.222874,17.106549,6.078809,25.0,11.513781,12.562796,1
220,1,21.9,95.492966,1.862659,21.994135,6.07055,25.0,11.541329,12.562796,1
221,1,22.0,95.492966,5.642229,26.88172,6.118761,25.0,11.071565,11.401305,1
222,1,22.1,95.492966,5.587977,12.218964,6.126954,25.0,11.568608,12.562796,1
223,1,22.2,95.492966,9.403715,21.994135,6.118761,25.0,11.541329,12.562796,1
224,1,22.3,95.492966,9.584555,12.218964,6.215214,25.0,11.293692,12.313061,1
225,1,22.4,95.492966,9.313294,12.218964,6.126954,25.0,11.513781,12.562796,1
226,1,22.5,95.492966,5.696481,17.106549,6.110948,25.0,11.300423,13.315054,1
227,1,22.6,95.492966,9.494135,31.769306,6.110948,25.0,11.650657,12.479497,1
228,1,22.7,95.492966,9.313294,21.994135,6.07055,25.0,11.513781,12.562796,1
229,1,22.8,95.492966,5.587977,21.994135,6.07055,25.0,11.736593,13.231233,1
230,1,22.9,95.492966,5.533724,21.994135,5.966159,25.0,11.541566,12.646151,1
231,1,23.0,95.492966,9.313294,21.994135,6.07055,25.0,11.541329,12.562796,1
232,1,23.1,95.492966,5.42522,17.106549,5.982552,25.0,11.458266,12.396252,1
233,1,23.2,95.492966,5.262463,26.88172,5.952529,25.0,11.458729,12.562796,1
234,1,23.3,95.492966,9.222874,12.218964,6.02235,25.0,11.513781,12.562796,1
235,1,23.4,95.492966,9.313294,21.994135,6.07055,25.0,11.458729,12.562796,1
236,1,23.5,95.492966,9.222874,26.88172,6.02235,25.0,11.513781,12.562796,1
237,1,23.6,95.492966,13.038612,17.106549,6.014412,25.0,11.513781,12.562796,1
238,1,23.7,95.492966,9.222874,21.994135,6.02235,25.0,11.596473,12.562796,1
239,1,23.8,95.492966,9.403715,12.218964,6.175112,25.0,11.375596,12.229922,1
240,1,23.9,95.492966,5.804985,17.106549,6.207522,25.0,11.596521,12.646151,1
241,1,24.0,95.492966,9.222874,21.994135,6.192496,25.0,11.513781,12.562796,1
242,1,24.1,95.492966,9.313294,21.994135,6.126954,25.0,11.321422,12.396252,1
243,1,24.2,95.492966,9.494135,21.994135,6.166983,25.0,11.513781,12.562796,1
244,1,24.3,95.492966,9.494135,17.106549,6.110948,25.0,10.496741,11.401305,1
245,1,24.4,95.492966,5.479472,2.443793,6.087448,25.0,11.430872,12.396252,1
246,1,24.5,95.492966,9.222874,17.106549,6.078809,25.0,11.376261,12.562796,1
247,1,24.6,95.492966,5.479472,21.994135,6.030675,25.0,11.541566,12.646151,1
248,1,24.7,95.492966,1.790323,21.994135,5.934443,25.0,11.541566,12.646151,1
249,1,24.8,95.492966,9.132454,21.994135,6.030675,25.0,11.541566,12.646151,1
250,1,24.9,95.492966,9.042033,17.106549,5.982552,25.0,11.541566,12.646151,1
251,1,25.0,95.492966,13.038612,21.994135,6.014412,25.0,10.965702,12.562796,1
252,1,25.1,95.492966,5.370968,21.994135,5.877817,25.0,11.513781,12.562796,1
253,1,25.2,95.492966,9.222874,26.88172,6.02235,25.0,11.541566,12.646151,1
254,1,25.3,95.492966,17.089443,17.106549,6.110948,25.0,11.541566,12.646151,1
255,1,25.4,95.492966,5.533724,21.994135,6.078809,25.0,11.569114,12.646151,1
256,1,25.5,95.492966,9.313294,31.769306,6.014412,25.0,11.541566,12.646151,1
257,1,25.6,95.492966,17.252199,21.994135,6.103516,25.0,12.207443,13.398936,1
258,1,25.7,95.492966,9.494135,26.88172,5.999698,25.0,11.01694,11.401305,1
259,1,25.8,95.492966,9.403715,26.88172,6.175112,25.0,11.541188,12.562796,1
260,1,25.9,95.492966,5.750733,17.106549,6.15923,25.0,11.569114,12.646151,1
261,1,26.0,95.492966,9.584555,21.994135,6.215214,25.0,11.403871,12.479497,1
262,1,26.1,95.492966,9.584555,21.994135,6.15923,25.0,11.541566,12.646151,1
263,1,26.2,95.492966,13.291789,21.994135,6.166983,25.0,11.7651,13.398936,1
264,1,26.3,95.492966,5.750733,17.106549,6.15923,25.0,11.789005,12.729561,1
265,1,26.4,95.492966,9.494135,17.106549,6.110948,25.0,11.486387,12.562796,1
266,1,26.5,95.492966,13.418377,17.106549,6.15923,25.0,11.876501,13.650957,1
267,1,26.6,95.492966,9.222874,26.88172,6.135526,25.0,11.596776,12.729561,1
268,1,26.7,95.492966,5.479472,21.994135,6.030675,25.0,11.568972,12.646151,1
269,1,26.8,95.492966,9.494135,17.106549,6.110948,25.0,11.712325,13.650957,1
270,1,26.9,95.492966,5.642229,21.994135,6.062675,25.0,11.184305,12.562796,1
271,1,27.0,95.492966,9.132454,17.106549,6.087448,25.0,11.541566,12.646151,1
272,1,27.1,95.492966,5.587977,17.106549,6.07055,25.0,11.541566,12.646151,1
273,1,27.2,95.492966,8.951613,17.106549,5.991331,25.0,11.513921,12.646151,1
274,1,27.3,95.492966,9.132454,21.994135,5.974161,25.0,11.541566,12.646151,1
275,1,27.4,95.492966,9.132454,17.106549,5.974161,25.0,11.541566,12.646151,1
276,1,27.5,95.492966,1.934995,21.994135,6.151857,25.0,11.845484,12.646151,1
277,1,27.6,95.492966,8.951613,26.88172,5.991331,25.0,11.486514,12.646151,1
278,1,27.7,95.492966,5.587977,21.994135,6.014412,25.0,11.541566,12.646151,1
279,1,27.8,95.492966,5.587977,17.106549,6.07055,25.0,11.596678,12.646151,1
280,1,27.9,95.492966,9.132454,17.106549,5.917916,25.0,11.569114,12.646151,1
281,1,28.0,95.492966,5.587977,17.106549,6.126954,25.0,11.569369,12.729561,1
282,1,28.1,95.492966,5.750733,21.994135,6.27146,25.0,11.126617,11.401305,1
283,1,28.2,95.492966,9.403715,21.994135,6.175112,25.0,11.596392,12.646151,1
284,1,28.3,95.492966,5.859238,21.994135,6.255823,25.0,11.569114,12.646151,1
285,1,28.4,95.492966,9.494135,17.106549,6.22328,25.0,11.293692,12.313061,1
286,1,28.5,95.492966,9.494135,26.88172,6.22328,25.0,11.569114,12.646151,1
287,1,28.6,95.492966,9.584555,21.994135,6.15923,25.0,10.415035,11.401305,1
288,1,28.7,95.492966,12.532258,31.769306,6.221361,25.0,11.846794,13.315054,1
289,1,28.8,95.492966,5.479472,17.106549,5.974161,25.0,11.541566,12.646151,1
290,1,28.9,95.492966,5.533724,21.994135,6.02235,25.0,11.541566,12.646151,1
291,1,29.0,95.492966,5.479472,26.88172,6.030675,25.0,11.514032,12.646151,1
292,1,29.1,95.492966,9.222874,21.994135,6.078809,25.0,11.541566,12.646151,1
293,1,29.2,95.492966,23.744379,17.106549,6.030675,25.0,10.748363,12.646151,1
294,1,29.3,95.492966,1.844575,26.88172,6.02235,25.0,11.651665,12.646151,1
295,1,29.4,95.492966,9.222874,21.994135,6.02235,25.0,11.569369,12.729561,1
296,1,29.5,95.492966,16.76393,17.106549,6.07055,25.0,11.541566,12.646151,1
297,1,29.6,95.492966,5.642229,17.106549,6.118761,25.0,11.569114,12.646151,1
298,1,29.7,95.492966,9.403715,26.88172,6.175112,25.0,11.596918,12.729561,1
299,1,29.8,95.492966,5.642229,17.106549,6.118761,25.0,11.845484,12.646151,1
300,1,29.9,95.492966,5.642229,26.88172,6.118761,25.0,11.21,11.897886,1
301,1,30.0,95.492966,13.291789,21.994135,6.22328,25.0,11.596521,12.646151,1
302,1,30.1,95.492966,9.403715,21.994135,6.118761,25.0,11.457942,12.313061,1
303,1,30.2,95.492966,13.291789,21.994135,6.22328,25.0,11.514172,12.646151,1
304,1,30.3,95.492966,5.696481,21.994135,6.166983,25.0,11.541566,12.646151,1
305,1,30.4,95.492966,5.696481,65.982405,6.110948,25.0,11.873316,13.147473,1
306,1,30.5,95.492966,5.804985,26.88172,6.207522,25.0,11.458421,12.396252,1
307,1,30.6,95.492966,9.584555,21.994135,6.103516,25.0,11.541566,12.646151,1
308,1,30.7,95.492966,9.584555,12.218964,6.103516,25.0,11.789749,12.896552,1
309,1,30.8,95.492966,9.222874,17.106549,6.02235,25.0,11.596776,12.729561,1
310,1,30.9,95.492966,9.222874,26.88172,6.078809,25.0,13.279046,17.775945,1
311,1,31.0,95.492966,5.370968,12.218964,6.105864,25.0,11.239106,12.562796,1
312,1,31.1,95.492966,5.587977,17.106549,6.07055,25.0,11.569369,12.729561,1
313,1,31.2,95.492966,9.313294,12.218964,5.958546,25.0,11.569369,12.729561,1
314,1,31.3,95.492966,9.132454,21.994135,5.974161,25.0,11.569369,12.729561,1
315,1,31.4,95.492966,5.42522,21.994135,5.982552,25.0,11.569369,12.729561,1
316,1,31.5,95.492966,9.042033,21.994135,5.982552,25.0,12.012121,12.729561,1
317,1,31.6,95.492966,5.479472,17.106549,5.861945,25.0,11.404389,12.729561,1
318,1,31.7,95.492966,5.587977,17.106549,6.07055,25.0,11.569369,12.729561,1
319,1,31.8,95.492966,9.313294,21.994135,6.014412,25.0,11.652061,12.729561,1
320,1,31.9,95.492966,9.403715,17.106549,6.062675,25.0,11.596918,12.729561,1
321,1,32.0,95.492966,46.11437,12.218964,6.078809,25.0,11.596918,12.729561,1
322,1,32.1,95.492966,5.967742,31.769306,6.408238,25.0,11.209278,11.566642,1
323,1,32.2,95.492966,9.584555,36.656891,6.15923,25.0,11.623941,12.646151,1
324,1,32.3,95.492966,9.674976,21.994135,6.207522,25.0,11.596918,12.729561,1
325,1,32.4,95.492966,5.750733,21.994135,6.215214,25.0,11.321422,12.396252,1
326,1,32.5,95.492966,5.750733,21.994135,6.215214,25.0,11.569369,12.729561,1
327,1,32.6,95.492966,9.403715,21.994135,6.118761,25.0,10.606087,11.483951,1
328,1,32.7,95.492966,9.946237,12.218964,6.186706,25.0,11.901236,13.231233,1
329,1,32.8,95.492966,5.696481,26.88172,6.166983,25.0,11.514172,12.646151,1
330,1,32.9,95.492966,5.859238,26.88172,6.200206,25.0,11.596918,12.729561,1
331,1,33.0,95.492966,9.584555,21.994135,6.048079,25.0,11.596776,12.729561,1
332,1,33.1,95.492966,9.494135,26.88172,6.110948,25.0,11.569369,12.729561,1
333,1,33.2,95.492966,9.042033,21.994135,6.039383,25.0,12.038153,13.063774,1
334,1,33.3,95.492966,12.912023,17.106549,6.078809,25.0,11.157378,12.646151,1
335,1,33.4,95.492966,9.403715,21.994135,6.062675,25.0,11.596776,12.729561,1
336,1,33.5,95.492966,5.696481,21.994135,6.110948,25.0,11.569369,12.729561,1
337,1,33.6,95.492966,9.222874,17.106549,6.02235,25.0,11.569369,12.729561,1
338,1,33.7,95.492966,9.042033,21.994135,5.982552,25.0,11.569369,12.729561,1
339,1,33.8,95.492966,5.533724,21.994135,6.078809,25.0,11.900694,12.729561,1
340,1,33.9,95.492966,9.313294,17.106549,6.07055,25.0,11.431795,12.729561,1
341,1,34.0,95.492966,1.880743,26.88172,6.062675,25.0,11.569369,12.729561,1
342,1,34.1,95.492966,5.533724,12.218964,6.02235,25.0,11.707063,12.729561,1
343,1,34.2,95.492966,5.587977,21.994135,6.07055,25.0,11.62474,12.813028,1
344,1,34.3,95.492966,9.584555,17.106549,6.15923,25.0,11.652147,12.813028,1
345,1,34.4,95.492966,9.584555,12.218964,6.15923,25.0,11.707479,12.813028,1
346,1,34.5,95.492966,9.494135,21.994135,6.166983,25.0,11.458621,12.479497,1
347,1,34.6,95.492966,1.898827,21.994135,6.166983,25.0,11.624324,12.729561,1
348,1,34.7,95.492966,13.1652,26.88172,6.175112,25.0,11.402676,12.146836,1
349,1,34.8,95.492966,5.750733,21.994135,6.27146,25.0,11.541975,12.729561,1
350,1,34.9,95.492966,9.674976,21.994135,6.207522,25.0,11.569369,12.729561,1
351,1,35.0,95.492966,9.494135,7.331378,6.166983,25.0,11.900454,13.063774,1
352,1,35.1,95.492966,13.291789,21.994135,6.166983,25.0,11.486169,12.479497,1
353,1,35.2,95.492966,9.494135,17.106549,5.999698,25.0,11.596918,12.729561,1
354,1,35.3,95.492966,9.494135,17.106549,6.166983,25.0,11.845025,12.980133,1
355,1,35.4,95.492966,5.642229,17.106549,6.175112,25.0,11.596918,12.729561,1
356,1,35.5,95.492966,9.132454,12.218964,5.974161,25.0,11.652147,12.813028,1
357,1,35.6,95.492966,9.313294,12.218964,5.958546,25.0,11.514172,12.646151,1
358,1,35.7,95.492966,9.222874,12.218964,6.02235,25.0,11.596776,12.729561,1
359,1,35.8,95.492966,9.132454,21.994135,6.030675,25.0,11.62474,12.813028,1
360,1,35.9,95.492966,5.479472,26.88172,5.974161,25.0,11.569658,12.813028,1
361,1,36.0,95.492966,5.533724,21.994135,6.02235,25.0,11.624598,12.813028,1
362,1,36.1,95.492966,1.808407,17.106549,5.982552,25.0,11.569369,12.729561,1
363,1,36.2,95.492966,1.862659,31.769306,6.07055,25.0,11.789947,12.729561,1
364,1,36.3,95.492966,9.222874,21.994135,6.02235,25.0,11.624598,12.813028,1
365,1,36.4,95.492966,16.926686,17.106549,6.062675,25.0,11.597191,12.813028,1
366,1,36.5,95.492966,5.533724,17.106549,6.02235,25.0,11.652147,12.813028,1
367,1,36.6,95.492966,9.042033,21.994135,5.982552,25.0,11.652147,12.813028,1
368,1,36.7,95.492966,9.403715,26.88172,6.118761,25.0,12.402527,13.735092,1
369,1,36.8,95.492966,9.584555,17.106549,6.15923,25.0,11.099391,11.483951,1
370,1,36.9,95.492966,9.584555,21.994135,6.103516,25.0,11.652147,12.813028,1
371,1,37.0,95.492966,13.544966,17.106549,6.207522,25.0,11.62474,12.813028,1
372,1,37.1,95.492966,9.584555,21.994135,6.215214,25.0,11.486971,12.646151,1
373,1,37.2,95.492966,5.642229,21.994135,6.175112,25.0,11.62474,12.813028,1
374,1,37.3,95.492966,9.313294,21.994135,6.126954,25.0,11.334437,13.987889,1
375,1,37.4,95.492966,9.403715,12.218964,6.118761,25.0,11.733757,12.646151,1
376,1,37.5,95.492966,5.804985,26.88172,6.151857,25.0,11.569369,12.729561,1
377,1,37.6,95.492966,5.696481,26.88172,6.055184,25.0,11.932613,13.819292,1
378,1,37.7,95.492966,9.313294,21.994135,6.07055,25.0,11.624598,12.813028,1
379,1,37.8,95.492966,5.479472,21.994135,6.087448,25.0,11.624598,12.813028,1
380,1,37.9,95.492966,9.222874,17.106549,6.02235,25.0,11.707408,12.896552,1
381,1,38.0,95.492966,5.533724,12.218964,6.078809,25.0,11.322504,12.813028,1
382,1,38.1,95.492966,5.42522,21.994135,6.096467,25.0,11.624598,12.813028,1
383,1,38.2,95.492966,9.403715,17.106549,6.062675,25.0,11.624598,12.813028,1
384,1,38.3,95.492966,9.313294,21.994135,6.07055,25.0,11.652439,12.896552,1
385,1,38.4,95.492966,9.403715,21.994135,6.062675,25.0,11.624598,12.813028,1
386,1,38.5,95.492966,9.313294,21.994135,6.014412,25.0,12.011762,12.813028,1
387,1,38.6,95.492966,12.785435,21.994135,5.974161,25.0,11.432211,12.813028,1
388,1,38.7,95.492966,9.494135,26.88172,6.055184,25.0,11.597191,12.813028,1
389,1,38.8,95.492966,9.313294,12.218964,6.07055,25.0,11.734886,12.813028,1
390,1,38.9,95.492966,9.403715,17.106549,6.062675,25.0,11.62474,12.813028,1
391,1,39.0,95.492966,5.750733,21.994135,6.15923,25.0,11.624598,12.813028,1
392,1,39.1,95.492966,13.1652,21.994135,6.062675,25.0,11.70729,12.813028,1
393,1,39.2,95.492966,5.696481,17.106549,6.22328,25.0,11.568972,12.646151,1
394,1,39.3,95.492966,9.494135,26.88172,6.110948,25.0,11.597191,12.813028,1
395,1,39.4,95.492966,9.584555,17.106549,6.27146,25.0,11.375596,12.229922,1
396,1,39.5,95.492966,9.494135,17.106549,6.166983,25.0,11.597191,12.813028,1
397,1,39.6,95.492966,9.403715,21.994135,6.175112,25.0,11.62474,12.813028,1
398,1,39.7,95.492966,9.403715,12.218964,6.175112,25.0,12.180944,13.987889,1
399,1,39.8,95.492966,9.494135,12.218964,6.110948,25.0,11.486791,12.646151,1
400,1,39.9,95.492966,13.038612,26.88172,6.126954,25.0,11.62474,12.813028,1
401,1,40.0,95.492966,5.696481,17.106549,6.22328,25.0,11.81761,12.980133,1
402,1,40.1,95.492966,5.587977,17.106549,6.014412,25.0,11.652439,12.896552,1
403,1,40.2,95.492966,5.479472,21.994135,6.030675,25.0,12.157255,14.410573,1
404,1,40.3,95.492966,8.680352,26.88172,6.19481,25.0,11.541975,12.729561,1
405,1,40.4,95.492966,9.132454,17.106549,6.030675,25.0,11.597065,12.813028,1
406,1,40.5,95.492966,9.042033,12.218964,5.982552,25.0,11.624598,12.813028,1
407,1,40.6,95.492966,9.132454,26.88172,5.974161,25.0,11.569658,12.813028,1
408,1,40.7,95.492966,9.132454,17.106549,5.974161,25.0,11.597191,12.813028,1
409,1,40.8,95.492966,31.357771,17.106549,6.02235,25.0,11.652581,12.896552,1
410,1,40.9,95.492966,5.42522,17.106549,5.869683,25.0,11.790363,12.813028,1
411,1,41.0,95.492966,9.313294,21.994135,6.07055,25.0,11.569658,12.813028,1
412,1,41.1,95.492966,20.290323,17.106549,6.02235,25.0,11.652439,12.896552,1
413,1,41.2,95.492966,5.533724,21.994135,5.966159,25.0,11.652581,12.896552,1
414,1,41.3,95.492966,9.403715,21.994135,6.118761,25.0,11.62474,12.813028,1
415,1,41.4,95.492966,5.750733,26.88172,6.15923,25.0,12.095191,12.896552,1
416,1,41.5,95.492966,5.696481,21.994135,6.166983,25.0,11.154336,11.566642,1
417,1,41.6,95.492966,5.750733,12.218964,6.15923,25.0,11.652147,12.813028,1
418,1,41.7,95.492966,5.696481,21.994135,6.166983,25.0,11.652147,12.813028,1
419,1,41.8,95.492966,9.584555,17.106549,6.215214,25.0,11.487226,12.729561,1
420,1,41.9,95.492966,9.403715,21.994135,6.118761,25.0,11.652581,12.896552,1
421,1,42.0,95.492966,13.038612,17.106549,6.126954,25.0,11.414098,13.819292,1
422,1,42.1,95.492966,13.1652,17.106549,6.118761,25.0,11.734086,12.729561,1
423,1,42.2,95.492966,9.584555,21.994135,6.048079,25.0,11.652581,12.896552,1
424,1,42.3,95.492966,5.804985,17.106549,6.151857,25.0,11.848024,13.48288,1
425,1,42.4,95.492966,5.642229,17.106549,6.175112,25.0,11.679988,12.896552,1
426,1,42.5,95.492966,9.313294,21.994135,6.07055,25.0,11.652581,12.896552,1
427,1,42.6,95.492966,9.222874,61.094819,6.02235,25.0,11.624324,12.729561,1
428,1,42.7,95.492966,8.951613,17.106549,5.934443,25.0,11.460052,12.896552,1
429,1,42.8,95.492966,5.533724,12.218964,6.02235,25.0,11.652439,12.896552,1
430,1,42.9,95.492966,5.42522,21.994135,6.039383,25.0,11.624906,12.896552,1
431,1,43.0,95.492966,1.880743,26.88172,6.118761,25.0,11.652439,12.896552,1
432,1,43.1,95.492966,9.313294,21.994135,6.07055,25.0,11.652439,12.896552,1
433,1,43.2,95.492966,1.772239,17.106549,5.77325,25.0,11.873272,12.896552,1
434,1,43.3,95.492966,9.222874,26.88172,5.966159,25.0,11.514988,12.896552,1
435,1,43.4,95.492966,5.587977,17.106549,6.07055,25.0,11.625033,12.896552,1
436,1,43.5,95.492966,5.587977,21.994135,6.07055,25.0,11.652581,12.896552,1
437,1,43.6,95.492966,9.494135,12.218964,6.055184,25.0,11.652581,12.896552,1
438,1,43.7,95.492966,54.017107,21.994135,6.07055,25.0,11.625033,12.896552,1
439,1,43.8,95.492966,5.750733,17.106549,6.215214,25.0,11.209278,11.566642,1
440,1,43.9,95.492966,5.696481,12.218964,6.166983,25.0,11.679567,12.813028,1
441,1,44.0,95.492966,9.584555,21.994135,6.27146,25.0,11.679988,12.896552,1
442,1,44.1,95.492966,13.798143,17.106549,6.248564,25.0,11.376937,12.562796,1
443,1,44.2,95.492966,5.750733,12.218964,6.15923,25.0,11.625033,12.896552,1
444,1,44.3,95.492966,9.674976,17.106549,6.207522,25.0,10.715085,11.401305,1
445,1,44.4,95.492966,5.750733,26.88172,6.215214,25.0,11.984214,13.315054,1
446,1,44.5,95.492966,13.418377,7.331378,6.15923,25.0,11.597639,12.896552,1
447,1,44.6,95.492966,5.696481,26.88172,6.110948,25.0,11.625033,12.896552,1
448,1,44.7,95.492966,5.750733,21.994135,6.15923,25.0,11.6803,12.980133,1
449,1,44.8,95.492966,5.479472,21.994135,6.087448,25.0,11.652581,12.896552,1
450,1,44.9,95.492966,5.642229,12.218964,6.062675,25.0,11.932767,13.819292,1
451,1,45.0,95.492966,5.587977,12.218964,6.07055,25.0,11.267716,12.813028,1
452,1,45.1,95.492966,5.479472,21.994135,6.087448,25.0,11.652439,12.896552,1
453,1,45.2,95.492966,5.479472,26.88172,5.974161,25.0,11.625033,12.896552,1
454,1,45.3,95.492966,9.313294,17.106549,6.07055,25.0,11.625033,12.896552,1
455,1,45.4,95.492966,5.479472,21.994135,5.917916,25.0,11.625033,12.896552,1
456,1,45.5,95.492966,9.313294,17.106549,6.014412,25.0,11.956682,12.896552,1
457,1,45.6,95.492966,9.222874,21.994135,6.02235,25.0,11.51492,12.896552,1
458,1,45.7,95.492966,9.403715,26.88172,6.062675,25.0,11.625033,12.896552,1
459,1,45.8,95.492966,9.403715,12.218964,6.118761,25.0,11.817966,12.896552,1
460,1,45.9,95.492966,5.587977,26.88172,6.126954,25.0,11.707849,12.980133,1
461,1,46.0,95.492966,5.642229,21.994135,6.062675,25.0,11.679988,12.896552,1
462,1,46.1,95.492966,5.696481,17.106549,6.166983,25.0,11.762727,12.896552,1
463,1,46.2,95.492966,5.696481,26.88172,6.166983,25.0,11.54172,12.646151,1
464,1,46.3,95.492966,9.674976,12.218964,6.207522,25.0,11.679988,12.896552,1
465,1,46.4,95.492966,9.494135,26.88172,6.22328,25.0,11.485491,12.313061,1
466,1,46.5,95.492966,9.674976,26.88172,6.263456,25.0,11.597639,12.896552,1
467,1,46.6,95.492966,9.584555,21.994135,6.215214,25.0,11.680442,12.980133,1
468,1,46.7,95.492966,9.494135,56.207234,6.166983,25.0,11.984686,13.398936,1
469,1,46.8,95.492966,9.403715,12.218964,6.118761,25.0,11.569114,12.646151,1
470,1,46.9,95.492966,5.696481,21.994135,6.110948,25.0,11.652581,12.896552,1
471,1,47.0,95.492966,5.642229,21.994135,6.118761,25.0,12.067182,13.398936,1
472,1,47.1,95.492966,9.494135,17.106549,6.166983,25.0,11.652893,12.980133,1
473,1,47.2,95.492966,9.313294,17.106549,6.126954,25.0,11.680442,12.980133,1
474,1,47.3,95.492966,9.313294,7.331378,6.07055,25.0,11.541975,12.729561,1
475,1,47.4,95.492966,5.587977,21.994135,6.183617,25.0,11.570338,12.980133,1
476,1,47.5,95.492966,9.403715,21.994135,6.006861,25.0,11.6803,12.980133,1
477,1,47.6,95.492966,5.587977,17.106549,6.126954,25.0,11.597841,12.980133,1
478,1,47.7,95.492966,9.132454,26.88172,6.030675,25.0,11.652893,12.980133,1
479,1,47.8,95.492966,27.668622,26.88172,5.966159,25.0,11.707849,12.980133,1
480,1,47.9,95.492966,5.859238,7.331378,6.255823,25.0,11.81842,12.980133,1
481,1,48.0,95.492966,9.222874,21.994135,5.910241,25.0,11.597841,12.980133,1
482,1,48.1,95.492966,9.313294,12.218964,6.07055,25.0,11.6803,12.980133,1
483,1,48.2,95.492966,9.313294,21.994135,6.014412,25.0,11.707849,12.980133,1
484,1,48.3,95.492966,5.750733,17.106549,6.15923,25.0,11.680442,12.980133,1
485,1,48.4,95.492966,28.482405,12.218964,6.110948,25.0,11.680442,12.980133,1
486,1,48.5,95.492966,5.42522,17.106549,5.925983,25.0,11.264311,11.732168,1
487,1,48.6,95.492966,5.804985,17.106549,6.151857,25.0,11.735269,12.980133,1
488,1,48.7,95.492966,5.750733,17.106549,6.103516,25.0,11.652893,12.980133,1
489,1,48.8,95.492966,9.313294,26.88172,6.07055,25.0,11.7356,13.063774,1
490,1,48.9,95.492966,9.313294,17.106549,6.014412,25.0,11.6803,12.980133,1
491,1,49.0,95.492966,9.403715,21.994135,6.118761,25.0,12.242846,14.749993,1
492,1,49.1,95.492966,8.951613,17.106549,6.105864,25.0,11.350358,12.896552,1
493,1,49.2,95.492966,9.313294,21.994135,6.014412,25.0,11.6803,12.980133,1
494,1,49.3,95.492966,9.403715,26.88172,6.175112,25.0,11.6803,12.980133,1
495,1,49.4,95.492966,5.642229,21.994135,6.006861,25.0,11.652767,12.980133,1
496,1,49.5,95.492966,9.403715,21.994135,6.006861,25.0,11.652893,12.980133,1
497,1,49.6,95.492966,1.862659,21.994135,6.014412,25.0,10.669817,12.980133,1
498,1,49.7,95.492966,5.533724,26.88172,6.02235,25.0,11.735585,12.980133,1
499,1,49.8,95.492966,12.785435,21.994135,6.030675,25.0,11.6803,12.980133,1
500,1,49.9,95.492966,16.601173,26.88172,6.02235,25.0,11.707849,12.980133,1
501,1,50.0,95.492966,5.642229,12.218964,6.118761,25.0,11.680442,12.980133,1
502,1,50.1,95.492966,9.584555,17.106549,6.103516,25.0,11.707849,12.980133,1
503,1,50.2,95.492966,9.403715,17.106549,6.118761,25.0,11.984692,13.063774,1
504,1,50.3,95.492966,5.696481,26.88172,6.110948,25.0,11.320679,12.229922,1
505,1,50.4,95.492966,9.674976,17.106549,6.207522,25.0,11.707849,12.980133,1
506,1,50.5,95.492966,9.855816,31.769306,6.359968,25.0,11.513781,12.562796,1
507,1,50.6,95.492966,9.674976,17.106549,6.207522,25.0,11.625187,12.896552,1
508,1,50.7,95.492966,9.584555,17.106549,6.215214,25.0,11.680442,12.980133,1
509,1,50.8,95.492966,5.750733,26.88172,6.215214,25.0,12.041802,13.735092,1
510,1,50.9,95.492966,5.642229,12.218964,6.231719,25.0,11.62359,12.562796,1
511,1,51.0,95.492966,5.750733,21.994135,6.15923,25.0,11.680442,12.980133,1
512,1,51.1,95.492966,9.584555,17.106549,6.103516,25.0,12.012667,13.48288,1
513,1,51.2,95.492966,5.696481,26.88172,6.055184,25.0,11.735729,13.063774,1
514,1,51.3,95.492966,12.912023,21.994135,6.078809,25.0,11.708322,13.063774,1
515,1,51.4,95.492966,16.438416,26.88172,5.974161,25.0,11.597346,12.813028,1
516,1,51.5,95.492966,9.584555,26.88172,6.215214,25.0,11.625722,13.063774,1
517,1,51.6,95.492966,9.132454,17.106549,6.030675,25.0,11.70818,13.063774,1
518,1,51.7,95.492966,9.222874,17.106549,6.02235,25.0,11.597841,12.980133,1
519,1,51.8,95.492966,5.642229,21.994135,6.006861,25.0,11.6803,12.980133,1
520,1,51.9,95.492966,31.357771,26.88172,6.02235,25.0,11.6803,12.980133,1
521,1,52.0,95.492966,1.844575,17.106549,6.02235,25.0,11.984692,13.063774,1
522,1,52.1,95.492966,9.222874,17.106549,6.078809,25.0,11.680647,13.063774,1
523,1,52.2,95.492966,16.76393,12.218964,6.014412,25.0,11.70818,13.063774,1
524,1,52.3,95.492966,13.038612,21.994135,6.126954,25.0,11.680442,12.980133,1
525,1,52.4,95.492966,9.313294,17.106549,6.014412,25.0,11.735729,13.063774,1
526,1,52.5,95.492966,9.584555,17.106549,6.215214,25.0,12.206596,13.063774,1
527,1,52.6,95.492966,5.696481,12.218964,6.166983,25.0,11.320679,12.229922,1
528,1,52.7,95.492966,9.674976,26.88172,6.207522,25.0,11.707849,12.980133,1
529,1,52.8,95.492966,13.544966,12.218964,6.207522,25.0,11.568736,12.562796,1
530,1,52.9,95.492966,9.494135,17.106549,6.279834,25.0,11.653048,12.980133,1
531,1,53.0,95.492966,9.584555,17.106549,6.215214,25.0,11.708322,13.063774,1
532,1,53.1,95.492966,13.418377,31.769306,6.15923,25.0,12.012667,13.48288,1
533,1,53.2,95.492966,13.1652,26.88172,6.175112,25.0,11.597346,12.813028,1
534,1,53.3,95.492966,9.313294,17.106549,6.07055,25.0,11.708322,13.063774,1
535,1,53.4,95.492966,5.750733,17.106549,6.215214,25.0,11.901789,13.315054,1
536,1,53.5,95.492966,5.804985,12.218964,6.096467,25.0,11.735729,13.063774,1
537,1,53.6,95.492966,5.587977,21.994135,6.07055,25.0,12.783246,16.206325,1
538,1,53.7,95.492966,9.132454,17.106549,5.974161,25.0,11.378218,12.980133,1
539,1,53.8,95.492966,9.403715,17.106549,6.118761,25.0,11.70818,13.063774,1
540,1,53.9,95.492966,9.042033,26.88172,5.982552,25.0,11.708322,13.063774,1
541,1,54.0,95.492966,8.951613,21.994135,5.934443,25.0,11.70818,13.063774,1
542,1,54.1,95.492966,9.313294,21.994135,6.014412,25.0,11.735729,13.063774,1
543,1,54.2,95.492966,12.658847,26.88172,5.925983,25.0,12.207089,13.147473,1
544,1,54.3,95.492966,5.804985,26.88172,6.151857,25.0,11.57066,13.063774,1
545,1,54.4,95.492966,9.403715,26.88172,6.062675,25.0,11.70818,13.063774,1
546,1,54.5,95.492966,5.42522,26.88172,6.039383,25.0,11.818468,13.063774,1
547,1,54.6,95.492966,9.222874,26.88172,6.078809,25.0,11.735729,13.063774,1
548,1,54.7,95.492966,47.470674,17.106549,6.110948,25.0,11.763629,13.147473,1
549,1,54.8,95.492966,9.494135,31.769306,6.166983,25.0,11.374744,11.980819,1
550,1,54.9,95.492966,9.313294,21.994135,6.126954,25.0,11.763149,13.063774,1
551,1,55.0,95.492966,13.671554,31.769306,6.200206,25.0,11.680773,13.063774,1
552,1,55.1,95.492966,9.674976,21.994135,6.263456,25.0,11.487896,12.813028,1
553,1,55.2,95.492966,13.418377,12.218964,6.15923,25.0,11.708322,13.063774,1
554,1,55.3,95.492966,9.674976,26.88172,6.263456,25.0,11.708322,13.063774,1
555,1,55.4,95.492966,9.855816,17.106549,6.193267,25.0,11.955858,13.147473,1
556,1,55.5,95.492966,9.855816,21.994135,6.193267,25.0,11.708322,13.063774,1
557,1,55.6,95.492966,9.313294,26.88172,6.126954,25.0,12.01636,13.987889,1
558,1,55.7,95.492966,9.494135,17.106549,6.110948,25.0,11.763629,13.147473,1
559,1,55.8,95.492966,9.132454,17.106549,6.030675,25.0,11.735729,13.063774,1
560,1,55.9,95.492966,1.898827,21.994135,5.999698,25.0,12.012099,13.063774,1
561,1,56.0,95.492966,9.132454,17.106549,5.917916,25.0,11.59856,13.147473,1
562,1,56.1,95.492966,9.403715,7.331378,6.062675,25.0,11.708673,13.147473,1
563,1,56.2,95.492966,1.916911,21.994135,6.048079,25.0,11.818772,13.147473,1
564,1,56.3,95.492966,5.696481,17.106549,6.110948,25.0,11.735729,13.063774,1
565,1,56.4,95.492966,27.668622,21.994135,6.078809,25.0,11.736222,13.147473,1
566,1,56.5,95.492966,5.859238,21.994135,6.200206,25.0,11.237059,11.732168,1
567,1,56.6,95.492966,9.765396,26.88172,6.200206,25.0,11.735729,13.063774,1
568,1,56.7,95.492966,13.038612,17.106549,6.126954,25.0,11.486554,12.562796,1
569,1,56.8,95.492966,5.587977,26.88172,6.183617,25.0,11.763629,13.147473,1
570,1,56.9,95.492966,5.750733,7.331378,6.27146,25.0,12.294423,14.410573,1
571,1,57.0,95.492966,9.674976,21.994135,6.151857,25.0,11.736222,13.147473,1
572,1,57.1,95.492966,9.494135,21.994135,6.166983,25.0,11.873849,13.231233,1
573,1,57.2,95.492966,9.313294,21.994135,6.014412,25.0,11.736222,13.147473,1
574,1,57.3,95.492966,9.132454,21.994135,6.144475,25.0,11.378218,12.980133,1
575,1,57.4,95.492966,9.403715,17.106549,6.062675,25.0,11.763629,13.147473,1
576,1,57.5,95.492966,9.403715,21.994135,6.062675,25.0,11.73608,13.147473,1
577,1,57.6,95.492966,9.403715,17.106549,6.062675,25.0,11.763629,13.147473,1
578,1,57.7,95.492966,5.642229,12.218964,6.175112,25.0,11.264918,11.897886,1
579,1,57.8,95.492966,5.750733,17.106549,6.15923,25.0,11.763629,13.147473,1
580,1,57.9,95.492966,13.1652,26.88172,6.175112,25.0,11.653547,13.063774,1
581,1,58.0,95.492966,9.403715,21.994135,6.175112,25.0,11.764142,13.231233,1
582,1,58.1,95.492966,9.584555,2.443793,6.103516,25.0,11.761908,12.813028,1
583,1,58.2,95.492966,9.765396,17.106549,6.144863,25.0,11.736222,13.147473,1
584,1,58.3,95.492966,5.642229,12.218964,6.006861,25.0,11.791549,13.231233,1
585,1,58.4,95.492966,5.587977,17.106549,6.07055,25.0,12.382915,15.005331,1
586,1,58.5,95.492966,5.696481,17.106549,6.22328,25.0,11.598629,13.147473,1
587,1,58.6,95.492966,5.587977,17.106549,6.07055,25.0,11.763629,13.147473,1
588,1,58.7,95.492966,5.587977,21.994135,6.07055,25.0,11.763629,13.147473,1
589,1,58.8,95.492966,5.587977,21.994135,6.07055,25.0,11.68114,13.147473,1
590,1,58.9,95.492966,1.880743,17.106549,6.062675,25.0,11.763629,13.147473,1
591,1,59.0,95.492966,9.494135,21.994135,6.110948,25.0,11.624324,12.729561,1
592,1,59.1,95.492966,9.584555,12.218964,6.27146,25.0,11.928354,13.147473,1
593,1,59.2,95.492966,9.494135,17.106549,6.166983,25.0,11.736222,13.147473,1
594,1,59.3,95.492966,9.222874,17.106549,6.078809,25.0,11.763629,13.147473,1
595,1,59.4,95.492966,1.844575,21.994135,5.966159,25.0,11.984591,13.147473,1
596,1,59.5,95.492966,0.325513,26.88172,0.186114,25.0,11.791549,13.231233,1
597,1,59.6,95.492966,0.632942,36.656891,0.210223,25.0,11.763629,13.147473,1
598,1,59.7,95.492966,0.632942,26.88172,0.210223,25.0,11.736222,13.147473,1
599,1,59.8,95.492966,0.632942,21.994135,0.210223,25.0,11.763629,13.147473,1
600,1,59.9,95.492966,0.723363,17.106549,0.241923,25.0,11.763629,13.147473,1
601,1,60.0,95.492966,0.379765,17.106549,0.210223,25.0,11.791549,13.231233,1
602,1,60.1,95.492966,0.632942,17.106549,0.210223,25.0,11.763629,13.147473,1
603,1,60.2,95.492966,0.506354,26.88172,0.103681,25.0,11.763629,13.147473,1
604,1,60.3,95.492966,0.379765,21.994135,0.210223,25.0,11.791549,13.231233,1
605,1,60.4,95.492966,0.379765,17.106549,0.210223,25.0,11.763629,13.147473,1
606,1,60.5,95.492966,0.361681,21.994135,0.124609,25.0,11.791549,13.231233,1
607,1,60.6,95.492966,0.361681,17.106549,0.103681,25.0,11.763629,13.147473,1
608,1,60.7,95.492966,0.542522,26.88172,0.186114,25.0,11.791549,13.231233,1
609,1,60.8,95.492966,0.813783,17.106549,0.278635,25.0,11.791549,13.231233,1
610,1,60.9,95.492966,0.217009,21.994135,0.103681,25.0,11.763629,13.147473,1
611,1,61.0,95.492966,0.271261,12.218964,0.124609,25.0,11.791549,13.231233,1
612,1,61.1,95.492966,0.452102,17.106549,0.142496,25.0,11.819113,13.231233,1
613,1,61.2,95.492966,0.632942,21.994135,0.142496,25.0,11.763629,13.147473,1
614,1,61.3,95.492966,0.542522,26.88172,0.172802,25.0,11.791549,13.231233,1
615,1,61.4,95.492966,0.632942,21.994135,0.210223,25.0,11.791549,13.231233,1
616,1,61.5,95.492966,0.759531,21.994135,0.186114,25.0,11.764142,13.231233,1
617,1,61.6,95.492966,0.542522,21.994135,0.186114,25.0,11.791549,13.231233,1
618,1,61.7,95.492966,0.217009,31.769306,0.103681,25.0,11.763629,13.147473,1
619,1,61.8,95.492966,0.542522,21.994135,0.172802,25.0,11.791549,13.231233,1
620,1,61.9,95.492966,0.379765,21.994135,0.210223,25.0,11.763629,13.147473,1
621,1,62.0,95.492966,0.542522,17.106549,0.186114,25.0,11.791549,13.231233,1
622,1,62.1,95.492966,0.09042,21.994135,0.142496,25.0,11.791549,13.231233,1
623,1,62.2,95.492966,0.217009,17.106549,0.124609,25.0,11.763629,13.147473,1
624,1,62.3,95.492966,0.379765,17.106549,0.210223,25.0,11.791549,13.231233,1
625,1,62.4,95.492966,0.434018,26.88172,0.241923,25.0,11.791549,13.231233,1
626,1,62.5,95.492966,0.632942,21.994135,0.210223,25.0,11.791549,13.231233,1
627,1,62.6,95.492966,0.271261,26.88172,0.07728,25.0,11.764142,13.231233,1
628,1,62.7,95.492966,0.723363,21.994135,0.251604,25.0,11.791549,13.231233,1
629,1,62.8,95.492966,0.632942,21.994135,0.210223,25.0,11.791549,13.231233,1
630,1,62.9,95.492966,0.542522,17.106549,0.172802,25.0,11.819489,13.315054,1
631,1,63.0,95.492966,1.844575,21.994135,6.135526,25.0,11.763629,13.147473,1
632,1,63.1,95.492966,9.042033,21.994135,6.039383,25.0,12.290276,13.231233,1
633,1,63.2,95.492966,1.826491,21.994135,6.030675,25.0,11.791549,13.231233,1
634,1,63.3,95.492966,9.313294,17.106549,6.126954,25.0,11.791049,13.147473,1
635,1,63.4,95.492966,5.642229,21.994135,6.118761,25.0,11.764142,13.231233,1
636,1,63.5,95.492966,5.587977,21.994135,6.07055,25.0,12.205826,13.566886,1
637,1,63.6,95.492966,5.750733,21.994135,6.215214,25.0,11.379211,13.147473,1
638,1,63.7,95.492966,9.132454,21.994135,5.974161,25.0,11.791549,13.231233,1
639,1,63.8,95.492966,9.222874,31.769306,6.02235,25.0,11.791549,13.231233,1
640,1,63.9,95.492966,9.313294,17.106549,6.014412,25.0,11.847225,13.315054,1
641,1,64.0,95.492966,9.584555,21.994135,6.15923,25.0,11.708828,13.147473,1
642,1,64.1,95.492966,9.494135,17.106549,6.166983,25.0,11.764142,13.231233,1
643,1,64.2,95.492966,9.403715,21.994135,6.118761,25.0,12.045256,14.156756,1
644,1,64.3,95.492966,5.533724,26.88172,6.02235,25.0,11.736467,13.231233,1
645,1,64.4,95.492966,9.132454,21.994135,5.917916,25.0,11.653955,13.231233,1
646,1,64.5,95.492966,5.642229,21.994135,6.175112,25.0,11.763629,13.147473,1
647,1,64.6,95.492966,9.494135,21.994135,6.166983,25.0,11.652147,12.813028,1
648,1,64.7,95.492966,9.313294,21.994135,6.24053,25.0,12.039678,13.398936,1
649,1,64.8,95.492966,5.696481,26.88172,6.110948,25.0,11.791549,13.231233,1
650,1,64.9,95.492966,5.316716,21.994135,6.000494,25.0,11.791549,13.231233,1
651,1,65.0,95.492966,9.313294,17.106549,6.07055,25.0,12.012511,13.231233,1
652,1,65.1,95.492966,9.313294,26.88172,6.07055,25.0,11.764142,13.231233,1
653,1,65.2,95.492966,13.418377,17.106549,6.103516,25.0,11.818969,13.231233,1
654,1,65.3,95.492966,9.674976,26.88172,6.263456,25.0,11.791549,13.231233,1
655,1,65.4,95.492966,5.587977,26.88172,6.07055,25.0,11.708547,13.147473,1
656,1,65.5,95.492966,9.313294,17.106549,6.07055,25.0,11.681895,13.315054,1
657,1,65.6,95.492966,9.494135,17.106549,6.166983,25.0,11.791549,13.231233,1
658,1,65.7,95.492966,9.494135,21.994135,6.166983,25.0,11.791549,13.231233,1
659,1,65.8,95.492966,13.418377,7.331378,6.215214,25.0,12.266198,14.325898,1
660,1,65.9,95.492966,9.494135,17.106549,6.110948,25.0,11.819489,13.315054,1
661,1,66.0,95.492966,9.042033,17.106549,5.925983,25.0,11.791549,13.231233,1
662,1,66.1,95.492966,5.642229,17.106549,6.062675,25.0,12.151164,13.231233,1
663,1,66.2,95.492966,9.313294,17.106549,6.014412,25.0,11.791549,13.231233,1
664,1,66.3,95.492966,9.494135,17.106549,6.22328,25.0,11.818969,13.231233,1
665,1,66.4,95.492966,5.859238,17.106549,6.200206,25.0,11.819113,13.231233,1
666,1,66.5,95.492966,9.403715,17.106549,6.118761,25.0,12.26143,13.650957,1
667,1,66.6,95.492966,9.403715,21.994135,6.118761,25.0,11.489312,13.231233,1
668,1,66.7,95.492966,5.750733,31.769306,6.103516,25.0,11.791549,13.231233,1
669,1,66.8,95.492966,9.674976,17.106549,6.151857,25.0,11.819489,13.315054,1
670,1,66.9,95.492966,9.042033,36.656891,6.269174,25.0,12.210535,14.241292,1
671,1,67.0,95.492966,9.765396,12.218964,6.255823,25.0,11.819489,13.315054,1
672,1,67.1,95.492966,5.533724,26.88172,6.02235,25.0,11.819489,13.315054,1
673,1,67.2,95.492966,9.403715,17.106549,6.062675,25.0,12.151164,13.231233,1
674,1,67.3,95.492966,5.750733,21.994135,6.15923,25.0,11.847053,13.315054,1
675,1,67.4,95.492966,5.750733,12.218964,6.15923,25.0,11.818969,13.231233,1
676,1,67.5,95.492966,9.494135,17.106549,6.110948,25.0,11.792082,13.315054,1
677,1,67.6,95.492966,9.313294,21.994135,6.183617,25.0,12.178263,13.566886,1
678,1,67.7,95.492966,5.533724,21.994135,6.02235,25.0,11.517252,13.315054,1
679,1,67.8,95.492966,9.313294,17.106549,5.958546,25.0,11.791549,13.231233,1
680,1,67.9,95.492966,9.494135,21.994135,6.110948,25.0,11.764,13.231233,1
681,1,68.0,95.492966,9.674976,7.331378,6.263456,25.0,12.266198,14.325898,1
682,1,68.1,95.492966,9.222874,21.994135,6.078809,25.0,11.819489,13.315054,1
683,1,68.2,95.492966,9.222874,31.769306,6.078809,25.0,11.792082,13.315054,1
684,1,68.3,95.492966,1.844575,17.106549,6.02235,25.0,11.929839,13.315054,1
685,1,68.4,95.492966,9.132454,12.218964,5.917916,25.0,11.847053,13.315054,1
686,1,68.5,95.492966,9.765396,17.106549,6.200206,25.0,11.818969,13.231233,1
687,1,68.6,95.492966,5.696481,12.218964,6.166983,25.0,11.792082,13.315054,1
688,1,68.7,95.492966,9.674976,21.994135,6.096467,25.0,12.152293,13.819292,1
689,1,68.8,95.492966,9.313294,21.994135,6.07055,25.0,11.434512,13.231233,1
690,1,68.9,95.492966,9.403715,21.994135,6.006861,25.0,11.819489,13.315054,1
691,1,69.0,95.492966,12.785435,17.106549,5.974161,25.0,11.819489,13.315054,1
692,1,69.1,95.492966,5.533724,17.106549,5.910241,25.0,11.374998,12.063802,1
693,1,69.2,95.492966,13.418377,26.88172,6.215214,25.0,11.764142,13.231233,1
694,1,69.3,95.492966,13.544966,21.994135,6.263456,25.0,11.764142,13.231233,1
695,1,69.4,95.492966,13.418377,21.994135,6.15923,25.0,11.818969,13.231233,1
696,1,69.5,95.492966,9.222874,17.106549,6.078809,25.0,11.764142,13.231233,1
697,1,69.6,95.492966,9.403715,21.994135,6.062675,25.0,11.819489,13.315054,1
698,1,69.7,95.492966,1.898827,12.218964,6.166983,25.0,12.235108,13.315054,1
699,1,69.8,95.492966,13.544966,26.88172,6.207522,25.0,11.515737,12.896552,1
700,1,69.9,95.492966,5.804985,17.106549,6.207522,25.0,11.653547,13.063774,1
701,1,70.0,95.492966,5.750733,17.106549,6.103516,25.0,11.819489,13.315054,1
702,1,70.1,95.492966,9.222874,17.106549,6.02235,25.0,11.79194,13.315054,1
703,1,70.2,95.492966,5.587977,21.994135,5.958546,25.0,11.709385,13.315054,1
704,1,70.3,95.492966,9.584555,31.769306,6.15923,25.0,11.791549,13.231233,1
705,1,70.4,95.492966,9.674976,21.994135,6.263456,25.0,11.791549,13.231233,1
706,1,70.5,95.492966,9.132454,21.994135,6.259259,25.0,12.238737,14.325898,1
707,1,70.6,95.492966,9.403715,21.994135,6.118761,25.0,11.819489,13.315054,1
708,1,70.7,95.492966,9.313294,17.106549,6.07055,25.0,11.819489,13.315054,1
709,1,70.8,95.492966,1.898827,17.106549,5.999698,25.0,12.095859,13.315054,1
710,1,70.9,95.492966,5.642229,21.994135,6.062675,25.0,11.792082,13.315054,1
711,1,71.0,95.492966,9.674976,21.994135,6.207522,25.0,11.819489,13.315054,1
712,1,71.1,95.492966,5.804985,12.218964,6.263456,25.0,11.611551,14.410573,1
713,1,71.2,95.492966,5.804985,21.994135,6.151857,25.0,11.847449,13.398936,1
714,1,71.3,95.492966,5.642229,17.106549,6.062675,25.0,11.819489,13.315054,1
715,1,71.4,95.492966,1.844575,21.994135,5.966159,25.0,11.819489,13.315054,1
716,1,71.5,95.492966,5.587977,21.994135,6.07055,25.0,11.874632,13.315054,1
717,1,71.6,95.492966,9.584555,12.218964,6.15923,25.0,11.791549,13.231233,1
718,1,71.7,95.492966,9.584555,21.994135,6.215214,25.0,11.792082,13.315054,1
719,1,71.8,95.492966,9.584555,17.106549,6.103516,25.0,12.044494,14.072289,1
720,1,71.9,95.492966,9.222874,17.106549,6.078809,25.0,11.407702,13.315054,1
721,1,72.0,95.492966,5.533724,21.994135,6.02235,25.0,11.819489,13.315054,1
722,1,72.1,95.492966,9.403715,21.994135,6.062675,25.0,11.819489,13.315054,1
723,1,72.2,95.492966,9.494135,12.218964,6.110948,25.0,11.374744,11.980819,1
724,1,72.3,95.492966,9.403715,26.88172,6.118761,25.0,11.792082,13.315054,1
725,1,72.4,95.492966,9.403715,17.106549,6.118761,25.0,11.820043,13.398936,1
726,1,72.5,95.492966,9.494135,17.106549,6.055184,25.0,11.819113,13.231233,1
727,1,72.6,95.492966,9.222874,21.994135,6.078809,25.0,11.764533,13.315054,1
728,1,72.7,95.492966,9.403715,12.218964,6.062675,25.0,11.764533,13.315054,1
729,1,72.8,95.492966,1.898827,12.218964,6.166983,25.0,12.653985,13.903557,1
730,1,72.9,95.492966,13.418377,26.88172,6.27146,25.0,11.543598,12.980133,1
731,1,73.0,95.492966,5.804985,12.218964,6.207522,25.0,11.709367,13.231233,1
732,1,73.1,95.492966,5.750733,17.106549,6.15923,25.0,11.819489,13.315054,1
733,1,73.2,95.492966,9.403715,26.88172,6.062675,25.0,11.792367,13.398936,1
734,1,73.3,95.492966,9.403715,17.106549,6.006861,25.0,11.681895,13.315054,1
735,1,73.4,95.492966,5.696481,21.994135,6.055184,25.0,11.819489,13.315054,1
736,1,73.5,95.492966,9.584555,17.106549,6.215214,25.0,11.819489,13.315054,1
737,1,73.6,95.492966,9.042033,17.106549,6.211369,25.0,12.097957,13.903557,1
738,1,73.7,95.492966,5.642229,17.106549,6.175112,25.0,11.819489,13.315054,1
739,1,73.8,95.492966,9.313294,26.88172,6.014412,25.0,11.847449,13.398936,1
740,1,73.9,95.492966,5.642229,12.218964,6.006861,25.0,12.068411,13.398936,1
741,1,74.0,95.492966,9.584555,12.218964,6.103516,25.0,11.820043,13.398936,1
742,1,74.1,95.492966,9.494135,17.106549,6.110948,25.0,11.819489,13.315054,1
743,1,74.2,95.492966,5.804985,17.106549,6.151857,25.0,11.723559,14.665029,1
744,1,74.3,95.492966,9.584555,21.994135,6.103516,25.0,11.902851,13.48288,1
745,1,74.4,95.492966,13.038612,12.218964,6.07055,25.0,11.792494,13.398936,1
746,1,74.5,95.492966,5.587977,17.106549,6.014412,25.0,11.819489,13.315054,1
747,1,74.6,95.492966,9.494135,21.994135,6.110948,25.0,11.847606,13.398936,1
748,1,74.7,95.492966,9.584555,21.994135,6.103516,25.0,11.791706,13.231233,1
749,1,74.8,95.492966,9.494135,31.769306,6.110948,25.0,11.847449,13.398936,1
750,1,74.9,95.492966,5.696481,17.106549,6.110948,25.0,12.128235,14.241292,1
751,1,75.0,95.492966,9.042033,21.994135,6.096467,25.0,11.435663,13.398936,1
752,1,75.1,95.492966,9.313294,21.994135,5.958546,25.0,11.847449,13.398936,1
753,1,75.2,95.492966,9.403715,21.994135,6.006861,25.0,11.847449,13.398936,1
754,1,75.3,95.492966,5.587977,17.106549,6.07055,25.0,11.430083,12.146836,1
755,1,75.4,95.492966,13.671554,21.994135,6.255823,25.0,11.820043,13.398936,1
756,1,75.5,95.492966,9.674976,17.106549,6.096467,25.0,11.820043,13.398936,1
757,1,75.6,95.492966,9.042033,65.982405,6.039383,25.0,11.736748,13.231233,1
758,1,75.7,95.492966,9.132454,21.994135,6.030675,25.0,11.847449,13.398936,1
759,1,75.8,95.492966,5.587977,21.994135,6.07055,25.0,11.847449,13.398936,1
760,1,75.9,95.492966,13.291789,17.106549,6.055184,25.0,12.569785,13.650957,1
761,1,76.0,95.492966,9.674976,17.106549,6.207522,25.0,11.654286,13.147473,1
762,1,76.1,95.492966,9.584555,26.88172,6.15923,25.0,11.737307,13.315054,1
763,1,76.2,95.492966,5.642229,17.106549,6.118761,25.0,11.987568,13.819292,1
764,1,76.3,95.492966,5.42522,21.994135,5.982552,25.0,11.764849,13.398936,1
765,1,76.4,95.492966,9.132454,26.88172,5.917916,25.0,11.65442,13.315054,1
766,1,76.5,95.492966,5.587977,21.994135,6.07055,25.0,11.847449,13.398936,1
767,1,76.6,95.492966,9.494135,17.106549,6.22328,25.0,11.763786,13.147473,1
768,1,76.7,95.492966,13.924731,12.218964,6.241678,25.0,12.039678,13.398936,1
769,1,76.8,95.492966,9.313294,21.994135,6.07055,25.0,11.847449,13.398936,1
770,1,76.9,95.492966,9.222874,17.106549,6.02235,25.0,11.847449,13.398936,1
771,1,77.0,95.492966,5.479472,21.994135,5.974161,25.0,12.207279,13.48288,1
772,1,77.1,95.492966,9.403715,21.994135,6.175112,25.0,11.847449,13.398936,1
773,1,77.2,95.492966,5.804985,21.994135,6.207522,25.0,11.847449,13.398936,1
774,1,77.3,95.492966,5.696481,12.218964,6.166983,25.0,12.291079,13.987889,1
775,1,77.4,95.492966,5.533724,17.106549,6.135526,25.0,11.847449,13.398936,1
776,1,77.5,95.492966,9.313294,31.769306,6.07055,25.0,11.847449,13.398936,1
777,1,77.6,95.492966,9.403715,17.106549,6.118761,25.0,11.930188,13.398936,1
778,1,77.7,95.492966,9.403715,17.106549,6.118761,25.0,11.847606,13.398936,1
779,1,77.8,95.492966,5.804985,21.994135,6.151857,25.0,11.902433,13.398936,1
780,1,77.9,95.492966,9.765396,26.88172,6.255823,25.0,11.016646,11.483951,1
781,1,78.0,95.492966,5.642229,17.106549,6.118761,25.0,11.958286,13.566886,1
782,1,78.1,95.492966,5.587977,21.994135,6.014412,25.0,11.819901,13.398936,1
783,1,78.2,95.492966,62.66129,21.994135,6.055184,25.0,11.820043,13.398936,1
784,1,78.3,95.492966,9.403715,26.88172,6.175112,25.0,11.930188,13.398936,1
785,1,78.4,95.492966,5.750733,31.769306,6.215214,25.0,11.847053,13.315054,1
786,1,78.5,95.492966,5.696481,12.218964,6.166983,25.0,11.820043,13.398936,1
787,1,78.6,95.492966,5.859238,21.994135,6.200206,25.0,12.0719,14.072289,1
788,1,78.7,95.492966,5.642229,17.106549,5.951325,25.0,11.709856,13.398936,1
789,1,78.8,95.492966,5.696481,21.994135,6.166983,25.0,11.847449,13.398936,1
790,1,78.9,95.492966,5.804985,21.994135,6.263456,25.0,11.847449,13.398936,1
791,1,79.0,95.492966,9.042033,12.218964,6.269174,25.0,12.095224,13.48288,1
792,1,79.1,95.492966,9.313294,21.994135,6.07055,25.0,11.875431,13.48288,1
793,1,79.2,95.492966,5.696481,21.994135,6.110948,25.0,11.902995,13.48288,1
794,1,79.3,95.492966,1.808407,21.994135,5.813659,25.0,12.123819,13.398936,1
795,1,79.4,95.492966,9.494135,26.88172,6.166983,25.0,11.820043,13.398936,1
796,1,79.5,95.492966,9.494135,17.106549,6.22328,25.0,11.847449,13.398936,1
797,1,79.6,95.492966,5.750733,80.645161,6.215214,25.0,12.180457,13.903557,1
798,1,79.7,95.492966,13.544966,21.994135,6.207522,25.0,11.875431,13.48288,1
799,1,79.8,95.492966,12.912023,17.106549,6.078809,25.0,11.847449,13.398936,1
800,1,79.9,95.492966,9.222874,21.994135,6.02235,25.0,12.346298,13.48288,1
801,1,80.0,95.492966,9.584555,17.106549,6.048079,25.0,11.847606,13.398936,1
802,1,80.1,95.492966,9.584555,26.88172,6.15923,25.0,11.902433,13.398936,1
803,1,80.2,95.492966,9.584555,17.106549,6.15923,25.0,11.016709,11.566642,1
804,1,80.3,95.492966,9.403715,7.331378,6.062675,25.0,11.98631,13.650957,1
805,1,80.4,95.492966,9.132454,21.994135,6.030675,25.0,11.847882,13.48288,1
806,1,80.5,95.492966,13.038612,21.994135,6.014412,25.0,11.902995,13.48288,1
807,1,80.6,95.492966,5.642229,21.994135,6.062675,25.0,11.930188,13.398936,1
808,1,80.7,95.492966,9.674976,17.106549,6.207522,25.0,11.736392,13.147473,1
809,1,80.8,95.492966,9.584555,17.106549,6.215214,25.0,11.875431,13.48288,1
810,1,80.9,95.492966,9.674976,21.994135,6.151857,25.0,12.12903,14.325898,1
811,1,81.0,95.492966,9.132454,12.218964,6.144475,25.0,11.435663,13.398936,1
812,1,81.1,95.492966,9.222874,21.994135,6.02235,25.0,11.875588,13.48288,1
813,1,81.2,95.492966,17.252199,17.106549,6.103516,25.0,11.875431,13.48288,1
814,1,81.3,95.492966,5.750733,21.994135,6.27146,25.0,11.457778,12.229922,1
815,1,81.4,95.492966,9.584555,21.994135,6.215214,25.0,11.820043,13.398936,1
816,1,81.5,95.492966,5.750733,26.88172,6.15923,25.0,11.875588,13.48288,1
817,1,81.6,95.492966,12.912023,26.88172,6.02235,25.0,11.736748,13.231233,1
818,1,81.7,95.492966,9.403715,17.106549,6.118761,25.0,11.875431,13.48288,1
819,1,81.8,95.492966,9.674976,26.88172,6.096467,25.0,11.875431,13.48288,1
820,1,81.9,95.492966,9.494135,31.769306,6.166983,25.0,12.124088,13.48288,1
821,1,82.0,95.492966,5.804985,21.994135,6.207522,25.0,11.820213,13.398936,1
822,1,82.1,95.492966,5.750733,21.994135,6.103516,25.0,11.847606,13.398936,1
823,1,82.2,95.492966,9.313294,26.88172,6.126954,25.0,12.104497,14.580138,1
824,1,82.3,95.492966,9.403715,21.994135,6.118761,25.0,11.847882,13.48288,1
825,1,82.4,95.492966,9.313294,21.994135,6.014412,25.0,11.847882,13.48288,1
826,1,82.5,95.492966,20.688172,26.88172,6.118761,25.0,11.902995,13.48288,1
827,1,82.6,95.492966,9.494135,17.106549,6.22328,25.0,11.626386,13.063774,1
828,1,82.7,95.492966,9.584555,17.106549,6.27146,25.0,11.764312,13.231233,1
829,1,82.8,95.492966,5.642229,21.994135,6.062675,25.0,11.875431,13.48288,1
830,1,82.9,95.492966,1.844575,17.106549,6.02235,25.0,11.820349,13.48288,1
831,1,83.0,95.492966,5.42522,21.994135,5.925983,25.0,11.682956,13.48288,1
832,1,83.1,95.492966,5.750733,17.106549,6.103516,25.0,11.902995,13.48288,1
833,1,83.2,95.492966,5.696481,12.218964,6.166983,25.0,11.847053,13.315054,1
834,1,83.3,95.492966,9.855816,21.994135,6.193267,25.0,12.095224,13.48288,1
835,1,83.4,95.492966,5.533724,26.88172,6.02235,25.0,11.902995,13.48288,1
836,1,83.5,95.492966,9.132454,17.106549,6.030675,25.0,11.875431,13.48288,1
837,1,83.6,95.492966,1.880743,21.994135,6.231719,25.0,12.179531,13.48288,1
838,1,83.7,95.492966,9.494135,17.106549,6.166983,25.0,11.902995,13.48288,1
839,1,83.8,95.492966,9.674976,17.106549,6.207522,25.0,11.875013,13.398936,1
840,1,83.9,95.492966,9.584555,36.656891,6.103516,25.0,12.236701,14.072289,1
841,1,84.0,95.492966,13.038612,21.994135,6.126954,25.0,11.902995,13.48288,1
842,1,84.1,95.492966,9.222874,17.106549,6.078809,25.0,11.930997,13.566886,1
843,1,84.2,95.492966,9.403715,21.994135,6.006861,25.0,12.374158,13.48288,1
844,1,84.3,95.492966,9.674976,12.218964,6.151857,25.0,11.902995,13.48288,1
845,1,84.4,95.492966,5.750733,21.994135,6.215214,25.0,11.902995,13.48288,1
846,1,84.5,95.492966,9.584555,12.218964,6.15923,25.0,11.903433,13.566886,1
847,1,84.6,95.492966,5.750733,17.106549,6.15923,25.0,11.98585,13.566886,1
848,1,84.7,95.492966,5.696481,17.106549,6.166983,25.0,11.875431,13.48288,1
849,1,84.8,95.492966,13.1652,21.994135,6.062675,25.0,11.875431,13.48288,1
850,1,84.9,95.492966,1.916911,21.994135,6.103516,25.0,11.902995,13.48288,1
851,1,85.0,95.492966,9.674976,21.994135,6.207522,25.0,11.875013,13.398936,1
852,1,85.1,95.492966,9.584555,17.106549,6.15923,25.0,11.902995,13.48288,1
853,1,85.2,95.492966,9.584555,26.88172,6.15923,25.0,12.099464,14.072289,1
854,1,85.3,95.492966,9.403715,17.106549,6.175112,25.0,11.545788,13.48288,1
855,1,85.4,95.492966,5.533724,21.994135,6.02235,25.0,11.903433,13.566886,1
856,1,85.5,95.492966,13.291789,17.106549,6.055184,25.0,11.875431,13.48288,1
857,1,85.6,95.492966,1.862659,17.106549,6.07055,25.0,11.347507,11.980819,1
858,1,85.7,95.492966,5.91349,21.994135,6.248564,25.0,11.90359,13.566886,1
859,1,85.8,95.492966,9.674976,17.106549,6.151857,25.0,11.875588,13.48288,1
860,1,85.9,95.492966,5.642229,26.88172,6.118761,25.0,11.792649,13.398936,1
861,1,86.0,95.492966,9.132454,26.88172,5.974161,25.0,11.903433,13.566886,1
862,1,86.1,95.492966,9.222874,21.994135,5.966159,25.0,11.903433,13.566886,1
863,1,86.2,95.492966,9.403715,17.106549,6.175112,25.0,12.013409,13.48288,1
864,1,86.3,95.492966,9.674976,17.106549,6.151857,25.0,11.848194,13.48288,1
865,1,86.4,95.492966,9.313294,17.106549,6.126954,25.0,11.875588,13.48288,1
866,1,86.5,95.492966,9.313294,17.106549,6.07055,25.0,12.160138,14.665029,1
867,1,86.6,95.492966,9.132454,21.994135,6.030675,25.0,11.847882,13.48288,1
868,1,86.7,95.492966,9.313294,17.106549,6.014412,25.0,11.875884,13.566886,1
869,1,86.8,95.492966,16.76393,21.994135,6.126954,25.0,11.930997,13.566886,1
870,1,86.9,95.492966,9.584555,17.106549,6.215214,25.0,11.653742,13.063774,1
871,1,87.0,95.492966,5.859238,17.106549,6.255823,25.0,11.792252,13.315054,1
872,1,87.1,95.492966,9.494135,21.994135,6.110948,25.0,11.930997,13.566886,1
873,1,87.2,95.492966,9.222874,17.106549,6.078809,25.0,11.875884,13.566886,1
874,1,87.3,95.492966,9.313294,12.218964,5.958546,25.0,11.76584,13.566886,1
875,1,87.4,95.492966,9.222874,17.106549,6.02235,25.0,11.930997,13.566886,1
876,1,87.5,95.492966,9.584555,26.88172,6.215214,25.0,11.930997,13.566886,1
877,1,87.6,95.492966,8.861193,26.88172,6.173564,25.0,12.178768,13.650957,1
878,1,87.7,95.492966,9.313294,26.88172,6.07055,25.0,11.930997,13.566886,1
879,1,87.8,95.492966,9.494135,26.88172,6.166983,25.0,11.930997,13.566886,1
880,1,87.9,95.492966,5.696481,12.218964,6.110948,25.0,12.263048,13.566886,1
881,1,88.0,95.492966,1.826491,21.994135,6.030675,25.0,11.930997,13.566886,1
882,1,88.1,95.492966,9.584555,17.106549,6.15923,25.0,11.903433,13.566886,1
883,1,88.2,95.492966,5.967742,70.86999,6.186706,25.0,12.26419,14.072289,1
884,1,88.3,95.492966,5.696481,17.106549,6.166983,25.0,11.930997,13.566886,1
885,1,88.4,95.492966,0.361681,26.88172,0.124609,25.0,11.930997,13.566886,1
886,1,88.5,95.492966,0.723363,12.218964,0.241923,25.0,11.930997,13.566886,1
887,1,88.6,95.492966,0.632942,17.106549,0.142496,25.0,11.930997,13.566886,1
888,1,88.7,95.492966,0.325513,26.88172,0.186114,25.0,11.930997,13.566886,1
889,1,88.8,95.492966,1.012708,26.88172,0.251604,25.0,11.930997,13.566886,1
890,1,88.9,95.492966,0.813783,26.88172,0.278635,25.0,11.930997,13.566886,1
891,1,89.0,95.492966,0.542522,17.106549,0.186114,25.0,11.930997,13.566886,1
892,1,89.1,95.492966,0.452102,17.106549,0.142496,25.0,11.95902,13.650957,1
893,1,89.2,95.492966,0.542522,17.106549,0.172802,25.0,11.95902,13.650957,1
894,1,89.3,95.492966,0.361681,21.994135,0.103681,25.0,11.930997,13.566886,1
895,1,89.4,95.492966,0.723363,17.106549,0.251604,25.0,11.90359,13.566886,1
896,1,89.5,95.492966,0.723363,17.106549,0.241923,25.0,11.930997,13.566886,1
897,1,89.6,95.492966,0.632942,17.106549,0.210223,25.0,11.930997,13.566886,1
898,1,89.7,95.492966,0.632942,12.218964,0.210223,25.0,11.930997,13.566886,1
899,1,89.8,95.492966,0.379765,21.994135,0.210223,25.0,11.931614,13.650957,1
900,1,89.9,95.492966,0.217009,21.994135,0.103681,25.0,11.930997,13.566886,1
901,1,90.0,95.492966,0.361681,17.106549,0.124609,25.0,11.903433,13.566886,1
902,1,90.1,95.492966,0.542522,31.769306,0.172802,25.0,11.930997,13.566886,1
903,1,90.2,95.492966,0.452102,26.88172,0.142496,25.0,11.930997,13.566886,1
904,1,90.3,95.492966,0.361681,26.88172,0.103681,25.0,11.930997,13.566886,1
905,1,90.4,95.492966,0.452102,12.218964,0.142496,25.0,11.930997,13.566886,1
906,1,90.5,95.492966,0.434018,17.106549,0.241923,25.0,11.930997,13.566886,1
907,1,90.6,95.492966,0.434018,21.994135,0.251604,25.0,11.930997,13.566886,1
908,1,90.7,95.492966,0.452102,12.218964,0.142496,25.0,11.930997,13.566886,1
909,1,90.8,95.492966,0.271261,26.88172,0.172802,25.0,11.930997,13.566886,1
910,1,90.9,95.492966,0.632942,21.994135,0.210223,25.0,11.930997,13.566886,1
911,1,91.0,95.492966,0.452102,17.106549,0.142496,25.0,11.930997,13.566886,1
912,1,91.1,95.492966,0.162757,21.994135,0.07728,25.0,11.903433,13.566886,1
913,1,91.2,95.492966,0.542522,26.88172,0.186114,25.0,11.930997,13.566886,1
914,1,91.3,95.492966,0.632942,17.106549,0.231839,25.0,11.95902,13.650957,1
915,1,91.4,95.492966,0.379765,21.994135,0.210223,25.0,11.930997,13.566886,1
916,1,91.5,95.492966,0.632942,17.106549,0.210223,25.0,11.90359,13.566886,1
917,1,91.6,95.492966,1.012708,21.994135,0.241923,25.0,11.95902,13.650957,1
918,1,91.7,95.492966,0.361681,17.106549,0.103681,25.0,11.95902,13.650957,1
919,1,91.8,95.492966,0.886119,21.994135,0.210223,25.0,11.95902,13.650957,1
920,1,91.9,95.492966,0.542522,17.106549,0.172802,25.0,11.95902,13.650957,1
921,1,92.0,95.492966,0.632942,17.106549,0.142496,25.0,11.95902,13.650957,1
922,1,92.1,95.492966,0.632942,12.218964,0.172802,25.0,11.930997,13.566886,1
923,1,92.2,95.492966,5.316716,21.994135,5.886346,25.0,11.931456,13.650957,1
924,1,92.3,95.492966,10.579179,12.218964,6.635696,25.0,11.930574,13.48288,1
925,1,92.4,95.492966,9.674976,17.106549,6.263456,25.0,11.876196,13.566886,1
926,1,92.5,95.492966,13.544966,21.994135,6.207522,25.0,11.931614,13.650957,1
927,1,92.6,95.492966,5.533724,7.331378,6.02235,25.0,11.930997,13.566886,1
928,1,92.7,95.492966,5.479472,26.88172,5.917916,25.0,11.931456,13.650957,1
929,1,92.8,95.492966,9.494135,21.994135,6.055184,25.0,11.931456,13.650957,1
930,1,92.9,95.492966,9.403715,21.994135,6.175112,25.0,12.235898,13.650957,1
931,1,93.0,95.492966,5.750733,21.994135,6.215214,25.0,11.766088,13.48288,1
932,1,93.1,95.492966,5.587977,17.106549,6.07055,25.0,11.90422,13.650957,1
933,1,93.2,95.492966,5.533724,17.106549,6.078809,25.0,12.753287,16.033758,1
934,1,93.3,95.492966,9.403715,21.994135,6.062675,25.0,11.903908,13.650957,1
935,1,93.4,95.492966,9.313294,17.106549,5.958546,25.0,11.903908,13.650957,1
936,1,93.5,95.492966,13.038612,21.994135,6.07055,25.0,11.95902,13.650957,1
937,1,93.6,95.492966,5.750733,17.106549,6.215214,25.0,11.654286,13.147473,1
938,1,93.7,95.492966,5.533724,17.106549,6.135526,25.0,11.848194,13.48288,1
939,1,93.8,95.492966,5.642229,17.106549,6.118761,25.0,11.95902,13.650957,1
940,1,93.9,95.492966,5.479472,17.106549,5.974161,25.0,11.903908,13.650957,1
941,1,94.0,95.492966,9.222874,26.88172,5.966159,25.0,11.766388,13.650957,1
942,1,94.1,95.492966,12.785435,26.88172,5.974161,25.0,11.95902,13.650957,1
943,1,94.2,95.492966,5.642229,21.994135,6.062675,25.0,11.763293,13.063774,1
944,1,94.3,95.492966,9.584555,17.106549,6.15923,25.0,11.846046,13.147473,1
945,1,94.4,95.492966,5.696481,17.106549,6.110948,25.0,11.95902,13.650957,1
946,1,94.5,95.492966,5.587977,21.994135,6.07055,25.0,11.987065,13.735092,1
947,1,94.6,95.492966,9.222874,26.88172,6.02235,25.0,11.76584,13.566886,1
948,1,94.7,95.492966,5.750733,26.88172,6.215214,25.0,11.95902,13.650957,1
949,1,94.8,95.492966,9.584555,17.106549,6.15923,25.0,11.875013,13.398936,1
950,1,94.9,95.492966,9.494135,21.994135,6.166983,25.0,12.068233,13.566886,1
951,1,95.0,95.492966,9.403715,17.106549,6.062675,25.0,11.95902,13.650957,1
952,1,95.1,95.492966,9.313294,21.994135,6.07055,25.0,11.95902,13.650957,1
953,1,95.2,95.492966,5.533724,21.994135,5.966159,25.0,11.903433,13.566886,1
954,1,95.3,95.492966,9.313294,17.106549,6.07055,25.0,11.987065,13.735092,1
955,1,95.4,95.492966,9.584555,26.88172,6.15923,25.0,11.95902,13.650957,1
956,1,95.5,95.492966,9.674976,12.218964,5.986544,25.0,11.573803,13.566886,1
957,1,95.6,95.492966,13.038612,21.994135,6.07055,25.0,11.95902,13.650957,1
958,1,95.7,95.492966,13.1652,21.994135,6.062675,25.0,11.931456,13.650957,1
959,1,95.8,95.492966,13.544966,12.218964,6.263456,25.0,11.513379,12.396252,1
960,1,95.9,95.492966,9.494135,26.88172,6.166983,25.0,11.959659,13.735092,1
961,1,96.0,95.492966,5.750733,12.218964,6.215214,25.0,11.931614,13.650957,1
962,1,96.1,95.492966,9.132454,31.769306,6.087448,25.0,11.848194,13.48288,1
963,1,96.2,95.492966,9.222874,17.106549,6.02235,25.0,11.931614,13.650957,1
964,1,96.3,95.492966,9.313294,21.994135,5.958546,25.0,11.959501,13.735092,1
965,1,96.4,95.492966,9.494135,12.218964,6.110948,25.0,12.069435,13.650957,1
966,1,96.5,95.492966,13.544966,21.994135,6.31965,25.0,11.876196,13.566886,1
967,1,96.6,95.492966,9.674976,21.994135,6.207522,25.0,11.931614,13.650957,1
968,1,96.7,95.492966,5.479472,21.994135,5.974161,25.0,12.041807,13.650957,1
969,1,96.8,95.492966,5.642229,17.106549,6.006861,25.0,11.95902,13.650957,1
970,1,96.9,95.492966,5.750733,21.994135,6.15923,25.0,11.95902,13.650957,1
971,1,97.0,95.492966,9.674976,7.331378,6.207522,25.0,12.268748,14.580138,1
972,1,97.1,95.492966,9.403715,21.994135,6.175112,25.0,12.014485,13.735092,1
973,1,97.2,95.492966,9.313294,26.88172,6.07055,25.0,11.931456,13.650957,1
974,1,97.3,95.492966,27.397361,26.88172,5.917916,25.0,11.95902,13.650957,1
975,1,97.4,95.492966,5.642229,17.106549,6.062675,25.0,11.987065,13.735092,1
976,1,97.5,95.492966,9.584555,26.88172,6.15923,25.0,11.98644,13.650957,1
977,1,97.6,95.492966,9.494135,21.994135,6.166983,25.0,11.987065,13.735092,1
978,1,97.7,95.492966,9.403715,21.994135,6.118761,25.0,12.180457,13.903557,1
979,1,97.8,95.492966,5.479472,21.994135,6.030675,25.0,11.931953,13.735092,1
980,1,97.9,95.492966,1.862659,12.218964,5.958546,25.0,11.95902,13.650957,1
981,1,98.0,95.492966,9.494135,17.106549,6.166983,25.0,11.681111,13.063774,1
982,1,98.1,95.492966,9.494135,26.88172,6.22328,25.0,11.875013,13.398936,1
983,1,98.2,95.492966,5.642229,12.218964,6.118761,25.0,11.959659,13.735092,1
984,1,98.3,95.492966,5.642229,21.994135,6.006861,25.0,11.904419,13.735092,1
985,1,98.4,95.492966,9.313294,21.994135,6.07055,25.0,11.821908,13.735092,1
986,1,98.5,95.492966,5.696481,26.88172,6.110948,25.0,11.987065,13.735092,1
987,1,98.6,95.492966,5.642229,21.994135,6.175112,25.0,11.847053,13.315054,1
988,1,98.7,95.492966,5.750733,17.106549,6.103516,25.0,12.123746,13.650957,1
989,1,98.8,95.492966,5.696481,21.994135,6.110948,25.0,11.95902,13.650957,1
990,1,98.9,95.492966,1.808407,17.106549,5.982552,25.0,11.931614,13.650957,1
991,1,99.0,95.492966,1.790323,21.994135,5.877817,25.0,12.04224,13.735092,1
992,1,99.1,95.492966,9.855816,17.106549,6.248564,25.0,11.959659,13.735092,1
993,1,99.2,95.492966,13.418377,17.106549,6.15923,25.0,11.959659,13.735092,1
994,1,99.3,95.492966,8.770772,41.544477,6.242444,25.0,12.407666,14.749993,1
995,1,99.4,95.492966,5.587977,26.88172,5.958546,25.0,11.932095,13.735092,1
996,1,99.5,95.492966,5.696481,17.106549,6.055184,25.0,11.959501,13.735092,1
997,1,99.6,95.492966,6.076246,21.994135,6.560753,25.0,12.014196,13.650957,1
998,1,99.7,95.492966,9.674976,21.994135,6.151857,25.0,11.931614,13.650957,1
999,1,99.8,95.492966,9.494135,17.106549,6.110948,25.0,11.959659,13.735092,1
1000,1,99.9,95.492966,5.533724,17.106549,6.078809,25.0,11.98585,13.566886,1
1001,1,100.0,95.492966,13.1652,21.994135,6.062675,25.0,11.959501,13.735092,1
1002,1,100.1,95.492966,9.403715,21.994135,6.006861,25.0,11.959501,13.735092,1
1003,1,100.2,95.492966,9.403715,17.106549,6.175112,25.0,12.486109,13.735092,1
1004,1,100.3,95.492966,5.804985,26.88172,6.207522,25.0,11.821447,13.566886,1
1005,1,100.4,95.492966,9.584555,17.106549,6.215214,25.0,11.90422,13.650957,1
1006,1,100.5,95.492966,12.912023,21.994135,6.02235,25.0,12.984084,16.726147,1
1007,1,100.6,95.492966,5.696481,17.106549,6.110948,25.0,11.877013,13.735092,1
1008,1,100.7,95.492966,13.291789,21.994135,6.055184,25.0,11.904419,13.735092,1
1009,1,100.8,95.492966,31.6652,12.218964,6.126954,25.0,11.959659,13.735092,1
1010,1,100.9,95.492966,9.584555,21.994135,6.215214,25.0,11.735886,13.063774,1
1011,1,101.0,95.492966,9.494135,17.106549,6.166983,25.0,11.901906,13.315054,1
1012,1,101.1,95.492966,9.494135,21.994135,6.055184,25.0,11.987065,13.735092,1
1013,1,101.2,95.492966,5.642229,17.106549,6.062675,25.0,11.987065,13.735092,1
1014,1,101.3,95.492966,5.696481,26.88172,6.110948,25.0,11.598002,12.896552,1
1015,1,101.4,95.492966,13.291789,12.218964,6.22328,25.0,11.959659,13.735092,1
1016,1,101.5,95.492966,5.642229,21.994135,6.006861,25.0,11.987725,13.819292,1
1017,1,101.6,95.492966,1.808407,26.88172,6.153798,25.0,11.629871,13.735092,1
1018,1,101.7,95.492966,9.313294,21.994135,5.958546,25.0,11.959501,13.735092,1
1019,1,101.8,95.492966,5.696481,21.994135,6.110948,25.0,11.959659,13.735092,1
1020,1,101.9,95.492966,5.804985,7.331378,6.263456,25.0,12.491844,14.920143,1
1021,1,102.0,95.492966,9.403715,21.994135,6.118761,25.0,11.987065,13.735092,1
1022,1,102.1,95.492966,9.313294,17.106549,6.126954,25.0,11.959659,13.735092,1
1023,1,102.2,95.492966,1.862659,17.106549,6.014412,25.0,12.263943,13.735092,1
1024,1,102.3,95.492966,5.587977,21.994135,6.183617,25.0,11.959659,13.735092,1
1025,1,102.4,95.492966,5.804985,17.106549,6.151857,25.0,11.987065,13.735092,1
1026,1,102.5,95.492966,9.584555,17.106549,6.15923,25.0,12.079153,14.749993,1
1027,1,102.6,95.492966,9.222874,21.994135,6.078809,25.0,12.015132,13.819292,1
1028,1,102.7,95.492966,5.479472,17.106549,5.974161,25.0,11.959501,13.735092,1
1029,1,102.8,95.492966,12.912023,17.106549,6.02235,25.0,11.411052,13.735092,1
1030,1,102.9,95.492966,5.533724,17.106549,5.910241,25.0,12.015132,13.819292,1
1031,1,103.0,95.492966,9.494135,26.88172,6.110948,25.0,12.014485,13.735092,1
1032,1,103.1,95.492966,9.765396,21.994135,6.255823,25.0,10.742866,11.566642,1
1033,1,103.2,95.492966,9.222874,17.106549,6.078809,25.0,11.931953,13.735092,1
1034,1,103.3,95.492966,8.951613,12.218964,5.934443,25.0,11.904419,13.735092,1
1035,1,103.4,95.492966,44.088954,21.994135,6.15923,25.0,11.987725,13.819292,1
1036,1,103.5,95.492966,5.750733,26.88172,6.215214,25.0,11.737502,13.315054,1
1037,1,103.6,95.492966,9.494135,17.106549,6.22328,25.0,11.848815,13.566886,1
1038,1,103.7,95.492966,5.533724,26.88172,6.02235,25.0,12.014645,13.735092,1
1039,1,103.8,95.492966,9.584555,17.106549,6.215214,25.0,11.763786,13.147473,1
1040,1,103.9,95.492966,9.584555,12.218964,6.15923,25.0,11.929867,13.398936,1
1041,1,104.0,95.492966,5.804985,17.106549,6.151857,25.0,11.987725,13.819292,1
1042,1,104.1,95.492966,5.533724,26.88172,5.966159,25.0,11.960161,13.819292,1
1043,1,104.2,95.492966,9.313294,21.994135,6.07055,25.0,11.850057,13.819292,1
1044,1,104.3,95.492966,9.494135,21.994135,6.166983,25.0,12.015132,13.819292,1
1045,1,104.4,95.492966,5.696481,17.106549,6.166983,25.0,11.931614,13.650957,1
1046,1,104.5,95.492966,9.765396,31.769306,6.200206,25.0,12.207361,13.819292,1
1047,1,104.6,95.492966,9.313294,26.88172,6.126954,25.0,11.987568,13.819292,1
1048,1,104.7,95.492966,9.222874,17.106549,6.078809,25.0,12.015132,13.819292,1
1049,1,104.8,95.492966,1.808407,21.994135,5.813659,25.0,12.097919,13.819292,1
1050,1,104.9,95.492966,5.804985,26.88172,6.151857,25.0,11.987725,13.819292,1
1051,1,105.0,95.492966,13.544966,21.994135,6.151857,25.0,12.015132,13.819292,1
1052,1,105.1,95.492966,1.717986,12.218964,6.088625,25.0,11.712172,13.735092,1
1053,1,105.2,95.492966,13.418377,26.88172,6.103516,25.0,12.015132,13.819292,1
1054,1,105.3,95.492966,9.674976,17.106549,6.207522,25.0,11.987725,13.819292,1
1055,1,105.4,95.492966,9.584555,17.106549,6.15923,25.0,12.519319,14.920143,1
1056,1,105.5,95.492966,5.804985,17.106549,6.096467,25.0,12.015132,13.819292,1
1057,1,105.6,95.492966,9.403715,12.218964,6.062675,25.0,12.015132,13.819292,1
1058,1,105.7,95.492966,1.880743,21.994135,6.062675,25.0,12.319417,13.819292,1
1059,1,105.8,95.492966,5.859238,26.88172,6.144863,25.0,11.987725,13.819292,1
1060,1,105.9,95.492966,5.859238,17.106549,6.144863,25.0,11.987065,13.735092,1
1061,1,106.0,95.492966,9.584555,12.218964,6.215214,25.0,12.351181,14.580138,1
1062,1,106.1,95.492966,5.587977,17.106549,6.07055,25.0,12.015132,13.819292,1
1063,1,106.2,95.492966,9.222874,17.106549,6.078809,25.0,12.015132,13.819292,1
1064,1,106.3,95.492966,13.1652,26.88172,6.062675,25.0,12.486296,13.819292,1
1065,1,106.4,95.492966,9.674976,21.994135,6.151857,25.0,12.015132,13.819292,1
1066,1,106.5,95.492966,9.494135,17.106549,6.166983,25.0,12.015132,13.819292,1
1067,1,106.6,95.492966,9.674976,17.106549,6.207522,25.0,12.354676,14.920143,1
1068,1,106.7,95.492966,5.642229,17.106549,6.118761,25.0,12.070641,13.903557,1
1069,1,106.8,95.492966,9.313294,26.88172,6.126954,25.0,11.960161,13.819292,1
1070,1,106.9,95.492966,1.826491,21.994135,6.030675,25.0,11.932613,13.819292,1
1071,1,107.0,95.492966,9.494135,17.106549,6.22328,25.0,11.79409,13.566886,1
1072,1,107.1,95.492966,5.479472,21.994135,6.087448,25.0,11.960161,13.819292,1
1073,1,107.2,95.492966,5.696481,26.88172,6.055184,25.0,11.987725,13.819292,1
1074,1,107.3,95.492966,5.587977,17.106549,6.014412,25.0,12.042712,13.819292,1
1075,1,107.4,95.492966,9.584555,26.88172,6.15923,25.0,12.042552,13.819292,1
1076,1,107.5,95.492966,9.946237,26.88172,6.296929,25.0,11.987725,13.819292,1
1077,1,107.6,95.492966,9.674976,12.218964,6.096467,25.0,12.208567,13.987889,1
1078,1,107.7,95.492966,12.785435,21.994135,5.974161,25.0,11.932613,13.819292,1
1079,1,107.8,95.492966,5.696481,21.994135,6.055184,25.0,12.015132,13.819292,1
1080,1,107.9,95.492966,5.587977,21.994135,6.07055,25.0,12.015305,13.819292,1
1081,1,108.0,95.492966,9.403715,21.994135,6.175112,25.0,11.931614,13.650957,1
1082,1,108.1,95.492966,9.674976,21.994135,6.207522,25.0,11.987725,13.819292,1
1083,1,108.2,95.492966,5.804985,21.994135,6.207522,25.0,12.40245,14.156756,1
1084,1,108.3,95.492966,9.403715,21.994135,6.175112,25.0,11.850057,13.819292,1
1085,1,108.4,95.492966,5.587977,12.218964,6.014412,25.0,12.015132,13.819292,1
1086,1,108.5,95.492966,9.584555,17.106549,6.215214,25.0,12.09814,13.819292,1
1087,1,108.6,95.492966,9.494135,21.994135,6.166983,25.0,11.820813,13.48288,1
1088,1,108.7,95.492966,9.584555,21.994135,6.15923,25.0,11.987725,13.819292,1
1089,1,108.8,95.492966,1.717986,21.994135,6.21752,25.0,11.987725,13.819292,1
1090,1,108.9,95.492966,4.068915,21.994135,6.376098,25.0,11.987725,13.819292,1
1091,1,109.0,95.492966,1.030792,17.106549,3.767723,25.0,11.987725,13.819292,1
1092,1,109.1,95.492966,4.93695,31.769306,3.210403,25.0,12.015132,13.819292,1
1093,1,109.2,95.492966,0.813783,26.88172,8.540907,25.0,12.043924,13.987889,1
1094,1,109.3,95.492966,0.542522,17.106549,8.503626,25.0,12.411493,15.090596,1
1095,1,109.4,95.492966,2.71261,17.106549,6.779224,25.0,12.015814,13.903557,1
1096,1,109.5,95.492966,0.452102,21.994135,1.767996,25.0,11.987725,13.819292,1
1097,1,109.6,95.492966,3.960411,31.769306,6.668017,25.0,12.347505,13.903557,1
1098,1,109.7,95.492966,0.886119,21.994135,8.953558,25.0,11.987725,13.819292,1
1099,1,109.8,95.492966,0.271261,2.443793,8.813999,25.0,12.492779,15.005331,1
1100,1,109.9,95.492966,3.634897,21.994135,5.88594,25.0,11.960331,13.819292,1
1101,1,110.0,95.492966,0.632942,17.106549,1.354928,25.0,12.043221,13.903557,1
1102,1,110.1,95.492966,4.611437,12.218964,4.207442,25.0,12.015814,13.903557,1
1103,1,110.2,95.492966,0.759531,17.106549,8.789844,25.0,11.62537,12.896552,1
1104,1,110.3,95.492966,0.452102,21.994135,7.70822,25.0,11.821251,13.566886,1
1105,1,110.4,95.492966,5.587977,7.331378,5.847665,25.0,12.264856,14.156756,1
1106,1,110.5,95.492966,0.325513,21.994135,3.529399,25.0,11.877561,13.819292,1
1107,1,110.6,95.492966,4.973118,21.994135,7.059559,25.0,11.987568,13.819292,1
1108,1,110.7,95.492966,1.537146,17.106549,8.485347,25.0,11.98825,13.903557,1
1109,1,110.8,95.492966,0.723363,21.994135,6.018382,25.0,12.043221,13.903557,1
1110,1,110.9,95.492966,12.40567,7.331378,3.941861,25.0,12.153632,13.987889,1
1111,1,111.0,95.492966,0.723363,21.994135,6.501867,25.0,12.182474,14.156756,1
1112,1,111.1,95.492966,1.265885,26.88172,7.96159,25.0,11.71342,13.903557,1
1113,1,111.2,95.492966,6.510264,17.106549,7.792366,25.0,12.043221,13.903557,1
1114,1,111.3,95.492966,0.542522,17.106549,3.805575,25.0,12.0708,13.903557,1
1115,1,111.4,95.492966,8.22825,17.106549,3.447221,25.0,12.015814,13.903557,1
1116,1,111.5,95.492966,0.904203,21.994135,8.645709,25.0,12.015814,13.903557,1
1117,1,111.6,95.492966,0.379765,17.106549,8.331649,25.0,12.043221,13.903557,1
1118,1,111.7,95.492966,6.021994,21.994135,6.072124,25.0,11.987725,13.819292,1
1119,1,111.8,95.492966,0.452102,17.106549,1.21749,25.0,11.626942,13.147473,1
1120,1,111.9,95.492966,7.233627,12.218964,5.139756,25.0,11.680145,12.896552,1
1121,1,112.0,95.492966,0.723363,12.218964,8.988973,25.0,11.959659,13.735092,1
1122,1,112.1,95.492966,0.452102,17.106549,8.468438,25.0,11.98825,13.903557,1
1123,1,112.2,95.492966,1.862659,17.106549,3.629505,25.0,12.097919,13.819292,1
1124,1,112.3,95.492966,0.09042,21.994135,1.492515,25.0,12.015814,13.903557,1
1125,1,112.4,95.492966,3.20088,21.994135,6.964852,25.0,11.930997,13.566886,1
1126,1,112.5,95.492966,1.356305,26.88172,8.136105,25.0,12.070641,13.903557,1
1127,1,112.6,95.492966,0.452102,21.994135,7.63911,25.0,12.043221,13.903557,1
1128,1,112.7,95.492966,3.797654,21.994135,2.39367,25.0,12.043221,13.903557,1
1129,1,112.8,95.492966,0.325513,21.994135,3.736526,25.0,12.015814,13.903557,1
1130,1,112.9,95.492966,2.405181,21.994135,8.490131,25.0,12.20894,13.903557,1
1131,1,113.0,95.492966,2.62219,26.88172,6.945275,25.0,11.876196,13.566886,1
1132,1,113.1,95.492966,0.542522,17.106549,6.085093,25.0,11.987725,13.819292,1
1133,1,113.2,95.492966,4.991202,21.994135,3.844918,25.0,12.043221,13.903557,1
1134,1,113.3,95.492966,0.126588,17.106549,5.775319,25.0,11.905649,13.903557,1
1135,1,113.4,95.492966,1.537146,21.994135,7.451044,25.0,12.043221,13.903557,1
1136,1,113.5,95.492966,7.975073,17.106549,8.065923,25.0,12.015657,13.903557,1
1137,1,113.6,95.492966,0.271261,17.106549,3.698614,25.0,12.043221,13.903557,1
1138,1,113.7,95.492966,8.589932,21.994135,3.663571,25.0,12.210652,14.241292,1
1139,1,113.8,95.492966,0.09042,17.106549,8.675774,25.0,13.015028,13.987889,1
1140,1,113.9,95.492966,0.542522,21.994135,8.36941,25.0,12.043221,13.903557,1
1141,1,114.0,95.492966,9.946237,21.994135,5.969761,25.0,12.015657,13.903557,1
1142,1,114.1,95.492966,0.542522,26.88172,1.187693,25.0,11.652304,12.813028,1
1143,1,114.2,95.492966,6.962366,21.994135,5.115063,25.0,11.791706,13.231233,1
1144,1,114.3,95.492966,0.813783,26.88172,8.955425,25.0,11.987725,13.819292,1
1145,1,114.4,95.492966,0.162757,12.218964,8.329355,25.0,12.015657,13.903557,1
1146,1,114.5,95.492966,6.184751,21.994135,4.098729,25.0,12.264314,13.903557,1
1147,1,114.6,95.492966,0.632942,17.106549,1.363715,25.0,12.043393,13.903557,1
1148,1,114.7,95.492966,5.3348,17.106549,7.230076,25.0,11.764871,13.315054,1
1149,1,114.8,95.492966,0.994624,17.106549,8.059998,25.0,12.324464,14.665029,1
1150,1,114.9,95.492966,0.271261,17.106549,7.500891,25.0,12.015814,13.903557,1
1151,1,115.0,95.492966,9.042033,12.218964,3.617639,25.0,12.043221,13.903557,1
1152,1,115.1,95.492966,0.271261,17.106549,3.907777,25.0,12.043221,13.903557,1
1153,1,115.2,95.492966,1.247801,17.106549,8.432537,25.0,12.043393,13.903557,1
1154,1,115.3,95.492966,2.441349,17.106549,7.210224,25.0,12.043221,13.903557,1
1155,1,115.4,95.492966,0.361681,26.88172,6.014412,25.0,12.071331,13.987889,1
1156,1,115.5,95.492966,7.721896,12.218964,2.721512,25.0,12.02223,14.665029,1
1157,1,115.6,95.492966,0.452102,21.994135,5.842352,25.0,12.0708,13.903557,1
1158,1,115.7,95.492966,0.271261,17.106549,8.53755,25.0,12.043924,13.987889,1
1159,1,115.8,95.492966,4.701857,17.106549,7.535842,25.0,12.043221,13.903557,1
1160,1,115.9,95.492966,0.759531,21.994135,3.943679,25.0,12.071331,13.987889,1
1161,1,116.0,95.492966,3.634897,17.106549,2.415526,25.0,12.071331,13.987889,1
1162,1,116.1,95.492966,0.361681,26.88172,7.534891,25.0,11.98825,13.903557,1
1163,1,116.2,95.492966,1.880743,12.218964,8.643498,25.0,11.658645,13.903557,1
1164,1,116.3,95.492966,15.715054,17.106549,6.558568,25.0,12.071331,13.987889,1
1165,1,116.4,95.492966,0.632942,31.769306,1.500497,25.0,11.541127,12.479497,1
1166,1,116.5,95.492966,8.680352,36.656891,4.078279,25.0,12.238099,14.241292,1
1167,1,116.6,95.492966,0.452102,12.218964,9.781584,25.0,12.099464,14.072289,1
1168,1,116.7,95.492966,0.723363,26.88172,7.883495,25.0,12.043221,13.903557,1
1169,1,116.8,95.492966,9.765396,17.106549,5.156924,25.0,11.933056,13.903557,1
1170,1,116.9,95.492966,0.452102,26.88172,1.286187,25.0,12.0708,13.903557,1
1171,1,117.0,95.492966,3.146628,21.994135,7.187327,25.0,12.015814,13.903557,1
1172,1,117.1,95.492966,0.813783,21.994135,7.98825,25.0,12.468413,15.261356,1
1173,1,117.2,95.492966,0.542522,17.106549,7.536159,25.0,12.015814,13.903557,1
1174,1,117.3,95.492966,4.828446,17.106549,3.202208,25.0,12.043221,13.903557,1
1175,1,117.4,95.492966,0.904203,17.106549,3.95215,25.0,12.043221,13.903557,1
1176,1,117.5,95.492966,1.808407,17.106549,8.389367,25.0,12.015657,13.903557,1
1177,1,117.6,95.492966,1.898827,21.994135,7.187327,25.0,11.848194,13.48288,1
1178,1,117.7,95.492966,0.48827,31.769306,5.985347,25.0,12.20939,13.987889,1
1179,1,117.8,95.492966,5.786901,21.994135,3.153345,25.0,12.071504,13.987889,1
1180,1,117.9,95.492966,0.542522,12.218964,6.021557,25.0,11.652751,12.896552,1
1181,1,118.0,95.492966,0.180841,26.88172,8.43282,25.0,12.015814,13.903557,1
1182,1,118.1,95.492966,6.962366,21.994135,7.527278,25.0,12.071331,13.987889,1
1183,1,118.2,95.492966,0.452102,21.994135,4.045935,25.0,11.960701,13.903557,1
1184,1,118.3,95.492966,5.877322,26.88172,2.428348,25.0,12.070989,13.903557,1
1185,1,118.4,95.492966,0.271261,26.88172,7.570001,25.0,12.015814,13.903557,1
1186,1,118.5,95.492966,0.217009,12.218964,8.571618,25.0,12.043221,13.903557,1
1187,1,118.6,95.492966,6.962366,21.994135,7.233049,25.0,12.043924,13.987889,1
1188,1,118.7,95.492966,0.379765,26.88172,1.500497,25.0,12.071331,13.987889,1
1189,1,118.8,95.492966,4.502933,17.106549,3.412396,25.0,12.237322,13.987889,1
1190,1,118.9,95.492966,0.452102,21.994135,8.468438,25.0,11.95902,13.650957,1
1191,1,119.0,95.492966,0.180841,17.106549,8.640181,25.0,11.379048,15.175937,1
1192,1,119.1,95.492966,4.665689,21.994135,4.483411,25.0,12.26556,14.241292,1
1193,1,119.2,95.492966,0.452102,21.994135,0.738818,25.0,11.714137,13.987889,1
1194,1,119.3,95.492966,1.211632,21.994135,7.245918,25.0,11.195827,13.987889,1
1195,1,119.4,95.492966,0.48827,21.994135,7.98825,25.0,12.071331,13.987889,1
1196,1,119.5,95.492966,0.271261,21.994135,7.3617,25.0,12.043924,13.987889,1
1197,1,119.6,95.492966,10.579179,17.106549,4.074177,25.0,12.382083,14.920143,1
1198,1,119.7,95.492966,0.379765,12.218964,3.910832,25.0,11.987725,13.819292,1
1199,1,119.8,95.492966,0.524438,21.994135,8.453757,25.0,12.043767,13.987889,1
1200,1,119.9,95.492966,1.030792,21.994135,7.181009,25.0,12.043767,13.987889,1
1201,1,120.0,95.492966,0.217009,21.994135,6.014412,25.0,12.043924,13.987889,1
1202,1,120.1,95.492966,7.975073,26.88172,2.86435,25.0,12.071331,13.987889,1
1203,1,120.2,95.492966,0.723363,26.88172,6.018382,25.0,12.098911,13.987889,1
1204,1,120.3,95.492966,0.144673,17.106549,8.436219,25.0,11.768938,13.987889,1
1205,1,120.4,95.492966,6.329423,17.106549,7.38535,25.0,12.071331,13.987889,1
1206,1,120.5,95.492966,0.452102,21.994135,3.976855,25.0,12.126506,13.987889,1
1207,1,120.6,95.492966,5.786901,21.994135,2.306246,25.0,12.071331,13.987889,1
1208,1,120.7,95.492966,0.904203,21.994135,7.609658,25.0,12.071331,13.987889,1
1209,1,120.8,95.492966,0.452102,17.106549,8.606662,25.0,12.043221,13.903557,1
1210,1,120.9,95.492966,6.962366,26.88172,6.72083,25.0,11.988685,13.987889,1
1211,1,121.0,95.492966,0.379765,21.994135,1.568983,25.0,12.071331,13.987889,1
1212,1,121.1,95.492966,6.600684,17.106549,3.173733,25.0,12.071331,13.987889,1
1213,1,121.2,95.492966,0.723363,12.218964,8.643498,25.0,12.099637,14.072289,1
1214,1,121.3,95.492966,1.012708,17.106549,8.712592,25.0,12.071331,13.987889,1
1215,1,121.4,95.492966,5.316716,21.994135,6.173564,25.0,12.403383,13.987889,1
1216,1,121.5,95.492966,0.452102,17.106549,0.875001,25.0,12.071331,13.987889,1
1217,1,121.6,95.492966,7.324047,17.106549,6.462065,25.0,11.820813,13.48288,1
1218,1,121.7,95.492966,0.813783,21.994135,6.744957,25.0,12.325366,14.749993,1
1219,1,121.8,95.492966,0.379765,21.994135,6.120713,25.0,12.071331,13.987889,1
1220,1,121.9,95.492966,6.781525,21.994135,2.585574,25.0,12.071331,13.987889,1
1221,1,122.0,95.492966,0.886119,21.994135,3.772792,25.0,12.071331,13.987889,1
1222,1,122.1,95.492966,0.994624,21.994135,8.267174,25.0,12.098911,13.987889,1
1223,1,122.2,95.492966,3.255132,17.106549,6.676968,25.0,12.071331,13.987889,1
1224,1,122.3,95.492966,0.452102,12.218964,5.911453,25.0,12.072058,14.072289,1
1225,1,122.4,95.492966,10.127077,17.106549,3.858562,25.0,11.712118,13.735092,1
1226,1,122.5,95.492966,1.012708,21.994135,6.225583,25.0,12.071331,13.987889,1
1227,1,122.6,95.492966,0.723363,21.994135,7.468976,25.0,12.015132,13.819292,1
1228,1,122.7,95.492966,3.472141,7.331378,7.975381,25.0,12.071331,13.987889,1
1229,1,122.8,95.492966,0.904203,21.994135,3.676589,25.0,12.896028,16.379241,1
1230,1,122.9,95.492966,11.772727,17.106549,3.74036,25.0,12.071331,13.987889,1
1231,1,123.0,95.492966,0.072336,26.88172,8.571618,25.0,12.154639,14.072289,1
1232,1,123.1,95.492966,0.217009,2.443793,8.433387,25.0,12.379345,14.665029,1
1233,1,123.2,95.492966,6.076246,17.106549,5.803378,25.0,12.26556,14.241292,1
1234,1,123.3,95.492966,0.542522,17.106549,1.215526,25.0,12.043767,13.987889,1
1235,1,123.4,95.492966,1.446725,21.994135,5.257393,25.0,12.098911,13.987889,1
1236,1,123.5,95.492966,0.542522,26.88172,8.780055,25.0,12.071331,13.987889,1
1237,1,123.6,95.492966,0.361681,21.994135,8.502503,25.0,12.099464,14.072289,1
1238,1,123.7,95.492966,7.595308,12.218964,3.005964,25.0,12.0719,14.072289,1
1239,1,123.8,95.492966,0.48827,21.994135,1.5116,25.0,12.099464,14.072289,1
1240,1,123.9,95.492966,5.153959,7.331378,7.144657,25.0,12.320137,13.987889,1
1241,1,124.0,95.492966,0.994624,21.994135,8.198114,25.0,12.072058,14.072289,1
1242,1,124.1,95.492966,0.072336,17.106549,7.534891,25.0,12.071331,13.987889,1
1243,1,124.2,95.492966,5.42522,21.994135,5.270553,25.0,12.099464,14.072289,1
1244,1,124.3,95.492966,0.542522,21.994135,2.632272,25.0,12.016219,13.987889,1
1245,1,124.4,95.492966,0.813783,26.88172,8.609992,25.0,12.099464,14.072289,1
1246,1,124.5,95.492966,3.888074,21.994135,7.232058,25.0,12.043767,13.987889,1
1247,1,124.6,95.492966,0.325513,26.88172,5.877817,25.0,12.210652,14.241292,1
1248,1,124.7,95.492966,8.861193,12.218964,3.358771,25.0,12.154318,14.072289,1
1249,1,124.8,95.492966,0.542522,12.218964,6.642892,25.0,11.906256,13.987889,1
1250,1,124.9,95.492966,1.175464,17.106549,7.580092,25.0,12.071331,13.987889,1
1251,1,125.0,95.492966,5.786901,12.218964,7.975381,25.0,12.043924,13.987889,1
1252,1,125.1,95.492966,0.361681,21.994135,3.733968,25.0,12.071331,13.987889,1
1253,1,125.2,95.492966,8.22825,21.994135,3.645267,25.0,12.667218,15.775548,1
1254,1,125.3,95.492966,0.813783,21.994135,8.675774,25.0,11.141475,13.987889,1
1255,1,125.4,95.492966,0.632942,17.106549,8.400749,25.0,12.099464,14.072289,1
1256,1,125.5,95.492966,5.967742,17.106549,5.40128,25.0,12.099464,14.072289,1
1257,1,125.6,95.492966,0.632942,21.994135,1.091257,25.0,12.127044,14.072289,1
1258,1,125.7,95.492966,4.340176,17.106549,5.257393,25.0,12.182474,14.156756,1
1259,1,125.8,95.492966,0.723363,17.106549,8.988973,25.0,12.044494,14.072289,1
1260,1,125.9,95.492966,0.361681,21.994135,8.70985,25.0,12.292862,14.072289,1
1261,1,126.0,95.492966,4.123167,12.218964,2.845943,25.0,12.127044,14.072289,1
1262,1,126.1,95.492966,0.452102,17.106549,1.561352,25.0,11.876196,13.566886,1
1263,1,126.2,95.492966,6.329423,21.994135,4.724174,25.0,12.348104,14.241292,1
1264,1,126.3,95.492966,0.868035,21.994135,8.86265,25.0,12.099464,14.072289,1
1265,1,126.4,95.492966,0.904203,17.106549,7.540596,25.0,12.099464,14.072289,1
1266,1,126.5,95.492966,11.392962,17.106549,4.998378,25.0,11.934307,14.072289,1
1267,1,126.6,95.492966,0.632942,21.994135,3.979857,25.0,12.320558,14.072289,1
1268,1,126.7,95.492966,2.495601,12.218964,7.219826,25.0,12.127044,14.072289,1
1269,1,126.8,95.492966,2.350929,17.106549,8.408139,25.0,12.098911,13.987889,1
1270,1,126.9,95.492966,0.325513,31.769306,5.946908,25.0,11.851924,14.072289,1
1271,1,127.0,95.492966,8.951613,17.106549,3.756293,25.0,12.099464,14.072289,1
1272,1,127.1,95.492966,0.452102,21.994135,6.671599,25.0,12.099464,14.072289,1
1273,1,127.2,95.492966,0.813783,21.994135,7.919171,25.0,12.237381,14.156756,1
1274,1,127.3,95.492966,7.143206,31.769306,7.709769,25.0,11.960331,13.819292,1
1275,1,127.4,95.492966,0.542522,21.994135,3.598438,25.0,12.127044,14.072289,1
1276,1,127.5,95.492966,1.663734,21.994135,3.463812,25.0,12.127044,14.072289,1
1277,1,127.6,95.492966,0.632942,17.106549,8.677151,25.0,12.016531,13.987889,1
1278,1,127.7,95.492966,0.072336,17.106549,8.364271,25.0,12.192687,15.090596,1
1279,1,127.8,95.492966,9.222874,12.218964,4.584571,25.0,12.404455,14.410573,1
1280,1,127.9,95.492966,0.271261,26.88172,1.142587,25.0,12.0719,14.072289,1
1281,1,128.0,95.492966,8.499511,21.994135,3.862894,25.0,12.072508,14.156756,1
1282,1,128.1,95.492966,0.542522,21.994135,9.267422,25.0,12.099464,14.072289,1
1283,1,128.2,95.492966,0.180841,17.106549,8.571061,25.0,12.127044,14.072289,1
1284,1,128.3,95.492966,5.967742,21.994135,5.649867,25.0,12.099464,14.072289,1
1285,1,128.4,95.492966,0.271261,21.994135,1.423706,25.0,12.127044,14.072289,1
1286,1,128.5,95.492966,3.797654,17.106549,4.382641,25.0,12.127044,14.072289,1
1287,1,128.6,95.492966,0.596774,26.88172,8.612489,25.0,12.1552,14.156756,1
1288,1,128.7,95.492966,0.452102,17.106549,7.570001,25.0,12.098911,13.987889,1
1289,1,128.8,95.492966,5.750733,7.331378,5.775319,25.0,12.127044,14.072289,1
1290,1,128.9,95.492966,0.48827,17.106549,3.777221,25.0,12.099464,14.072289,1
1291,1,129.0,95.492966,2.71261,21.994135,7.318088,25.0,12.099464,14.072289,1
1292,1,129.1,95.492966,1.681818,12.218964,8.393352,25.0,12.044352,14.072289,1
1293,1,129.2,95.492966,0.0,26.88172,5.737139,25.0,12.210053,14.156756,1
1294,1,129.3,95.492966,9.132454,26.88172,3.944285,25.0,12.182474,14.156756,1
1295,1,129.4,95.492966,0.994624,12.218964,6.541061,25.0,11.961893,14.072289,1
1296,1,129.5,95.492966,0.705279,21.994135,8.201319,25.0,12.099464,14.072289,1
1297,1,129.6,95.492966,5.533724,12.218964,7.558948,25.0,12.099637,14.072289,1
1298,1,129.7,95.492966,0.452102,21.994135,3.631479,25.0,12.127044,14.072289,1
1299,1,129.8,95.492966,12.930108,17.106549,5.008881,25.0,11.932917,13.903557,1
1300,1,129.9,95.492966,0.271261,21.994135,8.398473,25.0,12.431516,14.072289,1
1301,1,130.0,95.492966,0.325513,17.106549,8.64184,25.0,12.154639,14.072289,1
1302,1,130.1,95.492966,6.781525,17.106549,7.923694,25.0,12.071504,13.987889,1
1303,1,130.2,95.492966,0.271261,2.443793,1.354928,25.0,12.239,14.325898,1
1304,1,130.3,95.492966,3.146628,12.218964,3.173733,25.0,12.0719,14.072289,1
1305,1,130.4,95.492966,0.452102,17.106549,8.606662,25.0,12.0719,14.072289,1
1306,1,130.5,95.492966,0.379765,17.106549,8.60805,25.0,11.847312,12.980133,1
1307,1,130.6,95.492966,5.370968,26.88172,6.992237,25.0,12.127044,14.072289,1
1308,1,130.7,95.492966,0.379765,21.994135,1.02348,25.0,12.127044,14.072289,1
1309,1,130.8,95.492966,6.691105,17.106549,5.273725,25.0,11.879371,14.072289,1
1310,1,130.9,95.492966,0.126588,17.106549,8.60805,25.0,12.376001,14.072289,1
1311,1,131.0,95.492966,0.452102,17.106549,7.570001,25.0,12.099464,14.072289,1
1312,1,131.1,95.492966,10.036657,12.218964,5.911857,25.0,12.014645,13.735092,1
1313,1,131.2,95.492966,0.361681,21.994135,3.803063,25.0,12.127044,14.072289,1
1314,1,131.3,95.492966,4.611437,12.218964,7.426959,25.0,12.099464,14.072289,1
1315,1,131.4,95.492966,1.627566,12.218964,8.354841,25.0,12.127044,14.072289,1
1316,1,131.5,95.492966,0.325513,17.106549,5.739636,25.0,12.1552,14.156756,1
1317,1,131.6,95.492966,9.494135,12.218964,4.238554,25.0,12.409662,14.920143,1
1318,1,131.7,95.492966,0.361681,17.106549,6.567304,25.0,12.099464,14.072289,1
1319,1,131.8,95.492966,0.705279,21.994135,8.408423,25.0,12.099464,14.072289,1
1320,1,131.9,95.492966,3.345552,21.994135,4.761948,25.0,12.127044,14.072289,1
1321,1,132.0,95.492966,0.542522,26.88172,3.874626,25.0,12.182251,14.072289,1
1322,1,132.1,95.492966,5.063539,21.994135,5.070031,25.0,12.071504,13.987889,1
1323,1,132.2,95.492966,0.759531,17.106549,7.881677,25.0,12.101197,14.241292,1
1324,1,132.3,95.492966,0.217009,12.218964,8.70985,25.0,11.769664,14.072289,1
1325,1,132.4,95.492966,6.871945,17.106549,7.252838,25.0,12.099464,14.072289,1
1326,1,132.5,95.492966,0.886119,21.994135,1.363715,25.0,12.127044,14.072289,1
1327,1,132.6,95.492966,6.600684,17.106549,3.217093,25.0,12.126884,14.072289,1
1328,1,132.7,95.492966,0.325513,17.106549,8.64184,25.0,12.723459,15.861534,1
1329,1,132.8,95.492966,0.361681,21.994135,8.70985,25.0,12.127044,14.072289,1
1330,1,132.9,95.492966,12.785435,26.88172,6.846197,25.0,12.127044,14.072289,1
1331,1,133.0,95.492966,0.271261,12.218964,1.011742,25.0,12.127044,14.072289,1
1332,1,133.1,95.492966,4.123167,17.106549,5.367561,25.0,13.275366,17.599993,1
1333,1,133.2,95.492966,0.886119,21.994135,8.60805,25.0,12.127044,14.072289,1
1334,1,133.3,95.492966,0.144673,17.106549,7.607147,25.0,12.154639,14.072289,1
1335,1,133.4,95.492966,5.967742,17.106549,5.916301,25.0,12.601039,14.835031,1
1336,1,133.5,95.492966,0.379765,26.88172,3.703777,25.0,12.377816,14.49532,1
1337,1,133.6,95.492966,4.430596,21.994135,7.545979,25.0,11.824491,14.072289,1
1338,1,133.7,95.492966,0.940371,21.994135,8.074507,25.0,12.237523,14.072289,1
1339,1,133.8,95.492966,0.217009,21.994135,5.668862,25.0,12.127044,14.072289,1
1340,1,133.9,95.492966,10.398338,21.994135,3.943679,25.0,12.127044,14.072289,1
1341,1,134.0,95.492966,0.325513,17.106549,6.085093,25.0,12.1552,14.156756,1
1342,1,134.1,95.492966,0.162757,21.994135,8.540907,25.0,11.251149,14.072289,1
1343,1,134.2,95.492966,2.22434,17.106549,7.96609,25.0,12.1552,14.156756,1
1344,1,134.3,95.492966,0.632942,17.106549,3.700551,25.0,12.098911,13.987889,1
1345,1,134.4,95.492966,2.875367,26.88172,3.041516,25.0,12.21158,14.325898,1
1346,1,134.5,95.492966,0.632942,17.106549,7.778865,25.0,12.099464,14.072289,1
1347,1,134.6,95.492966,0.632942,26.88172,8.60805,25.0,12.265184,14.072289,1
1348,1,134.7,95.492966,4.557185,26.88172,7.229084,25.0,11.793668,13.48288,1
1349,1,134.8,95.492966,0.325513,26.88172,1.461789,25.0,12.1552,14.156756,1
1350,1,134.9,95.492966,5.877322,26.88172,3.055621,25.0,12.1552,14.156756,1
1351,1,135.0,95.492966,0.632942,21.994135,8.677151,25.0,12.12762,14.156756,1
1352,1,135.1,95.492966,0.632942,26.88172,8.677151,25.0,12.154639,14.072289,1
1353,1,135.2,95.492966,5.42522,26.88172,6.918739,25.0,12.12762,14.156756,1
1354,1,135.3,95.492966,0.723363,17.106549,1.132086,25.0,12.099637,14.072289,1
1355,1,135.4,95.492966,3.851906,7.331378,5.19431,25.0,12.2375,14.156756,1
1356,1,135.5,95.492966,0.271261,17.106549,8.606662,25.0,12.098911,13.987889,1
1357,1,135.6,95.492966,0.813783,21.994135,7.573787,25.0,12.127044,14.072289,1
1358,1,135.7,95.492966,10.398338,21.994135,5.795963,25.0,12.100056,14.156756,1
1359,1,135.8,95.492966,0.904203,26.88172,3.814353,25.0,12.1552,14.156756,1
1360,1,135.9,95.492966,3.616813,17.106549,7.789913,25.0,12.1552,14.156756,1
1361,1,136.0,95.492966,0.813783,17.106549,7.297494,25.0,12.1552,14.156756,1
1362,1,136.1,95.492966,0.144673,17.106549,5.604017,25.0,11.879425,14.072289,1
1363,1,136.2,95.492966,7.233627,17.106549,2.834168,25.0,12.210407,14.156756,1
1364,1,136.3,95.492966,0.632942,21.994135,5.842352,25.0,12.127044,14.072289,1
1365,1,136.4,95.492966,0.271261,26.88172,8.122,25.0,12.04411,13.987889,1
1366,1,136.5,95.492966,5.42522,21.994135,5.699541,25.0,12.1552,14.156756,1
1367,1,136.6,95.492966,0.542522,12.218964,3.667481,25.0,12.490182,14.749993,1
1368,1,136.7,95.492966,8.861193,17.106549,4.345418,25.0,12.127044,14.072289,1
1369,1,136.8,95.492966,0.723363,21.994135,8.436219,25.0,12.1552,14.156756,1
1370,1,136.9,95.492966,0.325513,26.88172,8.43452,25.0,12.127044,14.072289,1
1371,1,137.0,95.492966,10.398338,12.218964,6.106646,25.0,12.072243,14.072289,1
1372,1,137.1,95.492966,0.632942,17.106549,1.02348,25.0,12.127044,14.072289,1
1373,1,137.2,95.492966,7.233627,21.994135,5.555639,25.0,12.666163,15.689646,1
1374,1,137.3,95.492966,0.632942,17.106549,8.746252,25.0,12.099464,14.072289,1
1375,1,137.4,95.492966,0.813783,17.106549,8.264573,25.0,12.0719,14.072289,1
1376,1,137.5,95.492966,10.669599,26.88172,4.192084,25.0,12.265679,14.156756,1
1377,1,137.6,95.492966,0.452102,17.106549,1.630213,25.0,12.1552,14.156756,1
1378,1,137.7,95.492966,6.962366,17.106549,7.527278,25.0,12.1552,14.156756,1
1379,1,137.8,95.492966,0.054252,36.656891,8.399327,25.0,11.850874,13.903557,1
1380,1,137.9,95.492966,0.452102,21.994135,7.362674,25.0,12.1552,14.156756,1
1381,1,138.0,95.492966,8.608016,17.106549,2.324816,25.0,12.1552,14.156756,1
1382,1,138.1,95.492966,0.452102,17.106549,4.045935,25.0,12.1552,14.156756,1
1383,1,138.2,95.492966,1.717986,21.994135,8.490131,25.0,12.1552,14.156756,1
1384,1,138.3,95.492966,2.71261,21.994135,6.984375,25.0,12.127044,14.072289,1
1385,1,138.4,95.492966,0.632942,21.994135,5.775319,25.0,12.12762,14.156756,1
1386,1,138.5,95.492966,5.099707,26.88172,3.824985,25.0,12.1552,14.156756,1
1387,1,138.6,95.492966,0.723363,12.218964,6.087448,25.0,12.1552,14.156756,1
1388,1,138.7,95.492966,0.542522,26.88172,7.052449,25.0,12.21158,14.325898,1
1389,1,138.8,95.492966,7.342131,26.88172,7.854351,25.0,12.100056,14.156756,1
1390,1,138.9,95.492966,0.379765,17.106549,3.565761,25.0,12.182795,14.156756,1
1391,1,139.0,95.492966,4.991202,21.994135,3.844918,25.0,12.1552,14.156756,1
1392,1,139.1,95.492966,0.723363,26.88172,8.643498,25.0,12.1552,14.156756,1
1393,1,139.2,95.492966,0.632942,17.106549,8.538949,25.0,12.100056,14.156756,1
1394,1,139.3,95.492966,10.127077,21.994135,5.649444,25.0,12.127044,14.072289,1
1395,1,139.4,95.492966,0.542522,12.218964,1.051115,25.0,12.127044,14.072289,1
1396,1,139.5,95.492966,4.123167,17.106549,5.367561,25.0,12.127044,14.072289,1
1397,1,139.6,95.492966,0.48827,21.994135,8.81725,25.0,12.18262,14.156756,1
1398,1,139.7,95.492966,1.265885,21.994135,8.507558,25.0,12.12762,14.156756,1
1399,1,139.8,95.492966,5.42522,12.218964,2.859342,25.0,12.127044,14.072289,1
1400,1,139.9,95.492966,0.632942,21.994135,1.423706,25.0,12.042712,13.819292,1
1401,1,140.0,95.492966,7.956989,21.994135,5.17865,25.0,12.1552,14.156756,1
1402,1,140.1,95.492966,1.717986,21.994135,8.903794,25.0,12.183378,14.241292,1
1403,1,140.2,95.492966,0.723363,21.994135,7.468976,25.0,12.099464,14.072289,1
1404,1,140.3,95.492966,8.318671,17.106549,4.621935,25.0,12.210407,14.156756,1
1405,1,140.4,95.492966,0.632942,21.994135,4.25599,25.0,12.210407,14.156756,1
1406,1,140.5,95.492966,3.435973,26.88172,6.622002,25.0,12.154464,14.072289,1
1407,1,140.6,95.492966,1.356305,31.769306,8.232717,25.0,12.236147,13.987889,1
1408,1,140.7,95.492966,0.632942,17.106549,5.706243,25.0,12.18262,14.156756,1
1409,1,140.8,95.492966,8.680352,12.218964,3.56241,25.0,12.1552,14.156756,1
1410,1,140.9,95.492966,0.325513,17.106549,6.914249,25.0,12.127044,14.072289,1
1411,1,141.0,95.492966,0.596774,17.106549,7.921885,25.0,12.182251,14.072289,1
1412,1,141.1,95.492966,4.44868,17.106549,7.650047,25.0,12.127044,14.072289,1
1413,1,141.2,95.492966,1.139296,21.994135,3.501538,25.0,11.9893,14.072289,1
1414,1,141.3,95.492966,8.589932,17.106549,3.799292,25.0,12.100056,14.156756,1
1415,1,141.4,95.492966,3.074291,21.994135,8.645709,25.0,12.098911,13.987889,1
1416,1,141.5,95.492966,0.217009,12.218964,8.433387,25.0,12.127044,14.072289,1
1417,1,141.6,95.492966,13.671554,26.88172,4.922286,25.0,12.1552,14.156756,1
1418,1,141.7,95.492966,0.325513,21.994135,0.915036,25.0,12.183378,14.241292,1
1419,1,141.8,95.492966,4.123167,21.994135,4.890639,25.0,12.1552,14.156756,1
1420,1,141.9,95.492966,0.452102,26.88172,9.090449,25.0,12.100056,14.156756,1
1421,1,142.0,95.492966,0.361681,31.769306,8.571618,25.0,12.154464,14.072289,1
1422,1,142.1,95.492966,8.318671,7.331378,6.603217,25.0,12.571905,14.665029,1
1423,1,142.2,95.492966,0.723363,26.88172,0.864011,25.0,12.4939,15.090596,1
1424,1,142.3,95.492966,4.068915,26.88172,7.079158,25.0,11.906832,14.072289,1
1425,1,142.4,95.492966,0.379765,21.994135,8.26255,25.0,11.903167,13.48288,1
1426,1,142.5,95.492966,0.379765,17.106549,7.364296,25.0,12.265679,14.241292,1
1427,1,142.6,95.492966,9.042033,26.88172,3.690208,25.0,12.265679,14.241292,1
1428,1,142.7,95.492966,0.632942,17.106549,4.117918,25.0,12.12762,14.156756,1
1429,1,142.8,95.492966,2.170088,17.106549,8.538949,25.0,12.1552,14.156756,1
1430,1,142.9,95.492966,1.898827,26.88172,6.980954,25.0,12.154639,14.072289,1
1431,1,143.0,95.492966,0.379765,17.106549,5.844396,25.0,12.239806,14.410573,1
1432,1,143.1,95.492966,5.786901,26.88172,3.103713,25.0,12.12762,14.156756,1
1433,1,143.2,95.492966,0.542522,17.106549,6.22328,25.0,12.1552,14.156756,1
1434,1,143.3,95.492966,0.144673,17.106549,8.505312,25.0,12.127044,14.072289,1
1435,1,143.4,95.492966,4.973118,12.218964,7.460335,25.0,11.624667,12.729561,1
1436,1,143.5,95.492966,0.271261,21.994135,3.8387,25.0,12.127793,14.156756,1
1437,1,143.6,95.492966,4.719941,21.994135,2.982028,25.0,12.1552,14.156756,1
1438,1,143.7,95.492966,0.108504,21.994135,7.605262,25.0,12.12762,14.156756,1
1439,1,143.8,95.492966,0.361681,21.994135,8.295156,25.0,11.987911,13.819292,1
1440,1,143.9,95.492966,5.696481,12.218964,4.454546,25.0,12.1552,14.156756,1
1441,1,144.0,95.492966,0.325513,26.88172,1.256119,25.0,12.1552,14.156756,1
1442,1,144.1,95.492966,4.611437,17.106549,5.85134,25.0,12.1552,14.156756,1
1443,1,144.2,95.492966,0.632942,21.994135,8.538949,25.0,12.182795,14.156756,1
1444,1,144.3,95.492966,0.542522,17.106549,8.365414,25.0,12.12762,14.156756,1
1445,1,144.4,95.492966,11.212121,17.106549,4.514738,25.0,12.042712,13.819292,1
1446,1,144.5,95.492966,0.632942,21.994135,1.774739,25.0,12.1552,14.156756,1
1447,1,144.6,95.492966,3.146628,31.769306,7.653794,25.0,12.18262,14.156756,1
1448,1,144.7,95.492966,0.325513,26.88172,7.950781,25.0,12.100056,14.156756,1
1449,1,144.8,95.492966,0.325513,21.994135,7.328853,25.0,12.1552,14.156756,1
1450,1,144.9,95.492966,7.052786,17.106549,2.831638,25.0,11.821263,13.48288,1
1451,1,145.0,95.492966,0.379765,26.88172,4.186952,25.0,12.183378,14.241292,1
1452,1,145.1,95.492966,1.808407,17.106549,8.389367,25.0,12.1552,14.156756,1
1453,1,145.2,95.492966,2.260508,26.88172,7.064633,25.0,12.100056,14.156756,1
1454,1,145.3,95.492966,0.434018,21.994135,5.673074,25.0,12.182795,14.156756,1
1455,1,145.4,95.492966,5.877322,21.994135,2.214297,25.0,12.1552,14.156756,1
1456,1,145.5,95.492966,1.139296,21.994135,5.847256,25.0,12.129399,14.325898,1
1457,1,145.6,95.492966,0.271261,17.106549,8.398473,25.0,12.127044,14.072289,1
1458,1,145.7,95.492966,2.983871,17.106549,6.594166,25.0,12.1552,14.156756,1
1459,1,145.8,95.492966,0.632942,17.106549,3.703777,25.0,12.1552,14.156756,1
1460,1,145.9,95.492966,5.642229,17.106549,3.576464,25.0,12.18262,14.156756,1
1461,1,146.0,95.492966,0.434018,17.106549,8.781687,25.0,12.044862,14.072289,1
1462,1,146.1,95.492966,0.452102,12.218964,8.053771,25.0,11.705953,15.261356,1
1463,1,146.2,95.492966,5.479472,12.218964,6.668017,25.0,12.654597,14.665029,1
1464,1,146.3,95.492966,0.271261,17.106549,0.943317,25.0,12.127476,14.156756,1
1465,1,146.4,95.492966,1.446725,7.331378,5.61594,25.0,12.265679,14.156756,1
1466,1,146.5,95.492966,0.632942,17.106549,8.677151,25.0,12.1552,14.156756,1
1467,1,146.6,95.492966,0.054252,21.994135,8.329068,25.0,12.1552,14.156756,1
1468,1,146.7,95.492966,8.499511,26.88172,3.287605,25.0,12.1552,14.156756,1
1469,1,146.8,95.492966,0.271261,7.331378,1.763938,25.0,12.18262,14.156756,1
1470,1,146.9,95.492966,5.244379,21.994135,7.787459,25.0,12.15504,14.156756,1
1471,1,147.0,95.492966,1.392473,17.106549,7.990941,25.0,12.1552,14.156756,1
1472,1,147.1,95.492966,0.542522,17.106549,7.1953,25.0,12.099317,13.987889,1
1473,1,147.2,95.492966,6.058162,21.994135,3.201462,25.0,11.181664,11.649381,1
1474,1,147.3,95.492966,0.723363,21.994135,3.602419,25.0,12.438058,15.005331,1
1475,1,147.4,95.492966,1.953079,26.88172,6.541061,25.0,11.743096,14.156756,1
1476,1,147.5,95.492966,4.430596,12.218964,6.605387,25.0,12.32076,14.156756,1
1477,1,147.6,95.492966,0.632942,31.769306,5.637168,25.0,12.12762,14.156756,1
1478,1,147.7,95.492966,5.099707,17.106549,3.287605,25.0,12.18262,14.156756,1
1479,1,147.8,95.492966,0.542522,26.88172,6.914249,25.0,12.239,14.325898,1
1480,1,147.9,95.492966,0.813783,21.994135,7.98825,25.0,12.322908,14.49532,1
1481,1,148.0,95.492966,6.871945,21.994135,7.576625,25.0,12.1552,14.156756,1
1482,1,148.1,95.492966,0.542522,17.106549,3.460362,25.0,12.1552,14.156756,1
1483,1,148.2,95.492966,11.772727,21.994135,3.74036,25.0,12.295474,14.49532,1
1484,1,148.3,95.492966,0.361681,21.994135,8.778966,25.0,12.18262,14.156756,1
1485,1,148.4,95.492966,1.265885,21.994135,8.576633,25.0,12.18262,14.156756,1
1486,1,148.5,95.492966,8.680352,21.994135,4.248124,25.0,12.18262,14.156756,1
1487,1,148.6,95.492966,0.632942,21.994135,0.806822,25.0,11.902052,13.315054,1
1488,1,148.7,95.492966,4.719941,17.106549,3.725642,25.0,11.73471,12.813028,1
1489,1,148.8,95.492966,0.434018,12.218964,9.196262,25.0,12.098911,13.987889,1
1490,1,148.9,95.492966,0.632942,17.106549,8.538949,25.0,12.126884,14.072289,1
1491,1,149.0,95.492966,6.239003,21.994135,5.347943,25.0,12.15504,14.156756,1
1492,1,149.1,95.492966,0.886119,21.994135,1.70611,25.0,12.459325,14.156756,1
1493,1,149.2,95.492966,2.332845,17.106549,4.491928,25.0,12.18262,14.156756,1
1494,1,149.3,95.492966,0.434018,12.218964,8.574405,25.0,12.044862,14.072289,1
1495,1,149.4,95.492966,0.542522,26.88172,7.259751,25.0,12.18262,14.156756,1
1496,1,149.5,95.492966,9.132454,21.994135,5.532371,25.0,12.18262,14.156756,1
1497,1,149.6,95.492966,0.632942,17.106549,4.048886,25.0,11.568365,12.396252,1
1498,1,149.7,95.492966,2.549853,17.106549,7.531086,25.0,12.183378,14.241292,1
1499,1,149.8,95.492966,2.62219,12.218964,8.247792,25.0,12.579319,15.346854,1
1500,1,149.9,95.492966,1.302053,17.106549,5.673074,25.0,12.15504,14.156756,1
1501,1,150.0,95.492966,5.479472,21.994135,3.735248,25.0,12.099928,14.156756,1
1502,1,150.1,95.492966,0.759531,17.106549,6.84515,25.0,12.181538,13.987889,1
1503,1,150.2,95.492966,0.723363,21.994135,8.090763,25.0,12.18262,14.156756,1
1504,1,150.3,95.492966,9.222874,12.218964,6.833974,25.0,12.210798,14.241292,1
1505,1,150.4,95.492966,0.271261,17.106549,3.214865,25.0,11.824491,14.072289,1
1506,1,150.5,95.492966,12.206745,17.106549,5.060127,25.0,11.688396,14.156756,1
1507,1,150.6,95.492966,0.813783,21.994135,8.609992,25.0,12.15504,14.156756,1
1508,1,150.7,95.492966,0.217009,17.106549,8.70985,25.0,12.292556,14.156756,1
1509,1,150.8,95.492966,1.374389,17.106549,7.641611,25.0,12.709904,14.156756,1
1510,1,150.9,95.492966,0.97654,21.994135,1.187693,25.0,12.293099,14.156756,1
1511,1,151.0,95.492966,1.048876,12.218964,2.961933,25.0,12.041616,13.650957,1
1512,1,151.1,95.492966,0.325513,26.88172,8.64184,25.0,12.379639,14.665029,1
1513,1,151.2,95.492966,0.271261,26.88172,8.53755,25.0,12.210798,14.241292,1
1514,1,151.3,95.492966,5.42522,21.994135,6.798928,25.0,12.18262,14.156756,1
1515,1,151.4,95.492966,0.452102,21.994135,1.354928,25.0,12.210215,14.156756,1
1516,1,151.5,95.492966,8.861193,26.88172,5.332286,25.0,12.210798,14.241292,1
1517,1,151.6,95.492966,0.452102,26.88172,8.675774,25.0,12.18262,14.156756,1
1518,1,151.7,95.492966,0.452102,17.106549,7.362674,25.0,12.210798,14.241292,1
1519,1,151.8,95.492966,9.765396,12.218964,5.712937,25.0,12.18262,14.156756,1
1520,1,151.9,95.492966,0.542522,21.994135,4.012735,25.0,12.238394,14.241292,1
1521,1,152.0,95.492966,4.249756,12.218964,7.86924,25.0,12.099637,14.072289,1
1522,1,152.1,95.492966,5.696481,17.106549,7.203595,25.0,12.210798,14.241292,1
1523,1,152.2,95.492966,0.072336,17.106549,5.668862,25.0,12.293633,14.241292,1
1524,1,152.3,95.492966,9.132454,26.88172,3.879555,25.0,12.237649,14.156756,1
1525,1,152.4,95.492966,0.632942,26.88172,6.742477,25.0,12.210798,14.241292,1
1526,1,152.5,95.492966,0.632942,21.994135,8.055254,25.0,12.579319,15.346854,1
1527,1,152.6,95.492966,8.409091,21.994135,7.451685,25.0,11.935679,14.241292,1
1528,1,152.7,95.492966,0.379765,21.994135,3.289784,25.0,12.266005,14.241292,1
1529,1,152.8,95.492966,5.42522,17.106549,3.446528,25.0,12.210798,14.241292,1
1530,1,152.9,95.492966,0.596774,17.106549,9.095966,25.0,12.210798,14.241292,1
1531,1,153.0,95.492966,0.632942,12.218964,8.538949,25.0,12.265096,14.156756,1
1532,1,153.1,95.492966,2.495601,31.769306,3.601756,25.0,12.210974,14.241292,1
1533,1,153.2,95.492966,0.271261,17.106549,1.011742,25.0,12.32076,14.156756,1
1534,1,153.3,95.492966,8.13783,17.106549,3.709578,25.0,12.238394,14.241292,1
1535,1,153.4,95.492966,0.723363,26.88172,9.196262,25.0,12.549942,15.175937,1
1536,1,153.5,95.492966,0.325513,12.218964,8.572733,25.0,12.238394,14.241292,1
1537,1,153.6,95.492966,6.148583,17.106549,5.239642,25.0,12.210798,14.241292,1
1538,1,153.7,95.492966,0.325513,21.994135,1.874247,25.0,12.18262,14.156756,1
1539,1,153.8,95.492966,3.978495,17.106549,4.535853,25.0,12.238394,14.241292,1
1540,1,153.9,95.492966,0.596774,17.106549,8.543424,25.0,12.238394,14.241292,1
1541,1,154.0,95.492966,0.434018,17.106549,7.330808,25.0,12.210215,14.156756,1
1542,1,154.1,95.492966,9.222874,12.218964,5.315685,25.0,12.155655,14.241292,1
1543,1,154.2,95.492966,0.108504,26.88172,4.081792,25.0,12.51527,14.241292,1
1544,1,154.3,95.492966,4.159335,26.88172,7.490055,25.0,12.238394,14.241292,1
1545,1,154.4,95.492966,2.80303,21.994135,8.187618,25.0,12.238394,14.241292,1
1546,1,154.5,95.492966,0.434018,61.094819,5.534961,25.0,11.908259,14.241292,1
1547,1,154.6,95.492966,5.262463,17.106549,3.555697,25.0,12.238394,14.241292,1
1548,1,154.7,95.492966,0.542522,17.106549,6.983349,25.0,12.210798,14.241292,1
1549,1,154.8,95.492966,0.542522,21.994135,8.019886,25.0,12.34821,14.241292,1
1550,1,154.9,95.492966,7.776149,7.331378,7.574102,25.0,12.126506,13.987889,1
1551,1,155.0,95.492966,1.139296,12.218964,3.501538,25.0,12.238394,14.241292,1
1552,1,155.1,95.492966,8.22825,21.994135,3.681783,25.0,12.293633,14.241292,1
1553,1,155.2,95.492966,0.994624,21.994135,8.819688,25.0,12.042065,13.735092,1
1554,1,155.3,95.492966,0.379765,21.994135,8.538949,25.0,12.864629,16.119998,1
1555,1,155.4,95.492966,3.978495,12.218964,3.698614,25.0,12.210798,14.241292,1
1556,1,155.5,95.492966,0.542522,12.218964,1.119353,25.0,12.238394,14.241292,1
1557,1,155.6,95.492966,7.324047,21.994135,5.783999,25.0,12.237649,14.156756,1
1558,1,155.7,95.492966,0.813783,36.656891,8.679078,25.0,12.54367,14.580138,1
1559,1,155.8,95.492966,0.379765,21.994135,8.26255,25.0,12.294821,14.410573,1
1560,1,155.9,95.492966,10.669599,21.994135,4.230656,25.0,12.210798,14.241292,1
1561,1,156.0,95.492966,0.325513,12.218964,1.943084,25.0,12.238394,14.241292,1
1562,1,156.1,95.492966,7.215543,21.994135,7.74532,25.0,12.87799,14.241292,1
1563,1,156.2,95.492966,0.596774,21.994135,7.852831,25.0,11.902782,13.398936,1
1564,1,156.3,95.492966,0.217009,26.88172,7.258435,25.0,12.294821,14.410573,1
1565,1,156.4,95.492966,6.148583,26.88172,2.365561,25.0,12.047788,14.49532,1
1566,1,156.5,95.492966,0.325513,17.106549,4.012735,25.0,12.238394,14.241292,1
1567,1,156.6,95.492966,1.717986,17.106549,8.421198,25.0,12.238394,14.241292,1
1568,1,156.7,95.492966,1.73607,26.88172,6.926331,25.0,12.098396,13.903557,1
1569,1,156.8,95.492966,0.632942,17.106549,5.637168,25.0,12.238394,14.241292,1
1570,1,156.9,95.492966,5.967742,17.106549,4.144517,25.0,12.238394,14.241292,1
1571,1,157.0,95.492966,0.271261,26.88172,8.744886,25.0,12.238394,14.241292,1
1572,1,157.1,95.492966,0.271261,21.994135,7.430818,25.0,11.845888,13.063774,1
1573,1,157.2,95.492966,1.139296,21.994135,6.808759,25.0,12.210215,14.156756,1
1574,1,157.3,95.492966,0.217009,17.106549,3.4576,25.0,12.350503,14.49532,1
1575,1,157.4,95.492966,9.855816,26.88172,4.88086,25.0,12.238394,14.241292,1
1576,1,157.5,95.492966,0.506354,17.106549,7.81135,25.0,12.238394,14.241292,1
1577,1,157.6,95.492966,0.271261,17.106549,8.191993,25.0,12.238394,14.241292,1
1578,1,157.7,95.492966,9.313294,17.106549,6.355083,25.0,12.210798,14.241292,1
1579,1,157.8,95.492966,0.361681,12.218964,0.698942,25.0,11.935679,14.241292,1
1580,1,157.9,95.492966,7.233627,21.994135,5.737139,25.0,12.210798,14.241292,1
1581,1,158.0,95.492966,0.632942,26.88172,8.746252,25.0,12.210798,14.241292,1
1582,1,158.1,95.492966,0.217009,21.994135,8.364271,25.0,12.210798,14.241292,1
1583,1,158.2,95.492966,4.557185,21.994135,2.986031,25.0,12.210215,14.156756,1
1584,1,158.3,95.492966,0.904203,31.769306,1.755793,25.0,12.209493,14.072289,1
1585,1,158.4,95.492966,4.973118,21.994135,7.795431,25.0,12.210798,14.241292,1
1586,1,158.5,95.492966,1.085044,21.994135,7.957989,25.0,12.45901,14.156756,1
1587,1,158.6,95.492966,0.542522,21.994135,7.397954,25.0,12.294029,14.325898,1
1588,1,158.7,95.492966,7.324047,56.207234,4.292319,25.0,12.432886,14.49532,1
1589,1,158.8,95.492966,0.452102,12.218964,3.56241,25.0,12.35222,14.665029,1
1590,1,158.9,95.492966,2.893451,17.106549,6.176272,25.0,12.128106,14.241292,1
1591,1,159.0,95.492966,2.152004,17.106549,7.933637,25.0,12.128106,14.241292,1
1592,1,159.1,95.492966,0.361681,7.331378,5.530644,25.0,12.265827,14.241292,1
1593,1,159.2,95.492966,8.589932,21.994135,3.361614,25.0,12.265827,14.241292,1
1594,1,159.3,95.492966,0.452102,12.218964,6.948026,25.0,12.18262,14.156756,1
1595,1,159.4,95.492966,0.651026,26.88172,8.096076,25.0,11.661922,14.241292,1
1596,1,159.5,95.492966,14.322581,17.106549,7.474411,25.0,12.87799,14.241292,1
1597,1,159.6,95.492966,0.632942,17.106549,3.427762,25.0,12.013592,13.566886,1
1598,1,159.7,95.492966,11.139785,17.106549,3.575796,25.0,12.322106,14.410573,1
1599,1,159.8,95.492966,0.452102,21.994135,8.952224,25.0,12.238394,14.241292,1
1600,1,159.9,95.492966,0.723363,17.106549,8.643498,25.0,12.15504,14.156756,1
1601,1,160.0,95.492966,4.557185,21.994135,3.708289,25.0,12.265827,14.241292,1
1602,1,160.1,95.492966,0.542522,21.994135,0.712482,25.0,12.210798,14.241292,1
1603,1,160.2,95.492966,10.85044,12.218964,4.736799,25.0,12.238394,14.241292,1
1604,1,160.3,95.492966,0.434018,21.994135,9.196262,25.0,12.266596,14.325898,1
1605,1,160.4,95.492966,0.271261,12.218964,8.467592,25.0,12.072508,14.156756,1
1606,1,160.5,95.492966,19.747801,21.994135,6.662641,25.0,12.238394,14.241292,1
1607,1,160.6,95.492966,0.723363,17.106549,1.471561,25.0,12.238394,14.241292,1
1608,1,160.7,95.492966,5.244379,17.106549,4.905758,25.0,12.069049,13.650957,1
1609,1,160.8,95.492966,0.542522,26.88172,8.645709,25.0,12.604823,15.175937,1
1610,1,160.9,95.492966,0.452102,31.769306,7.293565,25.0,12.238394,14.241292,1
1611,1,161.0,95.492966,5.750733,17.106549,5.562944,25.0,12.210798,14.241292,1
1612,1,161.1,95.492966,0.379765,21.994135,4.117918,25.0,12.265827,14.241292,1
1613,1,161.2,95.492966,2.170088,12.218964,7.721844,25.0,12.238394,14.241292,1
1614,1,161.3,95.492966,6.510264,21.994135,7.858,25.0,12.238394,14.241292,1
1615,1,161.4,95.492966,0.723363,21.994135,5.465907,25.0,12.237649,14.156756,1
1616,1,161.5,95.492966,10.94086,17.106549,4.158902,25.0,12.238394,14.241292,1
1617,1,161.6,95.492966,0.072336,26.88172,8.295156,25.0,12.265827,14.241292,1
1618,1,161.7,95.492966,0.632942,26.88172,8.677151,25.0,12.238394,14.241292,1
1619,1,161.8,95.492966,0.723363,26.88172,8.574405,25.0,12.322254,14.410573,1
1620,1,161.9,95.492966,0.379765,17.106549,8.60805,25.0,12.210053,14.156756,1
1621,1,162.0,95.492966,0.506354,17.106549,8.640734,25.0,12.626522,14.241292,1
1622,1,162.1,95.492966,0.723363,12.218964,8.574405,25.0,12.237649,14.156756,1
1623,1,162.2,95.492966,0.596774,26.88172,8.612489,25.0,12.210215,14.156756,1
1624,1,162.3,95.492966,0.018084,26.88172,8.813185,25.0,11.933885,13.987889,1
1625,1,162.4,95.492966,0.217009,31.769306,8.571618,25.0,12.238394,14.241292,1
1626,1,162.5,95.492966,0.379765,21.994135,8.60805,25.0,12.40405,14.241292,1
1627,1,162.6,95.492966,0.434018,21.994135,8.574405,25.0,12.12516,13.819292,1
1628,1,162.7,95.492966,0.813783,21.994135,8.609992,25.0,12.12516,13.819292,1
1629,1,162.8,95.492966,0.434018,21.994135,8.643498,25.0,12.266596,14.325898,1
1630,1,162.9,95.492966,0.723363,26.88172,8.574405,25.0,12.210652,14.241292,1
1631,1,163.0,95.492966,0.813783,2.443793,8.540907,25.0,12.571204,14.580138,1
1632,1,163.1,95.492966,0.542522,7.331378,8.64184,25.0,12.18136,13.987889,1
1633,1,163.2,95.492966,0.542522,21.994135,8.64184,25.0,12.265827,14.241292,1
1634,1,163.3,95.492966,0.09042,21.994135,8.53755,25.0,12.432025,14.241292,1
1635,1,163.4,95.492966,0.48827,17.106549,8.609992,25.0,12.210652,14.241292,1
1636,1,163.5,95.492966,0.48827,21.994135,8.679078,25.0,12.350503,14.49532,1
1637,1,163.6,95.492966,0.886119,17.106549,8.60805,25.0,12.072309,14.156756,1
1638,1,163.7,95.492966,1.989247,26.88172,8.576633,25.0,12.542703,14.241292,1
1639,1,163.8,95.492966,1.085044,17.106549,8.510366,25.0,12.182059,14.072289,1
1640,1,163.9,95.492966,0.904203,26.88172,8.576633,25.0,12.210215,14.156756,1
1641,1,164.0,95.492966,0.162757,12.218964,8.609992,25.0,11.933168,13.903557,1
1642,1,164.1,95.492966,0.217009,21.994135,8.502503,25.0,12.238394,14.241292,1
1643,1,164.2,95.492966,0.596774,21.994135,8.612489,25.0,12.238394,14.241292,1
1644,1,164.3,95.492966,0.379765,12.218964,8.60805,25.0,12.127476,14.156756,1
1645,1,164.4,95.492966,1.356305,26.88172,8.606662,25.0,11.661176,14.156756,1
1646,1,164.5,95.492966,0.632942,21.994135,8.60805,25.0,12.265827,14.241292,1
1647,1,164.6,95.492966,0.48827,12.218964,8.471823,25.0,12.155388,14.156756,1
1648,1,164.7,95.492966,1.085044,31.769306,8.579418,25.0,12.54367,14.580138,1
1649,1,164.8,95.492966,0.813783,17.106549,8.609992,25.0,12.18136,13.987889,1
1650,1,164.9,95.492966,0.434018,21.994135,8.643498,25.0,12.237649,14.156756,1
1651,1,165.0,95.492966,0.379765,17.106549,8.538949,25.0,12.293439,14.241292,1
1652,1,165.1,95.492966,0.542522,21.994135,8.576633,25.0,12.238232,14.241292,1
1653,1,165.2,95.492966,1.265885,17.106549,8.645709,25.0,12.041616,13.650957,1
1654,1,165.3,95.492966,0.813783,17.106549,8.540907,25.0,12.127233,14.072289,1
1655,1,165.4,95.492966,0.434018,21.994135,8.574405,25.0,12.518648,14.835031,1
1656,1,165.5,95.492966,0.452102,21.994135,8.675774,25.0,12.210053,14.156756,1
1657,1,165.6,95.492966,0.651026,26.88172,8.648472,25.0,12.210215,14.156756,1
1658,1,165.7,95.492966,0.904203,21.994135,8.576633,25.0,12.576376,15.090596,1
1659,1,165.8,95.492966,1.265885,12.218964,8.645709,25.0,12.06966,13.735092,1
1660,1,165.9,95.492966,0.361681,17.106549,8.640734,25.0,12.265827,14.241292,1
1661,1,166.0,95.492966,0.452102,26.88172,8.675774,25.0,12.128006,14.241292,1
1662,1,166.1,95.492966,1.085044,12.218964,8.510366,25.0,11.706329,12.562796,1
1663,1,166.2,95.492966,0.813783,12.218964,8.609992,25.0,12.294029,14.325898,1
1664,1,166.3,95.492966,0.542522,21.994135,8.710947,25.0,12.238232,14.241292,1
1665,1,166.4,95.492966,0.054252,17.106549,8.536711,25.0,12.376372,14.241292,1
1666,1,166.5,95.492966,0.379765,26.88172,8.60805,25.0,12.210652,14.241292,1
1667,1,166.6,95.492966,0.542522,21.994135,8.507558,25.0,12.238394,14.241292,1
1668,1,166.7,95.492966,0.813783,17.106549,8.609992,25.0,12.402543,14.156756,1
1669,1,166.8,95.492966,0.48827,17.106549,8.609992,25.0,12.265827,14.241292,1
1670,1,166.9,95.492966,0.632942,31.769306,8.60805,25.0,12.293439,14.241292,1
1671,1,167.0,95.492966,0.759531,12.218964,8.582759,25.0,12.155388,14.156756,1
1672,1,167.1,95.492966,0.994624,65.982405,8.612489,25.0,12.656168,14.835031,1
1673,1,167.2,95.492966,0.180841,26.88172,8.645709,25.0,12.209493,14.072289,1
1674,1,167.3,95.492966,0.632942,17.106549,8.60805,25.0,12.265827,14.241292,1
1675,1,167.4,95.492966,0.126588,21.994135,8.469849,25.0,12.431746,14.241292,1
1676,1,167.5,95.492966,0.48827,21.994135,8.471823,25.0,12.210652,14.241292,1
1677,1,167.6,95.492966,0.904203,17.106549,8.507558,25.0,12.013023,13.48288,1
1678,1,167.7,95.492966,0.705279,12.218964,8.615539,25.0,12.126506,13.987889,1
1679,1,167.8,95.492966,0.434018,17.106549,8.643498,25.0,12.949643,16.292739,1
1680,1,167.9,95.492966,0.723363,21.994135,8.643498,25.0,12.210053,14.156756,1
1681,1,168.0,95.492966,0.723363,17.106549,8.574405,25.0,12.210053,14.156756,1
1682,1,168.1,95.492966,0.904203,21.994135,8.507558,25.0,12.547954,15.005331,1
1683,1,168.2,95.492966,0.632942,17.106549,8.538949,25.0,12.097727,13.819292,1
1684,1,168.3,95.492966,0.072336,26.88172,8.571618,25.0,12.265827,14.241292,1
1685,1,168.4,95.492966,0.325513,17.106549,8.572733,25.0,12.072984,14.241292,1
1686,1,168.5,95.492966,1.012708,17.106549,8.574405,25.0,12.293439,14.241292,1
1687,1,168.6,95.492966,0.904203,26.88172,8.507558,25.0,12.209493,14.072289,1
1688,1,168.7,95.492966,0.994624,21.994135,8.543424,25.0,12.210215,14.156756,1
1689,1,168.8,95.492966,0.162757,26.88172,8.609992,25.0,12.321067,14.241292,1
1690,1,168.9,95.492966,0.886119,21.994135,8.538949,25.0,12.210652,14.241292,1
1691,1,169.0,95.492966,0.813783,17.106549,8.540907,25.0,12.238232,14.241292,1
1692,1,169.1,95.492966,0.723363,21.994135,8.574405,25.0,12.124541,13.735092,1
1693,1,169.2,95.492966,0.886119,17.106549,8.60805,25.0,13.620828,18.306293,1
1694,1,169.3,95.492966,0.361681,21.994135,8.640734,25.0,12.15491,14.156756,1
1695,1,169.4,95.492966,0.723363,17.106549,8.643498,25.0,12.265827,14.241292,1
1696,1,169.5,95.492966,0.813783,17.106549,8.679078,25.0,11.984693,13.315054,1
1697,1,169.6,95.492966,0.994624,12.218964,8.612489,25.0,12.265827,14.241292,1
1698,1,169.7,95.492966,0.434018,21.994135,8.574405,25.0,12.577376,15.175937,1
1699,1,169.8,95.492966,0.217009,21.994135,8.571618,25.0,12.099928,14.156756,1
1700,1,169.9,95.492966,0.09042,21.994135,8.606662,25.0,12.15554,14.241292,1
1701,1,170.0,95.492966,0.813783,21.994135,8.609992,25.0,12.153926,13.987889,1
1702,1,170.1,95.492966,0.542522,26.88172,8.64184,25.0,12.265827,14.241292,1
1703,1,170.2,95.492966,0.271261,21.994135,8.53755,25.0,12.376372,14.241292,1
1704,1,170.3,95.492966,0.434018,26.88172,8.505312,25.0,12.210652,14.241292,1
1705,1,170.4,95.492966,0.994624,26.88172,8.612489,25.0,12.265827,14.241292,1
1706,1,170.5,95.492966,0.48827,17.106549,8.609992,25.0,12.20768,13.819292,1
1707,1,170.6,95.492966,0.632942,21.994135,8.60805,25.0,11.689355,14.241292,1
1708,1,170.7,95.492966,0.542522,21.994135,8.645709,25.0,12.209493,14.072289,1
1709,1,170.8,95.492966,0.651026,26.88172,8.510366,25.0,12.238394,14.241292,1
1710,1,170.9,95.492966,0.108504,26.88172,8.572733,25.0,11.906504,13.987889,1
1711,1,171.0,95.492966,0.632942,17.106549,8.60805,25.0,12.265827,14.241292,1
1712,1,171.1,95.492966,0.325513,17.106549,8.64184,25.0,12.40405,14.241292,1
1713,1,171.2,95.492966,0.632942,17.106549,8.60805,25.0,12.12516,13.819292,1
1714,1,171.3,95.492966,0.723363,21.994135,8.643498,25.0,12.863316,16.033758,1
1715,1,171.4,95.492966,0.379765,21.994135,8.538949,25.0,12.265827,14.241292,1
1716,1,171.5,95.492966,0.542522,26.88172,8.576633,25.0,12.210215,14.156756,1
1717,1,171.6,95.492966,0.379765,7.331378,8.60805,25.0,12.348937,14.325898,1
1718,1,171.7,95.492966,0.632942,17.106549,8.60805,25.0,12.097094,13.735092,1
1719,1,171.8,95.492966,0.632942,26.88172,8.677151,25.0,12.265827,14.241292,1
1720,1,171.9,95.492966,0.904203,26.88172,8.507558,25.0,12.097094,13.735092,1
1721,1,172.0,95.492966,0.126588,21.994135,8.60805,25.0,12.294029,14.325898,1
1722,1,172.1,95.492966,0.434018,21.994135,8.505312,25.0,12.099828,14.156756,1
1723,1,172.2,95.492966,0.271261,21.994135,8.53755,25.0,12.210652,14.241292,1
1724,1,172.3,95.492966,1.790323,21.994135,8.543424,25.0,12.459458,14.241292,1
1725,1,172.4,95.492966,0.542522,21.994135,6.085093,25.0,12.293274,14.241292,1
1726,1,172.5,95.492966,0.632942,17.106549,6.673389,25.0,12.435394,14.749993,1
1727,1,172.6,95.492966,0.434018,26.88172,7.330808,25.0,12.072508,14.156756,1
1728,1,172.7,95.492966,0.542522,17.106549,8.093124,25.0,12.321067,14.241292,1
1729,1,172.8,95.492966,0.723363,17.106549,8.228944,25.0,12.293439,14.241292,1
1730,1,172.9,95.492966,0.994624,17.106549,8.47436,25.0,12.210215,14.156756,1
1731,1,173.0,95.492966,0.48827,17.106549,8.471823,25.0,12.293274,14.241292,1
1732,1,173.1,95.492966,0.632942,12.218964,8.953558,25.0,12.153249,13.903557,1
1733,1,173.2,95.492966,0.904203,17.106549,8.576633,25.0,12.210652,14.241292,1
1734,1,173.3,95.492966,0.542522,21.994135,8.43452,25.0,12.237649,14.156756,1
1735,1,173.4,95.492966,3.074291,21.994135,8.783591,25.0,12.265827,14.241292,1
1736,1,173.5,95.492966,3.363636,17.106549,7.557683,25.0,12.265827,14.241292,1
1737,1,173.6,95.492966,4.231672,21.994135,7.860128,25.0,12.294029,14.325898,1
1738,1,173.7,95.492966,1.410557,17.106549,7.471214,25.0,11.990559,14.241292,1
1739,1,173.8,95.492966,7.414467,21.994135,5.470713,25.0,12.265827,14.241292,1
1740,1,173.9,95.492966,8.13783,21.994135,5.219085,25.0,12.265827,14.241292,1
1741,1,174.0,95.492966,9.222874,17.106549,4.169801,25.0,12.265827,14.241292,1
1742,1,174.1,95.492966,5.42522,26.88172,3.864748,25.0,12.294029,14.325898,1
1743,1,174.2,95.492966,5.859238,17.106549,3.739083,25.0,12.265827,14.241292,1
1744,1,174.3,95.492966,5.42522,21.994135,3.575128,25.0,12.265827,14.241292,1
1745,1,174.4,95.492966,1.971163,17.106549,4.624519,25.0,12.293439,14.241292,1
1746,1,174.5,95.492966,4.828446,17.106549,4.276707,25.0,12.459458,14.241292,1
1747,1,174.6,95.492966,12.152493,31.769306,5.453656,25.0,12.238394,14.241292,1
1748,1,174.7,95.492966,6.239003,21.994135,5.347943,25.0,12.265827,14.241292,1
1749,1,174.8,95.492966,3.634897,17.106549,7.311557,25.0,11.935679,14.241292,1
1750,1,174.9,95.492966,2.170088,12.218964,8.062368,25.0,12.265827,14.241292,1
1751,1,175.0,95.492966,2.061584,26.88172,8.324191,25.0,12.265827,14.241292,1
1752,1,175.1,95.492966,0.813783,17.106549,8.679078,25.0,12.014834,13.735092,1
1753,1,175.2,95.492966,0.542522,2.443793,8.503626,25.0,12.45963,14.410573,1
1754,1,175.3,95.492966,0.325513,17.106549,8.43452,25.0,12.294029,14.325898,1
1755,1,175.4,95.492966,0.651026,21.994135,8.924696,25.0,12.15554,14.241292,1
1756,1,175.5,95.492966,0.434018,17.106549,8.298035,25.0,12.210053,14.156756,1
1757,1,175.6,95.492966,0.217009,17.106549,8.433387,25.0,12.765277,14.156756,1
1758,1,175.7,95.492966,0.162757,26.88172,7.292582,25.0,12.125816,13.903557,1
1759,1,175.8,95.492966,0.452102,17.106549,7.77733,25.0,12.375699,14.241292,1
1760,1,175.9,95.492966,0.813783,21.994135,6.261548,25.0,12.15504,14.156756,1
1761,1,176.0,95.492966,0.361681,17.106549,6.083523,25.0,12.238232,14.241292,1
1762,1,176.1,95.492966,0.452102,17.106549,3.976855,25.0,12.265827,14.241292,1
1763,1,176.2,95.492966,0.325513,17.106549,4.703396,25.0,12.265827,14.241292,1
1764,1,176.3,95.492966,0.379765,12.218964,2.049583,25.0,12.294029,14.325898,1
1765,1,176.4,95.492966,0.632942,26.88172,1.980829,25.0,12.265827,14.241292,1
1766,1,176.5,95.492966,0.271261,26.88172,1.011742,25.0,12.265827,14.241292,1
1767,1,176.6,95.492966,0.542522,26.88172,0.269926,25.0,11.680545,12.896552,1
1768,1,176.7,95.492966,0.632942,17.106549,3.289784,25.0,12.265827,14.241292,1
1769,1,176.8,95.492966,0.054252,12.218964,2.662052,25.0,12.209493,14.072289,1
1770,1,176.9,95.492966,0.361681,26.88172,5.599753,25.0,12.348711,14.241292,1
1771,1,177.0,95.492966,0.542522,21.994135,3.943679,25.0,12.265827,14.241292,1
1772,1,177.1,95.492966,0.542522,21.994135,7.121549,25.0,12.263383,13.819292,1
1773,1,177.2,95.492966,0.813783,17.106549,6.192496,25.0,12.184375,14.325898,1
1774,1,177.3,95.492966,0.994624,26.88172,8.267174,25.0,12.407961,14.749993,1
1775,1,177.4,95.492966,0.632942,21.994135,7.087926,25.0,12.265827,14.241292,1
1776,1,177.5,95.492966,0.162757,7.331378,8.605829,25.0,12.514937,14.241292,1
1777,1,177.6,95.492966,0.379765,21.994135,8.124352,25.0,12.265827,14.241292,1
1778,1,177.7,95.492966,0.379765,12.218964,8.538949,25.0,12.265827,14.241292,1
1779,1,177.8,95.492966,0.180841,17.106549,7.948978,25.0,12.128006,14.241292,1
1780,1,177.9,95.492966,1.175464,21.994135,8.546499,25.0,12.376372,14.241292,1
1781,1,178.0,95.492966,2.170088,17.106549,8.881228,25.0,12.265827,14.241292,1
1782,1,178.1,95.492966,5.244379,21.994135,7.386967,25.0,12.265827,14.241292,1
1783,1,178.2,95.492966,6.691105,7.331378,8.010945,25.0,12.265827,14.241292,1
1784,1,178.3,95.492966,6.781525,21.994135,5.873751,25.0,12.265827,14.241292,1
1785,1,178.4,95.492966,1.591398,21.994135,6.294273,25.0,12.265827,14.241292,1
1786,1,178.5,95.492966,5.967742,17.106549,4.885263,25.0,12.265827,14.241292,1
1787,1,178.6,95.492966,5.642229,21.994135,5.309839,25.0,12.321476,14.325898,1
1788,1,178.7,95.492966,6.239003,12.218964,3.994237,25.0,12.265827,14.241292,1
1789,1,178.8,95.492966,5.750733,17.106549,3.738444,25.0,12.265827,14.241292,1
1790,1,178.9,95.492966,2.206256,26.88172,4.47381,25.0,12.348711,14.241292,1
1791,1,179.0,95.492966,15.461877,21.994135,3.729487,25.0,12.233569,12.980133,1
1792,1,179.1,95.492966,9.313294,12.218964,5.059182,25.0,12.265827,14.241292,1
1793,1,179.2,95.492966,7.233627,17.106549,4.907705,25.0,12.378776,14.580138,1
1794,1,179.3,95.492966,7.595308,26.88172,6.352451,25.0,12.210652,14.241292,1
1795,1,179.4,95.492966,5.063539,17.106549,7.035492,25.0,12.265827,14.241292,1
1796,1,179.5,95.492966,5.063539,26.88172,7.904376,25.0,12.681816,14.241292,1
1797,1,179.6,95.492966,0.922287,7.331378,8.416374,25.0,12.293274,14.241292,1
1798,1,179.7,95.492966,0.452102,17.106549,8.714237,25.0,12.101186,14.325898,1
1799,1,179.8,95.492966,0.542522,21.994135,8.36941,25.0,12.265827,14.241292,1
1800,1,179.9,95.492966,0.723363,17.106549,8.574405,25.0,12.293439,14.241292,1
1801,1,180.0,95.492966,0.162757,12.218964,8.536711,25.0,12.265827,14.241292,1
1802,1,180.1,95.492966,0.162757,12.218964,8.744067,25.0,12.375024,14.156756,1
1803,1,180.2,95.492966,0.452102,21.994135,8.053771,25.0,12.294029,14.325898,1
1804,1,180.3,95.492966,0.452102,21.994135,8.122882,25.0,12.293439,14.241292,1
1805,1,180.4,95.492966,0.723363,26.88172,6.916322,25.0,12.433684,14.580138,1
1806,1,180.5,95.492966,0.09042,31.769306,6.739288,25.0,11.907527,14.156756,1
1807,1,180.6,95.492966,0.632942,21.994135,5.084616,25.0,12.293439,14.241292,1
1808,1,180.7,95.492966,0.452102,21.994135,5.289555,25.0,12.238232,14.241292,1
1809,1,180.8,95.492966,0.542522,21.994135,2.908216,25.0,12.293439,14.241292,1
1810,1,180.9,95.492966,0.325513,12.218964,3.391329,25.0,12.350503,14.49532,1
1811,1,181.0,95.492966,0.379765,26.88172,0.373828,25.0,12.519558,14.920143,1
1812,1,181.1,95.492966,0.271261,21.994135,1.211589,25.0,12.265827,14.241292,1
1813,1,181.2,95.492966,0.361681,26.88172,1.041985,25.0,12.265827,14.241292,1
1814,1,181.3,95.492966,0.632942,17.106549,0.688612,25.0,12.293439,14.241292,1
1815,1,181.4,95.492966,0.723363,21.994135,3.878323,25.0,12.265827,14.241292,1
1816,1,181.5,95.492966,0.217009,26.88172,4.424952,25.0,12.571967,14.665029,1
1817,1,181.6,95.492966,0.632942,17.106549,6.742477,25.0,12.237104,14.072289,1
1818,1,181.7,95.492966,0.452102,17.106549,4.874984,25.0,12.265827,14.241292,1
1819,1,181.8,95.492966,0.632942,21.994135,5.222746,25.0,12.265827,14.241292,1
1820,1,181.9,95.492966,0.723363,21.994135,3.119834,25.0,12.265827,14.241292,1
1821,1,182.0,95.492966,0.434018,31.769306,8.159853,25.0,12.486457,14.325898,1
1822,1,182.1,95.492966,0.271261,17.106549,7.77733,25.0,12.720005,15.603826,1
1823,1,182.2,95.492966,0.48827,31.769306,8.609992,25.0,12.265827,14.241292,1
1824,1,182.3,95.492966,0.904203,21.994135,8.024055,25.0,12.265827,14.241292,1
1825,1,182.4,95.492966,0.126588,17.106549,9.02266,25.0,12.128006,14.241292,1
1826,1,182.5,95.492966,0.813783,21.994135,8.688156,25.0,12.265827,14.241292,1
1827,1,182.6,95.492966,0.651026,17.106549,9.546257,25.0,12.265827,14.241292,1
1828,1,182.7,95.492966,2.441349,26.88172,9.420306,25.0,12.097094,13.735092,1
1829,1,182.8,95.492966,1.247801,41.544477,7.469296,25.0,12.265827,14.241292,1
1830,1,182.9,95.492966,4.430596,26.88172,7.20923,25.0,12.265827,14.241292,1
1831,1,183.0,95.492966,2.549853,26.88172,4.8637,25.0,12.348711,14.241292,1
1832,1,183.1,95.492966,6.329423,21.994135,5.209006,25.0,12.26526,14.156756,1
1833,1,183.2,95.492966,6.419844,21.994135,3.076656,25.0,12.293274,14.241292,1
1834,1,183.3,95.492966,4.394428,21.994135,3.242242,25.0,12.265827,14.241292,1
1835,1,183.4,95.492966,8.499511,26.88172,3.446528,25.0,12.265827,14.241292,1
1836,1,183.5,95.492966,1.609482,21.994135,3.355213,25.0,12.40405,14.241292,1
1837,1,183.6,95.492966,2.025415,21.994135,4.535326,25.0,12.766123,14.410573,1
1838,1,183.7,95.492966,7.143206,17.106549,3.509035,25.0,12.237649,14.156756,1
1839,1,183.8,95.492966,5.533724,21.994135,4.025217,25.0,12.350503,14.49532,1
1840,1,183.9,95.492966,7.414467,21.994135,5.352408,25.0,12.128006,14.241292,1
1841,1,184.0,95.492966,5.51564,12.218964,6.721541,25.0,12.265827,14.241292,1
1842,1,184.1,95.492966,4.430596,21.994135,8.153996,25.0,12.487189,14.241292,1
1843,1,184.2,95.492966,1.989247,21.994135,8.463924,25.0,12.153926,13.987889,1
1844,1,184.3,95.492966,0.48827,21.994135,8.609992,25.0,12.265827,14.241292,1
1845,1,184.4,95.492966,0.452102,12.218964,8.468438,25.0,12.378776,14.580138,1
1846,1,184.5,95.492966,0.723363,17.106549,8.643498,25.0,12.265827,14.241292,1
1847,1,184.6,95.492966,0.723363,17.106549,8.712592,25.0,12.238232,14.241292,1
1848,1,184.7,95.492966,0.054252,17.106549,9.020542,25.0,11.819425,13.147473,1
1849,1,184.8,95.492966,0.217009,26.88172,8.502503,25.0,12.209493,14.072289,1
1850,1,184.9,95.492966,0.452102,21.994135,8.053771,25.0,12.237649,14.156756,1
1851,1,185.0,95.492966,0.144673,12.218964,7.468976,25.0,12.459458,14.241292,1
1852,1,185.1,95.492966,0.361681,21.994135,6.636416,25.0,12.4566,13.566886,1
1853,1,185.2,95.492966,0.09042,21.994135,5.702893,25.0,12.34821,14.241292,1
1854,1,185.3,95.492966,0.759531,17.106549,4.910625,25.0,12.350503,14.49532,1
1855,1,185.4,95.492966,0.542522,21.994135,3.736526,25.0,12.183088,14.241292,1
1856,1,185.5,95.492966,0.452102,21.994135,2.526697,25.0,12.265827,14.241292,1
1857,1,185.6,95.492966,0.632942,17.106549,1.295441,25.0,12.320532,14.156756,1
1858,1,185.7,95.492966,0.452102,26.88172,0.142496,25.0,12.210215,14.156756,1
1859,1,185.8,95.492966,0.886119,21.994135,1.295441,25.0,12.265827,14.241292,1
1860,1,185.9,95.492966,0.271261,21.994135,2.595717,25.0,12.460375,14.49532,1
1861,1,186.0,95.492966,0.632942,21.994135,3.703777,25.0,12.348514,14.241292,1
1862,1,186.1,95.492966,0.632942,12.218964,4.73932,25.0,12.237649,14.156756,1
1863,1,186.2,95.492966,0.632942,17.106549,5.775319,25.0,12.349866,14.410573,1
1864,1,186.3,95.492966,0.325513,17.106549,6.637856,25.0,12.265827,14.241292,1
1865,1,186.4,95.492966,0.632942,12.218964,7.364296,25.0,12.265827,14.241292,1
1866,1,186.5,95.492966,0.813783,21.994135,7.98825,25.0,12.183088,14.241292,1
1867,1,186.6,95.492966,0.542522,17.106549,8.296308,25.0,12.040739,13.315054,1
1868,1,186.7,95.492966,0.48827,21.994135,8.402739,25.0,12.265827,14.241292,1
1869,1,186.8,95.492966,0.325513,26.88172,8.572733,25.0,12.237649,14.156756,1
1870,1,186.9,95.492966,0.452102,17.106549,8.675774,25.0,12.238232,14.241292,1
1871,1,187.0,95.492966,0.994624,26.88172,8.819688,25.0,12.238232,14.241292,1
1872,1,187.1,95.492966,1.139296,21.994135,9.046721,25.0,12.237649,14.156756,1
1873,1,187.2,95.492966,2.170088,21.994135,9.017893,25.0,12.293274,14.241292,1
1874,1,187.3,95.492966,1.139296,17.106549,7.666891,25.0,12.293274,14.241292,1
1875,1,187.4,95.492966,4.991202,17.106549,7.593946,25.0,12.293439,14.241292,1
1876,1,187.5,95.492966,4.340176,21.994135,5.366671,25.0,12.237649,14.156756,1
1877,1,187.6,95.492966,6.835777,21.994135,4.477012,25.0,12.265827,14.241292,1
1878,1,187.7,95.492966,3.68915,17.106549,3.877707,25.0,12.210652,14.241292,1
1879,1,187.8,95.492966,7.595308,21.994135,3.499491,25.0,12.128006,14.241292,1
1880,1,187.9,95.492966,6.691105,21.994135,2.53142,25.0,12.293274,14.241292,1
1881,1,188.0,95.492966,3.960411,12.218964,4.343219,25.0,12.293274,14.241292,1
1882,1,188.1,95.492966,5.877322,12.218964,3.152587,25.0,12.516152,14.580138,1
1883,1,188.2,95.492966,3.309384,21.994135,5.551338,25.0,12.01802,14.241292,1
1884,1,188.3,95.492966,4.882698,12.218964,4.157753,25.0,12.265827,14.241292,1
1885,1,188.4,95.492966,2.061584,17.106549,6.486417,25.0,12.348711,14.241292,1
1886,1,188.5,95.492966,3.164712,17.106549,5.214506,25.0,12.237649,14.156756,1
1887,1,188.6,95.492966,0.994624,17.106549,8.129055,25.0,12.348937,14.325898,1
1888,1,188.7,95.492966,1.627566,17.106549,6.868145,25.0,12.293274,14.241292,1
1889,1,188.8,95.492966,0.904203,17.106549,8.645709,25.0,12.293274,14.241292,1
1890,1,188.9,95.492966,0.379765,17.106549,7.087926,25.0,12.459458,14.241292,1
1891,1,189.0,95.492966,0.361681,26.88172,7.604006,25.0,12.209493,14.072289,1
1892,1,189.1,95.492966,0.217009,7.331378,6.843754,25.0,12.375699,14.241292,1
1893,1,189.2,95.492966,0.379765,17.106549,6.811565,25.0,12.350503,14.49532,1
1894,1,189.3,95.492966,0.144673,17.106549,6.432794,25.0,12.182357,14.156756,1
1895,1,189.4,95.492966,1.663734,12.218964,6.040965,25.0,12.403819,14.241292,1
1896,1,189.5,95.492966,4.231672,21.994135,4.907705,25.0,12.266451,14.241292,1
1897,1,189.6,95.492966,9.403715,17.106549,5.305789,25.0,11.827455,14.156756,1
1898,1,189.7,95.492966,13.1652,21.994135,4.520554,25.0,12.293274,14.241292,1
1899,1,189.8,95.492966,9.313294,21.994135,4.034109,25.0,12.265679,14.241292,1
1900,1,189.9,95.492966,5.804985,21.994135,3.847402,25.0,12.514937,14.241292,1
1901,1,190.0,95.492966,9.855816,17.106549,3.803063,25.0,12.265827,14.241292,1
1902,1,190.1,95.492966,9.855816,21.994135,3.969038,25.0,12.293274,14.241292,1
1903,1,190.2,95.492966,5.696481,26.88172,4.409269,25.0,12.293274,14.241292,1
1904,1,190.3,95.492966,8.680352,26.88172,4.864682,25.0,12.237649,14.156756,1
1905,1,190.4,95.492966,7.866569,21.994135,5.115063,25.0,12.293274,14.241292,1
1906,1,190.5,95.492966,6.781525,21.994135,5.354193,25.0,12.265827,14.241292,1
1907,1,190.6,95.492966,3.906158,26.88172,6.078023,25.0,12.154639,14.072289,1
1908,1,190.7,95.492966,6.709189,17.106549,6.395551,25.0,12.265096,14.156756,1
1909,1,190.8,95.492966,3.255132,17.106549,6.486417,25.0,12.210535,14.241292,1
1910,1,190.9,95.492966,1.537146,17.106549,6.767938,25.0,12.183567,14.241292,1
1911,1,191.0,95.492966,0.361681,21.994135,7.051094,25.0,12.265096,14.156756,1
1912,1,191.1,95.492966,0.813783,21.994135,7.308289,25.0,12.237649,14.156756,1
1913,1,191.2,95.492966,2.350929,21.994135,7.377583,25.0,12.403819,14.241292,1
1914,1,191.3,95.492966,3.526393,17.106549,7.069703,25.0,12.01402,13.650957,1
1915,1,191.4,95.492966,5.153959,17.106549,7.011684,25.0,12.26526,14.156756,1
1916,1,191.5,95.492966,6.148583,21.994135,6.637856,25.0,12.351343,14.580138,1
1917,1,191.6,95.492966,7.324047,21.994135,6.399658,25.0,12.293439,14.241292,1
1918,1,191.7,95.492966,1.681818,17.106549,6.170081,25.0,12.072252,14.156756,1
1919,1,191.8,95.492966,17.577713,21.994135,5.980556,25.0,12.820903,14.241292,1
1920,1,191.9,95.492966,10.669599,21.994135,5.645637,25.0,12.237649,14.156756,1
1921,1,192.0,95.492966,6.076246,21.994135,4.895521,25.0,12.265827,14.241292,1
1922,1,192.1,95.492966,10.398338,17.106549,4.404932,25.0,12.569842,14.410573,1
1923,1,192.2,95.492966,10.488759,12.218964,4.074763,25.0,12.265096,14.156756,1
1924,1,192.3,95.492966,6.347507,21.994135,4.016305,25.0,12.293274,14.241292,1
1925,1,192.4,95.492966,6.510264,26.88172,4.277266,25.0,11.9578,13.398936,1
1926,1,192.5,95.492966,9.946237,17.106549,4.514738,25.0,12.095933,13.566886,1
1927,1,192.6,95.492966,5.642229,12.218964,4.961441,25.0,12.320735,14.241292,1
1928,1,192.7,95.492966,5.262463,17.106549,5.392427,25.0,12.293274,14.241292,1
1929,1,192.8,95.492966,7.595308,17.106549,5.86439,25.0,12.403819,14.241292,1
1930,1,192.9,95.492966,4.285924,21.994135,6.058734,25.0,12.293274,14.241292,1
1931,1,193.0,95.492966,3.363636,26.88172,6.372351,25.0,12.265096,14.156756,1
1932,1,193.1,95.492966,4.430596,12.218964,6.87336,25.0,12.375699,14.241292,1
1933,1,193.2,95.492966,2.170088,21.994135,7.789913,25.0,12.486457,14.325898,1
1934,1,193.3,95.492966,2.260508,12.218964,8.163951,25.0,12.293274,14.241292,1
1935,1,193.4,95.492966,0.361681,12.218964,7.949579,25.0,12.2375,14.156756,1
1936,1,193.5,95.492966,0.705279,21.994135,7.584188,25.0,12.265096,14.156756,1
1937,1,193.6,95.492966,1.573314,12.218964,7.091969,25.0,12.320886,14.241292,1
1938,1,193.7,95.492966,2.061584,17.106549,6.838866,25.0,12.491187,14.835031,1
1939,1,193.8,95.492966,6.076246,26.88172,6.447261,25.0,12.265679,14.241292,1
1940,1,193.9,95.492966,3.743402,17.106549,6.130852,25.0,13.186076,14.410573,1
1941,1,194.0,95.492966,4.502933,21.994135,5.612962,25.0,12.290625,13.903557,1
1942,1,194.1,95.492966,8.22825,17.106549,5.308489,25.0,12.432886,14.49532,1
1943,1,194.2,95.492966,5.533724,17.106549,4.819293,25.0,12.09932,14.072289,1
1944,1,194.3,95.492966,9.222874,12.218964,4.465258,25.0,12.625739,14.241292,1
1945,1,194.4,95.492966,9.584555,17.106549,4.142211,25.0,12.292707,14.156756,1
1946,1,194.5,95.492966,5.804985,26.88172,3.831225,25.0,12.320886,14.241292,1
1947,1,194.6,95.492966,9.584555,7.331378,3.703777,25.0,12.709788,14.665029,1
1948,1,194.7,95.492966,9.494135,17.106549,3.903495,25.0,12.265096,14.156756,1
1949,1,194.8,95.492966,5.587977,26.88172,4.391353,25.0,12.2375,14.156756,1
1950,1,194.9,95.492966,8.680352,17.106549,5.068617,25.0,12.293274,14.241292,1
1951,1,195.0,95.492966,7.776149,21.994135,5.011265,25.0,12.293274,14.241292,1
1952,1,195.1,95.492966,6.600684,26.88172,5.38134,25.0,12.293274,14.241292,1
1953,1,195.2,95.492966,5.786901,12.218964,5.840716,25.0,12.320886,14.241292,1
1954,1,195.3,95.492966,2.658358,21.994135,6.290097,25.0,12.15491,14.156756,1
1955,1,195.4,95.492966,2.983871,26.88172,6.568759,25.0,12.292707,14.156756,1
1956,1,195.5,95.492966,1.446725,21.994135,7.00589,25.0,12.293274,14.241292,1
1957,1,195.6,95.492966,0.0,21.994135,7.119536,25.0,12.265827,14.241292,1
1958,1,195.7,95.492966,1.030792,17.106549,7.318741,25.0,12.293274,14.241292,1
1959,1,195.8,95.492966,0.452102,21.994135,7.339276,25.0,12.182357,14.156756,1
1960,1,195.9,95.492966,2.387097,26.88172,7.340577,25.0,12.293274,14.241292,1
1961,1,196.0,95.492966,3.20088,12.218964,6.964852,25.0,12.237649,14.156756,1
1962,1,196.1,95.492966,6.419844,26.88172,6.706954,25.0,12.383472,15.005331,1
1963,1,196.2,95.492966,7.504888,17.106549,6.429823,25.0,12.292556,14.156756,1
1964,1,196.3,95.492966,5.316716,17.106549,6.34869,25.0,12.155453,14.241292,1
1965,1,196.4,95.492966,5.804985,21.994135,5.770353,25.0,12.265096,14.156756,1
1966,1,196.5,95.492966,6.510264,12.218964,5.743381,25.0,12.265096,14.156756,1
1967,1,196.6,95.492966,6.293255,21.994135,4.841548,25.0,12.265096,14.156756,1
1968,1,196.7,95.492966,6.456012,17.106549,4.442732,25.0,12.292707,14.156756,1
1969,1,196.8,95.492966,10.76002,12.218964,4.13066,25.0,11.934225,14.072289,1
1970,1,196.9,95.492966,10.669599,21.994135,4.053014,25.0,12.320886,14.241292,1
1971,1,197.0,95.492966,10.217498,36.656891,4.121976,25.0,12.320886,14.241292,1
1972,1,197.1,95.492966,13.418377,12.218964,4.479679,25.0,12.293274,14.241292,1
1973,1,197.2,95.492966,9.042033,17.106549,4.912571,25.0,12.293274,14.241292,1
1974,1,197.3,95.492966,5.208211,17.106549,5.509005,25.0,12.293274,14.241292,1
1975,1,197.4,95.492966,7.685728,21.994135,5.672232,25.0,12.293274,14.241292,1
1976,1,197.5,95.492966,1.410557,26.88172,6.19905,25.0,12.265679,14.241292,1
1977,1,197.6,95.492966,5.696481,21.994135,6.351323,25.0,11.789364,12.729561,1
1978,1,197.7,95.492966,4.159335,26.88172,7.017473,25.0,12.265096,14.156756,1
1979,1,197.8,95.492966,3.435973,21.994135,7.914645,25.0,12.045467,14.241292,1
1980,1,197.9,95.492966,1.085044,21.994135,8.11376,25.0,12.320886,14.241292,1
1981,1,198.0,95.492966,0.108504,21.994135,7.948978,25.0,12.292707,14.156756,1
1982,1,198.1,95.492966,1.446725,17.106549,7.557051,25.0,12.265096,14.156756,1
1983,1,198.2,95.492966,2.80303,17.106549,6.965881,25.0,12.320886,14.241292,1
1984,1,198.3,95.492966,3.345552,7.331378,7.001797,25.0,12.125816,13.903557,1
1985,1,198.4,95.492966,5.063539,21.994135,6.393683,25.0,12.265096,14.156756,1
1986,1,198.5,95.492966,6.148583,17.106549,6.021954,25.0,12.320886,14.241292,1
1987,1,198.6,95.492966,7.414467,17.106549,5.624866,25.0,12.542293,14.410573,1
1988,1,198.7,95.492966,14.485337,17.106549,5.156461,25.0,12.293274,14.241292,1
1989,1,198.8,95.492966,1.808407,21.994135,4.815822,25.0,12.293274,14.241292,1
1990,1,198.9,95.492966,9.403715,17.106549,4.479679,25.0,12.293274,14.241292,1
1991,1,199.0,95.492966,9.584555,17.106549,4.111532,25.0,12.682193,14.665029,1
1992,1,199.1,95.492966,9.403715,17.106549,3.69409,25.0,12.293274,14.241292,1
1993,1,199.2,95.492966,9.584555,17.106549,3.721151,25.0,12.238099,14.241292,1
1994,1,199.3,95.492966,5.804985,21.994135,4.043573,25.0,12.265096,14.156756,1
1995,1,199.4,95.492966,5.804985,12.218964,4.544272,25.0,12.292707,14.156756,1
1996,1,199.5,95.492966,8.680352,21.994135,4.965772,25.0,12.320886,14.241292,1
1997,1,199.6,95.492966,7.595308,21.994135,5.138826,25.0,12.320886,14.241292,1
1998,1,199.7,95.492966,1.356305,17.106549,5.596766,25.0,12.155453,14.241292,1
1999,1,199.8,95.492966,12.532258,31.769306,5.987741,25.0,12.072252,14.156756,1
2000,1,199.9,95.492966,2.604106,17.106549,6.247417,25.0,12.292707,14.156756,1
2001,1,200.0,95.492966,1.627566,26.88172,6.585103,25.0,12.320886,14.241292,1
2002,1,200.1,95.492966,0.994624,26.88172,6.890022,25.0,12.804693,15.775548,1
2003,1,200.2,95.492966,0.162757,26.88172,7.223465,25.0,12.320886,14.241292,1
2004,1,200.3,95.492966,1.356305,12.218964,7.308289,25.0,12.265096,14.156756,1
2005,1,200.4,95.492966,4.557185,26.88172,7.454569,25.0,12.182987,14.241292,1
2006,1,200.5,95.492966,2.441349,21.994135,7.111143,25.0,11.901073,13.147473,1
2007,1,200.6,95.492966,5.42522,17.106549,6.941834,25.0,12.265096,14.156756,1
2008,1,200.7,95.492966,6.329423,26.88172,6.662283,25.0,12.54717,14.920143,1
2009,1,200.8,95.492966,7.685728,17.106549,6.337391,25.0,12.293274,14.241292,1
2010,1,200.9,95.492966,30.435484,17.106549,6.337768,25.0,12.293274,14.241292,1
2011,1,201.0,95.492966,17.903226,17.106549,5.75792,25.0,12.293274,14.241292,1
2012,1,201.1,95.492966,10.85044,17.106549,5.507704,25.0,12.209671,14.072289,1
2013,1,201.2,95.492966,6.40176,2.443793,4.859769,25.0,12.292012,14.072289,1
2014,1,201.3,95.492966,6.239003,21.994135,4.288421,25.0,12.37795,14.49532,1
2015,1,201.4,95.492966,10.307918,21.994135,3.954567,25.0,12.376158,14.241292,1
2016,1,201.5,95.492966,10.398338,17.106549,3.965426,25.0,12.293274,14.241292,1
2017,1,201.6,95.492966,2.079668,17.106549,4.261599,25.0,12.205429,13.063774,1
2018,1,201.7,95.492966,9.494135,12.218964,4.513679,25.0,11.672083,14.749993,1
2019,1,201.8,95.492966,9.313294,31.769306,5.15924,25.0,12.403901,14.325898,1
2020,1,201.9,95.492966,8.951613,21.994135,5.489457,25.0,12.237649,14.156756,1
2021,1,202.0,95.492966,4.665689,21.994135,5.83867,25.0,12.59756,14.156756,1
2022,1,202.1,95.492966,4.014663,12.218964,6.140975,25.0,12.320886,14.241292,1
2023,1,202.2,95.492966,3.146628,21.994135,6.459476,25.0,12.320735,14.241292,1
2024,1,202.3,95.492966,2.766862,26.88172,7.158352,25.0,12.348514,14.241292,1
2025,1,202.4,95.492966,1.898827,12.218964,8.001098,25.0,12.293274,14.241292,1
2026,1,202.5,95.492966,0.868035,21.994135,8.034765,25.0,12.320886,14.241292,1
2027,1,202.6,95.492966,0.0,17.106549,7.948978,25.0,11.734483,12.729561,1
2028,1,202.7,95.492966,1.627566,21.994135,7.287339,25.0,12.320886,14.241292,1
2029,1,202.8,95.492966,0.542522,26.88172,7.062942,25.0,12.433023,14.49532,1
2030,1,202.9,95.492966,0.741447,26.88172,6.758755,25.0,12.293274,14.241292,1
2031,1,203.0,95.492966,7.088954,26.88172,6.393683,25.0,12.320335,14.156756,1
2032,1,203.1,95.492966,6.329423,17.106549,6.049658,25.0,12.320886,14.241292,1
2033,1,203.2,95.492966,7.504888,12.218964,5.553919,25.0,12.320886,14.241292,1
2034,1,203.3,95.492966,8.499511,17.106549,5.235537,25.0,12.575415,15.005331,1
2035,1,203.4,95.492966,5.42522,26.88172,4.768465,25.0,11.766347,13.650957,1
2036,1,203.5,95.492966,9.494135,12.218964,4.448106,25.0,12.293274,14.241292,1
2037,1,203.6,95.492966,5.750733,7.331378,4.081792,25.0,12.320886,14.241292,1
2038,1,203.7,95.492966,9.765396,17.106549,3.829978,25.0,12.320886,14.241292,1
2039,1,203.8,95.492966,9.403715,26.88172,3.660961,25.0,12.18136,13.987889,1
2040,1,203.9,95.492966,9.313294,21.994135,3.944285,25.0,12.265096,14.156756,1
2041,1,204.0,95.492966,9.222874,17.106549,4.507324,25.0,12.320886,14.241292,1
2042,1,204.1,95.492966,5.153959,31.769306,4.968177,25.0,12.320886,14.241292,1
2043,1,204.2,95.492966,4.719941,2.443793,5.339897,25.0,12.098396,13.903557,1
2044,1,204.3,95.492966,6.329423,17.106549,5.673074,25.0,12.293274,14.241292,1
2045,1,204.4,95.492966,5.42522,26.88172,5.917916,25.0,12.293274,14.241292,1
2046,1,204.5,95.492966,0.849951,21.994135,6.27146,25.0,11.957608,13.398936,1
2047,1,204.6,95.492966,2.350929,17.106549,6.564029,25.0,11.484511,11.815002,1
2048,1,204.7,95.492966,0.759531,17.106549,7.069365,25.0,12.320886,14.241292,1
2049,1,204.8,95.492966,0.271261,26.88172,7.292582,25.0,12.293274,14.241292,1
2050,1,204.9,95.492966,1.356305,17.106549,7.377259,25.0,12.320886,14.241292,1
2051,1,205.0,95.492966,2.71261,21.994135,7.258106,25.0,12.292707,14.156756,1
2052,1,205.1,95.492966,3.888074,26.88172,7.029038,25.0,12.320886,14.241292,1
2053,1,205.2,95.492966,5.606061,12.218964,6.962451,25.0,12.126506,13.987889,1
2054,1,205.3,95.492966,3.797654,17.106549,6.662283,25.0,12.346869,14.072289,1
2055,1,205.4,95.492966,7.595308,21.994135,6.290856,25.0,12.293274,14.241292,1
2056,1,205.5,95.492966,9.222874,21.994135,6.364849,25.0,12.293274,14.241292,1
2057,1,205.6,95.492966,6.293255,12.218964,5.895672,25.0,12.293274,14.241292,1
2058,1,205.7,95.492966,10.579179,21.994135,5.361327,25.0,12.293274,14.241292,1
2059,1,205.8,95.492966,10.488759,21.994135,4.689154,25.0,12.349701,14.410573,1
2060,1,205.9,95.492966,10.669599,21.994135,4.344868,25.0,12.293274,14.241292,1
2061,1,206.0,95.492966,6.239003,17.106549,3.965426,25.0,12.431497,14.241292,1
2062,1,206.1,95.492966,6.293255,17.106549,4.022842,25.0,12.293274,14.241292,1
2063,1,206.2,95.492966,6.076246,26.88172,4.179529,25.0,12.265096,14.156756,1
2064,1,206.3,95.492966,5.804985,17.106549,4.695772,25.0,12.405411,14.49532,1
2065,1,206.4,95.492966,8.861193,21.994135,5.120664,25.0,12.051648,14.835031,1
2066,1,206.5,95.492966,8.589932,21.994135,5.516372,25.0,12.072252,14.156756,1
2067,1,206.6,95.492966,4.611437,21.994135,5.911453,25.0,12.37564,14.156756,1
2068,1,206.7,95.492966,6.781525,17.106549,6.186706,25.0,12.320168,14.156756,1
2069,1,206.8,95.492966,5.244379,21.994135,6.525339,25.0,11.567244,11.980819,1
2070,1,206.9,95.492966,2.549853,21.994135,7.193639,25.0,12.403311,14.241292,1
2071,1,207.0,95.492966,1.898827,26.88172,8.001098,25.0,12.044763,14.156756,1
2072,1,207.1,95.492966,1.537146,21.994135,8.071548,25.0,12.265096,14.156756,1
2073,1,207.2,95.492966,0.054252,12.218964,8.052585,25.0,12.459193,14.241292,1
2074,1,207.3,95.492966,1.717986,12.218964,7.462576,25.0,12.265096,14.156756,1
2075,1,207.4,95.492966,1.790323,12.218964,7.113494,25.0,12.320735,14.241292,1
2076,1,207.5,95.492966,3.707234,26.88172,6.623806,25.0,12.153427,13.903557,1
2077,1,207.6,95.492966,4.973118,21.994135,6.350194,25.0,12.320886,14.241292,1
2078,1,207.7,95.492966,6.329423,21.994135,5.923564,25.0,12.293274,14.241292,1
2079,1,207.8,95.492966,7.776149,17.106549,5.696606,25.0,12.348937,14.325898,1
2080,1,207.9,95.492966,5.262463,21.994135,5.221831,25.0,12.265096,14.156756,1
2081,1,208.0,95.492966,5.208211,12.218964,4.620384,25.0,12.29314,14.241292,1
2082,1,208.1,95.492966,9.403715,26.88172,4.400049,25.0,12.320335,14.156756,1
2083,1,208.2,95.492966,5.859238,31.769306,4.062433,25.0,12.322432,14.410573,1
2084,1,208.3,95.492966,9.584555,17.106549,3.739083,25.0,12.320886,14.241292,1
2085,1,208.4,95.492966,5.642229,21.994135,3.660961,25.0,12.596154,14.241292,1
2086,1,208.5,95.492966,1.898827,21.994135,4.095814,25.0,12.264961,14.156756,1
2087,1,208.6,95.492966,9.313294,21.994135,4.598618,25.0,12.292707,14.156756,1
2088,1,208.7,95.492966,8.499511,21.994135,4.919374,25.0,12.320886,14.241292,1
2089,1,208.8,95.492966,7.504888,26.88172,5.204877,25.0,12.265096,14.156756,1
2090,1,208.9,95.492966,3.851906,17.106549,5.719206,25.0,12.182357,14.156756,1
2091,1,209.0,95.492966,5.42522,21.994135,6.047289,25.0,12.430779,14.156756,1
2092,1,209.1,95.492966,4.159335,17.106549,6.362596,25.0,12.292556,14.156756,1
2093,1,209.2,95.492966,2.71261,7.331378,6.721541,25.0,12.377313,14.410573,1
2094,1,209.3,95.492966,1.085044,21.994135,6.995653,25.0,12.265096,14.156756,1
2095,1,209.4,95.492966,0.452102,17.106549,7.362674,25.0,12.265096,14.156756,1
2096,1,209.5,95.492966,1.030792,12.218964,7.249873,25.0,12.265096,14.156756,1
2097,1,209.6,95.492966,1.790323,26.88172,7.238991,25.0,12.293274,14.241292,1
2098,1,209.7,95.492966,4.068915,21.994135,7.043637,25.0,12.206966,13.735092,1
2099,1,209.8,95.492966,5.244379,17.106549,6.855612,25.0,12.880091,15.175937,1
2100,1,209.9,95.492966,6.419844,12.218964,6.51398,25.0,12.265096,14.156756,1
2101,1,210.0,95.492966,7.866569,21.994135,6.491939,25.0,12.293274,14.241292,1
2102,1,210.1,95.492966,9.765396,21.994135,6.424247,25.0,11.956129,13.147473,1
2103,1,210.2,95.492966,2.097752,17.106549,5.895672,25.0,12.293274,14.241292,1
2104,1,210.3,95.492966,6.293255,21.994135,5.221831,25.0,12.293274,14.241292,1
2105,1,210.4,95.492966,10.307918,21.994135,4.59394,25.0,12.29314,14.241292,1
2106,1,210.5,95.492966,14.557674,12.218964,4.210847,25.0,12.182357,14.156756,1
2107,1,210.6,95.492966,10.669599,21.994135,4.081207,25.0,12.320886,14.241292,1
2108,1,210.7,95.492966,6.347507,17.106549,4.042391,25.0,12.292707,14.156756,1
2109,1,210.8,95.492966,6.076246,17.106549,4.266081,25.0,12.349701,14.410573,1
2110,1,210.9,95.492966,9.494135,36.656891,4.642049,25.0,11.932317,13.819292,1
2111,1,211.0,95.492966,5.479472,21.994135,5.214964,25.0,12.2375,14.156756,1
2112,1,211.1,95.492966,5.208211,21.994135,5.509005,25.0,12.320735,14.241292,1
2113,1,211.2,95.492966,7.504888,17.106549,5.817356,25.0,12.375024,14.156756,1
2114,1,211.3,95.492966,3.960411,41.544477,6.221745,25.0,12.043539,13.987889,1
2115,1,211.4,95.492966,5.606061,26.88172,6.69947,25.0,12.292556,14.156756,1
2116,1,211.5,95.492966,5.823069,17.106549,7.219826,25.0,12.320735,14.241292,1
2117,1,211.6,95.492966,1.573314,17.106549,8.110521,25.0,12.236268,13.987889,1
2118,1,211.7,95.492966,0.723363,21.994135,8.021673,25.0,12.320886,14.241292,1
2119,1,211.8,95.492966,0.09042,26.88172,7.983763,25.0,13.440302,17.599993,1
2120,1,211.9,95.492966,1.175464,17.106549,7.308289,25.0,12.320735,14.241292,1
2121,1,212.0,95.492966,2.71261,21.994135,7.13127,25.0,12.320735,14.241292,1
2122,1,212.1,95.492966,0.849951,21.994135,6.672315,25.0,12.403819,14.241292,1
2123,1,212.2,95.492966,8.101662,21.994135,6.290097,25.0,12.292707,14.156756,1
2124,1,212.3,95.492966,9.240958,26.88172,5.936053,25.0,12.489592,14.665029,1
2125,1,212.4,95.492966,7.685728,26.88172,5.415855,25.0,12.2375,14.156756,1
2126,1,212.5,95.492966,11.51955,21.994135,4.929561,25.0,12.320886,14.241292,1
2127,1,212.6,95.492966,9.042033,26.88172,4.721645,25.0,12.320886,14.241292,1
2128,1,212.7,95.492966,9.584555,7.331378,4.381551,25.0,12.348347,14.241292,1
2129,1,212.8,95.492966,5.859238,21.994135,4.062433,25.0,12.405411,14.49532,1
2130,1,212.9,95.492966,9.674976,12.218964,3.759472,25.0,12.57463,14.920143,1
2131,1,213.0,95.492966,5.696481,26.88172,3.734608,25.0,12.265679,14.241292,1
2132,1,213.1,95.492966,9.674976,21.994135,4.098729,25.0,12.068472,13.566886,1
2133,1,213.2,95.492966,9.222874,21.994135,4.637415,25.0,12.320886,14.241292,1
2134,1,213.3,95.492966,5.262463,21.994135,5.274631,25.0,12.209493,14.072289,1
2135,1,213.4,95.492966,7.595308,21.994135,5.42599,25.0,12.292556,14.156756,1
2136,1,213.5,95.492966,6.329423,12.218964,5.610833,25.0,12.320735,14.241292,1
2137,1,213.6,95.492966,3.146628,17.106549,5.958546,25.0,11.985042,13.398936,1
2138,1,213.7,95.492966,2.22434,21.994135,6.287058,25.0,11.456916,11.815002,1
2139,1,213.8,95.492966,0.542522,17.106549,6.789787,25.0,12.320168,14.156756,1
2140,1,213.9,95.492966,0.651026,17.106549,7.2026,25.0,12.26556,14.241292,1
2141,1,214.0,95.492966,0.325513,21.994135,7.19065,25.0,12.153632,13.987889,1
2142,1,214.1,95.492966,1.898827,7.331378,7.256131,25.0,12.569842,14.410573,1
2143,1,214.2,95.492966,2.893451,17.106549,7.336346,25.0,12.293274,14.241292,1
2144,1,214.3,95.492966,2.495601,21.994135,7.084892,25.0,12.320735,14.241292,1
2145,1,214.4,95.492966,3.20088,21.994135,6.766526,25.0,12.069049,13.650957,1
2146,1,214.5,95.492966,6.962366,7.331378,6.593804,25.0,12.320886,14.241292,1
2147,1,214.6,95.492966,8.13783,17.106549,6.327583,25.0,13.526564,17.775945,1
2148,1,214.7,95.492966,5.587977,21.994135,6.126954,25.0,12.237996,14.241292,1
2149,1,214.8,95.492966,5.967742,21.994135,5.654094,25.0,12.292556,14.156756,1
2150,1,214.9,95.492966,6.239003,17.106549,5.084616,25.0,12.792963,14.241292,1
2151,1,215.0,95.492966,6.456012,17.106549,4.689663,25.0,12.293274,14.241292,1
2152,1,215.1,95.492966,6.564516,21.994135,4.405475,25.0,12.292707,14.156756,1
2153,1,215.2,95.492966,2.13392,2.443793,4.058315,25.0,12.124541,13.735092,1
2154,1,215.3,95.492966,6.076246,12.218964,3.924856,25.0,12.320168,14.156756,1
2155,1,215.4,95.492966,10.217498,21.994135,4.312308,25.0,12.348347,14.241292,1
2156,1,215.5,95.492966,5.642229,21.994135,4.727207,25.0,12.348347,14.241292,1
2157,1,215.6,95.492966,5.370968,26.88172,5.117398,25.0,12.348347,14.241292,1
2158,1,215.7,95.492966,1.699902,21.994135,5.468092,25.0,12.320735,14.241292,1
2159,1,215.8,95.492966,7.595308,21.994135,5.985347,25.0,12.320735,14.241292,1
2160,1,215.9,95.492966,6.871945,17.106549,6.295411,25.0,12.26556,14.241292,1
2161,1,216.0,95.492966,7.342131,12.218964,6.723318,25.0,12.403619,14.241292,1
2162,1,216.1,95.492966,3.978495,21.994135,7.340577,25.0,12.348347,14.241292,1
2163,1,216.2,95.492966,0.560606,21.994135,8.119058,25.0,12.348347,14.241292,1
2164,1,216.3,95.492966,1.085044,26.88172,8.165121,25.0,12.072942,14.241292,1
2165,1,216.4,95.492966,0.054252,17.106549,7.914645,25.0,12.320168,14.156756,1
2166,1,216.5,95.492966,0.97654,17.106549,7.287339,25.0,12.348347,14.241292,1
2167,1,216.6,95.492966,4.304008,2.443793,7.017133,25.0,12.291232,13.987889,1
2168,1,216.7,95.492966,4.249756,21.994135,6.739288,25.0,12.403311,14.241292,1
2169,1,216.8,95.492966,3.092375,21.994135,6.24053,25.0,12.955344,13.903557,1
2170,1,216.9,95.492966,4.123167,26.88172,5.950522,25.0,12.347796,14.156756,1
2171,1,217.0,95.492966,7.956989,17.106549,5.502063,25.0,12.348347,14.241292,1
2172,1,217.1,95.492966,8.589932,17.106549,5.071915,25.0,12.659895,15.175937,1
2173,1,217.2,95.492966,1.826491,17.106549,4.724174,25.0,13.118754,16.552513,1
2174,1,217.3,95.492966,5.479472,17.106549,4.143364,25.0,12.264961,14.156756,1
2175,1,217.4,95.492966,9.313294,26.88172,3.8387,25.0,12.348347,14.241292,1
2176,1,217.5,95.492966,5.587977,12.218964,3.622258,25.0,12.376549,14.325898,1
2177,1,217.6,95.492966,5.696481,36.656891,3.748654,25.0,12.264551,14.072289,1
2178,1,217.7,95.492966,9.313294,26.88172,4.132395,25.0,12.292556,14.156756,1
2179,1,217.8,95.492966,8.951613,26.88172,4.626584,25.0,12.292556,14.156756,1
2180,1,217.9,95.492966,8.318671,21.994135,5.031246,25.0,11.956129,13.147473,1
2181,1,218.0,95.492966,4.394428,17.106549,5.224575,25.0,12.348347,14.241292,1
2182,1,218.1,95.492966,3.743402,31.769306,5.752109,25.0,12.321476,14.325898,1
2183,1,218.2,95.492966,3.038123,17.106549,6.065826,25.0,12.292556,14.156756,1
2184,1,218.3,95.492966,3.345552,26.88172,6.391815,25.0,12.377313,14.410573,1
2185,1,218.4,95.492966,0.470186,26.88172,6.76935,25.0,13.234633,16.900151,1
2186,1,218.5,95.492966,1.139296,21.994135,7.093316,25.0,12.458958,14.241292,1
2187,1,218.6,95.492966,0.632942,21.994135,7.22611,25.0,12.320168,14.156756,1
2188,1,218.7,95.492966,1.808407,21.994135,7.218502,25.0,12.238394,14.241292,1
2189,1,218.8,95.492966,3.164712,17.106549,7.249873,25.0,12.657098,14.920143,1
2190,1,218.9,95.492966,2.658358,12.218964,7.141982,25.0,12.320735,14.241292,1
2191,1,219.0,95.492966,7.215543,17.106549,6.746373,25.0,12.348347,14.241292,1
2192,1,219.1,95.492966,6.510264,26.88172,6.3671,25.0,12.182914,14.241292,1
2193,1,219.2,95.492966,8.409091,26.88172,6.408611,25.0,12.37544,14.156756,1
2194,1,219.3,95.492966,13.798143,17.106549,6.304133,25.0,12.348347,14.241292,1
2195,1,219.4,95.492966,10.217498,17.106549,5.749201,25.0,12.348347,14.241292,1
2196,1,219.5,95.492966,10.398338,17.106549,5.084616,25.0,12.320168,14.156756,1
2197,1,219.6,95.492966,6.239003,17.106549,4.535326,25.0,12.265096,14.156756,1
2198,1,219.7,95.492966,10.488759,26.88172,4.185811,25.0,12.375975,14.241292,1
2199,1,219.8,95.492966,10.669599,17.106549,4.058315,25.0,12.320168,14.156756,1
2200,1,219.9,95.492966,10.398338,7.331378,4.033517,25.0,12.517914,14.749993,1
2201,1,220.0,95.492966,9.765396,7.331378,4.173809,25.0,12.348347,14.241292,1
2202,1,220.1,95.492966,5.587977,21.994135,4.864682,25.0,12.348347,14.241292,1
2203,1,220.2,95.492966,9.042033,21.994135,5.21817,25.0,12.375975,14.241292,1
2204,1,220.3,95.492966,8.22825,17.106549,5.550047,25.0,12.264551,14.072289,1
2205,1,220.4,95.492966,7.595308,26.88172,5.86439,25.0,11.9005,12.980133,1
2206,1,220.5,95.492966,6.058162,21.994135,6.270317,25.0,12.293274,14.241292,1
2207,1,220.6,95.492966,3.146628,12.218964,6.789435,25.0,12.320735,14.241292,1
2208,1,220.7,95.492966,0.777615,21.994135,7.50312,25.0,12.486653,14.241292,1
2209,1,220.8,95.492966,1.519062,26.88172,8.07214,25.0,12.848364,14.241292,1
2210,1,220.9,95.492966,0.434018,21.994135,8.090763,25.0,12.348347,14.241292,1
2211,1,221.0,95.492966,0.886119,21.994135,7.850092,25.0,12.320735,14.241292,1
2212,1,221.1,95.492966,1.898827,17.106549,7.263041,25.0,12.292707,14.156756,1
2213,1,221.2,95.492966,1.681818,21.994135,6.965881,25.0,12.320168,14.156756,1
2214,1,221.3,95.492966,2.495601,12.218964,6.69733,25.0,12.348347,14.241292,1
2215,1,221.4,95.492966,5.51564,21.994135,6.351323,25.0,12.348347,14.241292,1
2216,1,221.5,95.492966,6.871945,17.106549,5.950522,25.0,12.348347,14.241292,1
2217,1,221.6,95.492966,7.685728,17.106549,5.415855,25.0,12.348347,14.241292,1
2218,1,221.7,95.492966,5.099707,26.88172,5.023168,25.0,12.320735,14.241292,1
2219,1,221.8,95.492966,8.951613,17.106549,4.766962,25.0,12.347796,14.156756,1
2220,1,221.9,95.492966,10.488759,17.106549,4.784469,25.0,12.154844,14.072289,1
2221,1,222.0,95.492966,9.494135,17.106549,3.953359,25.0,12.293274,14.241292,1
2222,1,222.1,95.492966,9.674976,31.769306,3.751839,25.0,12.37448,14.072289,1
2223,1,222.2,95.492966,9.313294,12.218964,3.681134,25.0,12.320735,14.241292,1
2224,1,222.3,95.492966,13.418377,21.994135,4.239681,25.0,12.237996,14.241292,1
2225,1,222.4,95.492966,1.826491,17.106549,4.633292,25.0,12.514366,14.241292,1
2226,1,222.5,95.492966,8.589932,21.994135,5.019838,25.0,12.320886,14.241292,1
2227,1,222.6,95.492966,7.324047,17.106549,5.166643,25.0,12.348347,14.241292,1
2228,1,222.7,95.492966,3.634897,17.106549,5.723381,25.0,12.264551,14.072289,1
2229,1,222.8,95.492966,2.983871,17.106549,5.825973,25.0,12.320735,14.241292,1
2230,1,222.9,95.492966,2.22434,12.218964,6.287058,25.0,12.404774,14.410573,1
2231,1,223.0,95.492966,2.260508,21.994135,6.73042,25.0,12.320735,14.241292,1
2232,1,223.1,95.492966,0.198925,12.218964,7.166024,25.0,12.426636,13.315054,1
2233,1,223.2,95.492966,0.632942,21.994135,7.362674,25.0,12.37564,14.156756,1
2234,1,223.3,95.492966,1.627566,17.106549,7.419236,25.0,12.348347,14.241292,1
2235,1,223.4,95.492966,2.983871,7.331378,7.170689,25.0,12.262081,13.735092,1
2236,1,223.5,95.492966,4.068915,21.994135,7.111143,25.0,13.095149,13.903557,1
2237,1,223.6,95.492966,5.063539,21.994135,6.836071,25.0,12.320735,14.241292,1
2238,1,223.7,95.492966,6.510264,21.994135,6.558932,25.0,12.320735,14.241292,1
2239,1,223.8,95.492966,5.045455,17.106549,6.34869,25.0,12.154118,13.987889,1
2240,1,223.9,95.492966,5.91349,17.106549,6.304133,25.0,12.348347,14.241292,1
2241,1,224.0,95.492966,5.91349,21.994135,5.709173,25.0,13.646183,18.217637,1
2242,1,224.1,95.492966,6.184751,17.106549,5.124395,25.0,12.320735,14.241292,1
2243,1,224.2,95.492966,10.398338,21.994135,4.50149,25.0,12.348347,14.241292,1
2244,1,224.3,95.492966,10.669599,12.218964,4.251497,25.0,12.764604,14.241292,1
2245,1,224.4,95.492966,14.81085,26.88172,4.026997,25.0,12.320168,14.156756,1
2246,1,224.5,95.492966,6.347507,21.994135,4.10106,25.0,12.292556,14.156756,1
2247,1,224.6,95.492966,5.967742,21.994135,4.204034,25.0,12.265096,14.156756,1
2248,1,224.7,95.492966,9.313294,26.88172,4.864682,25.0,12.320735,14.241292,1
2249,1,224.8,95.492966,5.316716,26.88172,5.173112,25.0,12.320168,14.156756,1
2250,1,224.9,95.492966,8.499511,17.106549,5.580523,25.0,12.320168,14.156756,1
2251,1,225.0,95.492966,7.324047,17.106549,5.783999,25.0,12.405411,14.49532,1
2252,1,225.1,95.492966,6.510264,31.769306,6.303375,25.0,12.292556,14.156756,1
2253,1,225.2,95.492966,5.063539,17.106549,6.769703,25.0,12.26556,14.241292,1
2254,1,225.3,95.492966,5.949658,21.994135,7.598663,25.0,12.320735,14.241292,1
2255,1,225.4,95.492966,3.417889,26.88172,8.102564,25.0,12.348347,14.241292,1
2256,1,225.5,95.492966,0.632942,17.106549,8.124352,25.0,12.348347,14.241292,1
2257,1,225.6,95.492966,0.506354,21.994135,7.950781,25.0,12.320735,14.241292,1
2258,1,225.7,95.492966,1.537146,21.994135,7.456492,25.0,12.210448,14.241292,1
2259,1,225.8,95.492966,0.524438,17.106549,6.955242,25.0,12.736425,14.156756,1
2260,1,225.9,95.492966,4.611437,26.88172,6.641454,25.0,12.292556,14.156756,1
2261,1,226.0,95.492966,3.255132,17.106549,6.307164,25.0,12.490453,14.749993,1
2262,1,226.1,95.492966,3.960411,17.106549,5.873751,25.0,12.292556,14.156756,1
2263,1,226.2,95.492966,7.324047,12.218964,5.341239,25.0,12.348347,14.241292,1
2264,1,226.3,95.492966,11.772727,21.994135,5.026971,25.0,12.348347,14.241292,1
2265,1,226.4,95.492966,5.587977,17.106549,4.775974,25.0,12.348347,14.241292,1
2266,1,226.5,95.492966,13.418377,26.88172,4.308983,25.0,12.406223,14.580138,1
2267,1,226.6,95.492966,5.696481,12.218964,3.88017,25.0,12.575566,15.005331,1
2268,1,226.7,95.492966,9.765396,21.994135,3.772792,25.0,12.320735,14.241292,1
2269,1,226.8,95.492966,9.584555,21.994135,3.789849,25.0,12.292556,14.156756,1
2270,1,226.9,95.492966,13.1652,17.106549,4.14567,25.0,12.263879,13.987889,1
2271,1,227.0,95.492966,5.370968,21.994135,4.626584,25.0,12.320168,14.156756,1
2272,1,227.1,95.492966,8.13783,21.994135,5.041207,25.0,12.348347,14.241292,1
2273,1,227.2,95.492966,4.394428,17.106549,5.399953,25.0,12.26556,14.241292,1
2274,1,227.3,95.492966,6.419844,26.88172,5.906602,25.0,12.320735,14.241292,1
2275,1,227.4,95.492966,12.930108,17.106549,5.891213,25.0,12.320735,14.241292,1
2276,1,227.5,95.492966,3.435973,21.994135,6.297688,25.0,12.430154,14.156756,1
2277,1,227.6,95.492966,2.170088,17.106549,6.760169,25.0,12.320168,14.156756,1
2278,1,227.7,95.492966,0.162757,21.994135,7.024278,25.0,11.986921,13.735092,1
2279,1,227.8,95.492966,0.0,21.994135,6.981296,25.0,12.347796,14.156756,1
2280,1,227.9,95.492966,1.302053,21.994135,7.301094,25.0,12.348347,14.241292,1
2281,1,228.0,95.492966,3.345552,12.218964,7.261396,25.0,12.863494,16.033758,1
2282,1,228.1,95.492966,0.813783,21.994135,7.111143,25.0,12.015528,13.903557,1
2283,1,228.2,95.492966,3.20088,26.88172,6.766526,25.0,12.320735,14.241292,1
2284,1,228.3,95.492966,14.919355,26.88172,6.502969,25.0,12.347796,14.156756,1
2285,1,228.4,95.492966,8.499511,17.106549,6.455777,25.0,12.237827,14.156756,1
2286,1,228.5,95.492966,9.765396,12.218964,6.144863,25.0,12.348347,14.241292,1
2287,1,228.6,95.492966,5.967742,12.218964,5.705824,25.0,12.794067,14.835031,1
2288,1,228.7,95.492966,10.127077,17.106549,4.895521,25.0,12.320735,14.241292,1
2289,1,228.8,95.492966,6.130499,12.218964,4.407643,25.0,12.320735,14.241292,1
2290,1,228.9,95.492966,6.510264,21.994135,4.338816,25.0,12.348347,14.241292,1
2291,1,229.0,95.492966,6.564516,12.218964,4.154304,25.0,12.320168,14.156756,1
2292,1,229.1,95.492966,10.398338,12.218964,4.033517,25.0,12.430815,14.241292,1
2293,1,229.2,95.492966,6.021994,26.88172,4.313969,25.0,12.292556,14.156756,1
2294,1,229.3,95.492966,5.696481,21.994135,4.868119,25.0,12.348347,14.241292,1
2295,1,229.4,95.492966,8.951613,17.106549,5.221831,25.0,12.348347,14.241292,1
2296,1,229.5,95.492966,4.991202,17.106549,5.541,25.0,12.348347,14.241292,1
2297,1,229.6,95.492966,7.143206,21.994135,5.935248,25.0,12.401999,14.072289,1
2298,1,229.7,95.492966,6.148583,17.106549,6.250857,25.0,13.060996,16.379241,1
2299,1,229.8,95.492966,3.038123,17.106549,6.902493,25.0,12.29314,14.241292,1
2300,1,229.9,95.492966,3.978495,21.994135,7.543763,25.0,12.320735,14.241292,1
2301,1,230.0,95.492966,1.464809,21.994135,8.102564,25.0,11.9001,12.896552,1
2302,1,230.1,95.492966,0.217009,31.769306,8.08781,25.0,12.348347,14.241292,1
2303,1,230.2,95.492966,0.361681,12.218964,7.881677,25.0,12.320168,14.156756,1
2304,1,230.3,95.492966,1.030792,12.218964,7.32494,25.0,12.237996,14.241292,1
2305,1,230.4,95.492966,2.893451,12.218964,7.005549,25.0,12.403101,14.156756,1
2306,1,230.5,95.492966,2.658358,17.106549,6.689835,25.0,12.292556,14.156756,1
2307,1,230.6,95.492966,3.580645,17.106549,6.315112,25.0,12.074067,14.241292,1
2308,1,230.7,95.492966,9.747312,21.994135,5.935248,25.0,12.459738,14.410573,1
2309,1,230.8,95.492966,4.665689,21.994135,5.348837,25.0,11.820693,13.566886,1
2310,1,230.9,95.492966,1.627566,12.218964,4.88086,25.0,12.237381,14.156756,1
2311,1,231.0,95.492966,9.222874,21.994135,4.637415,25.0,12.348347,14.241292,1
2312,1,231.1,95.492966,5.91349,31.769306,4.381005,25.0,12.375822,14.241292,1
2313,1,231.2,95.492966,9.855816,2.443793,3.98945,25.0,12.513415,14.241292,1
2314,1,231.3,95.492966,5.696481,21.994135,3.667481,25.0,12.348347,14.241292,1
2315,1,231.4,95.492966,5.859238,17.106549,3.889394,25.0,12.237381,14.156756,1
2316,1,231.5,95.492966,9.674976,17.106549,4.321162,25.0,12.320168,14.156756,1
2317,1,231.6,95.492966,5.316716,21.994135,4.76596,25.0,12.348347,14.241292,1
2318,1,231.7,95.492966,11.646139,21.994135,5.084616,25.0,12.320168,14.156756,1
2319,1,231.8,95.492966,7.143206,21.994135,5.423348,25.0,12.348347,14.241292,1
2320,1,231.9,95.492966,3.68915,21.994135,5.832121,25.0,12.209817,14.156756,1
2321,1,232.0,95.492966,2.983871,17.106549,6.153022,25.0,11.826391,14.241292,1
2322,1,232.1,95.492966,5.063539,12.218964,6.380218,25.0,12.348347,14.241292,1
2323,1,232.2,95.492966,1.898827,26.88172,6.782042,25.0,12.348347,14.241292,1
2324,1,232.3,95.492966,0.271261,26.88172,7.087926,25.0,12.745393,15.432431,1
2325,1,232.4,95.492966,1.085044,17.106549,7.336671,25.0,12.348347,14.241292,1
2326,1,232.5,95.492966,0.325513,26.88172,7.350334,25.0,12.320168,14.156756,1
2327,1,232.6,95.492966,1.898827,17.106549,7.249873,25.0,12.486433,14.241292,1
2328,1,232.7,95.492966,4.611437,17.106549,7.091295,25.0,12.236268,13.987889,1
2329,1,232.8,95.492966,6.148583,17.106549,6.767585,25.0,12.348347,14.241292,1
2330,1,232.9,95.492966,6.781525,17.106549,6.502969,25.0,12.320735,14.241292,1
2331,1,233.0,95.492966,1.717986,21.994135,6.443184,25.0,12.320735,14.241292,1
2332,1,233.1,95.492966,9.946237,17.106549,6.186706,25.0,12.375822,14.241292,1
2333,1,233.2,95.492966,10.579179,21.994135,5.69409,25.0,12.348347,14.241292,1
2334,1,233.3,95.492966,10.398338,17.106549,4.998378,25.0,12.348347,14.241292,1
2335,1,233.4,95.492966,23.274194,21.994135,4.5955,25.0,12.320735,14.241292,1
2336,1,233.5,95.492966,6.239003,17.106549,4.082963,25.0,12.375975,14.241292,1
2337,1,233.6,95.492966,10.398338,17.106549,3.943679,25.0,12.348347,14.241292,1
2338,1,233.7,95.492966,10.669599,26.88172,4.157753,25.0,11.705603,12.313061,1
2339,1,233.8,95.492966,9.946237,26.88172,4.333858,25.0,12.404774,14.410573,1
2340,1,233.9,95.492966,9.313294,21.994135,4.96096,25.0,11.988108,13.903557,1
2341,1,234.0,95.492966,15.78739,17.106549,5.284133,25.0,11.799058,14.241292,1
2342,1,234.1,95.492966,4.882698,21.994135,5.559508,25.0,12.348347,14.241292,1
2343,1,234.2,95.492966,4.44868,17.106549,6.013617,25.0,12.348347,14.241292,1
2344,1,234.3,95.492966,5.877322,26.88172,6.310193,25.0,12.603026,15.005331,1
2345,1,234.4,95.492966,2.929619,17.106549,6.883779,25.0,12.348347,14.241292,1
2346,1,234.5,95.492966,3.978495,17.106549,7.74717,25.0,12.127892,14.241292,1
2347,1,234.6,95.492966,1.356305,17.106549,8.09519,25.0,12.375822,14.241292,1
2348,1,234.7,95.492966,0.452102,12.218964,8.122882,25.0,12.348347,14.241292,1
2349,1,234.8,95.492966,0.596774,21.994135,7.580092,25.0,12.348347,14.241292,1
2350,1,234.9,95.492966,2.079668,17.106549,7.270602,25.0,12.348347,14.241292,1
2351,1,235.0,95.492966,1.790323,12.218964,6.909065,25.0,12.045467,14.241292,1
2352,1,235.1,95.492966,0.849951,26.88172,6.538504,25.0,11.771583,14.241292,1
2353,1,235.2,95.492966,1.139296,31.769306,6.116418,25.0,12.320168,14.156756,1
2354,1,235.3,95.492966,7.233627,21.994135,5.830892,25.0,12.348347,14.241292,1
2355,1,235.4,95.492966,4.882698,21.994135,5.371565,25.0,12.292556,14.156756,1
2356,1,235.5,95.492966,8.499511,21.994135,4.971061,25.0,12.375822,14.241292,1
2357,1,235.6,95.492966,9.132454,26.88172,4.544798,25.0,12.348347,14.241292,1
2358,1,235.7,95.492966,9.494135,12.218964,4.226702,25.0,12.486653,14.241292,1
2359,1,235.8,95.492966,5.696481,17.106549,3.836832,25.0,12.294207,14.325898,1
2360,1,235.9,95.492966,9.946237,17.106549,3.8387,25.0,12.348347,14.241292,1
2361,1,236.0,95.492966,5.587977,17.106549,3.731408,25.0,12.602105,14.920143,1
2362,1,236.1,95.492966,1.916911,17.106549,4.344868,25.0,12.237381,14.156756,1
2363,1,236.2,95.492966,5.208211,21.994135,4.66822,25.0,12.348347,14.241292,1
2364,1,236.3,95.492966,8.22825,26.88172,5.035992,25.0,12.375822,14.241292,1
2365,1,236.4,95.492966,4.123167,21.994135,5.40128,25.0,12.348347,14.241292,1
2366,1,236.5,95.492966,6.148583,21.994135,5.895267,25.0,12.320735,14.241292,1
2367,1,236.6,95.492966,3.255132,17.106549,6.047289,25.0,12.375975,14.241292,1
2368,1,236.7,95.492966,3.255132,17.106549,6.486417,25.0,12.375822,14.241292,1
2369,1,236.8,95.492966,1.989247,26.88172,6.820327,25.0,12.375822,14.241292,1
2370,1,236.9,95.492966,0.162757,7.331378,7.155348,25.0,12.461295,14.580138,1
2371,1,237.0,95.492966,0.162757,26.88172,7.297494,25.0,13.409398,17.424445,1
2372,1,237.1,95.492966,1.717986,21.994135,7.318741,25.0,12.127892,14.241292,1
2373,1,237.2,95.492966,2.007331,17.106549,7.329504,25.0,12.403619,14.241292,1
2374,1,237.3,95.492966,4.792278,17.106549,6.974792,25.0,12.266005,14.241292,1
2375,1,237.4,95.492966,8.734604,17.106549,6.811916,25.0,10.990152,11.815002,1
2376,1,237.5,95.492966,4.340176,26.88172,6.416061,25.0,12.403311,14.241292,1
2377,1,237.6,95.492966,4.991202,17.106549,6.30148,25.0,12.127892,14.241292,1
2378,1,237.7,95.492966,9.674976,21.994135,5.932027,25.0,12.348347,14.241292,1
2379,1,237.8,95.492966,6.239003,17.106549,5.645637,25.0,12.375271,14.156756,1
2380,1,237.9,95.492966,10.579179,12.218964,4.9701,25.0,12.348347,14.241292,1
2381,1,238.0,95.492966,6.456012,21.994135,4.559491,25.0,12.348347,14.241292,1
2382,1,238.1,95.492966,6.293255,31.769306,4.125452,25.0,12.18136,13.987889,1
2383,1,238.2,95.492966,14.557674,21.994135,3.941255,25.0,12.375822,14.241292,1
2384,1,238.3,95.492966,10.488759,21.994135,4.144517,25.0,12.375822,14.241292,1
2385,1,238.4,95.492966,9.855816,21.994135,4.356399,25.0,12.375822,14.241292,1
2386,1,238.5,95.492966,5.533724,21.994135,4.8637,25.0,12.404023,14.325898,1
2387,1,238.6,95.492966,5.262463,12.218964,5.284133,25.0,12.375822,14.241292,1
2388,1,238.7,95.492966,8.13783,17.106549,5.675179,25.0,12.375822,14.241292,1
2389,1,238.8,95.492966,1.428641,21.994135,6.058734,25.0,12.403619,14.241292,1
2390,1,238.9,95.492966,10.904692,17.106549,6.270317,25.0,12.347643,14.156756,1
2391,1,239.0,95.492966,4.701857,17.106549,6.932537,25.0,12.375822,14.241292,1
2392,1,239.1,95.492966,4.810362,17.106549,7.710079,25.0,12.348347,14.241292,1
2393,1,239.2,95.492966,2.170088,21.994135,8.05733,25.0,12.347643,14.156756,1
2394,1,239.3,95.492966,0.813783,17.106549,8.12641,25.0,12.348347,14.241292,1
2395,1,239.4,95.492966,0.596774,26.88172,7.580092,25.0,12.348347,14.241292,1
2396,1,239.5,95.492966,1.519062,21.994135,7.052788,25.0,12.375822,14.241292,1
2397,1,239.6,95.492966,2.115836,7.331378,7.01509,25.0,12.152772,13.819292,1
2398,1,239.7,95.492966,5.823069,21.994135,6.496353,25.0,12.347643,14.156756,1
2399,1,239.8,95.492966,5.877322,17.106549,6.07763,25.0,12.292436,14.156756,1
2400,1,239.9,95.492966,7.324047,21.994135,5.75709,25.0,12.403901,14.325898,1
2401,1,240.0,95.492966,8.13783,21.994135,5.260118,25.0,12.320168,14.156756,1
2402,1,240.1,95.492966,8.770772,17.106549,4.963848,25.0,12.375822,14.241292,1
2403,1,240.2,95.492966,5.370968,21.994135,4.447569,25.0,12.34821,14.241292,1
2404,1,240.3,95.492966,5.750733,17.106549,4.206306,25.0,12.569571,14.241292,1
2405,1,240.4,95.492966,5.696481,26.88172,3.816857,25.0,12.375822,14.241292,1
2406,1,240.5,95.492966,13.544966,17.106549,3.732688,25.0,12.210407,14.156756,1
2407,1,240.6,95.492966,5.696481,17.106549,3.816857,25.0,12.348347,14.241292,1
2408,1,240.7,95.492966,9.313294,26.88172,4.313415,25.0,12.320168,14.156756,1
2409,1,240.8,95.492966,8.861193,17.106549,4.962404,25.0,12.375822,14.241292,1
2410,1,240.9,95.492966,4.611437,17.106549,5.01841,25.0,12.348347,14.241292,1
2411,1,241.0,95.492966,6.871945,21.994135,5.341239,25.0,12.151568,13.650957,1
2412,1,241.1,95.492966,8.22825,21.994135,5.695348,25.0,12.417971,15.518088,1
2413,1,241.2,95.492966,2.821114,21.994135,6.154186,25.0,12.348347,14.241292,1
2414,1,241.3,95.492966,1.844575,12.218964,6.473145,25.0,12.375822,14.241292,1
2415,1,241.4,95.492966,2.658358,21.994135,6.91943,25.0,12.375822,14.241292,1
2416,1,241.5,95.492966,0.361681,17.106549,7.052449,25.0,12.347643,14.156756,1
2417,1,241.6,95.492966,0.97654,21.994135,7.281436,25.0,12.375822,14.241292,1
2418,1,241.7,95.492966,2.531769,17.106549,7.317435,25.0,12.377313,14.410573,1
2419,1,241.8,95.492966,3.164712,17.106549,7.318088,25.0,12.126068,13.987889,1
2420,1,241.9,95.492966,25.173021,12.218964,6.965881,25.0,12.375822,14.241292,1
2421,1,242.0,95.492966,5.877322,21.994135,6.634976,25.0,12.514128,14.241292,1
2422,1,242.1,95.492966,4.44868,17.106549,6.50811,25.0,12.348347,14.241292,1
2423,1,242.2,95.492966,9.222874,17.106549,6.364849,25.0,12.930464,14.580138,1
2424,1,242.3,95.492966,9.855816,26.88172,5.974961,25.0,12.819647,14.580138,1
2425,1,242.4,95.492966,5.91349,21.994135,5.452342,25.0,12.320031,14.156756,1
2426,1,242.5,95.492966,6.293255,21.994135,4.88135,25.0,12.208971,13.987889,1
2427,1,242.6,95.492966,6.456012,26.88172,4.559491,25.0,12.394664,15.775548,1
2428,1,242.7,95.492966,6.293255,17.106549,4.090562,25.0,12.375822,14.241292,1
2429,1,242.8,95.492966,6.184751,17.106549,3.910832,25.0,12.320031,14.156756,1
2430,1,242.9,95.492966,6.130499,17.106549,4.121976,25.0,12.347643,14.156756,1
2431,1,243.0,95.492966,13.798143,21.994135,4.466863,25.0,12.375822,14.241292,1
2432,1,243.1,95.492966,16.27566,17.106549,4.863209,25.0,12.347643,14.156756,1
2433,1,243.2,95.492966,1.772239,17.106549,5.386665,25.0,12.486535,14.325898,1
2434,1,243.3,95.492966,1.663734,21.994135,5.945703,25.0,12.292556,14.156756,1
2435,1,243.4,95.492966,15.11828,17.106549,6.044523,25.0,12.264856,14.156756,1
2436,1,243.5,95.492966,3.417889,26.88172,6.351323,25.0,12.403449,14.241292,1
2437,1,243.6,95.492966,2.821114,21.994135,6.932537,25.0,12.347643,14.156756,1
2438,1,243.7,95.492966,2.061584,26.88172,7.710079,25.0,12.541617,14.325898,1
2439,1,243.8,95.492966,1.808407,31.769306,8.11376,25.0,12.433835,14.580138,1
2440,1,243.9,95.492966,0.904203,17.106549,8.162195,25.0,12.320031,14.156756,1
2441,1,244.0,95.492966,0.361681,12.218964,7.674365,25.0,12.347643,14.156756,1
2442,1,244.1,95.492966,1.410557,12.218964,7.248884,25.0,12.347643,14.156756,1
2443,1,244.2,95.492966,3.707234,26.88172,6.826279,25.0,12.375822,14.241292,1
2444,1,244.3,95.492966,2.875367,17.106549,6.527901,25.0,12.684726,14.920143,1
2445,1,244.4,95.492966,5.877322,21.994135,6.013617,25.0,12.292436,14.156756,1
2446,1,244.5,95.492966,3.960411,26.88172,5.62614,25.0,12.403449,14.241292,1
2447,1,244.6,95.492966,4.882698,7.331378,5.315685,25.0,12.347643,14.156756,1
2448,1,244.7,95.492966,5.370968,26.88172,5.011265,25.0,12.375822,14.241292,1
2449,1,244.8,95.492966,9.584555,26.88172,4.659,25.0,12.853436,15.261356,1
2450,1,244.9,95.492966,5.696481,26.88172,4.065372,25.0,12.347643,14.156756,1
2451,1,245.0,95.492966,9.584555,17.106549,3.789849,25.0,12.264856,14.156756,1
2452,1,245.1,95.492966,5.750733,21.994135,3.703777,25.0,12.320031,14.156756,1
2453,1,245.2,95.492966,9.674976,21.994135,3.923638,25.0,12.263243,13.903557,1
2454,1,245.3,95.492966,9.584555,17.106549,4.41901,25.0,12.375822,14.241292,1
2455,1,245.4,95.492966,1.717986,12.218964,4.815822,25.0,12.375822,14.241292,1
2456,1,245.5,95.492966,4.611437,21.994135,5.130452,25.0,12.154692,14.156756,1
2457,1,245.6,95.492966,4.177419,17.106549,5.568953,25.0,12.431094,14.241292,1
2458,1,245.7,95.492966,3.526393,12.218964,5.88594,25.0,12.403449,14.241292,1
2459,1,245.8,95.492966,4.521017,12.218964,6.067795,25.0,12.348347,14.241292,1
2460,1,245.9,95.492966,3.255132,17.106549,6.757695,25.0,12.347643,14.156756,1
2461,1,246.0,95.492966,1.808407,17.106549,6.950088,25.0,12.347643,14.156756,1
2462,1,246.1,95.492966,0.0,26.88172,7.188656,25.0,12.347643,14.156756,1
2463,1,246.2,95.492966,0.813783,26.88172,7.377259,25.0,12.403449,14.241292,1
2464,1,246.3,95.492966,2.80303,17.106549,7.365593,25.0,12.573734,14.835031,1
2465,1,246.4,95.492966,2.115836,17.106549,7.273558,25.0,12.375822,14.241292,1
2466,1,246.5,95.492966,2.604106,26.88172,7.033115,25.0,12.265471,14.241292,1
2467,1,246.6,95.492966,5.967742,17.106549,6.679114,25.0,12.347643,14.156756,1
2468,1,246.7,95.492966,4.611437,21.994135,6.460586,25.0,12.010943,13.063774,1
2469,1,246.8,95.492966,9.042033,17.106549,6.561481,25.0,12.375822,14.241292,1
2470,1,246.9,95.492966,10.127077,17.106549,5.96055,25.0,12.347643,14.156756,1
2471,1,247.0,95.492966,10.127077,26.88172,5.449713,25.0,12.045495,14.241292,1
2472,1,247.1,95.492966,6.184751,7.331378,4.706443,25.0,12.513662,14.156756,1
2473,1,247.2,95.492966,15.064027,21.994135,4.499367,25.0,12.347643,14.156756,1
2474,1,247.3,95.492966,10.76002,17.106549,4.168655,25.0,12.129881,14.325898,1
2475,1,247.4,95.492966,10.76002,17.106549,4.085302,25.0,12.320168,14.156756,1
2476,1,247.5,95.492966,6.076246,21.994135,4.12661,25.0,12.62455,14.325898,1
2477,1,247.6,95.492966,1.953079,21.994135,4.535853,25.0,12.48595,14.156756,1
2478,1,247.7,95.492966,9.132454,12.218964,5.11226,25.0,12.375822,14.241292,1
2479,1,247.8,95.492966,8.589932,31.769306,5.350176,25.0,12.375132,14.156756,1
2480,1,247.9,95.492966,7.866569,26.88172,5.649021,25.0,12.570542,14.49532,1
2481,1,248.0,95.492966,6.691105,17.106549,6.078023,25.0,12.347643,14.156756,1
2482,1,248.1,95.492966,1.193548,17.106549,6.484207,25.0,12.375822,14.241292,1
2483,1,248.2,95.492966,2.929619,21.994135,7.150673,25.0,12.320615,14.241292,1
2484,1,248.3,95.492966,3.526393,17.106549,7.681832,25.0,12.431094,14.241292,1
2485,1,248.4,95.492966,0.868035,26.88172,8.103744,25.0,12.347643,14.156756,1
2486,1,248.5,95.492966,0.09042,12.218964,8.052585,25.0,12.347643,14.156756,1
2487,1,248.6,95.492966,0.379765,21.994135,7.573787,25.0,12.403449,14.241292,1
2488,1,248.7,95.492966,2.260508,21.994135,7.073081,25.0,12.375822,14.241292,1
2489,1,248.8,95.492966,3.707234,21.994135,6.826279,25.0,12.347643,14.156756,1
2490,1,248.9,95.492966,4.973118,17.106549,6.481996,25.0,12.403449,14.241292,1
2491,1,249.0,95.492966,5.786901,26.88172,5.96856,25.0,11.933539,13.987889,1
2492,1,249.1,95.492966,4.177419,26.88172,5.629535,25.0,12.099699,14.156756,1
2493,1,249.2,95.492966,8.318671,17.106549,5.301735,25.0,12.347643,14.156756,1
2494,1,249.3,95.492966,12.785435,17.106549,4.96096,25.0,12.403449,14.241292,1
2495,1,249.4,95.492966,9.584555,31.769306,4.617281,25.0,12.347643,14.156756,1
2496,1,249.5,95.492966,9.494135,17.106549,4.065372,25.0,12.375822,14.241292,1
2497,1,249.6,95.492966,5.804985,21.994135,3.816231,25.0,12.320031,14.156756,1
2498,1,249.7,95.492966,9.765396,17.106549,3.772792,25.0,12.375822,14.241292,1
2499,1,249.8,95.492966,5.696481,21.994135,3.88017,25.0,12.68737,15.175937,1
2500,1,249.9,95.492966,5.750733,12.218964,4.49618,25.0,12.208308,13.903557,1
2501,1,250.0,95.492966,8.680352,17.106549,5.068617,25.0,12.320031,14.156756,1
2502,1,250.1,95.492966,7.595308,26.88172,5.138826,25.0,12.347643,14.156756,1
2503,1,250.2,95.492966,4.123167,21.994135,5.40128,25.0,12.292436,14.156756,1
2504,1,250.3,95.492966,5.51564,12.218964,5.833759,25.0,12.403449,14.241292,1
2505,1,250.4,95.492966,4.068915,12.218964,6.119932,25.0,12.347643,14.156756,1
2506,1,250.5,95.492966,3.074291,17.106549,6.676968,25.0,12.320031,14.156756,1
2507,1,250.6,95.492966,0.97654,12.218964,6.874403,25.0,12.347643,14.156756,1
2508,1,250.7,95.492966,0.180841,21.994135,7.257777,25.0,12.347643,14.156756,1
2509,1,250.8,95.492966,0.868035,21.994135,7.207242,25.0,12.375822,14.241292,1
2510,1,250.9,95.492966,1.627566,21.994135,7.326571,25.0,12.573734,14.835031,1
2511,1,251.0,95.492966,3.707234,21.994135,7.218502,25.0,12.347643,14.156756,1
2512,1,251.1,95.492966,4.611437,12.218964,7.024278,25.0,12.292436,14.156756,1
2513,1,251.2,95.492966,3.580645,21.994135,6.549091,25.0,12.347643,14.156756,1
2514,1,251.3,95.492966,7.866569,21.994135,6.553467,25.0,12.01166,13.231233,1
2515,1,251.4,95.492966,9.494135,17.106549,6.508477,25.0,12.375822,14.241292,1
2516,1,251.5,95.492966,9.765396,17.106549,5.872531,25.0,12.347643,14.156756,1
2517,1,251.6,95.492966,6.130499,21.994135,5.353301,25.0,12.292436,14.156756,1
2518,1,251.7,95.492966,10.127077,26.88172,4.535326,25.0,12.292436,14.156756,1
2519,1,251.8,95.492966,19.205279,17.106549,4.424952,25.0,12.375822,14.241292,1
2520,1,251.9,95.492966,10.85044,26.88172,4.195502,25.0,12.375975,14.241292,1
2521,1,252.0,95.492966,15.064027,7.331378,4.095814,25.0,12.347643,14.156756,1
2522,1,252.1,95.492966,13.924731,17.106549,4.088809,25.0,11.904251,13.735092,1
2523,1,252.2,95.492966,9.765396,17.106549,4.659,25.0,12.044763,14.156756,1
2524,1,252.3,95.492966,5.587977,26.88172,5.209923,25.0,12.347643,14.156756,1
2525,1,252.4,95.492966,8.770772,26.88172,5.338107,25.0,12.347643,14.156756,1
2526,1,252.5,95.492966,7.595308,17.106549,5.684432,25.0,12.430815,14.241292,1
2527,1,252.6,95.492966,6.510264,12.218964,6.049658,25.0,12.347643,14.156756,1
2528,1,252.7,95.492966,5.786901,17.106549,6.590905,25.0,12.099699,14.156756,1
2529,1,252.8,95.492966,2.71261,17.106549,7.18367,25.0,12.291876,14.072289,1
2530,1,252.9,95.492966,3.074291,21.994135,7.825099,25.0,12.347643,14.156756,1
2531,1,253.0,95.492966,2.025415,17.106549,8.034765,25.0,12.375822,14.241292,1
2532,1,253.1,95.492966,0.054252,21.994135,8.121705,25.0,12.375822,14.241292,1
2533,1,253.2,95.492966,0.632942,21.994135,7.435639,25.0,12.017316,14.156756,1
2534,1,253.3,95.492966,2.531769,17.106549,7.121214,25.0,11.525387,14.156756,1
2535,1,253.4,95.492966,5.316716,21.994135,6.799982,25.0,12.347643,14.156756,1
2536,1,253.5,95.492966,5.244379,17.106549,6.48089,25.0,12.347643,14.156756,1
2537,1,253.6,95.492966,6.510264,21.994135,6.078023,25.0,12.513415,14.241292,1
2538,1,253.7,95.492966,1.482893,21.994135,5.624866,25.0,13.318783,16.987294,1
2539,1,253.8,95.492966,24.142229,36.656891,5.046891,25.0,12.347643,14.156756,1
2540,1,253.9,95.492966,8.951613,21.994135,4.863209,25.0,12.347643,14.156756,1
2541,1,254.0,95.492966,12.785435,17.106549,4.416847,25.0,12.487366,14.410573,1
2542,1,254.1,95.492966,5.91349,17.106549,4.161773,25.0,11.529656,14.241292,1
2543,1,254.2,95.492966,5.642229,17.106549,3.681783,25.0,12.320031,14.156756,1
2544,1,254.3,95.492966,9.674976,7.331378,3.768357,25.0,12.347643,14.156756,1
2545,1,254.4,95.492966,9.674976,21.994135,4.017494,25.0,12.010943,13.063774,1
2546,1,254.5,95.492966,5.696481,12.218964,4.527946,25.0,12.347643,14.156756,1
2547,1,254.6,95.492966,8.409091,17.106549,4.870572,25.0,12.375822,14.241292,1
2548,1,254.7,95.492966,4.611437,26.88172,5.300834,25.0,12.209744,14.156756,1
2549,1,254.8,95.492966,6.691105,12.218964,5.489022,25.0,12.292436,14.156756,1
2550,1,254.9,95.492966,21.646628,21.994135,5.923564,25.0,12.347643,14.156756,1
2551,1,255.0,95.492966,2.441349,7.331378,6.186706,25.0,12.375132,14.156756,1
2552,1,255.1,95.492966,2.80303,21.994135,6.693048,25.0,12.375822,14.241292,1
2553,1,255.2,95.492966,0.289345,21.994135,7.00589,25.0,11.958876,13.650957,1
2554,1,255.3,95.492966,0.217009,26.88172,7.19065,25.0,12.320031,14.156756,1
2555,1,255.4,95.492966,0.813783,12.218964,7.308289,25.0,12.347643,14.156756,1
2556,1,255.5,95.492966,2.893451,17.106549,7.404732,25.0,12.744342,15.346854,1
2557,1,255.6,95.492966,0.723363,31.769306,7.178015,25.0,11.986136,13.650957,1
2558,1,255.7,95.492966,4.882698,17.106549,6.883779,25.0,12.347643,14.156756,1
2559,1,255.8,95.492966,11.718475,17.106549,6.623084,25.0,12.430576,14.156756,1
2560,1,255.9,95.492966,8.04741,12.218964,6.523874,25.0,12.237827,14.156756,1
2561,1,256.0,95.492966,9.403715,21.994135,6.345679,25.0,12.375271,14.156756,1
2562,1,256.1,95.492966,5.967742,12.218964,5.810371,25.0,12.347643,14.156756,1
2563,1,256.2,95.492966,10.307918,17.106549,5.169416,25.0,12.375271,14.156756,1
2564,1,256.3,95.492966,10.85044,26.88172,4.879882,25.0,12.068262,13.48288,1
2565,1,256.4,95.492966,6.456012,17.106549,4.389721,25.0,12.291354,13.987889,1
2566,1,256.5,95.492966,10.579179,36.656891,4.051835,25.0,12.403311,14.241292,1
2567,1,256.6,95.492966,10.127077,21.994135,3.886322,25.0,12.347643,14.156756,1
2568,1,256.7,95.492966,10.217498,17.106549,4.197779,25.0,12.347643,14.156756,1
2569,1,256.8,95.492966,9.674976,21.994135,4.568912,25.0,12.347643,14.156756,1
2570,1,256.9,95.492966,9.132454,21.994135,5.11226,25.0,12.375822,14.241292,1
2571,1,257.0,95.492966,5.045455,21.994135,5.364,25.0,12.486535,14.325898,1
2572,1,257.1,95.492966,8.04741,21.994135,5.921144,25.0,12.264401,14.072289,1
2573,1,257.2,95.492966,14.521505,21.994135,6.158455,25.0,12.347643,14.156756,1
2574,1,257.3,95.492966,3.20088,26.88172,6.634616,25.0,12.402915,14.156756,1
2575,1,257.4,95.492966,4.068915,17.106549,7.17868,25.0,12.347643,14.156756,1
2576,1,257.5,95.492966,2.893451,26.88172,7.952283,25.0,12.431651,14.325898,1
2577,1,257.6,95.492966,0.813783,31.769306,8.136105,25.0,12.376715,14.325898,1
2578,1,257.7,95.492966,0.271261,17.106549,8.191993,25.0,12.375822,14.241292,1
2579,1,257.8,95.492966,1.265885,26.88172,7.483036,25.0,12.347643,14.156756,1
2580,1,257.9,95.492966,1.573314,12.218964,7.160355,25.0,12.375271,14.156756,1
2581,1,258.0,95.492966,4.068915,17.106549,6.722607,25.0,12.347643,14.156756,1
2582,1,258.1,95.492966,5.42522,21.994135,6.568395,25.0,12.517067,14.665029,1
2583,1,258.2,95.492966,3.634897,12.218964,5.97656,25.0,12.320031,14.156756,1
2584,1,258.3,95.492966,7.233627,12.218964,5.589932,25.0,12.375271,14.156756,1
2585,1,258.4,95.492966,1.663734,17.106549,5.084616,25.0,12.347643,14.156756,1
2586,1,258.5,95.492966,9.222874,21.994135,4.866155,25.0,12.403449,14.241292,1
2587,1,258.6,95.492966,9.674976,26.88172,4.466863,25.0,12.570637,14.49532,1
2588,1,258.7,95.492966,5.696481,17.106549,3.979857,25.0,12.596908,14.156756,1
2589,1,258.8,95.492966,5.804985,17.106549,3.778486,25.0,12.375271,14.156756,1
2590,1,258.9,95.492966,9.765396,17.106549,3.798035,25.0,12.122664,13.398936,1
2591,1,259.0,95.492966,13.291789,21.994135,3.979857,25.0,12.404023,14.325898,1
2592,1,259.1,95.492966,9.584555,21.994135,4.701364,25.0,12.347643,14.156756,1
2593,1,259.2,95.492966,8.499511,31.769306,5.075682,25.0,12.347643,14.156756,1
2594,1,259.3,95.492966,7.414467,21.994135,5.042629,25.0,12.292707,14.156756,1
2595,1,259.4,95.492966,4.068915,26.88172,5.596766,25.0,12.377313,14.410573,1
2596,1,259.5,95.492966,5.51564,17.106549,5.962554,25.0,13.436872,17.424445,1
2597,1,259.6,95.492966,2.441349,21.994135,6.320406,25.0,12.375271,14.156756,1
2598,1,259.7,95.492966,0.524438,21.994135,6.886901,25.0,12.347643,14.156756,1
2599,1,259.8,95.492966,0.651026,26.88172,6.857702,25.0,12.123957,13.650957,1
2600,1,259.9,95.492966,0.542522,31.769306,7.259751,25.0,12.345294,13.819292,1
2601,1,260.0,95.492966,1.808407,12.218964,7.425029,25.0,12.375822,14.241292,1
2602,1,260.1,95.492966,2.893451,21.994135,7.404732,25.0,12.347643,14.156756,1
2603,1,260.2,95.492966,2.22434,21.994135,7.150673,25.0,12.402915,14.156756,1
2604,1,260.3,95.492966,5.153959,12.218964,6.878919,25.0,12.347643,14.156756,1
2605,1,260.4,95.492966,6.962366,21.994135,6.593804,25.0,12.152333,13.735092,1
2606,1,260.5,95.492966,4.828446,21.994135,6.585103,25.0,12.347643,14.156756,1
2607,1,260.6,95.492966,5.370968,17.106549,6.221361,25.0,12.319487,14.072289,1
2608,1,260.7,95.492966,6.021994,26.88172,5.80667,25.0,12.875621,14.156756,1
2609,1,260.8,95.492966,10.76002,17.106549,5.368007,25.0,12.347643,14.156756,1
2610,1,260.9,95.492966,10.76002,7.331378,4.759439,25.0,12.347643,14.156756,1
2611,1,261.0,95.492966,14.937439,31.769306,4.344868,25.0,12.20768,13.819292,1
2612,1,261.1,95.492966,6.40176,31.769306,4.072418,25.0,12.375271,14.156756,1
2613,1,261.2,95.492966,2.115836,31.769306,4.087056,25.0,12.320031,14.156756,1
2614,1,261.3,95.492966,10.217498,17.106549,4.253182,25.0,12.375132,14.156756,1
2615,1,261.4,95.492966,9.674976,12.218964,4.652843,25.0,12.320031,14.156756,1
2616,1,261.5,95.492966,8.951613,21.994135,5.117398,25.0,12.375271,14.156756,1
2617,1,261.6,95.492966,8.680352,31.769306,5.676863,25.0,12.375822,14.241292,1
2618,1,261.7,95.492966,1.55523,17.106549,5.958546,25.0,12.375271,14.156756,1
2619,1,261.8,95.492966,9.11437,21.994135,6.239764,25.0,12.320031,14.156756,1
2620,1,261.9,95.492966,5.244379,17.106549,6.525339,25.0,12.375822,14.241292,1
2621,1,262.0,95.492966,4.340176,17.106549,7.302403,25.0,12.347643,14.156756,1
2622,1,262.1,95.492966,4.810362,21.994135,8.119352,25.0,12.237292,14.156756,1
2623,1,262.2,95.492966,1.265885,26.88172,8.099616,25.0,12.347643,14.156756,1
2624,1,262.3,95.492966,0.0,17.106549,8.018099,25.0,12.347643,14.156756,1
2625,1,262.4,95.492966,0.97654,17.106549,7.356182,25.0,12.373975,13.987889,1
2626,1,262.5,95.492966,1.953079,21.994135,7.097357,25.0,12.541617,14.325898,1
2627,1,262.6,95.492966,4.068915,21.994135,6.655467,25.0,12.858606,15.689646,1
2628,1,262.7,95.492966,2.604106,21.994135,6.114465,25.0,12.375271,14.156756,1
2629,1,262.8,95.492966,3.906158,26.88172,5.889997,25.0,12.320031,14.156756,1
2630,1,262.9,95.492966,7.956989,12.218964,5.559508,25.0,12.515615,14.49532,1
2631,1,263.0,95.492966,5.153959,26.88172,5.071915,25.0,12.264551,14.072289,1
2632,1,263.1,95.492966,1.754154,26.88172,4.71709,25.0,12.347643,14.156756,1
2633,1,263.2,95.492966,9.494135,21.994135,4.409269,25.0,12.347643,14.156756,1
2634,1,263.3,95.492966,9.674976,7.331378,4.043573,25.0,12.68083,14.49532,1
2635,1,263.4,95.492966,9.494135,21.994135,3.710222,25.0,12.347643,14.156756,1
2636,1,263.5,95.492966,9.584555,17.106549,3.775324,25.0,12.320031,14.156756,1
2637,1,263.6,95.492966,5.587977,21.994135,4.003198,25.0,12.347643,14.156756,1
2638,1,263.7,95.492966,5.479472,31.769306,4.50149,25.0,12.375271,14.156756,1
2639,1,263.8,95.492966,8.589932,21.994135,4.968177,25.0,12.375271,14.156756,1
2640,1,263.9,95.492966,7.233627,21.994135,5.176805,25.0,12.375271,14.156756,1
2641,1,264.0,95.492966,6.419844,21.994135,5.719206,25.0,12.403449,14.241292,1
2642,1,264.1,95.492966,8.101662,31.769306,5.96856,25.0,12.236701,14.072289,1
2643,1,264.2,95.492966,3.978495,17.106549,6.278312,25.0,12.347643,14.156756,1
2644,1,264.3,95.492966,1.356305,17.106549,6.661924,25.0,12.076109,14.410573,1
2645,1,264.4,95.492966,1.085044,17.106549,6.926676,25.0,12.400312,13.819292,1
2646,1,264.5,95.492966,0.379765,17.106549,7.223465,25.0,12.347643,14.156756,1
2647,1,264.6,95.492966,0.922287,21.994135,7.382115,25.0,12.403449,14.241292,1
2648,1,264.7,95.492966,3.164712,26.88172,7.249873,25.0,12.179043,13.650957,1
2649,1,264.8,95.492966,4.249756,17.106549,7.126244,25.0,12.944592,15.947603,1
2650,1,264.9,95.492966,1.030792,21.994135,6.878919,25.0,12.154113,14.072289,1
2651,1,265.0,95.492966,6.148583,17.106549,6.443925,25.0,12.347643,14.156756,1
2652,1,265.1,95.492966,26.438905,21.994135,6.322673,25.0,12.347643,14.156756,1
2653,1,265.2,95.492966,5.859238,17.106549,6.424247,25.0,12.1804,13.819292,1
2654,1,265.3,95.492966,6.293255,21.994135,5.844804,25.0,12.375271,14.156756,1
2655,1,265.4,95.492966,6.239003,17.106549,5.26375,25.0,13.341779,16.726147,1
2656,1,265.5,95.492966,10.127077,26.88172,4.498836,25.0,12.347643,14.156756,1
2657,1,265.6,95.492966,6.40176,21.994135,4.296213,25.0,12.375271,14.156756,1
2658,1,265.7,95.492966,11.302542,17.106549,4.358592,25.0,12.011215,13.147473,1
2659,1,265.8,95.492966,10.488759,17.106549,4.046525,25.0,12.375822,14.241292,1
2660,1,265.9,95.492966,9.946237,17.106549,4.204034,25.0,12.458333,14.241292,1
2661,1,266.0,95.492966,5.750733,17.106549,4.734781,25.0,12.347643,14.156756,1
2662,1,266.1,95.492966,5.479472,12.218964,5.163405,25.0,12.375271,14.156756,1
2663,1,266.2,95.492966,11.899316,26.88172,5.580523,25.0,12.375271,14.156756,1
2664,1,266.3,95.492966,7.414467,17.106549,5.649867,25.0,12.375822,14.241292,1
2665,1,266.4,95.492966,4.014663,17.106549,6.267268,25.0,12.458333,14.241292,1
2666,1,266.5,95.492966,3.363636,12.218964,6.765114,25.0,12.430319,14.072289,1
2667,1,266.6,95.492966,4.340176,17.106549,7.369808,25.0,12.347643,14.156756,1
2668,1,266.7,95.492966,1.681818,17.106549,7.844917,25.0,12.347643,14.156756,1
2669,1,266.8,95.492966,0.723363,26.88172,8.159853,25.0,12.067075,13.315054,1
2670,1,266.9,95.492966,0.108504,17.106549,7.880464,25.0,12.347643,14.156756,1
2671,1,267.0,95.492966,0.922287,17.106549,7.318741,25.0,12.347643,14.156756,1
2672,1,267.1,95.492966,1.573314,26.88172,6.886901,25.0,12.347643,14.156756,1
2673,1,267.2,95.492966,4.249756,21.994135,6.672315,25.0,12.431513,14.325898,1
2674,1,267.3,95.492966,5.877322,21.994135,6.334752,25.0,12.375132,14.156756,1
2675,1,267.4,95.492966,6.329423,21.994135,5.923564,25.0,12.403449,14.241292,1
2676,1,267.5,95.492966,7.324047,31.769306,5.399953,25.0,12.347643,14.156756,1
2677,1,267.6,95.492966,8.589932,31.769306,5.124395,25.0,12.292436,14.156756,1
2678,1,267.7,95.492966,9.132454,21.994135,4.770469,25.0,12.32076,14.156756,1
2679,1,267.8,95.492966,9.674976,26.88172,4.429269,25.0,11.622483,11.980819,1
2680,1,267.9,95.492966,9.674976,12.218964,3.992442,25.0,12.375271,14.156756,1
2681,1,268.0,95.492966,9.765396,17.106549,3.777221,25.0,12.347643,14.156756,1
2682,1,268.1,95.492966,13.671554,17.106549,3.829978,25.0,12.237292,14.156756,1
2683,1,268.2,95.492966,9.765396,21.994135,4.173809,25.0,12.875621,14.156756,1
2684,1,268.3,95.492966,8.951613,21.994135,4.447569,25.0,12.375271,14.156756,1
2685,1,268.4,95.492966,4.991202,17.106549,4.978264,25.0,12.40276,14.156756,1
2686,1,268.5,95.492966,7.414467,21.994135,5.272366,25.0,12.347643,14.156756,1
2687,1,268.6,95.492966,6.419844,17.106549,5.719206,25.0,12.347643,14.156756,1
2688,1,268.7,95.492966,5.244379,17.106549,5.958546,25.0,12.402915,14.156756,1
2689,1,268.8,95.492966,3.978495,26.88172,6.278312,25.0,12.375271,14.156756,1
2690,1,268.9,95.492966,2.350929,17.106549,6.564029,25.0,12.76652,14.835031,1
2691,1,269.0,95.492966,0.813783,21.994135,7.093316,25.0,12.375271,14.156756,1
2692,1,269.1,95.492966,0.632942,21.994135,7.295202,25.0,12.347643,14.156756,1
2693,1,269.2,95.492966,1.537146,17.106549,7.31319,25.0,12.375271,14.156756,1
2694,1,269.3,95.492966,2.983871,17.106549,7.170689,25.0,12.320168,14.156756,1
2695,1,269.4,95.492966,4.249756,21.994135,6.991554,25.0,12.005944,15.261356,1
2696,1,269.5,95.492966,3.472141,17.106549,6.721541,25.0,12.40276,14.156756,1
2697,1,269.6,95.492966,4.068915,26.88172,6.566576,25.0,12.375132,14.156756,1
2698,1,269.7,95.492966,5.045455,17.106549,6.468715,25.0,12.208308,13.903557,1
2699,1,269.8,95.492966,10.127077,17.106549,6.449113,25.0,12.375271,14.156756,1
2700,1,269.9,95.492966,6.130499,17.106549,5.698283,25.0,12.686551,15.090596,1
2701,1,270.0,95.492966,6.021994,26.88172,4.978264,25.0,12.347643,14.156756,1
2702,1,270.1,95.492966,10.76002,31.769306,4.622969,25.0,12.430939,14.241292,1
2703,1,270.2,95.492966,6.40176,12.218964,4.296213,25.0,12.48595,14.156756,1
2704,1,270.3,95.492966,11.031281,12.218964,4.202329,25.0,12.347643,14.156756,1
2705,1,270.4,95.492966,6.40176,21.994135,4.114436,25.0,12.514068,14.325898,1
2706,1,270.5,95.492966,9.855816,21.994135,4.253182,25.0,12.347643,14.156756,1
2707,1,270.6,95.492966,9.403715,21.994135,4.913543,25.0,12.375132,14.156756,1
2708,1,270.7,95.492966,9.042033,17.106549,5.16618,25.0,12.347643,14.156756,1
2709,1,270.8,95.492966,4.991202,21.994135,5.371565,25.0,12.375132,14.156756,1
2710,1,270.9,95.492966,4.502933,17.106549,5.877817,25.0,12.37448,14.072289,1
2711,1,271.0,95.492966,6.600684,17.106549,6.34869,25.0,12.346471,13.987889,1
2712,1,271.1,95.492966,3.20088,17.106549,6.766526,25.0,12.347643,14.156756,1
2713,1,271.2,95.492966,11.935484,12.218964,7.40828,25.0,12.347643,14.156756,1
2714,1,271.3,95.492966,2.441349,17.106549,8.033873,25.0,12.40276,14.156756,1
2715,1,271.4,95.492966,0.217009,26.88172,8.018694,25.0,12.375271,14.156756,1
2716,1,271.5,95.492966,0.542522,21.994135,7.814407,25.0,12.871144,13.650957,1
2717,1,271.6,95.492966,1.627566,26.88172,7.356182,25.0,12.347643,14.156756,1
2718,1,271.7,95.492966,3.074291,17.106549,6.949057,25.0,12.375132,14.156756,1
2719,1,271.8,95.492966,4.521017,21.994135,6.665509,25.0,11.873247,12.980133,1
2720,1,271.9,95.492966,5.877322,26.88172,6.399285,25.0,12.375271,14.156756,1
2721,1,272.0,95.492966,6.691105,26.88172,5.919934,25.0,12.430939,14.241292,1
2722,1,272.1,95.492966,7.504888,31.769306,5.378232,25.0,12.347643,14.156756,1
2723,1,272.2,95.492966,5.045455,12.218964,5.026971,25.0,12.375271,14.156756,1
2724,1,272.3,95.492966,5.533724,21.994135,4.727207,25.0,12.347643,14.156756,1
2725,1,272.4,95.492966,9.584555,21.994135,4.381551,25.0,12.122664,13.398936,1
2726,1,272.5,95.492966,9.584555,17.106549,3.901659,25.0,12.375271,14.156756,1
2727,1,272.6,95.492966,13.418377,21.994135,3.703777,25.0,12.127188,14.156756,1
2728,1,272.7,95.492966,9.494135,17.106549,3.763917,25.0,12.347643,14.156756,1
2729,1,272.8,95.492966,17.414956,17.106549,4.253182,25.0,12.458065,14.156756,1
2730,1,272.9,95.492966,8.770772,21.994135,4.575182,25.0,12.290272,13.819292,1
2731,1,273.0,95.492966,4.93695,21.994135,4.982581,25.0,12.403449,14.241292,1
2732,1,273.1,95.492966,7.324047,26.88172,5.399953,25.0,12.207847,13.819292,1
2733,1,273.2,95.492966,3.851906,17.106549,5.78152,25.0,12.40276,14.156756,1
2734,1,273.3,95.492966,5.153959,17.106549,6.044523,25.0,12.347643,14.156756,1
2735,1,273.4,95.492966,2.22434,26.88172,6.354331,25.0,12.374604,14.072289,1
2736,1,273.5,95.492966,2.350929,26.88172,6.700896,25.0,12.373975,13.987889,1
2737,1,273.6,95.492966,0.813783,12.218964,7.024278,25.0,12.40276,14.156756,1
2738,1,273.7,95.492966,0.434018,17.106549,7.399892,25.0,12.375132,14.156756,1
2739,1,273.8,95.492966,0.813783,21.994135,7.308289,25.0,12.375132,14.156756,1
2740,1,273.9,95.492966,1.898827,26.88172,7.249873,25.0,12.149316,13.147473,1
2741,1,274.0,95.492966,4.521017,21.994135,7.0494,25.0,12.374604,14.072289,1
2742,1,274.1,95.492966,3.472141,17.106549,6.852475,25.0,12.46065,14.49532,1
2743,1,274.2,95.492966,4.340176,21.994135,6.541427,25.0,12.40276,14.156756,1
2744,1,274.3,95.492966,1.627566,21.994135,6.327583,25.0,12.819289,14.156756,1
2745,1,274.4,95.492966,13.418377,26.88172,6.103516,25.0,12.875149,14.156756,1
2746,1,274.5,95.492966,10.76002,17.106549,5.841125,25.0,12.375271,14.156756,1
2747,1,274.6,95.492966,6.293255,21.994135,5.046891,25.0,12.40276,14.156756,1
2748,1,274.7,95.492966,10.398338,12.218964,4.50149,25.0,12.375271,14.156756,1
2749,1,274.8,95.492966,6.293255,21.994135,4.164642,25.0,12.375132,14.156756,1
2750,1,274.9,95.492966,10.488759,21.994135,3.979857,25.0,12.40276,14.156756,1
2751,1,275.0,95.492966,14.937439,17.106549,4.142211,25.0,12.40276,14.156756,1
2752,1,275.1,95.492966,14.177908,21.994135,4.328343,25.0,12.430939,14.241292,1
2753,1,275.2,95.492966,9.132454,17.106549,4.719621,25.0,12.375271,14.156756,1
2754,1,275.3,95.492966,5.42522,17.106549,5.376455,25.0,12.375132,14.156756,1
2755,1,275.4,95.492966,8.318671,17.106549,5.598046,25.0,12.430576,14.156756,1
2756,1,275.5,95.492966,4.340176,17.106549,6.043337,25.0,12.402636,14.156756,1
2757,1,275.6,95.492966,5.967742,21.994135,6.225583,25.0,12.207241,13.735092,1
2758,1,275.7,95.492966,3.038123,17.106549,6.902493,25.0,12.347643,14.156756,1
2759,1,275.8,95.492966,2.387097,12.218964,7.476009,25.0,12.044805,14.156756,1
2760,1,275.9,95.492966,2.784946,31.769306,8.050804,25.0,12.040281,13.398936,1
2761,1,276.0,95.492966,0.542522,12.218964,8.019886,25.0,12.40276,14.156756,1
2762,1,276.1,95.492966,0.542522,26.88172,7.883495,25.0,12.543887,14.580138,1
2763,1,276.2,95.492966,1.446725,17.106549,7.212543,25.0,12.375132,14.156756,1
2764,1,276.3,95.492966,1.73607,21.994135,6.869188,25.0,12.375132,14.156756,1
2765,1,276.4,95.492966,2.71261,21.994135,6.598874,25.0,12.430099,14.072289,1
2766,1,276.5,95.492966,6.058162,17.106549,6.231719,25.0,12.347643,14.156756,1
2767,1,276.6,95.492966,1.320137,26.88172,5.687793,25.0,12.486644,14.325898,1
2768,1,276.7,95.492966,4.502933,21.994135,5.262389,25.0,12.375132,14.156756,1
2769,1,276.8,95.492966,8.409091,12.218964,4.974424,25.0,12.40276,14.156756,1
2770,1,276.9,95.492966,13.038612,31.769306,4.686096,25.0,12.375132,14.156756,1
2771,1,277.0,95.492966,9.584555,21.994135,4.273913,25.0,12.375132,14.156756,1
2772,1,277.1,95.492966,9.674976,21.994135,3.945496,25.0,12.375271,14.156756,1
2773,1,277.2,95.492966,9.946237,17.106549,3.836832,25.0,11.98916,14.072289,1
2774,1,277.3,95.492966,5.804985,12.218964,3.847402,25.0,12.375132,14.156756,1
2775,1,277.4,95.492966,13.671554,21.994135,4.300103,25.0,12.375132,14.156756,1
2776,1,277.5,95.492966,9.132454,12.218964,4.724174,25.0,12.23416,13.650957,1
2777,1,277.6,95.492966,8.409091,31.769306,5.079916,25.0,12.40276,14.156756,1
2778,1,277.7,95.492966,4.394428,41.544477,5.45891,25.0,12.151173,13.566886,1
2779,1,277.8,95.492966,6.239003,17.106549,5.814892,25.0,12.375132,14.156756,1
2780,1,277.9,95.492966,4.973118,17.106549,6.087448,25.0,12.375132,14.156756,1
2781,1,278.0,95.492966,2.170088,12.218964,6.380218,25.0,12.291354,13.987889,1
2782,1,278.1,95.492966,1.808407,12.218964,6.743894,25.0,12.373975,13.987889,1
2783,1,278.2,95.492966,0.632942,21.994135,7.159354,25.0,12.375132,14.156756,1
2784,1,278.3,95.492966,0.904203,21.994135,7.402474,25.0,12.375132,14.156756,1
2785,1,278.4,95.492966,1.898827,21.994135,7.32494,25.0,12.458065,14.156756,1
2786,1,278.5,95.492966,4.810362,17.106549,7.165357,25.0,12.093977,13.147473,1
2787,1,278.6,95.492966,4.792278,12.218964,7.041601,25.0,12.346976,14.072289,1
2788,1,278.7,95.492966,5.967742,21.994135,6.744248,25.0,12.48877,14.580138,1
2789,1,278.8,95.492966,6.962366,17.106549,6.404136,25.0,12.346976,14.072289,1
2790,1,278.9,95.492966,1.627566,26.88172,6.448743,25.0,12.652182,14.156756,1
2791,1,279.0,95.492966,13.671554,17.106549,6.089802,25.0,12.513439,14.156756,1
2792,1,279.1,95.492966,6.40176,17.106549,5.792253,25.0,12.40276,14.156756,1
2793,1,279.2,95.492966,6.184751,31.769306,4.949872,25.0,12.40276,14.156756,1
2794,1,279.3,95.492966,14.557674,21.994135,4.468467,25.0,12.319487,14.072289,1
2795,1,279.4,95.492966,10.398338,12.218964,4.101642,25.0,12.40276,14.156756,1
2796,1,279.5,95.492966,6.456012,17.106549,4.081792,25.0,12.40276,14.156756,1
2797,1,279.6,95.492966,10.488759,17.106549,4.125452,25.0,12.374604,14.072289,1
2798,1,279.7,95.492966,14.05132,17.106549,4.451327,25.0,12.572878,14.749993,1
2799,1,279.8,95.492966,9.132454,21.994135,4.81483,25.0,12.40276,14.156756,1
2800,1,279.9,95.492966,1.790323,17.106549,5.327805,25.0,12.375132,14.156756,1
2801,1,280.0,95.492966,11.646139,21.994135,5.655361,25.0,12.458065,14.156756,1
2802,1,280.1,95.492966,7.233627,21.994135,5.981754,25.0,12.37448,14.072289,1
2803,1,280.2,95.492966,1.175464,21.994135,6.180912,25.0,12.376549,14.325898,1
2804,1,280.3,95.492966,3.146628,7.331378,7.054481,25.0,12.375271,14.156756,1
2805,1,280.4,95.492966,2.332845,12.218964,7.70667,25.0,12.072252,14.156756,1
2806,1,280.5,95.492966,2.531769,21.994135,8.07214,25.0,12.375132,14.156756,1
2807,1,280.6,95.492966,0.325513,21.994135,8.019886,25.0,12.40276,14.156756,1
2808,1,280.7,95.492966,0.379765,17.106549,7.711938,25.0,12.40276,14.156756,1
2809,1,280.8,95.492966,2.784946,21.994135,7.16369,25.0,12.40276,14.156756,1
2810,1,280.9,95.492966,2.80303,26.88172,6.965881,25.0,12.292346,14.156756,1
2811,1,281.0,95.492966,0.849951,17.106549,6.605387,25.0,12.485744,14.156756,1
2812,1,281.1,95.492966,8.354839,26.88172,6.186706,25.0,12.375132,14.156756,1
2813,1,281.2,95.492966,4.231672,12.218964,5.737139,25.0,12.40276,14.156756,1
2814,1,281.3,95.492966,8.22825,21.994135,5.47595,25.0,12.599688,14.665029,1
2815,1,281.4,95.492966,8.499511,70.86999,4.971061,25.0,11.849273,13.735092,1
2816,1,281.5,95.492966,13.038612,21.994135,4.642049,25.0,12.791133,14.072289,1
2817,1,281.6,95.492966,9.403715,17.106549,4.21425,25.0,12.150153,13.398936,1
2818,1,281.7,95.492966,5.533724,26.88172,3.748654,25.0,12.375132,14.156756,1
2819,1,281.8,95.492966,5.804985,17.106549,3.732688,25.0,12.154677,14.156756,1
2820,1,281.9,95.492966,36.764907,21.994135,3.883247,25.0,12.375132,14.156756,1
2821,1,282.0,95.492966,13.418377,26.88172,4.308983,25.0,12.513439,14.156756,1
2822,1,282.1,95.492966,8.951613,17.106549,4.766962,25.0,12.264732,14.072289,1
2823,1,282.2,95.492966,8.04741,21.994135,5.101502,25.0,12.40276,14.156756,1
2824,1,282.3,95.492966,4.123167,17.106549,5.28142,25.0,12.263879,13.987889,1
2825,1,282.4,95.492966,3.580645,21.994135,5.804201,25.0,12.40276,14.156756,1
2826,1,282.5,95.492966,2.929619,21.994135,6.043732,25.0,12.402249,14.072289,1
2827,1,282.6,95.492966,3.164712,21.994135,6.377971,25.0,12.347796,14.156756,1
2828,1,282.7,95.492966,1.193548,31.769306,6.751682,25.0,12.375132,14.156756,1
2829,1,282.8,95.492966,0.361681,12.218964,7.121549,25.0,12.40276,14.156756,1
2830,1,282.9,95.492966,0.596774,17.106549,7.30044,25.0,12.375132,14.156756,1
2831,1,283.0,95.492966,1.139296,17.106549,7.32494,25.0,12.430404,14.156756,1
2832,1,283.1,95.492966,3.526393,17.106549,7.205584,25.0,12.235155,13.819292,1
2833,1,283.2,95.492966,4.973118,26.88172,7.126244,25.0,12.010805,13.063774,1
2834,1,283.3,95.492966,3.417889,26.88172,6.743186,25.0,12.402108,14.072289,1
2835,1,283.4,95.492966,1.410557,21.994135,6.449854,25.0,12.319925,14.156756,1
2836,1,283.5,95.492966,8.499511,17.106549,6.33626,25.0,12.375132,14.156756,1
2837,1,283.6,95.492966,5.859238,17.106549,6.03503,25.0,12.40276,14.156756,1
2838,1,283.7,95.492966,6.456012,17.106549,5.694509,25.0,12.40276,14.156756,1
2839,1,283.8,95.492966,6.293255,12.218964,4.962885,25.0,12.375132,14.156756,1
2840,1,283.9,95.492966,14.937439,17.106549,4.51315,25.0,12.291769,14.072289,1
2841,1,284.0,95.492966,2.097752,21.994135,4.107462,25.0,12.513439,14.156756,1
2842,1,284.1,95.492966,6.40176,26.88172,4.043573,25.0,12.375132,14.156756,1
2843,1,284.2,95.492966,6.239003,17.106549,4.082963,25.0,12.290733,13.903557,1
2844,1,284.3,95.492966,10.036657,12.218964,4.381005,25.0,12.45914,14.325898,1
2845,1,284.4,95.492966,9.132454,2.443793,5.011265,25.0,12.069722,13.819292,1
2846,1,284.5,95.492966,8.951613,21.994135,5.38134,25.0,12.679985,14.156756,1
2847,1,284.6,95.492966,4.828446,26.88172,5.627413,25.0,12.40276,14.156756,1
2848,1,284.7,95.492966,4.285924,26.88172,5.873751,25.0,12.375132,14.156756,1
2849,1,284.8,95.492966,5.696481,12.218964,6.286298,25.0,12.429027,13.987889,1
2850,1,284.9,95.492966,4.882698,21.994135,6.883779,25.0,12.790207,14.325898,1
2851,1,285.0,95.492966,2.332845,17.106549,7.842481,25.0,12.346976,14.072289,1
2852,1,285.1,95.492966,1.410557,21.994135,8.064442,25.0,12.375132,14.156756,1
2853,1,285.2,95.492966,0.452102,21.994135,8.122882,25.0,11.871597,12.646151,1
2854,1,285.3,95.492966,0.651026,17.106549,7.754567,25.0,12.346976,14.072289,1
2855,1,285.4,95.492966,2.079668,17.106549,7.201936,25.0,12.430939,14.241292,1
2856,1,285.5,95.492966,3.074291,26.88172,6.812968,25.0,12.346976,14.072289,1
2857,1,285.6,95.492966,2.821114,17.106549,6.484944,25.0,12.346976,14.072289,1
2858,1,285.7,95.492966,3.309384,21.994135,6.091763,25.0,11.900891,12.980133,1
2859,1,285.8,95.492966,10.380254,21.994135,5.744213,25.0,12.178648,13.566886,1
2860,1,285.9,95.492966,4.93695,21.994135,5.308489,25.0,12.375132,14.156756,1
2861,1,286.0,95.492966,8.770772,17.106549,4.913543,25.0,12.346976,14.072289,1
2862,1,286.1,95.492966,5.533724,17.106549,4.507324,25.0,12.374604,14.072289,1
2863,1,286.2,95.492966,9.584555,31.769306,4.206306,25.0,12.374604,14.072289,1
2864,1,286.3,95.492966,9.946237,31.769306,3.973851,25.0,12.181055,13.903557,1
2865,1,286.4,95.492966,9.855816,21.994135,3.801806,25.0,12.40276,14.156756,1
2866,1,286.5,95.492966,5.750733,12.218964,3.88017,25.0,12.071558,14.072289,1
2867,1,286.6,95.492966,5.696481,21.994135,4.409269,25.0,12.375132,14.156756,1
2868,1,286.7,95.492966,46.8739,21.994135,4.81483,25.0,12.375132,14.156756,1
2869,1,286.8,95.492966,7.776149,21.994135,5.011265,25.0,12.292179,14.072289,1
2870,1,286.9,95.492966,4.123167,17.106549,5.461535,25.0,12.403311,14.241292,1
2871,1,287.0,95.492966,5.967742,17.106549,5.867648,25.0,12.426217,13.48288,1
2872,1,287.1,95.492966,6.456012,21.994135,6.177046,25.0,12.40276,14.156756,1
2873,1,287.2,95.492966,1.844575,21.994135,6.541061,25.0,12.346976,14.072289,1
2874,1,287.3,95.492966,1.085044,21.994135,6.743894,25.0,12.292707,14.156756,1
2875,1,287.4,95.492966,0.054252,26.88172,7.084892,25.0,12.40276,14.156756,1
2876,1,287.5,95.492966,0.705279,17.106549,7.304038,25.0,12.40276,14.156756,1
2877,1,287.6,95.492966,2.170088,21.994135,7.301094,25.0,12.346976,14.072289,1
2878,1,287.7,95.492966,0.632942,17.106549,7.181675,25.0,12.319365,14.072289,1
2879,1,287.8,95.492966,4.611437,21.994135,6.890369,25.0,12.01214,13.315054,1
2880,1,287.9,95.492966,5.877322,21.994135,6.700183,25.0,12.346976,14.072289,1
2881,1,288.0,95.492966,7.414467,21.994135,6.50811,25.0,12.241984,14.580138,1
2882,1,288.1,95.492966,1.754154,12.218964,6.597426,25.0,12.154025,14.072289,1
2883,1,288.2,95.492966,5.91349,21.994135,5.974961,25.0,12.375132,14.156756,1
2884,1,288.3,95.492966,2.0435,21.994135,5.547894,25.0,12.375132,14.156756,1
2885,1,288.4,95.492966,6.239003,17.106549,4.956142,25.0,12.375132,14.156756,1
2886,1,288.5,95.492966,6.510264,17.106549,4.545323,25.0,12.40276,14.156756,1
2887,1,288.6,95.492966,10.579179,21.994135,4.116177,25.0,12.236626,14.072289,1
2888,1,288.7,95.492966,10.488759,26.88172,3.976855,25.0,12.485744,14.156756,1
2889,1,288.8,95.492966,10.488759,17.106549,4.164642,25.0,12.458442,14.241292,1
2890,1,288.9,95.492966,9.946237,21.994135,4.477012,25.0,12.513415,14.241292,1
2891,1,289.0,95.492966,5.533724,21.994135,5.010312,25.0,12.375132,14.156756,1
2892,1,289.1,95.492966,5.208211,17.106549,5.235537,25.0,12.430404,14.156756,1
2893,1,289.2,95.492966,8.22825,21.994135,5.781107,25.0,12.346976,14.072289,1
2894,1,289.3,95.492966,4.123167,21.994135,6.044523,25.0,12.374604,14.072289,1
2895,1,289.4,95.492966,3.417889,17.106549,6.416434,25.0,12.430154,14.156756,1
2896,1,289.5,95.492966,4.882698,26.88172,7.017133,25.0,12.347115,14.072289,1
2897,1,289.6,95.492966,2.22434,17.106549,7.96609,25.0,12.375132,14.156756,1
2898,1,289.7,95.492966,1.808407,21.994135,8.11376,25.0,12.346976,14.072289,1
2899,1,289.8,95.492966,0.379765,21.994135,8.052881,25.0,12.207241,13.735092,1
2900,1,289.9,95.492966,1.265885,21.994135,7.551992,25.0,12.346976,14.072289,1
2901,1,290.0,95.492966,1.247801,26.88172,7.201936,25.0,12.648365,13.650957,1
2902,1,290.1,95.492966,1.790323,21.994135,6.772878,25.0,12.374604,14.072289,1
2903,1,290.2,95.492966,10.344086,26.88172,6.551279,25.0,12.40276,14.156756,1
2904,1,290.3,95.492966,3.68915,12.218964,6.212908,25.0,12.514869,14.410573,1
2905,1,290.4,95.492966,7.324047,12.218964,5.697026,25.0,12.375132,14.156756,1
2906,1,290.5,95.492966,8.04741,26.88172,5.26738,25.0,12.375132,14.156756,1
2907,1,290.6,95.492966,8.589932,21.994135,4.815822,25.0,12.346976,14.072289,1
2908,1,290.7,95.492966,5.479472,17.106549,4.458834,25.0,12.2097,14.156756,1
2909,1,290.8,95.492966,5.750733,12.218964,4.142211,25.0,12.455797,13.650957,1
2910,1,290.9,95.492966,9.765396,21.994135,3.889394,25.0,12.375271,14.156756,1
2911,1,291.0,95.492966,1.989247,21.994135,3.8387,25.0,12.601224,14.835031,1
2912,1,291.1,95.492966,5.859238,26.88172,4.012735,25.0,12.319365,14.072289,1
2913,1,291.2,95.492966,5.696481,17.106549,4.487671,25.0,12.346976,14.072289,1
2914,1,291.3,95.492966,5.208211,17.106549,4.765459,25.0,12.485283,14.072289,1
2915,1,291.4,95.492966,7.866569,17.106549,5.004587,25.0,12.375132,14.156756,1
2916,1,291.5,95.492966,6.871945,17.106549,5.461535,25.0,12.40276,14.156756,1
2917,1,291.6,95.492966,1.175464,21.994135,5.94972,25.0,12.209077,14.072289,1
2918,1,291.7,95.492966,4.701857,17.106549,6.286298,25.0,12.346976,14.072289,1
2919,1,291.8,95.492966,3.074291,21.994135,6.609002,25.0,12.346976,14.072289,1
2920,1,291.9,95.492966,1.446725,21.994135,6.73042,25.0,12.40276,14.156756,1
2921,1,292.0,95.492966,0.09042,12.218964,7.154347,25.0,12.711328,14.835031,1
2922,1,292.1,95.492966,0.253177,17.106549,7.340577,25.0,13.462781,17.33682,1
2923,1,292.2,95.492966,1.247801,17.106549,7.400537,25.0,12.209077,14.072289,1
2924,1,292.3,95.492966,2.22434,12.218964,7.354233,25.0,12.40276,14.156756,1
2925,1,292.4,95.492966,3.092375,12.218964,6.945275,25.0,12.346976,14.072289,1
2926,1,292.5,95.492966,6.058162,41.544477,6.658338,25.0,12.937079,15.346854,1
2927,1,292.6,95.492966,4.557185,21.994135,6.4142,25.0,12.40276,14.156756,1
2928,1,292.7,95.492966,8.951613,21.994135,6.455037,25.0,12.402636,14.156756,1
2929,1,292.8,95.492966,13.924731,21.994135,5.916301,25.0,12.346976,14.072289,1
2930,1,292.9,95.492966,6.40176,17.106549,5.550047,25.0,12.374604,14.072289,1
2931,1,293.0,95.492966,10.85044,17.106549,4.994553,25.0,12.374604,14.072289,1
2932,1,293.1,95.492966,2.13392,17.106549,4.424952,25.0,12.624388,14.325898,1
2933,1,293.2,95.492966,10.488759,21.994135,4.060081,25.0,12.374604,14.072289,1
2934,1,293.3,95.492966,6.293255,17.106549,3.98945,25.0,12.346976,14.072289,1
2935,1,293.4,95.492966,6.239003,17.106549,4.186952,25.0,13.099405,14.072289,1
2936,1,293.5,95.492966,9.765396,26.88172,4.41901,25.0,12.294415,14.325898,1
2937,1,293.6,95.492966,5.533724,26.88172,5.010312,25.0,12.430264,14.156756,1
2938,1,293.7,95.492966,8.951613,17.106549,5.489457,25.0,12.375132,14.156756,1
2939,1,293.8,95.492966,7.956989,21.994135,5.75543,25.0,12.374604,14.072289,1
2940,1,293.9,95.492966,6.962366,17.106549,6.090587,25.0,12.346976,14.072289,1
2941,1,294.0,95.492966,3.526393,7.331378,6.439846,25.0,12.346471,13.987889,1
2942,1,294.1,95.492966,4.701857,26.88172,6.999408,25.0,12.346976,14.072289,1
2943,1,294.2,95.492966,3.707234,17.106549,8.10227,25.0,12.209077,14.072289,1
2944,1,294.3,95.492966,2.170088,26.88172,8.05733,25.0,12.346976,14.072289,1
2945,1,294.4,95.492966,0.379765,21.994135,8.055254,25.0,12.375132,14.156756,1
2946,1,294.5,95.492966,0.994624,31.769306,7.511076,25.0,12.374604,14.072289,1
2947,1,294.6,95.492966,3.164712,21.994135,7.141647,25.0,12.01665,14.072289,1
2948,1,294.7,95.492966,0.705279,17.106549,6.67661,25.0,12.319365,14.072289,1
2949,1,294.8,95.492966,4.882698,26.88172,6.504805,25.0,12.375132,14.156756,1
2950,1,294.9,95.492966,6.148583,21.994135,6.021954,25.0,12.40276,14.156756,1
2951,1,295.0,95.492966,7.414467,21.994135,5.684432,25.0,12.65474,14.665029,1
2952,1,295.1,95.492966,8.13783,56.207234,5.09541,25.0,11.820693,13.566886,1
2953,1,295.2,95.492966,8.770772,26.88172,4.765459,25.0,12.624397,14.156756,1
2954,1,295.3,95.492966,5.587977,26.88172,4.431426,25.0,12.375132,14.156756,1
2955,1,295.4,95.492966,9.946237,21.994135,4.266081,25.0,12.40276,14.156756,1
2956,1,295.5,95.492966,5.804985,21.994135,3.802435,25.0,12.51476,14.410573,1
2957,1,295.6,95.492966,9.584555,17.106549,3.703777,25.0,12.515615,14.49532,1
2958,1,295.7,95.492966,9.674976,17.106549,4.017494,25.0,12.375132,14.156756,1
2959,1,295.8,95.492966,5.750733,21.994135,4.41901,25.0,12.262644,13.819292,1
2960,1,295.9,95.492966,8.589932,17.106549,4.815822,25.0,12.40276,14.156756,1
2961,1,296.0,95.492966,8.04741,17.106549,5.436107,25.0,12.290871,13.903557,1
2962,1,296.1,95.492966,4.068915,21.994135,5.475078,25.0,12.346976,14.072289,1
2963,1,296.2,95.492966,5.786901,26.88172,5.90458,25.0,12.346976,14.072289,1
2964,1,296.3,95.492966,4.340176,21.994135,6.048079,25.0,12.292707,14.156756,1
2965,1,296.4,95.492966,1.790323,12.218964,6.432794,25.0,12.402108,14.072289,1
2966,1,296.5,95.492966,1.627566,21.994135,6.94321,25.0,12.375132,14.156756,1
2967,1,296.6,95.492966,0.162757,21.994135,7.292582,25.0,12.402636,14.156756,1
2968,1,296.7,95.492966,1.64565,26.88172,7.373049,25.0,12.347521,14.156756,1
2969,1,296.8,95.492966,1.247801,17.106549,7.125573,25.0,12.206966,13.735092,1
2970,1,296.9,95.492966,4.159335,21.994135,7.084892,25.0,12.827985,15.432431,1
2971,1,297.0,95.492966,2.929619,17.106549,6.950432,25.0,12.319925,14.156756,1
2972,1,297.1,95.492966,6.058162,17.106549,6.593442,25.0,12.346976,14.072289,1
2973,1,297.2,95.492966,4.774194,17.106549,6.477203,25.0,12.235935,13.903557,1
2974,1,297.3,95.492966,9.494135,12.218964,6.508477,25.0,11.374231,11.897886,1
2975,1,297.4,95.492966,6.130499,17.106549,5.956541,25.0,13.143588,16.379241,1
2976,1,297.5,95.492966,6.076246,17.106549,5.400837,25.0,12.375132,14.156756,1
2977,1,297.6,95.492966,6.239003,7.331378,4.754418,25.0,12.346976,14.072289,1
2978,1,297.7,95.492966,10.669599,21.994135,4.370633,25.0,12.346976,14.072289,1
2979,1,297.8,95.492966,10.76002,17.106549,4.142211,25.0,12.375132,14.156756,1
2980,1,297.9,95.492966,14.684262,12.218964,3.984057,25.0,12.099032,14.072289,1
2981,1,298.0,95.492966,10.127077,17.106549,4.12661,25.0,12.374604,14.072289,1
2982,1,298.1,95.492966,5.967742,26.88172,4.59238,25.0,12.152333,13.735092,1
2983,1,298.2,95.492966,9.042033,31.769306,4.962404,25.0,12.59747,14.410573,1
2984,1,298.3,95.492966,5.370968,12.218964,5.489457,25.0,12.374604,14.072289,1
2985,1,298.4,95.492966,4.719941,12.218964,5.76704,25.0,12.346976,14.072289,1
2986,1,298.5,95.492966,1.374389,17.106549,6.107038,25.0,12.457908,14.156756,1
2987,1,298.6,95.492966,7.721896,17.106549,6.459107,25.0,12.986465,14.072289,1
2988,1,298.7,95.492966,2.495601,17.106549,7.017473,25.0,12.374604,14.072289,1
2989,1,298.8,95.492966,3.164712,12.218964,7.864382,25.0,12.374604,14.072289,1
2990,1,298.9,95.492966,1.537146,21.994135,8.140508,25.0,12.209048,14.072289,1
2991,1,299.0,95.492966,0.379765,17.106549,8.124352,25.0,12.346976,14.072289,1
2992,1,299.1,95.492966,0.922287,26.88172,7.456492,25.0,12.40276,14.156756,1
2993,1,299.2,95.492966,1.464809,21.994135,7.013728,25.0,12.685494,15.005331,1
2994,1,299.3,95.492966,3.526393,21.994135,6.744248,25.0,12.346869,14.072289,1
2995,1,299.4,95.492966,0.958456,26.88172,6.395551,25.0,12.512996,14.072289,1
2996,1,299.5,95.492966,3.906158,17.106549,6.078023,25.0,12.346976,14.072289,1
2997,1,299.6,95.492966,7.685728,12.218964,5.649021,25.0,11.705109,12.063802,1
2998,1,299.7,95.492966,8.409091,26.88172,5.24101,25.0,12.598909,14.580138,1
2999,1,299.8,95.492966,12.40567,17.106549,4.718103,25.0,12.208567,13.987889,1
3000,1,299.9,95.492966,5.479472,21.994135,4.375549,25.0,12.540943,14.156756,1
3001,1,300.0,95.492966,1.916911,21.994135,4.053014,25.0,12.375132,14.156756,1
3002,1,300.1,95.492966,5.859238,17.106549,3.857324,25.0,12.346976,14.072289,1
3003,1,300.2,95.492966,5.696481,21.994135,3.671387,25.0,12.40276,14.156756,1
3004,1,300.3,95.492966,5.696481,26.88172,3.979857,25.0,12.374604,14.072289,1
3005,1,300.4,95.492966,1.844575,12.218964,4.383186,25.0,12.402249,14.072289,1
3006,1,300.5,95.492966,5.099707,12.218964,4.81731,25.0,12.40276,14.156756,1
3007,1,300.6,95.492966,4.611437,17.106549,5.07427,25.0,12.374604,14.072289,1
3008,1,300.7,95.492966,4.177419,26.88172,5.629535,25.0,12.374604,14.072289,1
3009,1,300.8,95.492966,3.472141,21.994135,5.90458,25.0,12.40276,14.156756,1
3010,1,300.9,95.492966,4.430596,26.88172,6.223664,25.0,12.374604,14.072289,1
3011,1,301.0,95.492966,1.790323,21.994135,6.500764,25.0,12.40276,14.156756,1
3012,1,301.1,95.492966,1.085044,21.994135,6.995653,25.0,12.712245,14.920143,1
3013,1,301.2,95.492966,0.054252,12.218964,7.223465,25.0,12.374604,14.072289,1
3014,1,301.3,95.492966,0.307429,12.218964,7.244269,25.0,12.346976,14.072289,1
3015,1,301.4,95.492966,2.079668,17.106549,7.125573,25.0,12.374604,14.072289,1
3016,1,301.5,95.492966,2.387097,21.994135,7.137632,25.0,12.261664,13.650957,1
3017,1,301.6,95.492966,4.882698,21.994135,6.883779,25.0,12.428464,13.903557,1
3018,1,301.7,95.492966,6.329423,17.106549,6.72687,25.0,12.346976,14.072289,1
3019,1,301.8,95.492966,10.380254,12.218964,6.383587,25.0,12.346976,14.072289,1
3020,1,301.9,95.492966,9.946237,21.994135,6.577118,25.0,12.264732,14.072289,1
3021,1,302.0,95.492966,10.398338,17.106549,5.898103,25.0,12.430264,14.156756,1
3022,1,302.1,95.492966,10.398338,21.994135,5.309839,25.0,12.491546,14.835031,1
3023,1,302.2,95.492966,10.217498,12.218964,4.658487,25.0,12.346976,14.072289,1
3024,1,302.3,95.492966,6.239003,17.106549,4.235735,25.0,12.402108,14.072289,1
3025,1,302.4,95.492966,6.456012,21.994135,4.154879,25.0,12.093727,13.147473,1
3026,1,302.5,95.492966,10.669599,17.106549,4.058315,25.0,12.375132,14.156756,1
3027,1,302.6,95.492966,10.217498,12.218964,4.197779,25.0,12.430154,14.156756,1
3028,1,302.7,95.492966,5.696481,21.994135,4.642049,25.0,12.403311,14.241292,1
3029,1,302.8,95.492966,9.222874,21.994135,5.161091,25.0,12.374604,14.072289,1
3030,1,302.9,95.492966,8.770772,26.88172,5.447082,25.0,12.430264,14.156756,1
3031,1,303.0,95.492966,7.866569,21.994135,5.707917,25.0,12.263396,13.903557,1
3032,1,303.1,95.492966,3.960411,17.106549,6.221745,25.0,12.543887,14.580138,1
3033,1,303.2,95.492966,5.3348,12.218964,6.568759,25.0,12.402636,14.156756,1
3034,1,303.3,95.492966,0.97654,21.994135,7.284388,25.0,11.44403,14.156756,1
3035,1,303.4,95.492966,1.953079,17.106549,7.903771,25.0,12.457413,14.072289,1
3036,1,303.5,95.492966,0.759531,21.994135,8.099616,25.0,12.402108,14.072289,1
3037,1,303.6,95.492966,0.180841,12.218964,8.018694,25.0,12.430264,14.156756,1
3038,1,303.7,95.492966,1.085044,21.994135,7.478565,25.0,12.374604,14.072289,1
3039,1,303.8,95.492966,2.350929,26.88172,6.974792,25.0,12.37448,14.072289,1
3040,1,303.9,95.492966,5.190127,21.994135,6.758755,25.0,12.430264,14.156756,1
3041,1,304.0,95.492966,5.244379,21.994135,6.415317,25.0,12.40276,14.156756,1
3042,1,304.1,95.492966,3.906158,26.88172,6.015206,25.0,12.487366,14.410573,1
3043,1,304.2,95.492966,7.504888,26.88172,5.553919,25.0,12.457588,14.072289,1
3044,1,304.3,95.492966,5.153959,17.106549,5.230516,25.0,12.402636,14.156756,1
3045,1,304.4,95.492966,12.912023,12.218964,4.913543,25.0,12.374604,14.072289,1
3046,1,304.5,95.492966,5.750733,21.994135,4.535853,25.0,12.70782,14.410573,1
3047,1,304.6,95.492966,13.418377,21.994135,4.025217,25.0,12.714859,15.175937,1
3048,1,304.7,95.492966,13.291789,17.106549,3.710222,25.0,12.375132,14.156756,1
3049,1,304.8,95.492966,20.489247,21.994135,3.631479,25.0,12.37448,14.072289,1
3050,1,304.9,95.492966,9.855816,17.106549,4.107462,25.0,12.374604,14.072289,1
3051,1,305.0,95.492966,5.533724,12.218964,4.423872,25.0,12.430264,14.156756,1
3052,1,305.1,95.492966,8.680352,21.994135,5.016982,25.0,12.982677,13.735092,1
3053,1,305.2,95.492966,7.685728,21.994135,5.300834,25.0,12.37448,14.072289,1
3054,1,305.3,95.492966,4.014663,21.994135,5.550047,25.0,12.37448,14.072289,1
3055,1,305.4,95.492966,3.417889,21.994135,5.8595,25.0,12.010805,13.063774,1
3056,1,305.5,95.492966,3.978495,21.994135,6.278312,25.0,12.402636,14.156756,1
3057,1,305.6,95.492966,1.627566,17.106549,6.721541,25.0,12.40276,14.156756,1
3058,1,305.7,95.492966,1.085044,21.994135,7.064633,25.0,12.346976,14.072289,1
3059,1,305.8,95.492966,0.361681,17.106549,7.258435,25.0,12.374604,14.072289,1
3060,1,305.9,95.492966,6.456012,21.994135,7.451044,25.0,12.37448,14.072289,1
3061,1,306.0,95.492966,4.050831,7.331378,7.267973,25.0,12.066763,13.231233,1
3062,1,306.1,95.492966,3.978495,21.994135,7.070041,25.0,12.45914,14.325898,1
3063,1,306.2,95.492966,4.882698,12.218964,6.883779,25.0,12.402108,14.072289,1
3064,1,306.3,95.492966,1.229717,7.331378,6.443925,25.0,12.791013,14.156756,1
3065,1,306.4,95.492966,7.685728,21.994135,6.337391,25.0,12.430264,14.156756,1
3066,1,306.5,95.492966,13.924731,12.218964,6.464282,25.0,12.374604,14.072289,1
3067,1,306.6,95.492966,10.307918,21.994135,5.900937,25.0,12.402108,14.072289,1
3068,1,306.7,95.492966,6.239003,21.994135,5.309839,25.0,12.37448,14.072289,1
3069,1,306.8,95.492966,10.036657,12.218964,4.562634,25.0,12.402636,14.156756,1
3070,1,306.9,95.492966,6.456012,17.106549,4.364617,25.0,12.402249,14.072289,1
3071,1,307.0,95.492966,6.40176,21.994135,4.091146,25.0,12.37448,14.072289,1
3072,1,307.1,95.492966,10.76002,21.994135,4.11095,25.0,12.511204,13.903557,1
3073,1,307.2,95.492966,9.946237,26.88172,4.144517,25.0,12.430264,14.156756,1
3074,1,307.3,95.492966,24.214565,2.443793,4.588737,25.0,12.37448,14.072289,1
3075,1,307.4,95.492966,12.912023,26.88172,5.161091,25.0,12.40276,14.156756,1
3076,1,307.5,95.492966,8.589932,21.994135,5.46066,25.0,12.37448,14.072289,1
3077,1,307.6,95.492966,7.685728,26.88172,5.731723,25.0,12.596809,14.325898,1
3078,1,307.7,95.492966,6.871945,17.106549,6.232486,25.0,12.430264,14.156756,1
3079,1,307.8,95.492966,5.3348,21.994135,6.700539,25.0,12.154692,14.156756,1
3080,1,307.9,95.492966,2.71261,21.994135,7.250861,25.0,12.402636,14.156756,1
3081,1,308.0,95.492966,1.73607,17.106549,8.02078,25.0,12.59747,14.410573,1
3082,1,308.1,95.492966,0.596774,21.994135,8.059998,25.0,12.375975,14.241292,1
3083,1,308.2,95.492966,0.180841,21.994135,7.948978,25.0,12.402636,14.156756,1
3084,1,308.3,95.492966,1.265885,17.106549,7.551992,25.0,12.430264,14.156756,1
3085,1,308.4,95.492966,2.983871,21.994135,7.045332,25.0,11.982354,12.813028,1
3086,1,308.5,95.492966,2.387097,21.994135,6.680902,25.0,12.402108,14.072289,1
3087,1,308.6,95.492966,3.20088,21.994135,6.393683,25.0,12.402636,14.156756,1
3088,1,308.7,95.492966,3.743402,21.994135,6.004076,25.0,12.402636,14.156756,1
3089,1,308.8,95.492966,4.394428,26.88172,5.45891,25.0,12.512787,14.072289,1
3090,1,308.9,95.492966,15.624633,26.88172,5.120664,25.0,12.402636,14.156756,1
3091,1,309.0,95.492966,9.132454,21.994135,4.864682,25.0,12.23416,13.650957,1
3092,1,309.1,95.492966,12.658847,21.994135,4.368446,25.0,12.457782,14.156756,1
3093,1,309.2,95.492966,5.750733,21.994135,3.947917,25.0,12.402636,14.156756,1
3094,1,309.3,95.492966,2.13392,17.106549,4.182386,25.0,12.56823,14.072289,1
3095,1,309.4,95.492966,9.584555,21.994135,3.749928,25.0,12.402108,14.072289,1
3096,1,309.5,95.492966,9.946237,17.106549,4.152578,25.0,12.319487,14.072289,1
3097,1,309.6,95.492966,5.42522,21.994135,4.49618,25.0,12.374604,14.072289,1
3098,1,309.7,95.492966,8.499511,31.769306,5.075682,25.0,12.402108,14.072289,1
3099,1,309.8,95.492966,7.414467,17.106549,5.330494,25.0,12.37448,14.072289,1
3100,1,309.9,95.492966,8.987781,21.994135,5.595058,25.0,12.485569,14.156756,1
3101,1,310.0,95.492966,3.146628,17.106549,5.893646,25.0,12.402636,14.156756,1
3102,1,310.1,95.492966,2.495601,31.769306,6.429451,25.0,12.26419,14.072289,1
3103,1,310.2,95.492966,2.80303,17.106549,6.829428,25.0,12.402108,14.072289,1
3104,1,310.3,95.492966,0.596774,17.106549,7.028018,25.0,12.37448,14.072289,1
3105,1,310.4,95.492966,0.994624,12.218964,7.162356,25.0,12.402636,14.156756,1
3106,1,310.5,95.492966,1.085044,26.88172,7.356182,25.0,12.679595,14.325898,1
3107,1,310.6,95.492966,1.573314,12.218964,7.287667,25.0,12.426636,13.315054,1
3108,1,310.7,95.492966,2.22434,17.106549,7.150673,25.0,12.37448,14.072289,1
3109,1,310.8,95.492966,5.244379,17.106549,6.855612,25.0,12.457413,14.072289,1
3110,1,310.9,95.492966,7.052786,21.994135,6.702678,25.0,12.40276,14.156756,1
3111,1,311.0,95.492966,4.93695,31.769306,6.495618,25.0,12.594087,13.903557,1
3112,1,311.1,95.492966,10.036657,26.88172,6.235169,25.0,12.789234,14.156756,1
3113,1,311.2,95.492966,9.584555,21.994135,5.615515,25.0,12.37448,14.072289,1
3114,1,311.3,95.492966,10.76002,17.106549,5.323319,25.0,12.236418,13.987889,1
3115,1,311.4,95.492966,10.398338,12.218964,4.678443,25.0,12.347115,14.072289,1
3116,1,311.5,95.492966,14.684262,12.218964,4.255428,25.0,12.379162,14.580138,1
3117,1,311.6,95.492966,6.184751,21.994135,3.92729,25.0,12.402108,14.072289,1
3118,1,311.7,95.492966,6.184751,21.994135,3.954567,25.0,12.402108,14.072289,1
3119,1,311.8,95.492966,6.239003,21.994135,4.288421,25.0,12.429626,14.072289,1
3120,1,311.9,95.492966,1.916911,17.106549,4.690682,25.0,12.828802,15.518088,1
3121,1,312.0,95.492966,9.042033,17.106549,5.270553,25.0,12.237203,14.156756,1
3122,1,312.1,95.492966,8.409091,21.994135,5.532371,25.0,12.430264,14.156756,1
3123,1,312.2,95.492966,7.504888,21.994135,5.75709,25.0,12.402108,14.072289,1
3124,1,312.3,95.492966,6.058162,21.994135,5.94972,25.0,12.655433,14.749993,1
3125,1,312.4,95.492966,5.51564,21.994135,6.655826,25.0,12.374604,14.072289,1
3126,1,312.5,95.492966,4.340176,12.218964,7.437245,25.0,12.346869,14.072289,1
3127,1,312.6,95.492966,2.80303,21.994135,8.119058,25.0,12.402636,14.156756,1
3128,1,312.7,95.492966,1.085044,17.106549,7.957989,25.0,12.402108,14.072289,1
3129,1,312.8,95.492966,0.271261,17.106549,7.986156,25.0,12.430264,14.156756,1
3130,1,312.9,95.492966,1.627566,31.769306,7.356182,25.0,12.657222,14.920143,1
3131,1,313.0,95.492966,0.524438,12.218964,7.091969,25.0,12.319273,14.072289,1
3132,1,313.1,95.492966,2.22434,17.106549,6.623806,25.0,12.346869,14.072289,1
3133,1,313.2,95.492966,8.101662,12.218964,6.419411,25.0,13.780732,16.033758,1
3134,1,313.3,95.492966,4.014663,17.106549,5.857869,25.0,12.290733,13.903557,1
3135,1,313.4,95.492966,7.685728,21.994135,5.531939,25.0,12.485961,14.241292,1
3136,1,313.5,95.492966,8.499511,17.106549,4.971061,25.0,12.319365,14.072289,1
3137,1,313.6,95.492966,8.951613,21.994135,4.672823,25.0,12.402108,14.072289,1
3138,1,313.7,95.492966,5.750733,17.106549,4.41901,25.0,12.37448,14.072289,1
3139,1,313.8,95.492966,5.967742,21.994135,4.12661,25.0,12.150153,13.398936,1
3140,1,313.9,95.492966,9.494135,21.994135,3.699905,25.0,12.375132,14.156756,1
3141,1,314.0,95.492966,1.916911,17.106549,3.775324,25.0,12.374604,14.072289,1
3142,1,314.1,95.492966,9.313294,17.106549,4.06596,25.0,12.37448,14.072289,1
3143,1,314.2,95.492966,5.42522,26.88172,4.540064,25.0,12.37448,14.072289,1
3144,1,314.3,95.492966,11.899316,21.994135,5.023168,25.0,12.178648,13.566886,1
3145,1,314.4,95.492966,8.04741,21.994135,5.550047,25.0,12.430264,14.156756,1
3146,1,314.5,95.492966,6.510264,12.218964,5.579666,25.0,12.373975,13.987889,1
3147,1,314.6,95.492966,3.20088,17.106549,6.1328,25.0,12.430264,14.156756,1
3148,1,314.7,95.492966,2.495601,21.994135,6.429451,25.0,12.430264,14.156756,1
3149,1,314.8,95.492966,2.170088,26.88172,6.623084,25.0,12.262081,13.735092,1
3150,1,314.9,95.492966,0.434018,21.994135,6.850034,25.0,12.429027,13.987889,1
3151,1,315.0,95.492966,0.271261,17.106549,7.362674,25.0,12.430264,14.156756,1
3152,1,315.1,95.492966,1.446725,21.994135,7.483036,25.0,12.37448,14.072289,1
3153,1,315.2,95.492966,0.560606,12.218964,7.297167,25.0,12.402636,14.156756,1
3154,1,315.3,95.492966,0.813783,12.218964,7.043637,25.0,13.466079,15.005331,1
3155,1,315.4,95.492966,5.967742,17.106549,6.87475,25.0,12.374604,14.072289,1
3156,1,315.5,95.492966,1.392473,17.106549,6.593804,25.0,12.402108,14.072289,1
3157,1,315.6,95.492966,1.573314,26.88172,6.369351,25.0,12.37448,14.072289,1
3158,1,315.7,95.492966,5.804985,26.88172,6.31965,25.0,12.402108,14.072289,1
3159,1,315.8,95.492966,10.398338,21.994135,5.846848,25.0,12.430264,14.156756,1
3160,1,315.9,95.492966,6.347507,21.994135,5.181878,25.0,12.40276,14.156756,1
3161,1,316.0,95.492966,10.579179,21.994135,4.664636,25.0,12.375024,14.156756,1
3162,1,316.1,95.492966,6.130499,12.218964,4.076522,25.0,12.707489,14.156756,1
3163,1,316.2,95.492966,10.579179,26.88172,4.02106,25.0,12.402108,14.072289,1
3164,1,316.3,95.492966,6.456012,17.106549,4.154879,25.0,12.065936,13.063774,1
3165,1,316.4,95.492966,10.217498,12.218964,4.343219,25.0,12.40276,14.156756,1
3166,1,316.5,95.492966,5.696481,12.218964,4.775974,25.0,12.014137,13.735092,1
3167,1,316.6,95.492966,12.532258,7.331378,5.169416,25.0,12.651901,14.156756,1
3168,1,316.7,95.492966,8.499511,17.106549,5.524161,25.0,12.430264,14.156756,1
3169,1,316.8,95.492966,4.557185,26.88172,5.924774,25.0,12.402108,14.072289,1
3170,1,316.9,95.492966,3.526393,17.106549,6.052027,25.0,12.570637,14.49532,1
3171,1,317.0,95.492966,1.06696,17.106549,6.700539,25.0,12.402108,14.072289,1
3172,1,317.1,95.492966,2.658358,17.106549,7.545979,25.0,12.346869,14.072289,1
3173,1,317.2,95.492966,2.893451,21.994135,8.02078,25.0,12.430264,14.156756,1
3174,1,317.3,95.492966,0.813783,21.994135,8.12641,25.0,12.402108,14.072289,1
3175,1,317.4,95.492966,0.325513,21.994135,7.952584,25.0,12.430264,14.156756,1
3176,1,317.5,95.492966,1.808407,17.106549,7.431461,25.0,12.656355,14.835031,1
3177,1,317.6,95.492966,5.045455,26.88172,7.034134,25.0,12.209048,14.072289,1
3178,1,317.7,95.492966,4.340176,17.106549,6.714429,25.0,12.292179,14.072289,1
3179,1,317.8,95.492966,5.877322,17.106549,6.334752,25.0,12.23416,13.650957,1
3180,1,317.9,95.492966,6.781525,26.88172,5.842352,25.0,12.430264,14.156756,1
3181,1,318.0,95.492966,4.44868,21.994135,5.272366,25.0,12.37448,14.072289,1
3182,1,318.1,95.492966,1.681818,26.88172,4.922286,25.0,12.402108,14.072289,1
3183,1,318.2,95.492966,16.926686,17.106549,4.824743,25.0,12.37448,14.072289,1
3184,1,318.3,95.492966,9.403715,21.994135,4.286192,25.0,12.402108,14.072289,1
3185,1,318.4,95.492966,9.765396,21.994135,3.967232,25.0,12.374604,14.072289,1
3186,1,318.5,95.492966,5.91349,17.106549,3.809339,25.0,12.37448,14.072289,1
3187,1,318.6,95.492966,9.132454,17.106549,3.664874,25.0,12.429752,14.072289,1
3188,1,318.7,95.492966,9.765396,17.106549,4.235171,25.0,12.430264,14.156756,1
3189,1,318.8,95.492966,5.533724,17.106549,4.637415,25.0,12.430264,14.156756,1
3190,1,318.9,95.492966,1.627566,17.106549,5.041207,25.0,12.236581,14.072289,1
3191,1,319.0,95.492966,1.428641,17.106549,5.423348,25.0,12.402108,14.072289,1
3192,1,319.1,95.492966,6.058162,17.106549,5.472459,25.0,12.402108,14.072289,1
3193,1,319.2,95.492966,4.973118,21.994135,5.956541,25.0,12.347115,14.072289,1
3194,1,319.3,95.492966,3.707234,17.106549,6.354331,25.0,12.430264,14.156756,1
3195,1,319.4,95.492966,0.48827,41.544477,6.876835,25.0,11.984626,13.398936,1
3196,1,319.5,95.492966,0.253177,17.106549,7.327549,25.0,12.430264,14.156756,1
3197,1,319.6,95.492966,0.596774,21.994135,7.369484,25.0,12.402108,14.072289,1
3198,1,319.7,95.492966,2.079668,17.106549,7.263041,25.0,12.40276,14.156756,1
3199,1,319.8,95.492966,1.844575,17.106549,7.278483,25.0,12.457782,14.156756,1
3200,1,319.9,95.492966,5.696481,21.994135,6.908719,25.0,12.430264,14.156756,1
3201,1,320.0,95.492966,7.215543,17.106549,6.812618,25.0,12.126536,14.072289,1
3202,1,320.1,95.492966,6.781525,17.106549,6.502969,25.0,12.402108,14.072289,1
3203,1,320.2,95.492966,8.770772,17.106549,6.657261,25.0,12.402108,14.072289,1
3204,1,320.3,95.492966,6.076246,21.994135,6.283637,25.0,12.402108,14.072289,1
3205,1,320.4,95.492966,6.239003,26.88172,5.795963,25.0,12.402108,14.072289,1
3206,1,320.5,95.492966,10.398338,21.994135,5.041207,25.0,12.375024,14.156756,1
3207,1,320.6,95.492966,10.398338,17.106549,4.468467,25.0,12.347429,14.156756,1
3208,1,320.7,95.492966,19.530792,17.106549,4.31729,25.0,12.402636,14.156756,1
3209,1,320.8,95.492966,10.85044,26.88172,4.121976,25.0,12.430264,14.156756,1
3210,1,320.9,95.492966,6.130499,21.994135,3.951546,25.0,12.430939,14.241292,1
3211,1,321.0,95.492966,9.494135,17.106549,4.06596,25.0,12.291232,13.987889,1
3212,1,321.1,95.492966,9.313294,17.106549,4.770469,25.0,12.37448,14.072289,1
3213,1,321.2,95.492966,8.951613,21.994135,5.327805,25.0,12.402108,14.072289,1
3214,1,321.3,95.492966,8.409091,17.106549,5.47595,25.0,12.430264,14.156756,1
3215,1,321.4,95.492966,7.233627,7.331378,5.859092,25.0,12.567447,14.072289,1
3216,1,321.5,95.492966,6.329423,21.994135,6.27679,25.0,13.257773,16.639285,1
3217,1,321.6,95.492966,5.244379,17.106549,6.855612,25.0,12.37448,14.072289,1
3218,1,321.7,95.492966,2.495601,12.218964,7.760726,25.0,12.402108,14.072289,1
3219,1,321.8,95.492966,2.260508,17.106549,8.09519,25.0,12.122664,13.398936,1
3220,1,321.9,95.492966,0.379765,17.106549,7.986156,25.0,12.430264,14.156756,1
3221,1,322.0,95.492966,0.162757,12.218964,7.98466,25.0,12.571391,14.580138,1
3222,1,322.1,95.492966,1.265885,21.994135,7.276185,25.0,12.37448,14.072289,1
3223,1,322.2,95.492966,3.164712,17.106549,6.989162,25.0,12.37448,14.072289,1
3224,1,322.3,95.492966,2.604106,26.88172,6.647566,25.0,12.595978,14.072289,1
3225,1,322.4,95.492966,3.68915,21.994135,6.149138,25.0,12.374604,14.072289,1
3226,1,322.5,95.492966,6.781525,12.218964,5.904175,25.0,12.543118,14.49532,1
3227,1,322.6,95.492966,4.719941,17.106549,5.396855,25.0,12.319365,14.072289,1
3228,1,322.7,95.492966,4.991202,17.106549,4.873513,25.0,12.430264,14.156756,1
3229,1,322.8,95.492966,9.132454,21.994135,4.678443,25.0,12.430264,14.156756,1
3230,1,322.9,95.492966,9.674976,17.106549,4.356399,25.0,12.430264,14.156756,1
3231,1,323.0,95.492966,5.91349,21.994135,4.010948,25.0,12.403311,14.241292,1
3232,1,323.1,95.492966,1.880743,26.88172,3.631479,25.0,12.290272,13.819292,1
3233,1,323.2,95.492966,9.674976,17.106549,3.864748,25.0,12.430264,14.156756,1
3234,1,323.3,95.492966,5.804985,17.106549,4.28675,25.0,12.40276,14.156756,1
3235,1,323.4,95.492966,5.42522,12.218964,4.629681,25.0,12.094703,13.315054,1
3236,1,323.5,95.492966,1.627566,12.218964,4.987373,25.0,12.430264,14.156756,1
3237,1,323.6,95.492966,7.143206,17.106549,5.364,25.0,13.028303,16.033758,1
3238,1,323.7,95.492966,6.510264,17.106549,5.827613,25.0,12.37448,14.072289,1
3239,1,323.8,95.492966,2.983871,21.994135,6.087448,25.0,12.430264,14.156756,1
3240,1,323.9,95.492966,3.707234,21.994135,6.287058,25.0,12.011989,13.315054,1
3241,1,324.0,95.492966,1.808407,26.88172,6.675179,25.0,12.038056,12.980133,1
3242,1,324.1,95.492966,0.217009,21.994135,7.121549,25.0,12.430264,14.156756,1
3243,1,324.2,95.492966,0.542522,17.106549,7.333415,25.0,12.402108,14.072289,1
3244,1,324.3,95.492966,1.717986,21.994135,7.318741,25.0,12.429752,14.072289,1
3245,1,324.4,95.492966,2.061584,17.106549,7.301421,25.0,12.430264,14.156756,1
3246,1,324.5,95.492966,2.983871,26.88172,7.126244,25.0,12.234716,13.735092,1
3247,1,324.6,95.492966,3.417889,12.218964,6.677683,25.0,12.402108,14.072289,1
3248,1,324.7,95.492966,4.231672,17.106549,6.51288,25.0,12.319273,14.072289,1
3249,1,324.8,95.492966,21.158358,12.218964,6.327583,25.0,12.430264,14.156756,1
3250,1,324.9,95.492966,13.671554,17.106549,6.144863,25.0,12.818637,14.072289,1
3251,1,325.0,95.492966,10.579179,21.994135,5.843169,25.0,12.374604,14.072289,1
3252,1,325.1,95.492966,10.579179,21.994135,5.05304,25.0,12.430264,14.156756,1
3253,1,325.2,95.492966,5.696481,26.88172,4.472208,25.0,12.346471,13.987889,1
3254,1,325.3,95.492966,10.488759,17.106549,4.144517,25.0,12.430264,14.156756,1
3255,1,325.4,95.492966,6.40176,17.106549,4.045935,25.0,12.430264,14.156756,1
3256,1,325.5,95.492966,6.347507,21.994135,4.116177,25.0,12.402108,14.072289,1
3257,1,325.6,95.492966,10.127077,12.218964,4.360784,25.0,12.430264,14.156756,1
3258,1,325.7,95.492966,9.403715,21.994135,4.961441,25.0,12.402108,14.072289,1
3259,1,325.8,95.492966,8.770772,12.218964,5.284133,25.0,12.430264,14.156756,1
3260,1,325.9,95.492966,5.153959,26.88172,5.742133,25.0,12.568655,14.156756,1
3261,1,326.0,95.492966,7.233627,17.106549,5.859092,25.0,12.59676,14.325898,1
3262,1,326.1,95.492966,6.329423,17.106549,6.404882,25.0,13.578009,17.599993,1
3263,1,326.2,95.492966,4.973118,26.88172,6.72687,25.0,12.402636,14.156756,1
3264,1,326.3,95.492966,2.71261,12.218964,7.722153,25.0,12.430264,14.156756,1
3265,1,326.4,95.492966,1.410557,17.106549,7.92701,25.0,12.095189,13.398936,1
3266,1,326.5,95.492966,0.361681,17.106549,8.08781,25.0,12.430264,14.156756,1
3267,1,326.6,95.492966,0.217009,17.106549,7.743469,25.0,13.228849,16.552513,1
3268,1,326.7,95.492966,1.247801,17.106549,7.339276,25.0,12.402636,14.156756,1
3269,1,326.8,95.492966,2.893451,26.88172,6.869188,25.0,12.37448,14.072289,1
3270,1,326.9,95.492966,2.658358,12.218964,6.689835,25.0,12.010195,12.896552,1
3271,1,327.0,95.492966,5.967742,17.106549,6.250857,25.0,12.430264,14.156756,1
3272,1,327.1,95.492966,4.123167,17.106549,5.765797,25.0,12.430264,14.156756,1
3273,1,327.2,95.492966,4.665689,21.994135,5.291813,25.0,12.402636,14.156756,1
3274,1,327.3,95.492966,5.208211,26.88172,4.864682,25.0,12.430264,14.156756,1
3275,1,327.4,95.492966,13.038612,26.88172,4.642049,25.0,12.430264,14.156756,1
3276,1,327.5,95.492966,5.859238,31.769306,4.300103,25.0,12.207847,13.819292,1
3277,1,327.6,95.492966,5.967742,21.994135,4.012139,25.0,13.113453,16.206325,1
3278,1,327.7,95.492966,13.544966,17.106549,3.732688,25.0,12.26413,14.072289,1
3279,1,327.8,95.492966,1.916911,26.88172,3.840566,25.0,12.402636,14.156756,1
3280,1,327.9,95.492966,5.859238,21.994135,4.333858,25.0,12.485091,14.072289,1
3281,1,328.0,95.492966,5.370968,17.106549,4.719621,25.0,12.292179,14.072289,1
3282,1,328.1,95.492966,4.828446,17.106549,5.156461,25.0,12.430264,14.156756,1
3283,1,328.2,95.492966,7.052786,21.994135,5.435668,25.0,12.346471,13.987889,1
3284,1,328.3,95.492966,6.148583,17.106549,5.832121,25.0,12.402108,14.072289,1
3285,1,328.4,95.492966,5.153959,21.994135,6.175112,25.0,12.429752,14.072289,1
3286,1,328.5,95.492966,3.435973,26.88172,6.432794,25.0,12.40276,14.156756,1
3287,1,328.6,95.492966,1.717986,12.218964,6.705885,25.0,12.402108,14.072289,1
3288,1,328.7,95.492966,0.48827,17.106549,7.093316,25.0,12.430264,14.156756,1
3289,1,328.8,95.492966,0.904203,21.994135,7.264356,25.0,12.430264,14.156756,1
3290,1,328.9,95.492966,1.808407,12.218964,7.287339,25.0,12.485569,14.156756,1
3291,1,329.0,95.492966,1.844575,17.106549,7.073756,25.0,12.290733,13.903557,1
3292,1,329.1,95.492966,4.973118,21.994135,7.126244,25.0,11.898944,12.562796,1
3293,1,329.2,95.492966,6.419844,17.106549,6.706954,25.0,12.429626,14.072289,1
3294,1,329.3,95.492966,7.052786,17.106549,6.449854,25.0,12.485091,14.072289,1
3295,1,329.4,95.492966,8.409091,21.994135,6.34869,25.0,12.430264,14.156756,1
3296,1,329.5,95.492966,5.91349,21.994135,6.02909,25.0,12.402108,14.072289,1
3297,1,329.6,95.492966,6.40176,21.994135,5.742965,25.0,12.430264,14.156756,1
3298,1,329.7,95.492966,10.398338,21.994135,4.914515,25.0,12.430264,14.156756,1
3299,1,329.8,95.492966,6.456012,21.994135,4.590819,25.0,12.182181,14.156756,1
3300,1,329.9,95.492966,2.079668,17.106549,4.082963,25.0,12.56823,14.072289,1
3301,1,330.0,95.492966,6.184751,21.994135,3.905331,25.0,12.430264,14.156756,1
3302,1,330.1,95.492966,10.217498,17.106549,4.016305,25.0,12.402108,14.072289,1
3303,1,330.2,95.492966,9.946237,17.106549,4.403847,25.0,12.486087,14.241292,1
3304,1,330.3,95.492966,1.808407,21.994135,4.912571,25.0,12.070132,13.819292,1
3305,1,330.4,95.492966,8.951613,26.88172,5.327805,25.0,12.37448,14.072289,1
3306,1,330.5,95.492966,4.93695,21.994135,5.665068,25.0,12.430264,14.156756,1
3307,1,330.6,95.492966,7.143206,17.106549,5.873751,25.0,12.402108,14.072289,1
3308,1,330.7,95.492966,3.472141,17.106549,6.200977,25.0,12.651984,14.325898,1
3309,1,330.8,95.492966,2.766862,17.106549,6.890369,25.0,12.486644,14.325898,1
3310,1,330.9,95.492966,3.797654,17.106549,7.734208,25.0,12.37448,14.072289,1
3311,1,331.0,95.492966,2.170088,12.218964,8.05733,25.0,12.430264,14.156756,1
3312,1,331.1,95.492966,0.271261,17.106549,8.053771,25.0,12.402108,14.072289,1
3313,1,331.2,95.492966,0.217009,21.994135,7.685563,25.0,12.430264,14.156756,1
3314,1,331.3,95.492966,2.260508,17.106549,7.210224,25.0,12.571391,14.580138,1
3315,1,331.4,95.492966,3.074291,12.218964,6.949057,25.0,12.402108,14.072289,1
3316,1,331.5,95.492966,4.340176,17.106549,6.580749,25.0,12.375024,14.156756,1
3317,1,331.6,95.492966,12.930108,26.88172,6.141753,25.0,13.267826,14.410573,1
3318,1,331.7,95.492966,4.502933,12.218964,5.731723,25.0,12.400916,13.903557,1
3319,1,331.8,95.492966,8.04741,21.994135,5.323319,25.0,12.457782,14.156756,1
3320,1,331.9,95.492966,8.680352,17.106549,4.965772,25.0,12.37448,14.072289,1
3321,1,332.0,95.492966,8.951613,21.994135,4.361879,25.0,12.429752,14.072289,1
3322,1,332.1,95.492966,5.750733,17.106549,4.173809,25.0,12.402108,14.072289,1
3323,1,332.2,95.492966,9.855816,17.106549,3.949732,25.0,12.149696,13.315054,1
3324,1,332.3,95.492966,9.855816,21.994135,3.801806,25.0,12.430264,14.156756,1
3325,1,332.4,95.492966,9.584555,36.656891,3.901659,25.0,12.402108,14.072289,1
3326,1,332.5,95.492966,9.674976,17.106549,4.466863,25.0,12.402108,14.072289,1
3327,1,332.6,95.492966,12.025904,17.106549,4.76596,25.0,12.402108,14.072289,1
3328,1,332.7,95.492966,4.93695,17.106549,5.089781,25.0,12.150645,13.48288,1
3329,1,332.8,95.492966,4.014663,21.994135,5.367561,25.0,12.542388,14.410573,1
3330,1,332.9,95.492966,3.580645,17.106549,5.867648,25.0,12.430264,14.156756,1
3331,1,333.0,95.492966,4.882698,26.88172,6.175112,25.0,12.402108,14.072289,1
3332,1,333.1,95.492966,4.93695,17.106549,6.67661,25.0,12.402108,14.072289,1
3333,1,333.2,95.492966,2.170088,21.994135,6.69162,25.0,12.122895,13.48288,1
3334,1,333.3,95.492966,0.0,17.106549,7.050416,25.0,12.372827,13.819292,1
3335,1,333.4,95.492966,1.085044,26.88172,7.336671,25.0,12.430264,14.156756,1
3336,1,333.5,95.492966,1.356305,21.994135,7.476648,25.0,12.402108,14.072289,1
3337,1,333.6,95.492966,0.741447,21.994135,7.218502,25.0,12.31964,14.072289,1
3338,1,333.7,95.492966,4.973118,21.994135,6.992921,25.0,12.799459,15.346854,1
3339,1,333.8,95.492966,3.20088,21.994135,6.832575,25.0,12.429626,14.072289,1
3340,1,333.9,95.492966,1.446725,21.994135,6.478679,25.0,12.209048,14.072289,1
3341,1,334.0,95.492966,8.409091,26.88172,6.34869,25.0,12.37448,14.072289,1
3342,1,334.1,95.492966,5.859238,26.88172,5.980556,25.0,12.402108,14.072289,1
3343,1,334.2,95.492966,6.347507,17.106549,5.596766,25.0,12.430264,14.156756,1
3344,1,334.3,95.492966,6.239003,12.218964,4.914515,25.0,12.430264,14.156756,1
3345,1,334.4,95.492966,10.398338,17.106549,4.344868,25.0,12.154025,14.072289,1
3346,1,334.5,95.492966,6.40176,21.994135,4.157753,25.0,12.512787,14.072289,1
3347,1,334.6,95.492966,6.347507,26.88172,4.010353,25.0,12.402108,14.072289,1
3348,1,334.7,95.492966,10.307918,12.218964,4.078279,25.0,12.402108,14.072289,1
3349,1,334.8,95.492966,9.765396,21.994135,4.381551,25.0,12.430264,14.156756,1
3350,1,334.9,95.492966,9.132454,12.218964,5.011265,25.0,12.324963,14.749993,1
3351,1,335.0,95.492966,30.435484,21.994135,5.38134,25.0,12.292285,14.156756,1
3352,1,335.1,95.492966,7.866569,17.106549,5.649021,25.0,12.402108,14.072289,1
3353,1,335.2,95.492966,7.143206,21.994135,5.99691,25.0,12.429626,14.072289,1
3354,1,335.3,95.492966,5.786901,26.88172,6.330603,25.0,12.82247,14.920143,1
3355,1,335.4,95.492966,0.958456,31.769306,6.974792,25.0,12.402108,14.072289,1
3356,1,335.5,95.492966,3.888074,26.88172,7.910418,25.0,12.346869,14.072289,1
3357,1,335.6,95.492966,1.085044,26.88172,7.97598,25.0,12.430264,14.156756,1
3358,1,335.7,95.492966,0.108504,12.218964,8.018099,25.0,12.430264,14.156756,1
3359,1,335.8,95.492966,0.868035,17.106549,7.557051,25.0,12.430264,14.156756,1
3360,1,335.9,95.492966,2.260508,17.106549,7.141647,25.0,12.713122,15.005331,1
3361,1,336.0,95.492966,5.533724,17.106549,6.881002,25.0,12.37448,14.072289,1
3362,1,336.1,95.492966,2.766862,21.994135,6.574938,25.0,12.457413,14.072289,1
3363,1,336.2,95.492966,5.877322,21.994135,6.07763,25.0,12.430264,14.156756,1
3364,1,336.3,95.492966,7.233627,17.106549,5.71001,25.0,12.23364,13.566886,1
3365,1,336.4,95.492966,8.318671,12.218964,5.301735,25.0,12.59817,14.49532,1
3366,1,336.5,95.492966,5.479472,21.994135,4.912571,25.0,12.236147,13.987889,1
3367,1,336.6,95.492966,9.132454,21.994135,4.50149,25.0,12.485091,14.072289,1
3368,1,336.7,95.492966,9.765396,26.88172,4.235171,25.0,12.402108,14.072289,1
3369,1,336.8,95.492966,5.859238,17.106549,3.907165,25.0,12.402108,14.072289,1
3370,1,336.9,95.492966,9.674976,21.994135,3.732688,25.0,12.45914,14.325898,1
3371,1,337.0,95.492966,9.584555,2.443793,3.924247,25.0,12.373975,13.987889,1
3372,1,337.1,95.492966,9.674976,17.106549,4.544272,25.0,12.429626,14.072289,1
3373,1,337.2,95.492966,8.770772,17.106549,4.913543,25.0,12.402108,14.072289,1
3374,1,337.3,95.492966,4.93695,17.106549,5.143937,25.0,12.065936,13.063774,1
3375,1,337.4,95.492966,6.871945,26.88172,5.461535,25.0,11.677307,11.897886,1
3376,1,337.5,95.492966,6.058162,17.106549,5.849707,25.0,12.430264,14.156756,1
3377,1,337.6,95.492966,4.701857,17.106549,6.286298,25.0,12.402108,14.072289,1
3378,1,337.7,95.492966,3.164712,21.994135,6.649362,25.0,12.402108,14.072289,1
3379,1,337.8,95.492966,1.139296,21.994135,6.850732,25.0,12.790059,13.735092,1
3380,1,337.9,95.492966,0.253177,26.88172,7.188656,25.0,12.375975,14.241292,1
3381,1,338.0,95.492966,0.868035,26.88172,7.345132,25.0,12.430264,14.156756,1
3382,1,338.1,95.492966,1.356305,21.994135,7.476648,25.0,12.402108,14.072289,1
3383,1,338.2,95.492966,5.190127,21.994135,7.218502,25.0,11.927642,12.980133,1
3384,1,338.3,95.492966,7.468719,21.994135,7.097357,25.0,12.402108,14.072289,1
3385,1,338.4,95.492966,5.967742,17.106549,6.679114,25.0,12.738174,14.749993,1
3386,1,338.5,95.492966,7.143206,17.106549,6.495618,25.0,12.402108,14.072289,1
3387,1,338.6,95.492966,8.589932,17.106549,6.205983,25.0,12.679333,14.072289,1
3388,1,338.7,95.492966,6.076246,21.994135,6.013617,25.0,12.5405,14.072289,1
3389,1,338.8,95.492966,6.347507,26.88172,5.69409,25.0,12.402108,14.072289,1
3390,1,338.9,95.492966,6.239003,21.994135,4.833152,25.0,12.430264,14.156756,1
3391,1,339.0,95.492966,2.061584,17.106549,4.358592,25.0,12.402108,14.072289,1
3392,1,339.1,95.492966,6.184751,17.106549,3.978657,25.0,12.37448,14.072289,1
3393,1,339.2,95.492966,6.293255,21.994135,3.984057,25.0,12.429752,14.072289,1
3394,1,339.3,95.492966,6.184751,26.88172,4.142787,25.0,12.430264,14.156756,1
3395,1,339.4,95.492966,9.765396,31.769306,4.535853,25.0,12.124745,13.819292,1
3396,1,339.5,95.492966,8.770772,12.218964,5.071915,25.0,12.429752,14.072289,1
3397,1,339.6,95.492966,8.951613,21.994135,5.435228,25.0,12.402108,14.072289,1
3398,1,339.7,95.492966,8.04741,17.106549,5.685693,25.0,12.429626,14.072289,1
3399,1,339.8,95.492966,6.962366,26.88172,6.090587,25.0,12.567447,14.072289,1
3400,1,339.9,95.492966,6.058162,26.88172,6.528633,25.0,13.840961,18.306293,1
3401,1,340.0,95.492966,2.875367,17.106549,7.108455,25.0,12.430154,14.156756,1
3402,1,340.1,95.492966,3.345552,26.88172,7.738531,25.0,12.12317,13.48288,1
3403,1,340.2,95.492966,1.356305,7.331378,8.205105,25.0,12.430264,14.156756,1
3404,1,340.3,95.492966,0.054252,21.994135,7.983464,25.0,12.373975,13.987889,1
3405,1,340.4,95.492966,0.813783,17.106549,7.714725,25.0,12.402108,14.072289,1
3406,1,340.5,95.492966,1.519062,12.218964,7.189653,25.0,12.402108,14.072289,1
3407,1,340.6,95.492966,3.888074,17.106549,6.908719,25.0,12.569921,14.410573,1
3408,1,340.7,95.492966,2.929619,2.443793,6.504805,25.0,12.487366,14.410573,1
3409,1,340.8,95.492966,5.967742,21.994135,6.186706,25.0,12.430264,14.156756,1
3410,1,340.9,95.492966,4.068915,26.88172,5.535824,25.0,12.430264,14.156756,1
3411,1,341.0,95.492966,4.774194,12.218964,5.108053,25.0,12.512787,14.072289,1
3412,1,341.1,95.492966,5.370968,17.106549,4.961441,25.0,12.233233,13.063774,1
3413,1,341.2,95.492966,5.750733,21.994135,4.617281,25.0,11.291849,11.897886,1
3414,1,341.3,95.492966,10.036657,21.994135,4.225006,25.0,12.429626,14.072289,1
3415,1,341.4,95.492966,5.859238,26.88172,3.843054,25.0,12.37448,14.072289,1
3416,1,341.5,95.492966,5.750733,17.106549,3.729487,25.0,12.540766,14.156756,1
3417,1,341.6,95.492966,9.765396,17.106549,4.012735,25.0,12.402108,14.072289,1
3418,1,341.7,95.492966,9.494135,17.106549,4.409269,25.0,12.374604,14.072289,1
3419,1,341.8,95.492966,5.208211,17.106549,4.864682,25.0,12.457782,14.156756,1
3420,1,341.9,95.492966,8.22825,17.106549,5.198448,25.0,12.402108,14.072289,1
3421,1,342.0,95.492966,4.123167,17.106549,5.582663,25.0,12.429626,14.072289,1
3422,1,342.1,95.492966,7.975073,7.331378,5.8595,25.0,12.429752,14.072289,1
3423,1,342.2,95.492966,2.821114,21.994135,6.154186,25.0,12.430264,14.156756,1
3424,1,342.3,95.492966,1.790323,26.88172,6.568759,25.0,12.459876,14.410573,1
3425,1,342.4,95.492966,0.813783,21.994135,6.899723,25.0,12.457782,14.156756,1
3426,1,342.5,95.492966,0.108504,21.994135,7.327549,25.0,12.071672,14.072289,1
3427,1,342.6,95.492966,0.289345,17.106549,7.414082,25.0,12.429626,14.072289,1
3428,1,342.7,95.492966,1.573314,21.994135,7.219164,25.0,12.40276,14.156756,1
3429,1,342.8,95.492966,3.978495,41.544477,7.205253,25.0,12.596186,14.241292,1
3430,1,342.9,95.492966,2.929619,17.106549,6.950432,25.0,12.457782,14.156756,1
3431,1,343.0,95.492966,3.526393,17.106549,6.569849,25.0,12.099061,14.072289,1
3432,1,343.1,95.492966,4.340176,17.106549,6.416061,25.0,12.401999,14.072289,1
3433,1,343.2,95.492966,9.403715,12.218964,6.576391,25.0,12.402108,14.072289,1
3434,1,343.3,95.492966,6.239003,21.994135,6.001688,25.0,12.429626,14.072289,1
3435,1,343.4,95.492966,10.579179,7.331378,5.548755,25.0,12.402108,14.072289,1
3436,1,343.5,95.492966,10.217498,17.106549,4.736799,25.0,12.457782,14.156756,1
3437,1,343.6,95.492966,6.40176,26.88172,4.453473,25.0,12.319273,14.072289,1
3438,1,343.7,95.492966,27.740958,21.994135,4.127768,25.0,12.429626,14.072289,1
3439,1,343.8,95.492966,11.031281,21.994135,4.190944,25.0,12.130164,14.325898,1
3440,1,343.9,95.492966,10.036657,21.994135,4.107462,25.0,12.430264,14.156756,1
3441,1,344.0,95.492966,9.765396,12.218964,4.576226,25.0,12.263121,13.903557,1
3442,1,344.1,95.492966,9.313294,17.106549,5.15924,25.0,12.513088,14.156756,1
3443,1,344.2,95.492966,8.680352,21.994135,5.453656,25.0,12.429626,14.072289,1
3444,1,344.3,95.492966,10.76002,12.218964,5.731723,25.0,12.402108,14.072289,1
3445,1,344.4,95.492966,6.962366,17.106549,6.028297,25.0,12.456575,13.987889,1
3446,1,344.5,95.492966,3.363636,12.218964,6.502969,25.0,12.511719,13.987889,1
3447,1,344.6,95.492966,4.521017,21.994135,7.18367,25.0,12.37448,14.072289,1
3448,1,344.7,95.492966,2.007331,12.218964,7.806761,25.0,12.402108,14.072289,1
3449,1,344.8,95.492966,0.705279,17.106549,8.201319,25.0,12.23364,13.566886,1
3450,1,344.9,95.492966,0.0,21.994135,7.948978,25.0,12.457782,14.156756,1
3451,1,345.0,95.492966,1.898827,12.218964,7.451044,25.0,12.429626,14.072289,1
3452,1,345.1,95.492966,2.170088,12.218964,7.171689,25.0,12.429626,14.072289,1
3453,1,345.2,95.492966,3.616813,26.88172,6.852824,25.0,12.429626,14.072289,1
3454,1,345.3,95.492966,5.063539,17.106549,6.327961,25.0,12.263396,13.903557,1
3455,1,345.4,95.492966,3.960411,17.106549,6.123835,25.0,12.347115,14.072289,1
3456,1,345.5,95.492966,7.143206,17.106549,5.482926,25.0,12.457782,14.156756,1
3457,1,345.6,95.492966,4.828446,21.994135,5.211757,25.0,12.402108,14.072289,1
3458,1,345.7,95.492966,5.208211,21.994135,4.81483,25.0,12.679048,14.072289,1
3459,1,345.8,95.492966,5.804985,21.994135,4.624519,25.0,12.429626,14.072289,1
3460,1,345.9,95.492966,9.765396,12.218964,4.116177,25.0,12.429626,14.072289,1
3461,1,346.0,95.492966,1.880743,21.994135,3.681783,25.0,12.346254,13.987889,1
3462,1,346.1,95.492966,5.533724,26.88172,3.583804,25.0,12.401999,14.072289,1
3463,1,346.2,95.492966,5.750733,21.994135,3.972648,25.0,12.457271,14.072289,1
3464,1,346.3,95.492966,9.313294,21.994135,4.391353,25.0,12.457782,14.156756,1
3465,1,346.4,95.492966,5.045455,21.994135,4.922286,25.0,12.457782,14.156756,1
3466,1,346.5,95.492966,4.665689,21.994135,5.235081,25.0,12.236581,14.072289,1
3467,1,346.6,95.492966,4.014663,12.218964,5.550047,25.0,12.401999,14.072289,1
3468,1,346.7,95.492966,3.309384,17.106549,5.833759,25.0,12.402108,14.072289,1
3469,1,346.8,95.492966,2.658358,17.106549,6.090979,25.0,12.429626,14.072289,1
3470,1,346.9,95.492966,1.681818,12.218964,6.761229,25.0,12.345294,13.819292,1
3471,1,347.0,95.492966,1.356305,17.106549,7.037529,25.0,12.346347,13.987889,1
3472,1,347.1,95.492966,0.054252,21.994135,7.292255,25.0,12.429626,14.072289,1
3473,1,347.2,95.492966,0.813783,12.218964,7.308289,25.0,12.429626,14.072289,1
3474,1,347.3,95.492966,1.73607,17.106549,7.267973,25.0,12.430264,14.156756,1
3475,1,347.4,95.492966,5.443304,17.106549,7.299785,25.0,12.317133,13.735092,1
3476,1,347.5,95.492966,1.030792,31.769306,6.945275,25.0,12.317227,13.735092,1
3477,1,347.6,95.492966,6.148583,17.106549,6.702678,25.0,12.429626,14.072289,1
3478,1,347.7,95.492966,29.549365,21.994135,6.322673,25.0,12.429626,14.072289,1
3479,1,347.8,95.492966,1.916911,21.994135,6.556382,25.0,12.403449,14.241292,1
3480,1,347.9,95.492966,6.239003,17.106549,5.898103,25.0,12.429626,14.072289,1
3481,1,348.0,95.492966,10.398338,17.106549,5.403491,25.0,12.427453,13.735092,1
3482,1,348.1,95.492966,5.967742,21.994135,4.5532,25.0,12.402108,14.072289,1
3483,1,348.2,95.492966,6.456012,17.106549,4.415765,25.0,12.402108,14.072289,1
3484,1,348.3,95.492966,10.76002,2.443793,4.142211,25.0,12.122664,13.398936,1
3485,1,348.4,95.492966,10.669599,17.106549,4.064785,25.0,12.458442,14.241292,1
3486,1,348.5,95.492966,10.307918,21.994135,4.24306,25.0,12.485426,14.156756,1
3487,1,348.6,95.492966,5.750733,17.106549,4.56211,25.0,12.429626,14.072289,1
3488,1,348.7,95.492966,1.808407,12.218964,5.114596,25.0,12.457271,14.072289,1
3489,1,348.8,95.492966,26.041056,26.88172,5.398625,25.0,12.038215,13.063774,1
3490,1,348.9,95.492966,4.611437,26.88172,5.672232,25.0,12.429626,14.072289,1
3491,1,349.0,95.492966,3.960411,26.88172,6.095291,25.0,12.429626,14.072289,1
3492,1,349.1,95.492966,5.696481,17.106549,6.612255,25.0,12.457782,14.156756,1
3493,1,349.2,95.492966,2.929619,26.88172,7.284388,25.0,12.818256,14.072289,1
3494,1,349.3,95.492966,4.177419,21.994135,7.785925,25.0,13.126294,14.072289,1
3495,1,349.4,95.492966,0.994624,21.994135,8.129055,25.0,12.429626,14.072289,1
3496,1,349.5,95.492966,0.0,17.106549,7.948978,25.0,12.429626,14.072289,1
3497,1,349.6,95.492966,0.217009,12.218964,7.478565,25.0,12.429626,14.072289,1
3498,1,349.7,95.492966,3.544477,26.88172,7.052788,25.0,12.429626,14.072289,1
3499,1,349.8,95.492966,5.569892,12.218964,6.748143,25.0,12.457782,14.156756,1
3500,1,349.9,95.492966,7.721896,21.994135,6.481628,25.0,12.402108,14.072289,1
3501,1,350.0,95.492966,6.419844,31.769306,6.032259,25.0,12.596186,14.241292,1
3502,1,350.1,95.492966,1.428641,17.106549,5.482926,25.0,13.488628,17.249293,1
3503,1,350.2,95.492966,18.5,21.994135,5.079916,25.0,12.319804,14.156756,1
3504,1,350.3,95.492966,8.951613,17.106549,4.81483,25.0,12.457782,14.156756,1
3505,1,350.4,95.492966,9.313294,31.769306,4.431426,25.0,12.457782,14.156756,1
3506,1,350.5,95.492966,5.967742,12.218964,4.236299,25.0,12.45716,14.072289,1
3507,1,350.6,95.492966,5.859238,17.106549,3.818108,25.0,12.429626,14.072289,1
3508,1,350.7,95.492966,5.587977,17.106549,3.641989,25.0,12.374387,14.072289,1
3509,1,350.8,95.492966,5.750733,17.106549,4.025217,25.0,12.457782,14.156756,1
3510,1,350.9,95.492966,5.533724,21.994135,4.465258,25.0,12.457271,14.072289,1
3511,1,351.0,95.492966,8.499511,12.218964,4.919374,25.0,12.429626,14.072289,1
3512,1,351.1,95.492966,7.595308,21.994135,5.252847,25.0,12.429626,14.072289,1
3513,1,351.2,95.492966,3.960411,21.994135,5.62614,25.0,12.319212,14.072289,1
3514,1,351.3,95.492966,5.51564,17.106549,5.962554,25.0,12.429626,14.072289,1
3515,1,351.4,95.492966,10.579179,26.88172,6.253532,25.0,13.408675,14.835031,1
3516,1,351.5,95.492966,1.627566,17.106549,6.448743,25.0,12.484708,14.072289,1
3517,1,351.6,95.492966,1.175464,26.88172,7.032436,25.0,12.486785,14.325898,1
3518,1,351.7,95.492966,0.162757,12.218964,7.292582,25.0,12.402108,14.072289,1
3519,1,351.8,95.492966,1.175464,17.106549,7.442061,25.0,12.485426,14.156756,1
3520,1,351.9,95.492966,2.71261,26.88172,7.326571,25.0,12.429626,14.072289,1
3521,1,352.0,95.492966,2.441349,21.994135,7.246247,25.0,12.429626,14.072289,1
3522,1,352.1,95.492966,5.42522,26.88172,6.941834,25.0,12.430264,14.156756,1
3523,1,352.2,95.492966,1.247801,21.994135,6.617672,25.0,12.37448,14.072289,1
3524,1,352.3,95.492966,4.44868,21.994135,6.32154,25.0,12.429626,14.072289,1
3525,1,352.4,95.492966,12.785435,7.331378,6.433166,25.0,12.51261,14.072289,1
3526,1,352.5,95.492966,6.347507,17.106549,5.995715,25.0,12.124288,13.650957,1
3527,1,352.6,95.492966,6.347507,21.994135,5.548755,25.0,12.429626,14.072289,1
3528,1,352.7,95.492966,6.184751,17.106549,4.706443,25.0,12.261664,13.650957,1
3529,1,352.8,95.492966,10.398338,17.106549,4.316184,25.0,12.429626,14.072289,1
3530,1,352.9,95.492966,10.488759,17.106549,4.034109,25.0,12.429626,14.072289,1
3531,1,353.0,95.492966,15.064027,21.994135,4.095814,25.0,12.51296,14.156756,1
3532,1,353.1,95.492966,10.488759,12.218964,4.280615,25.0,12.429626,14.072289,1
3533,1,353.2,95.492966,9.674976,21.994135,4.568912,25.0,12.429626,14.072289,1
3534,1,353.3,95.492966,5.316716,17.106549,5.016982,25.0,12.429626,14.072289,1
3535,1,353.4,95.492966,5.316716,12.218964,5.386665,25.0,12.540305,14.072289,1
3536,1,353.5,95.492966,4.774194,21.994135,5.696606,25.0,12.290272,13.819292,1
3537,1,353.6,95.492966,6.510264,21.994135,5.986544,25.0,11.374318,11.897886,1
3538,1,353.7,95.492966,5.51564,31.769306,6.524606,25.0,12.402108,14.072289,1
3539,1,353.8,95.492966,0.922287,17.106549,7.225448,25.0,12.429626,14.072289,1
3540,1,353.9,95.492966,2.007331,21.994135,8.011541,25.0,12.457782,14.156756,1
3541,1,354.0,95.492966,1.537146,21.994135,8.071548,25.0,12.429626,14.072289,1
3542,1,354.1,95.492966,0.054252,12.218964,7.983763,25.0,12.429626,14.072289,1
3543,1,354.2,95.492966,1.537146,21.994135,7.387614,25.0,12.429626,14.072289,1
3544,1,354.3,95.492966,2.441349,26.88172,7.150673,25.0,12.346792,14.072289,1
3545,1,354.4,95.492966,0.687195,12.218964,6.635696,25.0,12.595978,14.072289,1
3546,1,354.5,95.492966,5.3348,7.331378,6.524606,25.0,12.429626,14.072289,1
3547,1,354.6,95.492966,6.419844,21.994135,6.032259,25.0,12.373383,13.903557,1
3548,1,354.7,95.492966,10.633431,21.994135,5.601459,25.0,12.600506,14.749993,1
3549,1,354.8,95.492966,8.589932,21.994135,5.124395,25.0,12.263636,13.987889,1
3550,1,354.9,95.492966,5.099707,17.106549,4.522668,25.0,12.484932,14.072289,1
3551,1,355.0,95.492966,5.696481,21.994135,4.487671,25.0,12.429626,14.072289,1
3552,1,355.1,95.492966,5.967742,21.994135,4.207442,25.0,12.429626,14.072289,1
3553,1,355.2,95.492966,5.804985,21.994135,3.789849,25.0,12.458442,14.241292,1
3554,1,355.3,95.492966,9.765396,26.88172,3.807457,25.0,12.345864,13.903557,1
3555,1,355.4,95.492966,9.584555,17.106549,4.025217,25.0,12.429626,14.072289,1
3556,1,355.5,95.492966,9.313294,21.994135,4.555822,25.0,12.429626,14.072289,1
3557,1,355.6,95.492966,8.499511,17.106549,4.919374,25.0,12.039288,13.231233,1
3558,1,355.7,95.492966,7.685728,12.218964,5.130452,25.0,12.429626,14.072289,1
3559,1,355.8,95.492966,9.367546,21.994135,5.611259,25.0,13.19861,16.379241,1
3560,1,355.9,95.492966,5.877322,21.994135,6.013617,25.0,12.429626,14.072289,1
3561,1,356.0,95.492966,2.549853,12.218964,6.27146,25.0,12.429626,14.072289,1
3562,1,356.1,95.492966,3.074291,21.994135,6.473145,25.0,12.039464,13.315054,1
3563,1,356.2,95.492966,1.085044,17.106549,6.926676,25.0,12.178648,13.566886,1
3564,1,356.3,95.492966,0.217009,21.994135,7.327549,25.0,12.402108,14.072289,1
3565,1,356.4,95.492966,2.278592,21.994135,7.350334,25.0,12.429626,14.072289,1
3566,1,356.5,95.492966,0.470186,12.218964,7.308943,25.0,12.595748,14.072289,1
3567,1,356.6,95.492966,13.526882,21.994135,7.137632,25.0,12.457782,14.156756,1
3568,1,356.7,95.492966,3.20088,12.218964,6.832575,25.0,12.401493,13.987889,1
3569,1,356.8,95.492966,3.906158,21.994135,6.623084,25.0,12.429626,14.072289,1
3570,1,356.9,95.492966,7.776149,12.218964,6.322673,25.0,12.401999,14.072289,1
3571,1,357.0,95.492966,16.926686,17.106549,6.345679,25.0,12.429626,14.072289,1
3572,1,357.1,95.492966,10.127077,12.218964,5.855421,25.0,13.013983,14.072289,1
3573,1,357.2,95.492966,10.669599,21.994135,5.502931,25.0,12.402108,14.072289,1
3574,1,357.3,95.492966,10.76002,17.106549,4.724174,25.0,12.401999,14.072289,1
3575,1,357.4,95.492966,2.0435,17.106549,4.282289,25.0,12.373975,13.987889,1
3576,1,357.5,95.492966,10.307918,26.88172,3.954567,25.0,12.429626,14.072289,1
3577,1,357.6,95.492966,6.293255,21.994135,4.022842,25.0,12.429626,14.072289,1
3578,1,357.7,95.492966,10.036657,26.88172,4.134129,25.0,12.457782,14.156756,1
3579,1,357.8,95.492966,13.544966,17.106549,4.61055,25.0,12.429626,14.072289,1
3580,1,357.9,95.492966,8.951613,12.218964,5.014601,25.0,12.429626,14.072289,1
3581,1,358.0,95.492966,5.208211,17.106549,5.509005,25.0,12.291648,14.072289,1
3582,1,358.1,95.492966,1.55523,17.106549,5.83867,25.0,12.540305,14.072289,1
3583,1,358.2,95.492966,6.600684,17.106549,6.095291,25.0,12.45716,14.072289,1
3584,1,358.3,95.492966,3.146628,21.994135,6.591267,25.0,11.788788,15.261356,1
3585,1,358.4,95.492966,2.441349,21.994135,7.043637,25.0,12.402108,14.072289,1
3586,1,358.5,95.492966,3.255132,17.106549,7.972085,25.0,12.319212,14.072289,1
3587,1,358.6,95.492966,0.705279,17.106549,8.063257,25.0,12.429626,14.072289,1
3588,1,358.7,95.492966,0.162757,26.88172,7.91555,25.0,12.429626,14.072289,1
3589,1,358.8,95.492966,0.705279,21.994135,7.377259,25.0,12.654851,14.665029,1
3590,1,358.9,95.492966,2.441349,21.994135,7.013728,25.0,12.429626,14.072289,1
3591,1,359.0,95.492966,2.332845,21.994135,6.773936,25.0,12.429626,14.072289,1
3592,1,359.1,95.492966,5.3348,21.994135,6.459107,25.0,12.234315,13.650957,1
3593,1,359.2,95.492966,6.781525,21.994135,6.090587,25.0,11.91182,14.325898,1
3594,1,359.3,95.492966,4.340176,17.106549,5.411442,25.0,11.989412,14.072289,1
3595,1,359.4,95.492966,8.409091,12.218964,5.079916,25.0,12.429626,14.072289,1
3596,1,359.5,95.492966,5.642229,17.106549,4.963848,25.0,12.51296,14.156756,1
3597,1,359.6,95.492966,9.765396,2.443793,4.477012,25.0,12.540428,14.156756,1
3598,1,359.7,95.492966,9.765396,17.106549,4.088809,25.0,12.429626,14.072289,1
3599,1,359.8,95.492966,1.898827,21.994135,3.699905,25.0,12.457782,14.156756,1
3600,1,359.9,95.492966,9.403715,17.106549,3.670736,25.0,12.429626,14.072289,1
3601,1,360.0,95.492966,9.584555,17.106549,4.081792,25.0,12.457271,14.072289,1
3602,1,360.1,95.492966,9.222874,21.994135,4.550051,25.0,12.485426,14.156756,1
3603,1,360.2,95.492966,8.22825,26.88172,4.876943,25.0,12.485426,14.156756,1
3604,1,360.3,95.492966,4.285924,12.218964,5.187407,25.0,12.209048,14.072289,1
3605,1,360.4,95.492966,4.231672,21.994135,5.676442,25.0,12.374387,14.072289,1
3606,1,360.5,95.492966,3.20088,17.106549,5.808726,25.0,12.429626,14.072289,1
3607,1,360.6,95.492966,4.068915,12.218964,6.320406,25.0,12.457782,14.156756,1
3608,1,360.7,95.492966,1.627566,26.88172,6.721541,25.0,12.429626,14.072289,1
3609,1,360.8,95.492966,1.519062,17.106549,7.064633,25.0,12.484932,14.072289,1
3610,1,360.9,95.492966,0.813783,17.106549,7.159354,25.0,12.261159,13.566886,1
3611,1,361.0,95.492966,1.989247,12.218964,7.293892,25.0,10.745775,11.897886,1
3612,1,361.1,95.492966,2.350929,17.106549,7.446233,25.0,12.429626,14.072289,1
3613,1,361.2,95.492966,3.797654,17.106549,7.055835,25.0,12.429626,14.072289,1
3614,1,361.3,95.492966,1.06696,17.106549,7.031077,25.0,12.679048,14.072289,1
3615,1,361.4,95.492966,8.987781,21.994135,6.578207,25.0,12.429626,14.072289,1
3616,1,361.5,95.492966,8.318671,21.994135,6.481996,25.0,12.457271,14.072289,1
3617,1,361.6,95.492966,9.494135,21.994135,6.279834,25.0,12.429626,14.072289,1
3618,1,361.7,95.492966,10.036657,21.994135,5.7546,25.0,12.457271,14.072289,1
3619,1,361.8,95.492966,6.021994,12.218964,5.114596,25.0,12.429626,14.072289,1
3620,1,361.9,95.492966,6.130499,26.88172,4.510503,25.0,12.484932,14.072289,1
3621,1,362.0,95.492966,10.85044,21.994135,4.434659,25.0,12.009873,12.813028,1
3622,1,362.1,95.492966,6.564516,17.106549,4.171519,25.0,12.402108,14.072289,1
3623,1,362.2,95.492966,2.115836,21.994135,4.051835,25.0,12.628009,14.749993,1
3624,1,362.3,95.492966,14.177908,21.994135,4.236299,25.0,12.484932,14.072289,1
3625,1,362.4,95.492966,9.584555,26.88172,4.779474,25.0,12.429626,14.072289,1
3626,1,362.5,95.492966,9.222874,21.994135,5.161091,25.0,12.429626,14.072289,1
3627,1,362.6,95.492966,5.099707,17.106549,5.468092,25.0,12.457271,14.072289,1
3628,1,362.7,95.492966,4.719941,12.218964,5.945703,25.0,12.429626,14.072289,1
3629,1,362.8,95.492966,6.781525,21.994135,6.24971,25.0,12.209048,14.072289,1
3630,1,362.9,95.492966,3.417889,26.88172,6.743186,25.0,12.429626,14.072289,1
3631,1,363.0,95.492966,4.068915,21.994135,7.17868,25.0,12.151173,13.566886,1
3632,1,363.1,95.492966,1.681818,17.106549,7.981967,25.0,12.457271,14.072289,1
3633,1,363.2,95.492966,0.596774,12.218964,8.129055,25.0,12.768174,15.005331,1
3634,1,363.3,95.492966,0.054252,21.994135,7.845222,25.0,12.401999,14.072289,1
3635,1,363.4,95.492966,2.025415,21.994135,7.350334,25.0,12.457271,14.072289,1
3636,1,363.5,95.492966,2.441349,17.106549,6.876835,25.0,12.457271,14.072289,1
3637,1,363.6,95.492966,4.340176,21.994135,6.580749,25.0,12.429626,14.072289,1
3638,1,363.7,95.492966,5.42522,17.106549,6.372351,25.0,12.569921,14.410573,1
3639,1,363.8,95.492966,3.743402,21.994135,5.877817,25.0,12.429626,14.072289,1
3640,1,363.9,95.492966,7.324047,12.218964,5.399953,25.0,12.457271,14.072289,1
3641,1,364.0,95.492966,8.409091,26.88172,5.079916,25.0,12.429626,14.072289,1
3642,1,364.1,95.492966,9.132454,17.106549,4.81731,25.0,12.429626,14.072289,1
3643,1,364.2,95.492966,9.403715,26.88172,4.361331,25.0,12.595603,14.156756,1
3644,1,364.3,95.492966,13.1652,12.218964,3.908388,25.0,12.374387,14.072289,1
3645,1,364.4,95.492966,5.696481,31.769306,3.68308,25.0,12.429626,14.072289,1
3646,1,364.5,95.492966,5.750733,7.331378,3.749928,25.0,12.457271,14.072289,1
3647,1,364.6,95.492966,9.855816,17.106549,4.190374,25.0,12.345294,13.819292,1
3648,1,364.7,95.492966,9.222874,21.994135,4.59342,25.0,12.457271,14.072289,1
3649,1,364.8,95.492966,8.499511,12.218964,5.023168,25.0,12.429138,13.987889,1
3650,1,364.9,95.492966,4.44868,17.106549,5.330494,25.0,12.429626,14.072289,1
3651,1,365.0,95.492966,3.960411,26.88172,5.687793,25.0,12.429626,14.072289,1
3652,1,365.1,95.492966,5.063539,12.218964,5.805024,25.0,12.430404,14.156756,1
3653,1,365.2,95.492966,2.387097,17.106549,6.412337,25.0,12.653363,14.49532,1
3654,1,365.3,95.492966,2.531769,26.88172,6.71087,25.0,12.429626,14.072289,1
3655,1,365.4,95.492966,1.392473,26.88172,7.028018,25.0,12.209048,14.072289,1
3656,1,365.5,95.492966,0.994624,26.88172,7.30044,25.0,12.429626,14.072289,1
3657,1,365.6,95.492966,1.989247,21.994135,7.293892,25.0,12.374604,14.072289,1
3658,1,365.7,95.492966,1.681818,26.88172,7.365593,25.0,12.568687,14.241292,1
3659,1,365.8,95.492966,2.387097,21.994135,7.137632,25.0,12.457782,14.156756,1
3660,1,365.9,95.492966,3.146628,26.88172,6.855612,25.0,12.208433,13.987889,1
3661,1,366.0,95.492966,9.240958,21.994135,6.539966,25.0,12.429626,14.072289,1
3662,1,366.1,95.492966,4.882698,17.106549,6.327583,25.0,12.373383,13.903557,1
3663,1,366.2,95.492966,5.91349,17.106549,6.359968,25.0,12.429626,14.072289,1
3664,1,366.3,95.492966,10.036657,17.106549,5.702893,25.0,12.429626,14.072289,1
3665,1,366.4,95.492966,10.217498,26.88172,5.075682,25.0,12.457782,14.156756,1
3666,1,366.5,95.492966,10.036657,17.106549,4.487671,25.0,12.429626,14.072289,1
3667,1,366.6,95.492966,6.40176,26.88172,4.320056,25.0,12.623497,14.072289,1
3668,1,366.7,95.492966,10.76002,17.106549,4.11095,25.0,12.457271,14.072289,1
3669,1,366.8,95.492966,10.94086,21.994135,4.236299,25.0,12.596889,14.325898,1
3670,1,366.9,95.492966,6.021994,12.218964,4.250373,25.0,12.429626,14.072289,1
3671,1,367.0,95.492966,9.403715,21.994135,4.819293,25.0,12.429626,14.072289,1
3672,1,367.1,95.492966,8.951613,17.106549,5.117398,25.0,12.429626,14.072289,1
3673,1,367.2,95.492966,5.045455,21.994135,5.47595,25.0,12.429626,14.072289,1
3674,1,367.3,95.492966,11.013196,26.88172,5.826383,25.0,12.42794,13.819292,1
3675,1,367.4,95.492966,6.419844,17.106549,6.321918,25.0,12.180914,13.987889,1
3676,1,367.5,95.492966,5.42522,17.106549,6.678041,25.0,12.429626,14.072289,1
3677,1,367.6,95.492966,2.604106,17.106549,7.504712,25.0,12.623497,14.072289,1
3678,1,367.7,95.492966,3.544477,17.106549,7.866204,25.0,12.373508,13.903557,1
3679,1,367.8,95.492966,0.632942,21.994135,8.055254,25.0,12.457271,14.072289,1
3680,1,367.9,95.492966,0.054252,12.218964,7.776101,25.0,12.401493,13.987889,1
3681,1,368.0,95.492966,1.537146,17.106549,7.387614,25.0,12.429626,14.072289,1
3682,1,368.1,95.492966,1.73607,21.994135,7.005549,25.0,12.429626,14.072289,1
3683,1,368.2,95.492966,2.658358,21.994135,6.689835,25.0,12.51296,14.156756,1
3684,1,368.3,95.492966,3.309384,21.994135,6.156515,25.0,12.626443,14.580138,1
3685,1,368.4,95.492966,6.510264,7.331378,5.889997,25.0,12.429626,14.072289,1
3686,1,368.5,95.492966,1.482893,21.994135,5.388882,25.0,12.429626,14.072289,1
3687,1,368.6,95.492966,5.208211,17.106549,5.120664,25.0,12.429626,14.072289,1
3688,1,368.7,95.492966,5.370968,21.994135,4.672823,25.0,12.513494,14.241292,1
3689,1,368.8,95.492966,5.750733,7.331378,4.41901,25.0,12.622703,14.072289,1
3690,1,368.9,95.492966,9.494135,31.769306,3.927898,25.0,12.429626,14.072289,1
3691,1,369.0,95.492966,5.642229,17.106549,3.634767,25.0,12.401999,14.072289,1
3692,1,369.1,95.492966,5.750733,21.994135,3.789849,25.0,12.457271,14.072289,1
3693,1,369.2,95.492966,5.750733,12.218964,4.142211,25.0,12.457271,14.072289,1
3694,1,369.3,95.492966,9.132454,21.994135,4.588737,25.0,12.485426,14.156756,1
3695,1,369.4,95.492966,8.589932,21.994135,5.124395,25.0,12.457271,14.072289,1
3696,1,369.5,95.492966,7.052786,21.994135,5.198448,25.0,12.374387,14.072289,1
3697,1,369.6,95.492966,3.851906,26.88172,5.78152,25.0,12.429626,14.072289,1
3698,1,369.7,95.492966,9.602639,12.218964,6.002882,25.0,12.429626,14.072289,1
3699,1,369.8,95.492966,2.278592,17.106549,6.395924,25.0,12.484804,14.072289,1
3700,1,369.9,95.492966,1.464809,17.106549,6.739996,25.0,12.51501,14.410573,1
3701,1,370.0,95.492966,0.994624,17.106549,7.166024,25.0,12.457271,14.072289,1
3702,1,370.1,95.492966,0.434018,21.994135,7.330808,25.0,12.457271,14.072289,1
3703,1,370.2,95.492966,1.030792,17.106549,7.387614,25.0,12.457271,14.072289,1
3704,1,370.3,95.492966,0.614858,12.218964,7.210224,25.0,12.513605,14.241292,1
3705,1,370.4,95.492966,4.430596,21.994135,7.141982,25.0,12.655528,14.749993,1
3706,1,370.5,95.492966,5.3348,21.994135,6.832575,25.0,12.374387,14.072289,1
3707,1,370.6,95.492966,4.014663,12.218964,6.52131,25.0,12.429626,14.072289,1
3708,1,370.7,95.492966,4.882698,17.106549,6.388076,25.0,12.51261,14.072289,1
3709,1,370.8,95.492966,9.855816,12.218964,6.359968,25.0,12.345864,13.903557,1
3710,1,370.9,95.492966,10.398338,17.106549,5.74546,25.0,12.485426,14.156756,1
3711,1,371.0,95.492966,6.239003,17.106549,5.084616,25.0,12.401619,13.987889,1
3712,1,371.1,95.492966,6.347507,31.769306,4.529529,25.0,12.457271,14.072289,1
3713,1,371.2,95.492966,6.347507,21.994135,4.252059,25.0,12.457271,14.072289,1
3714,1,371.3,95.492966,10.94086,21.994135,4.158902,25.0,12.457271,14.072289,1
3715,1,371.4,95.492966,6.293255,26.88172,4.060081,25.0,12.710705,14.749993,1
3716,1,371.5,95.492966,6.076246,26.88172,4.296769,25.0,12.485426,14.156756,1
3717,1,371.6,95.492966,29.024927,17.106549,4.965772,25.0,12.457271,14.072289,1
3718,1,371.7,95.492966,5.316716,17.106549,5.173112,25.0,12.484804,14.072289,1
3719,1,371.8,95.492966,5.099707,21.994135,5.580523,25.0,12.45716,14.072289,1
3720,1,371.9,95.492966,4.502933,17.106549,5.817356,25.0,12.707853,14.410573,1
3721,1,372.0,95.492966,6.510264,17.106549,6.239764,25.0,12.457782,14.156756,1
3722,1,372.1,95.492966,3.20088,26.88172,6.766526,25.0,12.181544,14.072289,1
3723,1,372.2,95.492966,2.387097,21.994135,7.40828,25.0,12.429626,14.072289,1
3724,1,372.3,95.492966,2.350929,17.106549,8.064442,25.0,12.457271,14.072289,1
3725,1,372.4,95.492966,0.452102,21.994135,8.122882,25.0,12.457271,14.072289,1
3726,1,372.5,95.492966,0.217009,21.994135,7.950781,25.0,12.484804,14.072289,1
3727,1,372.6,95.492966,0.868035,21.994135,7.419236,25.0,12.401999,14.072289,1
3728,1,372.7,95.492966,1.573314,21.994135,6.955242,25.0,12.429626,14.072289,1
3729,1,372.8,95.492966,2.658358,21.994135,6.756634,25.0,12.623497,14.072289,1
3730,1,372.9,95.492966,6.239003,17.106549,6.130852,25.0,12.457271,14.072289,1
3731,1,373.0,95.492966,3.960411,21.994135,5.873751,25.0,12.568687,14.241292,1
3732,1,373.1,95.492966,7.776149,26.88172,5.348837,25.0,12.429626,14.072289,1
3733,1,373.2,95.492966,5.099707,21.994135,4.971061,25.0,12.485426,14.156756,1
3734,1,373.3,95.492966,9.494135,26.88172,4.783471,25.0,12.623831,14.241292,1
3735,1,373.4,95.492966,5.804985,21.994135,4.356399,25.0,12.484804,14.072289,1
3736,1,373.5,95.492966,13.418377,26.88172,3.924247,25.0,12.457271,14.072289,1
3737,1,373.6,95.492966,9.584555,17.106549,3.703777,25.0,12.374387,14.072289,1
3738,1,373.7,95.492966,9.674976,21.994135,3.831225,25.0,12.567839,14.072289,1
3739,1,373.8,95.492966,9.855816,12.218964,4.313969,25.0,12.485426,14.156756,1
3740,1,373.9,95.492966,8.951613,17.106549,4.719621,25.0,12.429138,13.987889,1
3741,1,374.0,95.492966,1.663734,17.106549,5.031246,25.0,12.264099,14.072289,1
3742,1,374.1,95.492966,7.233627,31.769306,5.352408,25.0,12.484804,14.072289,1
3743,1,374.2,95.492966,3.797654,26.88172,5.610833,25.0,12.484804,14.072289,1
3744,1,374.3,95.492966,3.038123,7.331378,6.000494,25.0,12.513605,14.241292,1
3745,1,374.4,95.492966,3.526393,17.106549,6.406374,25.0,12.429626,14.072289,1
3746,1,374.5,95.492966,1.302053,17.106549,6.828728,25.0,12.429138,13.987889,1
3747,1,374.6,95.492966,0.325513,17.106549,6.985401,25.0,12.429626,14.072289,1
3748,1,374.7,95.492966,1.898827,21.994135,7.377259,25.0,11.843149,12.229922,1
3749,1,374.8,95.492966,1.717986,26.88172,7.318741,25.0,12.51296,14.156756,1
3750,1,374.9,95.492966,3.074291,12.218964,7.346758,25.0,12.457271,14.072289,1
3751,1,375.0,95.492966,2.441349,21.994135,7.043637,25.0,12.484932,14.072289,1
3752,1,375.1,95.492966,3.363636,12.218964,6.765114,25.0,12.457271,14.072289,1
3753,1,375.2,95.492966,7.414467,17.106549,6.695903,25.0,12.45716,14.072289,1
3754,1,375.3,95.492966,5.045455,21.994135,6.408611,25.0,12.457271,14.072289,1
3755,1,375.4,95.492966,5.696481,26.88172,6.166983,25.0,12.401999,14.072289,1
3756,1,375.5,95.492966,10.036657,26.88172,5.651558,25.0,12.484804,14.072289,1
3757,1,375.6,95.492966,2.115836,21.994135,5.09541,25.0,12.512465,14.072289,1
3758,1,375.7,95.492966,10.579179,21.994135,4.5955,25.0,12.429752,14.072289,1
3759,1,375.8,95.492966,14.937439,21.994135,4.230656,25.0,12.457271,14.072289,1
3760,1,375.9,95.492966,10.307918,26.88172,3.907777,25.0,12.124182,13.735092,1
3761,1,376.0,95.492966,6.184751,17.106549,4.058904,25.0,12.484804,14.072289,1
3762,1,376.1,95.492966,5.967742,21.994135,4.368446,25.0,12.484804,14.072289,1
3763,1,376.2,95.492966,5.533724,17.106549,4.8637,25.0,12.457271,14.072289,1
3764,1,376.3,95.492966,5.316716,17.106549,5.120664,25.0,12.456671,13.987889,1
3765,1,376.4,95.492966,8.499511,12.218964,5.69409,25.0,13.719356,17.775945,1
3766,1,376.5,95.492966,4.394428,17.106549,5.966959,25.0,12.457688,14.156756,1
3767,1,376.6,95.492966,8.22825,21.994135,6.180912,25.0,12.372938,13.819292,1
3768,1,376.7,95.492966,4.973118,12.218964,6.793304,25.0,12.539917,14.072289,1
3769,1,376.8,95.492966,7.486804,26.88172,7.557683,25.0,12.429626,14.072289,1
3770,1,376.9,95.492966,1.519062,7.331378,8.07214,25.0,12.484804,14.072289,1
3771,1,377.0,95.492966,0.904203,21.994135,8.024055,25.0,12.484804,14.072289,1
3772,1,377.1,95.492966,0.723363,17.106549,7.816852,25.0,12.48422,13.987889,1
3773,1,377.2,95.492966,0.415934,21.994135,7.201936,25.0,12.512353,14.072289,1
3774,1,377.3,95.492966,3.164712,65.982405,7.125238,25.0,12.205779,13.48288,1
3775,1,377.4,95.492966,4.159335,17.106549,6.563301,25.0,12.45716,14.072289,1
3776,1,377.5,95.492966,5.51564,21.994135,6.221361,25.0,12.45716,14.072289,1
3777,1,377.6,95.492966,9.620723,17.106549,5.827203,25.0,12.51296,14.156756,1
3778,1,377.7,95.492966,4.93695,26.88172,5.419823,25.0,12.484804,14.072289,1
3779,1,377.8,95.492966,5.153959,17.106549,5.019838,25.0,12.484804,14.072289,1
3780,1,377.9,95.492966,5.479472,26.88172,4.588737,25.0,12.456671,13.987889,1
3781,1,378.0,95.492966,9.222874,17.106549,4.190944,25.0,12.484804,14.072289,1
3782,1,378.1,95.492966,9.584555,21.994135,3.901659,25.0,12.568687,14.241292,1
3783,1,378.2,95.492966,9.584555,26.88172,3.700551,25.0,12.458583,14.241292,1
3784,1,378.3,95.492966,5.804985,21.994135,3.883247,25.0,12.457271,14.072289,1
3785,1,378.4,95.492966,9.494135,26.88172,4.297325,25.0,12.45716,14.072289,1
3786,1,378.5,95.492966,5.370968,17.106549,4.81483,25.0,12.484804,14.072289,1
3787,1,378.6,95.492966,11.392962,21.994135,5.041207,25.0,12.484804,14.072289,1
3788,1,378.7,95.492966,4.231672,21.994135,5.257393,25.0,12.484804,14.072289,1
3789,1,378.8,95.492966,3.634897,21.994135,5.660428,25.0,12.596251,14.241292,1
3790,1,378.9,95.492966,2.983871,12.218964,6.153022,25.0,12.484804,14.072289,1
3791,1,379.0,95.492966,3.345552,21.994135,6.527169,25.0,12.484804,14.072289,1
3792,1,379.1,95.492966,3.580645,21.994135,6.820327,25.0,13.322971,14.49532,1
3793,1,379.2,95.492966,0.542522,26.88172,6.985401,25.0,12.511784,13.987889,1
3794,1,379.3,95.492966,0.596774,17.106549,7.30044,25.0,12.484932,14.072289,1
3795,1,379.4,95.492966,1.193548,17.106549,7.362674,25.0,12.484804,14.072289,1
3796,1,379.5,95.492966,1.790323,12.218964,7.238991,25.0,12.512465,14.072289,1
3797,1,379.6,95.492966,4.430596,26.88172,7.007594,25.0,12.484804,14.072289,1
3798,1,379.7,95.492966,6.148583,17.106549,6.897646,25.0,12.429138,13.987889,1
3799,1,379.8,95.492966,6.962366,26.88172,6.404136,25.0,12.51296,14.156756,1
3800,1,379.9,95.492966,8.409091,12.218964,6.34869,25.0,12.346745,14.072289,1
3801,1,380.0,95.492966,9.132454,21.994135,5.917916,25.0,12.484804,14.072289,1
3802,1,380.1,95.492966,10.217498,21.994135,5.698283,25.0,12.679186,14.156756,1
3803,1,380.2,95.492966,6.239003,21.994135,4.998378,25.0,12.457271,14.072289,1
3804,1,380.3,95.492966,10.579179,17.106549,4.529529,25.0,12.51296,14.156756,1
3805,1,380.4,95.492966,6.076246,21.994135,4.054782,25.0,12.484654,13.987889,1
3806,1,380.5,95.492966,6.293255,21.994135,3.975053,25.0,12.484804,14.072289,1
3807,1,380.6,95.492966,6.130499,21.994135,4.016305,25.0,12.512465,14.072289,1
3808,1,380.7,95.492966,10.127077,21.994135,4.42819,25.0,12.512465,14.072289,1
3809,1,380.8,95.492966,5.533724,21.994135,4.8637,25.0,12.51296,14.156756,1
3810,1,380.9,95.492966,1.772239,31.769306,5.279158,25.0,12.541139,14.241292,1
3811,1,381.0,95.492966,4.774194,21.994135,5.579666,25.0,12.291633,14.072289,1
3812,1,381.1,95.492966,4.231672,26.88172,5.950522,25.0,12.51296,14.156756,1
3813,1,381.2,95.492966,6.058162,17.106549,6.334752,25.0,12.595652,14.156756,1
3814,1,381.3,95.492966,2.875367,21.994135,6.774641,25.0,12.457271,14.072289,1
3815,1,381.4,95.492966,3.888074,7.331378,7.435317,25.0,12.484804,14.072289,1
3816,1,381.5,95.492966,1.302053,21.994135,8.194908,25.0,12.484804,14.072289,1
3817,1,381.6,95.492966,0.452102,17.106549,8.053771,25.0,12.261805,13.650957,1
3818,1,381.7,95.492966,0.994624,21.994135,7.718131,25.0,12.51296,14.156756,1
3819,1,381.8,95.492966,1.898827,17.106549,7.194303,25.0,12.260801,13.48288,1
3820,1,381.9,95.492966,1.898827,17.106549,6.853172,25.0,12.512465,14.072289,1
3821,1,382.0,95.492966,2.658358,17.106549,6.489731,25.0,12.678797,14.072289,1
3822,1,382.1,95.492966,5.786901,17.106549,6.161169,25.0,12.568687,14.241292,1
3823,1,382.2,95.492966,4.340176,26.88172,5.71001,25.0,12.51296,14.156756,1
3824,1,382.3,95.492966,7.956989,7.331378,5.275084,25.0,12.51296,14.156756,1
3825,1,382.4,95.492966,8.680352,21.994135,5.016982,25.0,12.484804,14.072289,1
3826,1,382.5,95.492966,5.533724,21.994135,4.637415,25.0,12.540621,14.156756,1
3827,1,382.6,95.492966,9.855816,26.88172,4.281731,25.0,12.879449,15.090596,1
3828,1,382.7,95.492966,5.859238,26.88172,3.907165,25.0,12.51296,14.156756,1
3829,1,382.8,95.492966,9.403715,26.88172,3.628847,25.0,12.485316,14.156756,1
3830,1,382.9,95.492966,9.403715,17.106549,3.774058,25.0,12.484804,14.072289,1
3831,1,383.0,95.492966,9.494135,17.106549,4.297325,25.0,12.42856,13.903557,1
3832,1,383.1,95.492966,8.861193,26.88172,4.718103,25.0,12.484804,14.072289,1
3833,1,383.2,95.492966,8.13783,17.106549,5.09541,25.0,13.772706,17.687918,1
3834,1,383.3,95.492966,7.233627,21.994135,5.530212,25.0,12.484804,14.072289,1
3835,1,383.4,95.492966,6.148583,26.88172,5.769111,25.0,12.484804,14.072289,1
3836,1,383.5,95.492966,4.701857,17.106549,6.02235,25.0,12.121099,13.063774,1
3837,1,383.6,95.492966,3.345552,26.88172,6.391815,25.0,11.732375,11.980819,1
3838,1,383.7,95.492966,0.415934,21.994135,6.858747,25.0,12.623282,14.072289,1
3839,1,383.8,95.492966,0.452102,17.106549,7.157018,25.0,12.429532,14.072289,1
3840,1,383.9,95.492966,1.265885,17.106549,7.271587,25.0,12.42991,14.072289,1
3841,1,384.0,95.492966,2.170088,12.218964,7.369808,25.0,12.595734,14.156756,1
3842,1,384.1,95.492966,3.345552,12.218964,7.193307,25.0,12.540621,14.156756,1
3843,1,384.2,95.492966,0.904203,17.106549,6.982323,25.0,12.623707,14.156756,1
3844,1,384.3,95.492966,8.734604,26.88172,6.811916,25.0,12.457271,14.072289,1
3845,1,384.4,95.492966,4.502933,31.769306,6.616589,25.0,12.956876,14.410573,1
3846,1,384.5,95.492966,5.208211,21.994135,6.371601,25.0,13.095295,14.241292,1
3847,1,384.6,95.492966,9.494135,21.994135,5.944498,25.0,12.512353,14.072289,1
3848,1,384.7,95.492966,2.025415,12.218964,5.598899,25.0,12.484804,14.072289,1
3849,1,384.8,95.492966,6.347507,12.218964,4.9701,25.0,12.259306,13.147473,1
3850,1,384.9,95.492966,6.40176,17.106549,4.544272,25.0,11.870682,12.229922,1
3851,1,385.0,95.492966,6.347507,26.88172,4.149701,25.0,12.540508,14.156756,1
3852,1,385.1,95.492966,23.274194,26.88172,4.010353,25.0,12.484804,14.072289,1
3853,1,385.2,95.492966,6.184751,12.218964,4.078279,25.0,12.512465,14.072289,1
3854,1,385.3,95.492966,5.967742,21.994135,4.440043,25.0,12.177236,13.231233,1
3855,1,385.4,95.492966,9.494135,26.88172,4.962404,25.0,12.484804,14.072289,1
3856,1,385.5,95.492966,8.589932,17.106549,5.133245,25.0,12.512465,14.072289,1
3857,1,385.6,95.492966,4.93695,12.218964,5.722964,25.0,12.790173,14.325898,1
3858,1,385.7,95.492966,4.177419,26.88172,5.966159,25.0,12.429532,14.072289,1
3859,1,385.8,95.492966,10.904692,17.106549,6.399285,25.0,11.935601,14.156756,1
3860,1,385.9,95.492966,4.521017,17.106549,6.982323,25.0,12.512465,14.072289,1
3861,1,386.0,95.492966,3.255132,12.218964,7.698917,25.0,12.42856,13.903557,1
3862,1,386.1,95.492966,1.085044,12.218964,8.044868,25.0,12.484804,14.072289,1
3863,1,386.2,95.492966,0.48827,17.106549,8.12641,25.0,12.512465,14.072289,1
3864,1,386.3,95.492966,0.632942,21.994135,7.642862,25.0,12.484804,14.072289,1
3865,1,386.4,95.492966,1.247801,17.106549,7.201936,25.0,12.484804,14.072289,1
3866,1,386.5,95.492966,2.115836,17.106549,6.947338,25.0,12.540508,14.156756,1
3867,1,386.6,95.492966,4.792278,21.994135,6.527901,25.0,12.706699,14.241292,1
3868,1,386.7,95.492966,3.472141,12.218964,6.096859,25.0,12.56817,14.156756,1
3869,1,386.8,95.492966,10.000489,21.994135,5.723381,25.0,12.484804,14.072289,1
3870,1,386.9,95.492966,8.04741,21.994135,5.323319,25.0,12.484804,14.072289,1
3871,1,387.0,95.492966,5.370968,21.994135,5.011265,25.0,12.934593,15.090596,1
3872,1,387.1,95.492966,1.862659,17.106549,4.642049,25.0,12.93732,15.346854,1
3873,1,387.2,95.492966,9.403715,17.106549,4.080622,25.0,12.484804,14.072289,1
3874,1,387.3,95.492966,5.642229,17.106549,3.774058,25.0,12.568299,14.156756,1
3875,1,387.4,95.492966,9.674976,12.218964,3.733968,25.0,12.512353,14.072289,1
3876,1,387.5,95.492966,9.765396,21.994135,3.926073,25.0,12.818398,14.410573,1
3877,1,387.6,95.492966,9.403715,21.994135,4.361331,25.0,12.649842,13.987889,1
3878,1,387.7,95.492966,5.370968,17.106549,4.961441,25.0,12.484804,14.072289,1
3879,1,387.8,95.492966,4.882698,12.218964,5.204877,25.0,12.484804,14.072289,1
3880,1,387.9,95.492966,4.177419,26.88172,5.388438,25.0,12.120752,12.980133,1
3881,1,388.0,95.492966,5.877322,17.106549,5.695348,25.0,11.649589,11.980819,1
3882,1,388.1,95.492966,2.766862,12.218964,6.177046,25.0,12.51296,14.156756,1
3883,1,388.2,95.492966,1.898827,17.106549,6.581475,25.0,12.512465,14.072289,1
3884,1,388.3,95.492966,0.97654,26.88172,6.874403,25.0,12.512465,14.072289,1
3885,1,388.4,95.492966,0.126588,12.218964,7.016112,25.0,12.12148,13.147473,1
3886,1,388.5,95.492966,1.356305,21.994135,7.239321,25.0,12.239878,14.325898,1
3887,1,388.6,95.492966,1.356305,17.106549,7.339276,25.0,12.540621,14.156756,1
3888,1,388.7,95.492966,3.345552,17.106549,7.329504,25.0,12.484804,14.072289,1
3889,1,388.8,95.492966,0.922287,17.106549,6.890369,25.0,12.706581,14.072289,1
3890,1,388.9,95.492966,12.930108,12.218964,6.700183,25.0,12.484804,14.072289,1
3891,1,389.0,95.492966,7.685728,17.106549,6.460586,25.0,12.512465,14.072289,1
3892,1,389.1,95.492966,8.861193,26.88172,6.407492,25.0,12.51296,14.156756,1
3893,1,389.2,95.492966,6.021994,21.994135,6.018382,25.0,12.512465,14.072289,1
3894,1,389.3,95.492966,10.217498,17.106549,5.498588,25.0,12.484804,14.072289,1
3895,1,389.4,95.492966,2.061584,17.106549,4.825238,25.0,12.512465,14.072289,1
3896,1,389.5,95.492966,6.618768,21.994135,4.667708,25.0,12.484932,14.072289,1
3897,1,389.6,95.492966,10.76002,12.218964,4.168655,25.0,12.512465,14.072289,1
3898,1,389.7,95.492966,6.184751,26.88172,3.910832,25.0,12.124715,13.819292,1
3899,1,389.8,95.492966,2.025415,17.106549,4.054782,25.0,12.512465,14.072289,1
3900,1,389.9,95.492966,9.855816,17.106549,4.466863,25.0,12.512465,14.072289,1
3901,1,390.0,95.492966,9.313294,21.994135,5.009835,25.0,12.484804,14.072289,1
3902,1,390.1,95.492966,5.208211,21.994135,5.181878,25.0,12.681748,14.580138,1
3903,1,390.2,95.492966,1.681818,12.218964,5.760824,25.0,14.191427,19.109174,1
3904,1,390.3,95.492966,6.962366,21.994135,6.090587,25.0,12.45716,14.072289,1
3905,1,390.4,95.492966,3.526393,26.88172,6.439846,25.0,12.817909,14.072289,1
3906,1,390.5,95.492966,4.701857,17.106549,6.932537,25.0,12.512353,14.072289,1
3907,1,390.6,95.492966,3.345552,21.994135,7.806761,25.0,12.90202,14.49532,1
3908,1,390.7,95.492966,1.356305,17.106549,7.791139,25.0,12.597001,14.325898,1
3909,1,390.8,95.492966,0.723363,21.994135,8.090763,25.0,12.484804,14.072289,1
3910,1,390.9,95.492966,0.542522,21.994135,7.474731,25.0,12.484804,14.072289,1
3911,1,391.0,95.492966,2.441349,17.106549,7.150673,25.0,12.122069,13.231233,1
3912,1,391.1,95.492966,2.332845,21.994135,6.908719,25.0,11.760036,12.063802,1
3913,1,391.2,95.492966,4.792278,17.106549,6.527901,25.0,12.540621,14.156756,1
3914,1,391.3,95.492966,5.696481,17.106549,6.052027,25.0,12.484804,14.072289,1
3915,1,391.4,95.492966,4.340176,17.106549,5.649867,25.0,12.45716,14.072289,1
3916,1,391.5,95.492966,14.81085,17.106549,5.253302,25.0,12.931059,14.49532,1
3917,1,391.6,95.492966,9.132454,17.106549,4.96096,25.0,11.750483,14.410573,1
3918,1,391.7,95.492966,9.494135,17.106549,4.652843,25.0,12.56817,14.156756,1
3919,1,391.8,95.492966,5.750733,21.994135,4.142211,25.0,12.484804,14.072289,1
3920,1,391.9,95.492966,5.804985,17.106549,3.831225,25.0,12.45716,14.072289,1
3921,1,392.0,95.492966,5.804985,7.331378,3.74036,25.0,12.512465,14.072289,1
3922,1,392.1,95.492966,5.859238,17.106549,3.967232,25.0,12.484332,13.987889,1
3923,1,392.2,95.492966,5.696481,17.106549,4.487671,25.0,12.374325,14.072289,1
3924,1,392.3,95.492966,8.680352,21.994135,4.965772,25.0,12.512353,14.072289,1
3925,1,392.4,95.492966,7.956989,17.106549,5.05304,25.0,12.484804,14.072289,1
3926,1,392.5,95.492966,6.871945,7.331378,5.28142,25.0,12.512465,14.072289,1
3927,1,392.6,95.492966,8.608016,21.994135,6.021954,25.0,12.456671,13.987889,1
3928,1,392.7,95.492966,4.611437,12.218964,6.110948,25.0,12.484804,14.072289,1
3929,1,392.8,95.492966,2.007331,26.88172,6.391815,25.0,12.260801,13.48288,1
3930,1,392.9,95.492966,1.537146,26.88172,6.767938,25.0,12.483245,13.819292,1
3931,1,393.0,95.492966,0.108504,26.88172,7.327549,25.0,12.484804,14.072289,1
3932,1,393.1,95.492966,1.265885,21.994135,7.340577,25.0,12.512353,14.072289,1
3933,1,393.2,95.492966,1.989247,21.994135,7.362674,25.0,12.45716,14.072289,1
3934,1,393.3,95.492966,3.435973,17.106549,7.165357,25.0,12.203972,13.063774,1
3935,1,393.4,95.492966,5.153959,21.994135,7.078145,25.0,12.512465,14.072289,1
3936,1,393.5,95.492966,3.526393,17.106549,6.634976,25.0,12.486244,14.241292,1
3937,1,393.6,95.492966,10.380254,17.106549,6.445778,25.0,12.484804,14.072289,1
3938,1,393.7,95.492966,5.045455,21.994135,6.170081,25.0,12.429532,14.072289,1
3939,1,393.8,95.492966,10.127077,17.106549,5.907815,25.0,12.51296,14.156756,1
3940,1,393.9,95.492966,6.239003,17.106549,5.499022,25.0,12.512465,14.072289,1
3941,1,394.0,95.492966,6.40176,26.88172,4.859769,25.0,12.540621,14.156756,1
3942,1,394.1,95.492966,10.488759,7.331378,4.390809,25.0,12.429532,14.072289,1
3943,1,394.2,95.492966,2.097752,12.218964,4.060081,25.0,12.65103,14.072289,1
3944,1,394.3,95.492966,6.40176,36.656891,4.045935,25.0,12.484804,14.072289,1
3945,1,394.4,95.492966,10.217498,26.88172,4.076522,25.0,12.484804,14.072289,1
3946,1,394.5,95.492966,9.494135,21.994135,4.391353,25.0,12.651492,14.241292,1
3947,1,394.6,95.492966,5.262463,31.769306,4.916945,25.0,12.318143,13.903557,1
3948,1,394.7,95.492966,8.861193,21.994135,5.332734,25.0,12.734501,14.156756,1
3949,1,394.8,95.492966,11.013196,17.106549,5.826383,25.0,12.512465,14.072289,1
3950,1,394.9,95.492966,4.014663,21.994135,6.015206,25.0,12.512465,14.072289,1
3951,1,395.0,95.492966,3.363636,12.218964,6.43762,25.0,12.650909,14.156756,1
3952,1,395.1,95.492966,4.973118,17.106549,7.192975,25.0,12.484332,13.987889,1
3953,1,395.2,95.492966,3.345552,12.218964,7.875006,25.0,12.512353,14.072289,1
3954,1,395.3,95.492966,2.152004,21.994135,8.071548,25.0,12.484804,14.072289,1
3955,1,395.4,95.492966,0.0,17.106549,8.087219,25.0,12.344872,13.735092,1
3956,1,395.5,95.492966,1.537146,21.994135,7.456492,25.0,12.51296,14.156756,1
3957,1,395.6,95.492966,2.170088,17.106549,7.171689,25.0,12.315995,13.48288,1
3958,1,395.7,95.492966,4.810362,26.88172,6.838866,25.0,12.484804,14.072289,1
3959,1,395.8,95.492966,4.973118,17.106549,6.481996,25.0,12.484804,14.072289,1
3960,1,395.9,95.492966,6.148583,26.88172,6.021954,25.0,12.540621,14.156756,1
3961,1,396.0,95.492966,7.414467,21.994135,5.684432,25.0,12.512465,14.072289,1
3962,1,396.1,95.492966,4.991202,21.994135,5.246932,25.0,12.512465,14.072289,1
3963,1,396.2,95.492966,5.208211,26.88172,4.81483,25.0,12.484804,14.072289,1
3964,1,396.3,95.492966,9.313294,17.106549,4.472208,25.0,12.512465,14.072289,1
3965,1,396.4,95.492966,9.946237,26.88172,4.236299,25.0,12.56817,14.156756,1
3966,1,396.5,95.492966,5.804985,21.994135,3.816231,25.0,12.344872,13.735092,1
3967,1,396.6,95.492966,9.674976,17.106549,3.751839,25.0,12.512353,14.072289,1
3968,1,396.7,95.492966,9.494135,21.994135,3.903495,25.0,12.484804,14.072289,1
3969,1,396.8,95.492966,5.750733,17.106549,4.457226,25.0,12.288334,13.48288,1
3970,1,396.9,95.492966,5.153959,17.106549,4.866155,25.0,12.56817,14.156756,1
3971,1,397.0,95.492966,8.22825,21.994135,5.532371,25.0,12.34542,13.819292,1
3972,1,397.1,95.492966,7.052786,17.106549,5.555639,25.0,12.484804,14.072289,1
3973,1,397.2,95.492966,8.22825,21.994135,5.88594,25.0,12.512353,14.072289,1
3974,1,397.3,95.492966,4.430596,26.88172,6.090979,25.0,12.457413,14.072289,1
3975,1,397.4,95.492966,1.790323,17.106549,6.636776,25.0,12.908821,15.261356,1
3976,1,397.5,95.492966,1.356305,17.106549,6.899723,25.0,12.512353,14.072289,1
3977,1,397.6,95.492966,0.0,21.994135,7.257777,25.0,12.48422,13.987889,1
3978,1,397.7,95.492966,1.175464,26.88172,7.23503,25.0,12.540014,14.072289,1
3979,1,397.8,95.492966,1.573314,12.218964,7.287667,25.0,12.429752,14.072289,1
3980,1,397.9,95.492966,3.978495,46.432063,7.070041,25.0,12.679038,14.241292,1
3981,1,398.0,95.492966,5.244379,26.88172,7.054481,25.0,12.56817,14.156756,1
3982,1,398.1,95.492966,6.058162,21.994135,6.593442,25.0,12.264099,14.072289,1
3983,1,398.2,95.492966,7.324047,17.106549,6.275268,25.0,12.512465,14.072289,1
3984,1,398.3,95.492966,9.584555,21.994135,6.498927,25.0,12.511881,13.987889,1
3985,1,398.4,95.492966,6.239003,21.994135,6.001688,25.0,12.512353,14.072289,1
3986,1,398.5,95.492966,6.239003,12.218964,5.451028,25.0,12.795818,15.005331,1
3987,1,398.6,95.492966,10.488759,26.88172,4.726197,25.0,12.484804,14.072289,1
3988,1,398.7,95.492966,14.557674,21.994135,4.288421,25.0,12.484804,14.072289,1
3989,1,398.8,95.492966,10.127077,21.994135,3.875858,25.0,12.400472,13.819292,1
3990,1,398.9,95.492966,6.293255,17.106549,3.984057,25.0,12.540014,14.072289,1
3991,1,399.0,95.492966,18.228739,26.88172,4.152578,25.0,12.45716,14.072289,1
3992,1,399.1,95.492966,5.967742,17.106549,4.632261,25.0,12.45708,14.072289,1
3993,1,399.2,95.492966,9.313294,17.106549,5.15924,25.0,12.540014,14.072289,1
3994,1,399.3,95.492966,8.589932,12.218964,5.405259,25.0,12.623912,14.241292,1
3995,1,399.4,95.492966,7.776149,17.106549,5.719624,25.0,12.540014,14.072289,1
3996,1,399.5,95.492966,1.302053,21.994135,6.112902,25.0,12.512353,14.072289,1
3997,1,399.6,95.492966,3.472141,17.106549,6.525705,25.0,12.512353,14.072289,1
3998,1,399.7,95.492966,2.604106,26.88172,7.100385,25.0,12.037086,12.646151,1
3999,1,399.8,95.492966,1.627566,21.994135,7.943266,25.0,12.484332,13.987889,1
4000,1,399.9,95.492966,0.813783,12.218964,7.998112,25.0,13.224954,16.292739,1
4001,1,400.0,95.492966,0.632942,17.106549,8.124352,25.0,12.429532,14.072289,1
4002,1,400.1,95.492966,1.175464,17.106549,7.446233,25.0,12.540014,14.072289,1
4003,1,400.2,95.492966,2.441349,17.106549,7.082194,25.0,12.512465,14.072289,1
4004,1,400.3,95.492966,4.159335,26.88172,6.69733,25.0,12.540014,14.072289,1
4005,1,400.4,95.492966,4.882698,12.218964,6.372726,25.0,12.62455,14.325898,1
4006,1,400.5,95.492966,6.058162,21.994135,6.040174,25.0,12.512353,14.072289,1
4007,1,400.6,95.492966,7.324047,17.106549,5.577525,25.0,12.6231,14.072289,1
4008,1,400.7,95.492966,1.681818,21.994135,5.133245,25.0,12.42856,13.903557,1
4009,1,400.8,95.492966,9.042033,21.994135,4.8637,25.0,10.881801,12.063802,1
4010,1,400.9,95.492966,5.696481,21.994135,4.487671,25.0,12.540014,14.072289,1
4011,1,401.0,95.492966,9.403715,31.769306,3.961809,25.0,12.512353,14.072289,1
4012,1,401.1,95.492966,5.696481,26.88172,3.734608,25.0,12.429469,14.072289,1
4013,1,401.2,95.492966,9.855816,21.994135,3.82061,25.0,13.153266,14.072289,1
4014,1,401.3,95.492966,9.494135,21.994135,3.927898,25.0,12.512465,14.072289,1
4015,1,401.4,95.492966,12.532258,21.994135,4.361879,25.0,12.540014,14.072289,1
4016,1,401.5,95.492966,1.73607,21.994135,5.120664,25.0,12.291633,14.072289,1
4017,1,401.6,95.492966,7.504888,26.88172,5.204877,25.0,12.512353,14.072289,1
4018,1,401.7,95.492966,1.356305,17.106549,5.596766,25.0,13.322271,14.410573,1
4019,1,401.8,95.492966,3.526393,21.994135,5.75875,25.0,12.512353,14.072289,1
4020,1,401.9,95.492966,4.159335,21.994135,6.295791,25.0,12.540014,14.072289,1
4021,1,402.0,95.492966,1.790323,17.106549,6.636776,25.0,12.456671,13.987889,1
4022,1,402.1,95.492966,1.265885,17.106549,7.069365,25.0,12.540014,14.072289,1
4023,1,402.2,95.492966,0.271261,17.106549,7.155348,25.0,12.540014,14.072289,1
4024,1,402.3,95.492966,1.537146,26.88172,7.31319,25.0,12.540014,14.072289,1
4025,1,402.4,95.492966,1.681818,26.88172,7.434032,25.0,12.57092,14.49532,1
4026,1,402.5,95.492966,2.115836,31.769306,7.273558,25.0,12.429027,13.987889,1
4027,1,402.6,95.492966,2.766862,26.88172,6.957302,25.0,12.071772,14.072289,1
4028,1,402.7,95.492966,6.419844,12.218964,6.578207,25.0,12.484804,14.072289,1
4029,1,402.8,95.492966,8.13783,17.106549,6.570577,25.0,12.345577,13.819292,1
4030,1,402.9,95.492966,5.642229,12.218964,6.460586,25.0,12.484804,14.072289,1
4031,1,403.0,95.492966,9.946237,17.106549,5.810371,25.0,12.540014,14.072289,1
4032,1,403.1,95.492966,9.946237,12.218964,5.15924,25.0,12.512353,14.072289,1
4033,1,403.2,95.492966,6.347507,12.218964,4.811852,25.0,12.540014,14.072289,1
4034,1,403.3,95.492966,10.94086,17.106549,4.506264,25.0,12.343998,13.566886,1
4035,1,403.4,95.492966,10.579179,21.994135,4.062433,25.0,12.512465,14.072289,1
4036,1,403.5,95.492966,6.40176,21.994135,4.081207,25.0,12.648577,13.735092,1
4037,1,403.6,95.492966,33.817204,12.218964,4.116177,25.0,12.512465,14.072289,1
4038,1,403.7,95.492966,9.674976,17.106549,4.568912,25.0,12.512353,14.072289,1
4039,1,403.8,95.492966,13.038612,21.994135,5.15924,25.0,12.512353,14.072289,1
4040,1,403.9,95.492966,8.861193,21.994135,5.440939,25.0,12.540014,14.072289,1
4041,1,404.0,95.492966,7.776149,21.994135,5.83867,25.0,12.596348,14.241292,1
4042,1,404.1,95.492966,1.356305,17.106549,6.24971,25.0,12.484708,14.072289,1
4043,1,404.2,95.492966,5.877322,26.88172,6.569849,25.0,13.069065,14.072289,1
4044,1,404.3,95.492966,4.249756,12.218964,7.193639,25.0,12.511881,13.987889,1
4045,1,404.4,95.492966,1.73607,41.544477,7.883798,25.0,12.762528,14.325898,1
4046,1,404.5,95.492966,1.627566,12.218964,8.108459,25.0,12.512465,14.072289,1
4047,1,404.6,95.492966,0.162757,17.106549,8.191118,25.0,12.512353,14.072289,1
4048,1,404.7,95.492966,0.651026,21.994135,7.478565,25.0,12.540014,14.072289,1
4049,1,404.8,95.492966,2.62219,17.106549,7.023598,25.0,12.514289,14.325898,1
4050,1,404.9,95.492966,4.249756,7.331378,6.806303,25.0,12.76755,14.920143,1
4051,1,405.0,95.492966,2.983871,12.218964,6.350194,25.0,12.540014,14.072289,1
4052,1,405.1,95.492966,8.608016,17.106549,5.958546,25.0,12.65083,14.072289,1
4053,1,405.2,95.492966,7.414467,17.106549,5.56552,25.0,12.429532,14.072289,1
4054,1,405.3,95.492966,5.099707,17.106549,5.181878,25.0,12.623912,14.241292,1
4055,1,405.4,95.492966,1.862659,7.331378,4.868119,25.0,12.540014,14.072289,1
4056,1,405.5,95.492966,9.042033,21.994135,4.28675,25.0,12.484708,14.072289,1
4057,1,405.6,95.492966,9.313294,21.994135,3.889394,25.0,12.540014,14.072289,1
4058,1,405.7,95.492966,9.946237,26.88172,3.875858,25.0,12.540014,14.072289,1
4059,1,405.8,95.492966,12.785435,21.994135,3.529399,25.0,12.679628,14.325898,1
4060,1,405.9,95.492966,1.953079,21.994135,4.088809,25.0,12.539445,13.987889,1
4061,1,406.0,95.492966,13.291789,21.994135,4.61055,25.0,12.512353,14.072289,1
4062,1,406.1,95.492966,5.153959,21.994135,5.124395,25.0,12.540014,14.072289,1
4063,1,406.2,95.492966,7.414467,12.218964,5.099628,25.0,12.288462,13.48288,1
4064,1,406.3,95.492966,3.851906,56.207234,5.410118,25.0,13.040639,14.49532,1
4065,1,406.4,95.492966,5.606061,31.769306,6.007258,25.0,12.540014,14.072289,1
4066,1,406.5,95.492966,4.249756,26.88172,6.404882,25.0,12.540014,14.072289,1
4067,1,406.6,95.492966,1.627566,12.218964,6.585103,25.0,12.567692,14.072289,1
4068,1,406.7,95.492966,0.48827,12.218964,6.886207,25.0,12.765158,14.665029,1
4069,1,406.8,95.492966,0.271261,21.994135,7.293565,25.0,13.194922,16.119998,1
4070,1,406.9,95.492966,2.025415,17.106549,7.414082,25.0,11.71656,14.072289,1
4071,1,407.0,95.492966,1.627566,12.218964,7.326571,25.0,12.512353,14.072289,1
4072,1,407.1,95.492966,4.159335,21.994135,7.152343,25.0,12.512465,14.072289,1
4073,1,407.2,95.492966,5.3348,17.106549,6.964852,25.0,12.677992,14.072289,1
4074,1,407.3,95.492966,6.600684,21.994135,6.539966,25.0,12.955217,14.072289,1
4075,1,407.4,95.492966,4.44868,17.106549,6.259641,25.0,12.540014,14.072289,1
4076,1,407.5,95.492966,13.038612,17.106549,6.355083,25.0,12.540014,14.072289,1
4077,1,407.6,95.492966,10.488759,12.218964,5.998503,25.0,12.23252,13.315054,1
4078,1,407.7,95.492966,10.669599,17.106549,5.319279,25.0,12.540014,14.072289,1
4079,1,407.8,95.492966,10.398338,21.994135,4.641534,25.0,12.708507,14.49532,1
4080,1,407.9,95.492966,6.239003,17.106549,4.235735,25.0,12.512353,14.072289,1
4081,1,408.0,95.492966,6.293255,17.106549,4.012735,25.0,12.512353,14.072289,1
4082,1,408.1,95.492966,10.398338,17.106549,3.983457,25.0,12.567578,14.072289,1
4083,1,408.2,95.492966,5.967742,21.994135,4.088809,25.0,12.540014,14.072289,1
4084,1,408.3,95.492966,9.765396,17.106549,4.787963,25.0,12.540014,14.072289,1
4085,1,408.4,95.492966,9.042033,17.106549,5.114596,25.0,12.540014,14.072289,1
4086,1,408.5,95.492966,8.861193,12.218964,5.495546,25.0,12.595387,14.072289,1
4087,1,408.6,95.492966,7.595308,17.106549,5.744213,25.0,12.511784,13.987889,1
4088,1,408.7,95.492966,3.906158,21.994135,6.112902,25.0,12.302687,15.005331,1
4089,1,408.8,95.492966,5.42522,26.88172,6.678041,25.0,12.540014,14.072289,1
4090,1,408.9,95.492966,4.430596,17.106549,7.478565,25.0,12.429469,14.072289,1
4091,1,409.0,95.492966,3.164712,12.218964,8.001098,25.0,12.512353,14.072289,1
4092,1,409.1,95.492966,0.904203,17.106549,8.231266,25.0,12.540014,14.072289,1
4093,1,409.2,95.492966,0.108504,17.106549,7.949579,25.0,12.540014,14.072289,1
4094,1,409.3,95.492966,0.651026,26.88172,7.547562,25.0,12.540014,14.072289,1
4095,1,409.4,95.492966,2.62219,17.106549,7.091969,25.0,12.540014,14.072289,1
4096,1,409.5,95.492966,2.495601,12.218964,6.69733,25.0,12.623912,14.241292,1
4097,1,409.6,95.492966,5.51564,17.106549,6.286298,25.0,12.595734,14.156756,1
4098,1,409.7,95.492966,6.510264,21.994135,5.889997,25.0,12.540014,14.072289,1
4099,1,409.8,95.492966,19.512708,26.88172,5.436546,25.0,12.512353,14.072289,1
4100,1,409.9,95.492966,5.099707,17.106549,5.075682,25.0,12.512353,14.072289,1
4101,1,410.0,95.492966,5.479472,26.88172,4.81731,25.0,12.595734,14.156756,1
4102,1,410.1,95.492966,6.076246,12.218964,4.522668,25.0,12.567578,14.072289,1
4103,1,410.2,95.492966,5.696481,17.106549,3.953359,25.0,12.540014,14.072289,1
4104,1,410.3,95.492966,5.696481,21.994135,3.690855,25.0,12.401874,14.072289,1
4105,1,410.4,95.492966,9.494135,21.994135,3.710222,25.0,12.512353,14.072289,1
4106,1,410.5,95.492966,9.855816,17.106549,4.161773,25.0,12.343544,13.48288,1
4107,1,410.6,95.492966,5.696481,21.994135,4.568912,25.0,12.540014,14.072289,1
4108,1,410.7,95.492966,4.991202,21.994135,5.084616,25.0,12.880348,15.175937,1
4109,1,410.8,95.492966,4.557185,21.994135,5.252847,25.0,12.512353,14.072289,1
4110,1,410.9,95.492966,1.265885,26.88172,5.610833,25.0,12.512353,14.072289,1
4111,1,411.0,95.492966,3.146628,21.994135,5.76414,25.0,12.205002,13.315054,1
4112,1,411.1,95.492966,2.495601,17.106549,6.429451,25.0,12.937208,15.346854,1
4113,1,411.2,95.492966,2.62219,26.88172,6.681975,25.0,12.567692,14.072289,1
4114,1,411.3,95.492966,0.651026,26.88172,7.064633,25.0,12.512353,14.072289,1
4115,1,411.4,95.492966,0.542522,21.994135,7.19065,25.0,12.512465,14.072289,1
4116,1,411.5,95.492966,1.085044,21.994135,7.356182,25.0,12.540014,14.072289,1
4117,1,411.6,95.492966,2.71261,21.994135,7.258106,25.0,12.540014,14.072289,1
4118,1,411.7,95.492966,2.22434,17.106549,7.082869,25.0,12.401874,14.072289,1
4119,1,411.8,95.492966,5.3348,21.994135,6.898685,25.0,12.540014,14.072289,1
4120,1,411.9,95.492966,6.600684,17.106549,6.60394,25.0,12.512353,14.072289,1
4121,1,412.0,95.492966,4.665689,17.106549,6.383961,25.0,12.957098,14.072289,1
4122,1,412.1,95.492966,9.584555,21.994135,6.215214,25.0,12.540014,14.072289,1
4123,1,412.2,95.492966,10.217498,17.106549,5.800495,25.0,12.540014,14.072289,1
4124,1,412.3,95.492966,10.669599,17.106549,5.319279,25.0,12.540014,14.072289,1
4125,1,412.4,95.492966,10.127077,17.106549,4.498836,25.0,12.236626,14.072289,1
4126,1,412.5,95.492966,6.239003,12.218964,4.210847,25.0,12.706345,14.072289,1
4127,1,412.6,95.492966,6.564516,12.218964,4.179529,25.0,12.540014,14.072289,1
4128,1,412.7,95.492966,10.669599,17.106549,4.102225,25.0,12.596348,14.241292,1
4129,1,412.8,95.492966,10.307918,12.218964,4.328343,25.0,12.512465,14.072289,1
4130,1,412.9,95.492966,5.642229,12.218964,4.682016,25.0,12.373383,13.903557,1
4131,1,413.0,95.492966,9.042033,12.218964,5.21817,25.0,12.567692,14.072289,1
4132,1,413.1,95.492966,5.099707,17.106549,5.580523,25.0,12.540014,14.072289,1
4133,1,413.2,95.492966,7.504888,21.994135,5.817356,25.0,12.540014,14.072289,1
4134,1,413.3,95.492966,4.068915,21.994135,6.24971,25.0,12.595157,14.072289,1
4135,1,413.4,95.492966,5.3348,21.994135,6.568759,25.0,12.153455,13.987889,1
4136,1,413.5,95.492966,4.521017,12.218964,7.452646,25.0,12.540014,14.072289,1
4137,1,413.6,95.492966,2.893451,17.106549,8.089286,25.0,12.73413,14.072289,1
4138,1,413.7,95.492966,0.144673,21.994135,8.159853,25.0,12.540014,14.072289,1
4139,1,413.8,95.492966,0.054252,17.106549,7.914645,25.0,12.540014,14.072289,1
4140,1,413.9,95.492966,1.356305,12.218964,7.382115,25.0,12.512465,14.072289,1
4141,1,414.0,95.492966,1.627566,17.106549,7.062942,25.0,12.540014,14.072289,1
4142,1,414.1,95.492966,2.495601,17.106549,6.69733,25.0,12.48422,13.987889,1
4143,1,414.2,95.492966,5.606061,26.88172,6.265744,25.0,11.677234,12.063802,1
4144,1,414.3,95.492966,6.510264,17.106549,5.952529,25.0,12.595157,14.072289,1
4145,1,414.4,95.492966,4.557185,36.656891,5.484233,25.0,11.958069,13.566886,1
4146,1,414.5,95.492966,8.04741,21.994135,4.885263,25.0,12.567692,14.072289,1
4147,1,414.6,95.492966,9.222874,17.106549,4.819293,25.0,12.512353,14.072289,1
4148,1,414.7,95.492966,9.403715,26.88172,4.323373,25.0,12.540014,14.072289,1
4149,1,414.8,95.492966,9.584555,17.106549,3.998421,25.0,12.541266,14.241292,1
4150,1,414.9,95.492966,1.826491,17.106549,3.56308,25.0,12.400916,13.903557,1
4151,1,415.0,95.492966,9.494135,17.106549,3.763917,25.0,12.540014,14.072289,1
4152,1,415.1,95.492966,9.494135,17.106549,4.127189,25.0,12.650446,13.987889,1
4153,1,415.2,95.492966,5.479472,17.106549,4.544798,25.0,12.373666,13.903557,1
4154,1,415.3,95.492966,4.991202,17.106549,5.084616,25.0,12.540014,14.072289,1
4155,1,415.4,95.492966,4.44868,17.106549,5.330494,25.0,12.456221,13.903557,1
4156,1,415.5,95.492966,8.861193,21.994135,5.673074,25.0,12.511881,13.987889,1
4157,1,415.6,95.492966,3.255132,17.106549,5.982552,25.0,12.540014,14.072289,1
4158,1,415.7,95.492966,2.332845,21.994135,6.236318,25.0,12.540014,14.072289,1
4159,1,415.8,95.492966,1.302053,26.88172,6.760169,25.0,12.569468,14.325898,1
4160,1,415.9,95.492966,0.198925,26.88172,7.09702,25.0,12.787958,13.903557,1
4161,1,416.0,95.492966,0.271261,17.106549,7.362674,25.0,12.567254,13.987889,1
4162,1,416.1,95.492966,1.085044,17.106549,7.356182,25.0,12.540014,14.072289,1
4163,1,416.2,95.492966,3.074291,17.106549,7.210224,25.0,12.540014,14.072289,1
4164,1,416.3,95.492966,2.441349,21.994135,7.17868,25.0,12.649859,13.987889,1
4165,1,416.4,95.492966,5.3348,21.994135,6.898685,25.0,12.78675,13.566886,1
4166,1,416.5,95.492966,8.987781,26.88172,6.385832,25.0,12.540014,14.072289,1
4167,1,416.6,95.492966,18.102151,26.88172,6.3746,25.0,12.48422,13.987889,1
4168,1,416.7,95.492966,5.859238,17.106549,6.255823,25.0,12.202999,12.813028,1
4169,1,416.8,95.492966,10.398338,21.994135,5.695348,25.0,12.540014,14.072289,1
4170,1,416.9,95.492966,5.750733,36.656891,5.156461,25.0,12.400599,13.819292,1
4171,1,417.0,95.492966,6.239003,21.994135,4.535326,25.0,12.540014,14.072289,1
4172,1,417.1,95.492966,6.293255,17.106549,4.20801,25.0,12.512353,14.072289,1
4173,1,417.2,95.492966,10.669599,21.994135,4.064785,25.0,12.540014,14.072289,1
4174,1,417.3,95.492966,6.456012,21.994135,4.168655,25.0,12.596348,14.241292,1
4175,1,417.4,95.492966,6.076246,17.106549,4.296769,25.0,12.56817,14.156756,1
4176,1,417.5,95.492966,5.642229,17.106549,4.866155,25.0,12.401874,14.072289,1
4177,1,417.6,95.492966,1.844575,26.88172,5.26375,25.0,12.48422,13.987889,1
4178,1,417.7,95.492966,8.22825,21.994135,5.436107,25.0,12.511881,13.987889,1
4179,1,417.8,95.492966,7.324047,17.106549,5.783999,25.0,12.709297,14.580138,1
4180,1,417.9,95.492966,6.691105,26.88172,6.330603,25.0,13.453618,16.813103,1
4181,1,418.0,95.492966,5.3348,26.88172,6.766526,25.0,12.512353,14.072289,1
4182,1,418.1,95.492966,4.340176,21.994135,7.437245,25.0,12.512353,14.072289,1
4183,1,418.2,95.492966,2.441349,21.994135,7.96519,25.0,12.511881,13.987889,1
4184,1,418.3,95.492966,0.361681,17.106549,8.018694,25.0,12.540014,14.072289,1
4185,1,418.4,95.492966,0.271261,12.218964,7.91555,25.0,12.345014,13.735092,1
4186,1,418.5,95.492966,0.813783,17.106549,7.31319,25.0,12.540014,14.072289,1
4187,1,418.6,95.492966,3.074291,17.106549,7.017133,25.0,12.540014,14.072289,1
4188,1,418.7,95.492966,4.340176,17.106549,6.647566,25.0,12.595734,14.156756,1
4189,1,418.8,95.492966,5.51564,21.994135,6.286298,25.0,12.709297,14.580138,1
4190,1,418.9,95.492966,6.510264,12.218964,5.827613,25.0,12.540014,14.072289,1
4191,1,419.0,95.492966,10.633431,17.106549,5.368007,25.0,12.319181,14.072289,1
4192,1,419.1,95.492966,8.499511,17.106549,5.023168,25.0,12.512353,14.072289,1
4193,1,419.2,95.492966,9.132454,26.88172,4.633292,25.0,12.540014,14.072289,1
4194,1,419.3,95.492966,5.533724,17.106549,4.343219,25.0,12.567578,14.072289,1
4195,1,419.4,95.492966,5.750733,21.994135,3.924247,25.0,12.540014,14.072289,1
4196,1,419.5,95.492966,5.696481,17.106549,3.671387,25.0,12.428947,13.987889,1
4197,1,419.6,95.492966,5.750733,21.994135,3.775324,25.0,12.287602,13.315054,1
4198,1,419.7,95.492966,9.494135,21.994135,4.095814,25.0,12.56817,14.156756,1
4199,1,419.8,95.492966,9.042033,17.106549,4.721645,25.0,12.540014,14.072289,1
4200,1,419.9,95.492966,8.409091,21.994135,5.133245,25.0,12.540014,14.072289,1
4201,1,420.0,95.492966,7.052786,17.106549,5.316583,25.0,12.511881,13.987889,1
4202,1,420.1,95.492966,3.634897,17.106549,5.534961,25.0,12.372533,13.735092,1
4203,1,420.2,95.492966,2.875367,12.218964,6.000096,25.0,12.541266,14.241292,1
4204,1,420.3,95.492966,2.441349,17.106549,6.454297,25.0,13.094138,13.903557,1
4205,1,420.4,95.492966,1.464809,21.994135,6.739996,25.0,12.567692,14.072289,1
4206,1,420.5,95.492966,0.994624,17.106549,7.028018,25.0,12.540014,14.072289,1
4207,1,420.6,95.492966,1.356305,26.88172,7.308289,25.0,12.512465,14.072289,1
4208,1,420.7,95.492966,3.038123,17.106549,7.438529,25.0,12.540014,14.072289,1
4209,1,420.8,95.492966,3.435973,12.218964,7.301421,25.0,12.540014,14.072289,1
4210,1,420.9,95.492966,4.249756,26.88172,7.058882,25.0,12.540014,14.072289,1
4211,1,421.0,95.492966,3.472141,12.218964,6.852475,25.0,12.399954,13.735092,1
4212,1,421.1,95.492966,6.962366,17.106549,6.593804,25.0,12.511881,13.987889,1
4213,1,421.2,95.492966,5.045455,12.218964,6.468715,25.0,12.540014,14.072289,1
4214,1,421.3,95.492966,5.696481,21.994135,6.110948,25.0,12.540014,14.072289,1
4215,1,421.4,95.492966,14.684262,26.88172,5.744213,25.0,12.511881,13.987889,1
4216,1,421.5,95.492966,6.40176,17.106549,5.101502,25.0,12.540014,14.072289,1
4217,1,421.6,95.492966,10.307918,17.106549,4.522668,25.0,12.429469,14.072289,1
4218,1,421.7,95.492966,10.488759,17.106549,4.20801,25.0,12.761623,13.987889,1
4219,1,421.8,95.492966,10.669599,26.88172,4.053014,25.0,12.540014,14.072289,1
4220,1,421.9,95.492966,10.398338,17.106549,4.048886,25.0,12.020721,14.241292,1
4221,1,422.0,95.492966,10.127077,12.218964,4.394073,25.0,12.623313,14.156756,1
4222,1,422.1,95.492966,5.533724,12.218964,4.721645,25.0,12.48422,13.987889,1
4223,1,422.2,95.492966,5.370968,17.106549,5.221831,25.0,12.540014,14.072289,1
4224,1,422.3,95.492966,8.13783,17.106549,5.502063,25.0,12.540014,14.072289,1
4225,1,422.4,95.492966,7.143206,17.106549,5.935248,25.0,12.343998,13.566886,1
4226,1,422.5,95.492966,6.239003,21.994135,6.231719,25.0,12.567578,14.072289,1
4227,1,422.6,95.492966,5.3348,21.994135,6.964852,25.0,12.484708,14.072289,1
4228,1,422.7,95.492966,0.813783,26.88172,7.516798,25.0,11.66206,14.072289,1
4229,1,422.8,95.492966,2.260508,21.994135,8.163951,25.0,12.540014,14.072289,1
4230,1,422.9,95.492966,0.434018,31.769306,8.021673,25.0,12.511881,13.987889,1
4231,1,423.0,95.492966,0.180841,21.994135,7.879858,25.0,12.374294,14.072289,1
4232,1,423.1,95.492966,1.356305,21.994135,7.175352,25.0,12.512353,14.072289,1
4233,1,423.2,95.492966,3.345552,17.106549,7.001797,25.0,12.678579,14.072289,1
4234,1,423.3,95.492966,4.792278,12.218964,6.66049,25.0,12.511881,13.987889,1
4235,1,423.4,95.492966,3.526393,21.994135,6.270317,25.0,12.652114,14.325898,1
4236,1,423.5,95.492966,3.906158,21.994135,5.703312,25.0,12.512353,14.072289,1
4237,1,423.6,95.492966,7.595308,17.106549,5.368007,25.0,12.540014,14.072289,1
4238,1,423.7,95.492966,8.680352,17.106549,5.016982,25.0,12.511881,13.987889,1
4239,1,423.8,95.492966,9.313294,26.88172,4.730743,25.0,12.289466,13.650957,1
4240,1,423.9,95.492966,9.494135,21.994135,4.297325,25.0,12.567578,14.072289,1
4241,1,424.0,95.492966,13.418377,17.106549,3.88017,25.0,12.48422,13.987889,1
4242,1,424.1,95.492966,5.479472,17.106549,3.52669,25.0,12.540014,14.072289,1
4243,1,424.2,95.492966,9.855816,12.218964,3.898596,25.0,12.761623,13.987889,1
4244,1,424.3,95.492966,0.361681,17.106549,0.124609,25.0,12.540014,14.072289,1
4245,1,424.4,95.492966,0.452102,12.218964,0.142496,25.0,12.540014,14.072289,1
4246,1,424.5,95.492966,0.632942,21.994135,0.210223,25.0,12.540014,14.072289,1
4247,1,424.6,95.492966,0.271261,21.994135,0.142496,25.0,12.540014,14.072289,1
4248,1,424.7,95.492966,0.632942,12.218964,0.210223,25.0,12.540014,14.072289,1
4249,1,424.8,95.492966,0.542522,17.106549,0.172802,25.0,12.540014,14.072289,1
4250,1,424.9,95.492966,0.452102,21.994135,0.142496,25.0,12.540014,14.072289,1
4251,1,425.0,95.492966,0.434018,17.106549,0.251604,25.0,12.540014,14.072289,1
4252,1,425.1,95.492966,0.542522,21.994135,0.172802,25.0,12.540014,14.072289,1
4253,1,425.2,95.492966,0.325513,21.994135,0.172802,25.0,12.540014,14.072289,1
4254,1,425.3,95.492966,0.632942,26.88172,0.210223,25.0,12.540014,14.072289,1
4255,1,425.4,95.492966,0.325513,17.106549,0.186114,25.0,12.540014,14.072289,1
4256,1,425.5,95.492966,0.325513,21.994135,0.172802,25.0,12.540014,14.072289,1
4257,1,425.6,95.492966,0.632942,21.994135,0.210223,25.0,12.540014,14.072289,1
4258,1,425.7,95.492966,0.886119,21.994135,0.210223,25.0,12.540014,14.072289,1
4259,1,425.8,95.492966,0.452102,21.994135,0.142496,25.0,12.540014,14.072289,1
4260,1,425.9,95.492966,0.271261,26.88172,0.142496,25.0,12.540014,14.072289,1
4261,1,426.0,95.492966,0.542522,12.218964,0.186114,25.0,12.540014,14.072289,1
4262,1,426.1,95.492966,0.379765,12.218964,0.231839,25.0,12.540014,14.072289,1
4263,1,426.2,95.492966,0.325513,17.106549,0.172802,25.0,12.540014,14.072289,1
4264,1,426.3,95.492966,0.48827,21.994135,0.278635,25.0,12.540014,14.072289,1
4265,1,426.4,95.492966,0.217009,17.106549,0.103681,25.0,12.540014,14.072289,1
4266,1,426.5,95.492966,0.452102,17.106549,0.142496,25.0,12.540014,14.072289,1
4267,1,426.6,95.492966,0.48827,21.994135,0.278635,25.0,12.540014,14.072289,1
4268,1,426.7,95.492966,0.144673,17.106549,0.241923,25.0,12.540014,14.072289,1
4269,1,426.8,95.492966,0.542522,17.106549,0.186114,25.0,12.540014,14.072289,1
4270,1,426.9,95.492966,0.542522,21.994135,0.172802,25.0,12.540014,14.072289,1
4271,1,427.0,95.492966,0.723363,12.218964,0.251604,25.0,12.540014,14.072289,1
4272,1,427.1,95.492966,0.325513,21.994135,0.186114,25.0,12.540014,14.072289,1
4273,1,427.2,95.492966,0.452102,17.106549,0.142496,25.0,12.540014,14.072289,1
4274,1,427.3,95.492966,0.723363,21.994135,0.251604,25.0,12.511881,13.987889,1
4275,1,427.4,95.492966,0.452102,12.218964,0.142496,25.0,12.540014,14.072289,1
4276,1,427.5,95.492966,0.542522,12.218964,0.172802,25.0,12.540014,14.072289,1
4277,1,427.6,95.492966,0.180841,12.218964,0.07728,25.0,12.540014,14.072289,1
4278,1,427.7,95.492966,0.632942,21.994135,0.210223,25.0,12.540014,14.072289,1
4279,1,427.8,95.492966,0.217009,12.218964,0.124609,25.0,12.540014,14.072289,1
4280,1,427.9,95.492966,0.452102,21.994135,0.172802,25.0,12.540014,14.072289,1
4281,1,428.0,95.492966,0.379765,17.106549,0.210223,25.0,12.540014,14.072289,1
4282,1,428.1,95.492966,0.452102,12.218964,0.142496,25.0,12.540014,14.072289,1
4283,1,428.2,95.492966,0.452102,17.106549,0.142496,25.0,12.540014,14.072289,1
4284,1,428.3,95.492966,0.325513,12.218964,0.172802,25.0,12.540014,14.072289,1
4285,1,428.4,95.492966,0.542522,2.443793,0.172802,25.0,12.540014,14.072289,1
4286,1,428.5,95.492966,0.632942,7.331378,0.231839,25.0,12.540014,14.072289,1
4287,1,428.6,95.492966,0.452102,21.994135,0.142496,25.0,12.540014,14.072289,1
4288,1,428.7,95.492966,0.271261,17.106549,0.172802,25.0,12.540014,14.072289,1
4289,1,428.8,95.492966,0.452102,17.106549,0.142496,25.0,12.540014,14.072289,1
4290,1,428.9,95.492966,0.542522,12.218964,0.172802,25.0,12.540014,14.072289,1
4291,1,429.0,95.492966,0.271261,17.106549,0.142496,25.0,12.540014,14.072289,1
4292,1,429.1,95.492966,0.542522,17.106549,0.186114,25.0,12.540014,14.072289,1
4293,1,429.2,95.492966,0.542522,12.218964,0.172802,25.0,12.540014,14.072289,1
4294,1,429.3,95.492966,0.379765,17.106549,0.210223,25.0,12.540014,14.072289,1
4295,1,429.4,95.492966,0.632942,21.994135,0.210223,25.0,12.540014,14.072289,1
4296,2,429.5,95.492966,0.632942,31.769306,0.231839,25.0,12.702785,13.398936,0
4297,2,429.6,95.492966,0.632942,21.994135,0.210223,25.0,12.591898,13.398936,0
4298,2,429.7,95.492966,0.379765,17.106549,0.210223,25.0,12.536259,13.315054,0
4299,2,429.8,95.492966,0.271261,12.218964,0.866772,25.0,12.536525,13.398936,0
4300,2,429.9,95.492966,0.723363,21.994135,1.813354,25.0,12.900018,14.156756,0
4301,2,430.0,95.492966,0.542522,21.994135,2.287526,25.0,12.536259,13.315054,0
4302,2,430.1,95.492966,0.813783,21.994135,3.363746,25.0,12.536525,13.398936,0
4303,2,430.2,95.492966,0.723363,21.994135,3.74036,25.0,12.341585,12.980133,0
4304,2,430.3,95.492966,0.325513,31.769306,4.565251,25.0,12.536525,13.398936,0
4305,2,430.4,95.492966,0.632942,17.106549,5.360882,25.0,12.480954,13.315054,0
4306,2,430.5,95.492966,0.271261,21.994135,5.704149,25.0,12.619593,13.398936,0
4307,2,430.6,95.492966,0.325513,17.106549,6.016,25.0,12.1194,12.479497,0
4308,2,430.7,95.492966,0.596774,17.106549,6.264981,25.0,12.56422,13.398936,0
4309,2,430.8,95.492966,0.434018,21.994135,6.087448,25.0,12.508564,13.315054,0
4310,2,430.9,95.492966,0.361681,26.88172,6.152634,25.0,12.481219,13.398936,0
4311,2,431.0,95.492966,0.434018,7.331378,6.087448,25.0,12.563937,13.315054,0
4312,2,431.1,95.492966,1.085044,12.218964,5.818588,25.0,12.536525,13.398936,0
4313,2,431.2,95.492966,1.302053,26.88172,5.586512,25.0,12.536525,13.398936,0
4314,2,431.3,95.492966,1.681818,12.218964,5.524161,25.0,12.370539,13.315054,0
4315,2,431.4,95.492966,3.707234,21.994135,5.131848,25.0,12.508564,13.315054,0
4316,2,431.5,95.492966,4.882698,21.994135,4.915973,25.0,12.536525,13.398936,0
4317,2,431.6,95.492966,5.877322,17.106549,4.249811,25.0,12.536525,13.398936,0
4318,2,431.7,95.492966,3.634897,26.88172,3.504948,25.0,12.56422,13.398936,0
4319,2,431.8,95.492966,3.851906,12.218964,2.953048,25.0,12.536525,13.398936,0
4320,2,431.9,95.492966,3.960411,26.88172,2.61223,25.0,12.591898,13.398936,0
4321,2,432.0,95.492966,7.143206,17.106549,2.695937,25.0,12.508564,13.315054,0
4322,2,432.1,95.492966,7.052786,17.106549,2.855998,25.0,12.508564,13.315054,0
4323,2,432.2,95.492966,7.052786,21.994135,3.416594,25.0,12.536525,13.398936,0
4324,2,432.3,95.492966,4.123167,21.994135,3.545606,25.0,12.288786,13.398936,0
4325,2,432.4,95.492966,7.143206,21.994135,3.69215,25.0,12.59165,13.315054,0
4326,2,432.5,95.492966,6.781525,17.106549,3.496759,25.0,12.592201,13.48288,0
4327,2,432.6,95.492966,6.510264,21.994135,3.397663,25.0,12.56422,13.398936,0
4328,2,432.7,95.492966,6.329423,17.106549,3.348085,25.0,12.536242,13.315054,0
4329,2,432.8,95.492966,5.696481,17.106549,2.957898,25.0,12.536259,13.315054,0
4330,2,432.9,95.492966,4.792278,12.218964,2.469319,25.0,12.536259,13.315054,0
4331,2,433.0,95.492966,3.797654,21.994135,1.84081,25.0,12.536525,13.398936,0
4332,2,433.1,95.492966,1.681818,17.106549,1.349629,25.0,12.536259,13.315054,0
4333,2,433.2,95.492966,1.808407,21.994135,0.815656,25.0,12.370805,13.398936,0
4334,2,433.3,95.492966,0.542522,21.994135,0.318632,25.0,12.508864,13.398936,0
4335,2,433.4,95.492966,0.325513,21.994135,0.172802,25.0,12.56422,13.398936,0
4336,2,433.5,95.492966,0.217009,21.994135,0.124609,25.0,12.56422,13.398936,0
4337,2,433.6,95.492966,0.813783,21.994135,0.278635,25.0,12.508598,13.315054,0
4338,2,433.7,95.492966,0.452102,21.994135,0.142496,25.0,12.59165,13.315054,0
4339,2,433.8,95.492966,0.325513,26.88172,0.172802,25.0,12.732427,13.903557,0
4340,2,433.9,95.492966,0.542522,17.106549,0.172802,25.0,12.480624,13.231233,0
4341,2,434.0,95.492966,0.542522,21.994135,0.172802,25.0,12.315692,13.398936,0
4342,2,434.1,95.492966,0.452102,17.106549,0.172802,25.0,12.481219,13.398936,0
4343,2,434.2,95.492966,0.108504,17.106549,0.186114,25.0,12.536525,13.398936,0
4344,2,434.3,95.492966,0.542522,21.994135,0.186114,25.0,12.564506,13.48288,0
4345,2,434.4,95.492966,0.542522,17.106549,0.779719,25.0,12.508564,13.315054,0
4346,2,434.5,95.492966,0.325513,21.994135,1.805432,25.0,12.480903,13.315054,0
4347,2,434.6,95.492966,0.632942,21.994135,2.462538,25.0,12.508564,13.315054,0
4348,2,434.7,95.492966,1.012708,21.994135,3.395553,25.0,12.174828,12.562796,0
4349,2,434.8,95.492966,0.723363,17.106549,4.016305,25.0,12.592508,13.566886,0
4350,2,434.9,95.492966,0.632942,12.218964,4.73932,25.0,13.263143,14.410573,0
4351,2,435.0,95.492966,0.325513,17.106549,5.25603,25.0,12.536242,13.315054,0
4352,2,435.1,95.492966,0.434018,12.218964,5.673074,25.0,12.536525,13.398936,0
4353,2,435.2,95.492966,0.434018,21.994135,5.949318,25.0,12.536525,13.398936,0
4354,2,435.3,95.492966,0.542522,17.106549,6.430566,25.0,12.396924,12.980133,0
4355,2,435.4,95.492966,0.361681,17.106549,6.290856,25.0,12.508864,13.398936,0
4356,2,435.5,95.492966,0.271261,17.106549,6.118761,25.0,12.370805,13.398936,0
4357,2,435.6,95.492966,0.48827,17.106549,5.985347,25.0,12.202472,12.562796,0
4358,2,435.7,95.492966,0.904203,17.106549,5.74546,25.0,12.538914,13.903557,0
4359,2,435.8,95.492966,1.808407,7.331378,5.499891,25.0,12.81731,14.241292,0
4360,2,435.9,95.492966,1.73607,17.106549,5.49685,25.0,12.508564,13.315054,0
4361,2,436.0,95.492966,2.658358,21.994135,5.213132,25.0,12.508564,13.315054,0
4362,2,436.1,95.492966,7.468719,17.106549,4.825238,25.0,12.508564,13.315054,0
4363,2,436.2,95.492966,5.877322,21.994135,4.074177,25.0,12.536525,13.398936,0
4364,2,436.3,95.492966,5.967742,12.218964,3.509035,25.0,12.481219,13.398936,0
4365,2,436.4,95.492966,3.634897,21.994135,2.80025,25.0,12.398019,13.315054,0
4366,2,436.5,95.492966,6.962366,21.994135,2.744239,25.0,12.841968,13.398936,0
4367,2,436.6,95.492966,7.143206,17.106549,2.706549,25.0,12.536525,13.398936,0
4368,2,436.7,95.492966,6.962366,12.218964,2.836695,25.0,12.315883,13.48288,0
4369,2,436.8,95.492966,4.123167,12.218964,3.407492,25.0,12.536525,13.398936,0
4370,2,436.9,95.492966,9.620723,12.218964,3.545606,25.0,12.56422,13.398936,0
4371,2,437.0,95.492966,6.962366,17.106549,3.641989,25.0,12.536525,13.398936,0
4372,2,437.1,95.492966,7.052786,31.769306,3.596446,25.0,12.508864,13.398936,0
4373,2,437.2,95.492966,9.240958,17.106549,3.352364,25.0,12.09148,12.146836,0
4374,2,437.3,95.492966,6.058162,17.106549,3.153345,25.0,12.008547,12.146836,0
4375,2,437.4,95.492966,8.101662,21.994135,2.959513,25.0,13.015223,14.835031,0
4376,2,437.5,95.492966,2.983871,26.88172,2.614972,25.0,12.508564,13.315054,0
4377,2,437.6,95.492966,2.441349,26.88172,1.98685,25.0,12.536525,13.398936,0
4378,2,437.7,95.492966,2.260508,26.88172,1.148843,25.0,12.508319,13.231233,0
4379,2,437.8,95.492966,0.759531,21.994135,0.566834,25.0,12.536525,13.398936,0
4380,2,437.9,95.492966,0.904203,17.106549,0.318632,25.0,12.536525,13.398936,0
4381,2,438.0,95.492966,0.379765,21.994135,0.231839,25.0,12.619611,13.398936,0
4382,2,438.1,95.492966,0.379765,21.994135,0.210223,25.0,12.480903,13.315054,0
4383,2,438.2,95.492966,0.632942,26.88172,0.142496,25.0,12.12026,12.813028,0
4384,2,438.3,95.492966,0.813783,31.769306,0.278635,25.0,12.508564,13.315054,0
4385,2,438.4,95.492966,0.723363,17.106549,0.241923,25.0,12.564203,13.398936,0
4386,2,438.5,95.492966,0.325513,21.994135,0.186114,25.0,12.70268,13.315054,0
4387,2,438.6,95.492966,0.325513,21.994135,0.186114,25.0,12.620204,13.566886,0
4388,2,438.7,95.492966,0.542522,21.994135,0.172802,25.0,12.536525,13.398936,0
4389,2,438.8,95.492966,0.759531,12.218964,0.221295,25.0,12.287732,13.315054,0
4390,2,438.9,95.492966,0.723363,21.994135,0.278635,25.0,12.536525,13.398936,0
4391,2,439.0,95.492966,0.180841,17.106549,1.037389,25.0,12.59165,13.315054,0
4392,2,439.1,95.492966,0.452102,21.994135,1.836913,25.0,12.814108,13.398936,0
4393,2,439.2,95.492966,0.217009,21.994135,2.697708,25.0,12.508564,13.315054,0
4394,2,439.3,95.492966,0.542522,21.994135,3.3223,25.0,12.592201,13.48288,0
4395,2,439.4,95.492966,0.452102,21.994135,4.045935,25.0,12.536525,13.398936,0
4396,2,439.5,95.492966,0.271261,12.218964,4.529529,25.0,12.481219,13.398936,0
4397,2,439.6,95.492966,0.271261,21.994135,5.426431,25.0,12.591898,13.398936,0
4398,2,439.7,95.492966,0.542522,21.994135,5.601459,25.0,12.202613,12.646151,0
4399,2,439.8,95.492966,0.813783,21.994135,6.192496,25.0,12.508564,13.315054,0
4400,2,439.9,95.492966,0.325513,21.994135,6.22328,25.0,12.536525,13.398936,0
4401,2,440.0,95.492966,0.886119,21.994135,6.327961,25.0,12.370805,13.398936,0
4402,2,440.1,95.492966,0.434018,12.218964,6.018382,25.0,12.536525,13.398936,0
4403,2,440.2,95.492966,1.085044,17.106549,5.956541,25.0,12.508564,13.315054,0
4404,2,440.3,95.492966,0.994624,21.994135,5.781933,25.0,12.508564,13.315054,0
4405,2,440.4,95.492966,2.658358,7.331378,5.538413,25.0,12.481219,13.398936,0
4406,2,440.5,95.492966,1.844575,26.88172,5.64606,25.0,12.453591,13.398936,0
4407,2,440.6,95.492966,4.340176,17.106549,5.300834,25.0,12.508864,13.398936,0
4408,2,440.7,95.492966,7.088954,17.106549,4.878413,25.0,12.536525,13.398936,0
4409,2,440.8,95.492966,5.606061,17.106549,3.930938,25.0,12.592201,13.48288,0
4410,2,440.9,95.492966,3.526393,17.106549,3.355213,25.0,12.508564,13.315054,0
4411,2,441.0,95.492966,6.600684,21.994135,2.934384,25.0,12.508864,13.398936,0
4412,2,441.1,95.492966,4.285924,31.769306,2.810468,25.0,12.508564,13.315054,0
4413,2,441.2,95.492966,7.233627,21.994135,2.744239,25.0,12.536525,13.398936,0
4414,2,441.3,95.492966,6.962366,17.106549,2.921329,25.0,12.453225,13.315054,0
4415,2,441.4,95.492966,4.123167,17.106549,3.498808,25.0,12.536525,13.398936,0
4416,2,441.5,95.492966,4.177419,17.106549,3.594453,25.0,12.536525,13.398936,0
4417,2,441.6,95.492966,6.871945,17.106549,3.545606,25.0,12.564506,13.48288,0
4418,2,441.7,95.492966,4.068915,21.994135,3.544258,25.0,12.536525,13.398936,0
4419,2,441.8,95.492966,3.960411,12.218964,3.446528,25.0,12.398384,13.398936,0
4420,2,441.9,95.492966,8.481427,26.88172,3.201462,25.0,12.536525,13.398936,0
4421,2,442.0,95.492966,3.255132,21.994135,2.764188,25.0,12.508564,13.315054,0
4422,2,442.1,95.492966,2.929619,12.218964,2.566099,25.0,12.288159,13.398936,0
4423,2,442.2,95.492966,3.707234,17.106549,1.930751,25.0,12.536525,13.398936,0
4424,2,442.3,95.492966,2.531769,21.994135,1.161252,25.0,12.536525,13.398936,0
4425,2,442.4,95.492966,0.813783,21.994135,0.615331,25.0,12.536525,13.398936,0
4426,2,442.5,95.492966,0.379765,26.88172,0.231839,25.0,12.536525,13.398936,0
4427,2,442.6,95.492966,0.434018,21.994135,0.251604,25.0,12.648227,13.650957,0
4428,2,442.7,95.492966,0.48827,17.106549,0.278635,25.0,12.508864,13.398936,0
4429,2,442.8,95.492966,0.361681,17.106549,0.103681,25.0,12.841968,13.398936,0
4430,2,442.9,95.492966,0.325513,21.994135,0.186114,25.0,12.817344,14.241292,0
4431,2,443.0,95.492966,0.632942,21.994135,0.210223,25.0,12.536525,13.398936,0
4432,2,443.1,95.492966,0.452102,21.994135,0.142496,25.0,12.592508,13.566886,0
4433,2,443.2,95.492966,0.434018,21.994135,0.251604,25.0,12.536525,13.398936,0
4434,2,443.3,95.492966,0.162757,21.994135,0.07728,25.0,12.564203,13.398936,0
4435,2,443.4,95.492966,0.271261,21.994135,0.172802,25.0,12.425026,13.147473,0
4436,2,443.5,95.492966,0.632942,21.994135,0.210223,25.0,12.508564,13.315054,0
4437,2,443.6,95.492966,1.139296,21.994135,1.106474,25.0,12.42598,13.398936,0
4438,2,443.7,95.492966,0.271261,21.994135,1.699095,25.0,12.536525,13.398936,0
4439,2,443.8,95.492966,0.271261,21.994135,2.664743,25.0,12.536525,13.398936,0
4440,2,443.9,95.492966,0.452102,17.106549,3.631479,25.0,12.536525,13.398936,0
4441,2,444.0,95.492966,0.325513,21.994135,4.081792,25.0,12.929681,14.49532,0
4442,2,444.1,95.492966,0.452102,17.106549,4.805891,25.0,12.564203,13.398936,0
4443,2,444.2,95.492966,0.361681,21.994135,5.392427,25.0,12.508864,13.398936,0
4444,2,444.3,95.492966,0.813783,21.994135,5.709173,25.0,12.508564,13.315054,0
4445,2,444.4,95.492966,0.434018,17.106549,6.087448,25.0,12.704339,13.819292,0
4446,2,444.5,95.492966,0.325513,17.106549,6.36147,25.0,12.508864,13.398936,0
4447,2,444.6,95.492966,0.108504,21.994135,6.292375,25.0,12.536525,13.398936,0
4448,2,444.7,95.492966,0.994624,17.106549,6.195967,25.0,12.146854,12.229922,0
4449,2,444.8,95.492966,1.265885,21.994135,6.021557,25.0,11.898099,12.146836,0
4450,2,444.9,95.492966,0.379765,26.88172,5.706243,25.0,12.536525,13.398936,0
4451,2,445.0,95.492966,0.922287,21.994135,5.522864,25.0,12.508864,13.398936,0
4452,2,445.1,95.492966,3.707234,17.106549,5.532371,25.0,12.508864,13.398936,0
4453,2,445.2,95.492966,4.521017,12.218964,5.322421,25.0,12.258701,12.980133,0
4454,2,445.3,95.492966,5.244379,17.106549,4.65387,25.0,12.536525,13.398936,0
4455,2,445.4,95.492966,5.51564,17.106549,3.883247,25.0,12.536525,13.398936,0
4456,2,445.5,95.492966,1.247801,21.994135,3.397663,25.0,12.730641,13.398936,0
4457,2,445.6,95.492966,6.419844,21.994135,2.953048,25.0,12.508864,13.398936,0
4458,2,445.7,95.492966,4.177419,12.218964,2.677264,25.0,12.536525,13.398936,0
4459,2,445.8,95.492966,7.324047,17.106549,2.801103,25.0,12.536525,13.398936,0
4460,2,445.9,95.492966,7.052786,7.331378,3.031288,25.0,12.508864,13.398936,0
4461,2,446.0,95.492966,7.052786,21.994135,3.460362,25.0,12.564203,13.398936,0
4462,2,446.1,95.492966,4.177419,21.994135,3.594453,25.0,12.508564,13.315054,0
4463,2,446.2,95.492966,6.962366,17.106549,3.547626,25.0,12.56422,13.398936,0
4464,2,446.3,95.492966,4.123167,21.994135,3.498808,25.0,12.983039,14.072289,0
4465,2,446.4,95.492966,6.510264,21.994135,3.494709,25.0,12.508864,13.398936,0
4466,2,446.5,95.492966,3.634897,17.106549,3.106021,25.0,12.536525,13.398936,0
4467,2,446.6,95.492966,5.51564,21.994135,2.860177,25.0,12.536525,13.398936,0
4468,2,446.7,95.492966,4.611437,26.88172,2.371612,25.0,12.536525,13.398936,0
4469,2,446.8,95.492966,3.797654,21.994135,1.979623,25.0,12.453591,13.398936,0
4470,2,446.9,95.492966,2.350929,12.218964,1.15092,25.0,12.536525,13.398936,0
4471,2,447.0,95.492966,1.356305,17.106549,0.575201,25.0,12.564506,13.48288,0
4472,2,447.1,95.492966,0.379765,12.218964,0.210223,25.0,12.313544,12.813028,0
4473,2,447.2,95.492966,0.759531,17.106549,0.186114,25.0,12.536525,13.398936,0
4474,2,447.3,95.492966,0.48827,26.88172,0.295285,25.0,12.398019,13.315054,0
4475,2,447.4,95.492966,0.361681,21.994135,0.103681,25.0,12.564506,13.48288,0
4476,2,447.5,95.492966,0.271261,17.106549,0.07728,25.0,12.425043,13.147473,0
4477,2,447.6,95.492966,0.723363,17.106549,0.241923,25.0,12.84454,14.156756,0
4478,2,447.7,95.492966,0.48827,26.88172,0.278635,25.0,12.536525,13.398936,0
4479,2,447.8,95.492966,0.271261,26.88172,0.142496,25.0,12.536525,13.398936,0
4480,2,447.9,95.492966,0.452102,17.106549,0.221295,25.0,12.481219,13.398936,0
4481,2,448.0,95.492966,0.361681,21.994135,0.124609,25.0,12.536525,13.398936,0
4482,2,448.1,95.492966,0.452102,21.994135,0.172802,25.0,13.12405,14.49532,0
4483,2,448.2,95.492966,0.632942,21.994135,1.091257,25.0,12.536525,13.398936,0
4484,2,448.3,95.492966,0.632942,26.88172,2.049583,25.0,12.481219,13.398936,0
4485,2,448.4,95.492966,0.632942,21.994135,2.807066,25.0,12.536525,13.398936,0
4486,2,448.5,95.492966,0.542522,21.994135,3.460362,25.0,12.146854,12.229922,0
4487,2,448.6,95.492966,0.723363,17.106549,4.223309,25.0,12.508564,13.315054,0
4488,2,448.7,95.492966,0.542522,21.994135,4.703396,25.0,12.508564,13.315054,0
4489,2,448.8,95.492966,0.723363,26.88172,5.534961,25.0,12.564506,13.48288,0
4490,2,448.9,95.492966,1.898827,17.106549,5.77325,25.0,12.536525,13.398936,0
4491,2,449.0,95.492966,0.48827,12.218964,6.192496,25.0,12.536525,13.398936,0
4492,2,449.1,95.492966,0.596774,7.331378,6.333998,25.0,12.564506,13.48288,0
4493,2,449.2,95.492966,0.723363,21.994135,6.294652,25.0,12.676643,13.819292,0
4494,2,449.3,95.492966,0.072336,41.544477,6.152634,25.0,12.23192,13.231233,0
4495,2,449.4,95.492966,0.397849,26.88172,5.944498,25.0,11.876828,13.398936,0
4496,2,449.5,95.492966,1.356305,26.88172,5.585229,25.0,12.536525,13.398936,0
4497,2,449.6,95.492966,2.62219,21.994135,5.647753,25.0,12.536525,13.398936,0
4498,2,449.7,95.492966,2.22434,12.218964,5.599326,25.0,12.536525,13.398936,0
4499,2,449.8,95.492966,4.249756,21.994135,5.257393,25.0,12.42598,13.398936,0
4500,2,449.9,95.492966,4.792278,26.88172,4.488204,25.0,12.508564,13.315054,0
4501,2,450.0,95.492966,1.193548,17.106549,3.949732,25.0,12.536525,13.398936,0
4502,2,450.1,95.492966,6.419844,7.331378,3.445834,25.0,12.238539,14.156756,0
4503,2,450.2,95.492966,6.691105,21.994135,2.910679,25.0,12.536525,13.398936,0
4504,2,450.3,95.492966,4.123167,17.106549,2.606738,25.0,12.536525,13.398936,0
4505,2,450.4,95.492966,7.143206,21.994135,2.713601,25.0,12.536525,13.398936,0
4506,2,450.5,95.492966,6.962366,12.218964,3.017861,25.0,12.536525,13.398936,0
4507,2,450.6,95.492966,9.8739,21.994135,3.504948,25.0,12.564506,13.48288,0
4508,2,450.7,95.492966,6.962366,17.106549,3.690208,25.0,12.56422,13.398936,0
4509,2,450.8,95.492966,7.143206,17.106549,3.599102,25.0,12.620532,13.650957,0
4510,2,450.9,95.492966,9.747312,12.218964,3.594453,25.0,13.291724,14.580138,0
4511,2,451.0,95.492966,6.510264,26.88172,3.445834,25.0,12.508864,13.398936,0
4512,2,451.1,95.492966,8.22825,17.106549,3.202208,25.0,12.536525,13.398936,0
4513,2,451.2,95.492966,3.363636,21.994135,2.861847,25.0,12.536525,13.398936,0
4514,2,451.3,95.492966,2.766862,17.106549,2.279156,25.0,12.536525,13.398936,0
4515,2,451.4,95.492966,3.616813,21.994135,1.83431,25.0,12.205647,13.398936,0
4516,2,451.5,95.492966,2.350929,12.218964,1.15092,25.0,12.591898,13.398936,0
4517,2,451.6,95.492966,0.813783,21.994135,0.540957,25.0,12.536525,13.398936,0
4518,2,451.7,95.492966,0.813783,21.994135,0.278635,25.0,12.480624,13.231233,0
4519,2,451.8,95.492966,0.632942,21.994135,0.231839,25.0,12.536525,13.398936,0
4520,2,451.9,95.492966,0.723363,17.106549,0.251604,25.0,12.31528,13.315054,0
4521,2,452.0,95.492966,0.542522,21.994135,0.172802,25.0,12.564203,13.398936,0
4522,2,452.1,95.492966,0.542522,21.994135,0.172802,25.0,12.536259,13.315054,0
4523,2,452.2,95.492966,0.379765,17.106549,0.210223,25.0,12.536525,13.398936,0
4524,2,452.3,95.492966,0.542522,17.106549,0.186114,25.0,12.343241,13.398936,0
4525,2,452.4,95.492966,0.886119,12.218964,0.231839,25.0,12.508864,13.398936,0
4526,2,452.5,95.492966,0.632942,26.88172,0.210223,25.0,12.508864,13.398936,0
4527,2,452.6,95.492966,0.361681,21.994135,0.103681,25.0,12.536525,13.398936,0
4528,2,452.7,95.492966,0.271261,21.994135,0.278635,25.0,12.508864,13.398936,0
4529,2,452.8,95.492966,0.632942,21.994135,1.159193,25.0,12.481219,13.398936,0
4530,2,452.9,95.492966,0.217009,21.994135,2.145255,25.0,12.536525,13.398936,0
4531,2,453.0,95.492966,0.434018,12.218964,2.7754,25.0,12.174566,12.313061,0
4532,2,453.1,95.492966,0.759531,21.994135,3.805575,25.0,12.592508,13.566886,0
4533,2,453.2,95.492966,0.271261,26.88172,4.253182,25.0,13.347334,14.49532,0
4534,2,453.3,95.492966,0.325513,17.106549,5.117865,25.0,12.564203,13.398936,0
4535,2,453.4,95.492966,0.723363,26.88172,5.396855,25.0,12.481219,13.398936,0
4536,2,453.5,95.492966,0.379765,17.106549,5.982552,25.0,12.536525,13.398936,0
4537,2,453.6,95.492966,0.904203,21.994135,6.021557,25.0,12.815981,13.987889,0
4538,2,453.7,95.492966,0.434018,17.106549,6.57094,25.0,12.481219,13.398936,0
4539,2,453.8,95.492966,0.162757,21.994135,6.32494,25.0,12.564203,13.398936,0
4540,2,453.9,95.492966,2.152004,21.994135,6.120713,25.0,12.536525,13.398936,0
4541,2,454.0,95.492966,1.519062,21.994135,5.956541,25.0,12.536525,13.398936,0
4542,2,454.1,95.492966,0.813783,21.994135,5.722964,25.0,12.592508,13.566886,0
4543,2,454.2,95.492966,1.808407,17.106549,5.431271,25.0,12.508864,13.398936,0
4544,2,454.3,95.492966,2.441349,21.994135,5.435668,25.0,12.508864,13.398936,0
4545,2,454.4,95.492966,4.882698,17.106549,5.303087,25.0,12.036175,12.146836,0
4546,2,454.5,95.492966,5.3348,21.994135,4.51315,25.0,12.536525,13.398936,0
4547,2,454.6,95.492966,3.472141,12.218964,3.796776,25.0,12.481185,13.398936,0
4548,2,454.7,95.492966,6.148583,21.994135,3.202208,25.0,12.536525,13.398936,0
4549,2,454.8,95.492966,6.781525,26.88172,2.957898,25.0,12.536525,13.398936,0
4550,2,454.9,95.492966,7.233627,31.769306,2.744239,25.0,12.397126,13.063774,0
4551,2,455.0,95.492966,4.285924,17.106549,2.774539,25.0,12.731162,13.566886,0
4552,2,455.1,95.492966,6.871945,26.88172,3.077433,25.0,12.508864,13.398936,0
4553,2,455.2,95.492966,4.123167,12.218964,3.498808,25.0,12.481185,13.398936,0
4554,2,455.3,95.492966,4.177419,26.88172,3.690208,25.0,12.536525,13.398936,0
4555,2,455.4,95.492966,9.620723,21.994135,3.545606,25.0,12.536525,13.398936,0
4556,2,455.5,95.492966,6.781525,17.106549,3.544258,25.0,12.564506,13.48288,0
4557,2,455.6,95.492966,9.367546,21.994135,3.495393,25.0,12.564203,13.398936,0
4558,2,455.7,95.492966,6.058162,26.88172,3.153345,25.0,12.536525,13.398936,0
4559,2,455.8,95.492966,3.146628,12.218964,2.713601,25.0,12.56422,13.398936,0
4560,2,455.9,95.492966,4.159335,17.106549,2.175113,25.0,12.564506,13.48288,0
4561,2,456.0,95.492966,3.707234,21.994135,1.883148,25.0,12.536525,13.398936,0
4562,2,456.1,95.492966,2.170088,21.994135,1.053385,25.0,12.288159,13.398936,0
4563,2,456.2,95.492966,1.175464,21.994135,0.449286,25.0,12.508864,13.398936,0
4564,2,456.3,95.492966,0.632942,21.994135,0.231839,25.0,12.536525,13.398936,0
4565,2,456.4,95.492966,0.434018,12.218964,0.278635,25.0,12.592508,13.566886,0
4566,2,456.5,95.492966,0.48827,36.656891,0.326043,25.0,12.481219,13.398936,0
4567,2,456.6,95.492966,0.542522,21.994135,0.186114,25.0,12.786266,13.398936,0
4568,2,456.7,95.492966,0.723363,21.994135,0.241923,25.0,12.845546,14.325898,0
4569,2,456.8,95.492966,0.325513,26.88172,0.186114,25.0,12.536525,13.398936,0
4570,2,456.9,95.492966,0.325513,17.106549,0.186114,25.0,12.620532,13.650957,0
4571,2,457.0,95.492966,0.723363,17.106549,0.318632,25.0,12.564506,13.48288,0
4572,2,457.1,95.492966,0.379765,21.994135,0.210223,25.0,12.67509,13.398936,0
4573,2,457.2,95.492966,0.361681,17.106549,0.124609,25.0,12.369465,13.063774,0
4574,2,457.3,95.492966,0.271261,12.218964,0.340381,25.0,12.536525,13.398936,0
4575,2,457.4,95.492966,0.271261,26.88172,1.423706,25.0,12.398786,13.48288,0
4576,2,457.5,95.492966,0.452102,21.994135,2.250679,25.0,12.536525,13.398936,0
4577,2,457.6,95.492966,0.379765,17.106549,2.944948,25.0,12.536525,13.398936,0
4578,2,457.7,95.492966,0.379765,21.994135,3.84181,25.0,12.564506,13.48288,0
4579,2,457.8,95.492966,0.361681,12.218964,4.217649,25.0,12.508564,13.315054,0
4580,2,457.9,95.492966,0.108504,21.994135,4.976825,25.0,12.536525,13.398936,0
4581,2,458.0,95.492966,0.542522,17.106549,5.670547,25.0,12.564203,13.398936,0
4582,2,458.1,95.492966,0.434018,21.994135,5.949318,25.0,12.564506,13.48288,0
4583,2,458.2,95.492966,0.379765,17.106549,6.258877,25.0,12.81731,14.241292,0
4584,2,458.3,95.492966,0.144673,26.88172,6.501867,25.0,12.370292,13.315054,0
4585,2,458.4,95.492966,0.271261,21.994135,6.187865,25.0,12.592184,13.48288,0
4586,2,458.5,95.492966,0.904203,17.106549,6.159618,25.0,12.481219,13.398936,0
4587,2,458.6,95.492966,0.596774,21.994135,5.919934,25.0,12.536525,13.398936,0
4588,2,458.7,95.492966,1.898827,17.106549,5.585229,25.0,12.648227,13.650957,0
4589,2,458.8,95.492966,2.441349,21.994135,5.431711,25.0,12.481219,13.398936,0
4590,2,458.9,95.492966,2.170088,26.88172,5.423348,25.0,12.536525,13.398936,0
4591,2,459.0,95.492966,5.244379,17.106549,5.160165,25.0,12.063819,12.146836,0
4592,2,459.1,95.492966,3.146628,26.88172,4.59134,25.0,12.536525,13.398936,0
4593,2,459.2,95.492966,6.058162,31.769306,3.774058,25.0,12.508847,13.398936,0
4594,2,459.3,95.492966,3.580645,12.218964,3.152587,25.0,12.56422,13.398936,0
4595,2,459.4,95.492966,6.871945,17.106549,2.875172,25.0,12.536525,13.398936,0
4596,2,459.5,95.492966,7.143206,17.106549,2.732899,25.0,12.424804,13.063774,0
4597,2,459.6,95.492966,7.052786,12.218964,2.767643,25.0,12.759185,13.650957,0
4598,2,459.7,95.492966,9.747312,7.331378,3.088281,25.0,12.536525,13.398936,0
4599,2,459.8,95.492966,4.177419,26.88172,3.594453,25.0,12.536525,13.398936,0
4600,2,459.9,95.492966,7.143206,17.106549,3.645267,25.0,12.313393,12.562796,0
4601,2,460.0,95.492966,7.052786,31.769306,3.550319,25.0,11.988534,13.735092,0
4602,2,460.1,95.492966,4.177419,21.994135,3.594453,25.0,12.564506,13.48288,0
4603,2,460.2,95.492966,8.987781,21.994135,3.39696,25.0,12.619879,13.48288,0
4604,2,460.3,95.492966,3.634897,21.994135,3.153345,25.0,12.536525,13.398936,0
4605,2,460.4,95.492966,7.215543,21.994135,2.664743,25.0,12.56422,13.398936,0
4606,2,460.5,95.492966,4.611437,17.106549,2.324816,25.0,12.536525,13.398936,0
4607,2,460.6,95.492966,4.93695,31.769306,1.73939,25.0,12.564506,13.48288,0
4608,2,460.7,95.492966,2.911535,21.994135,1.051115,25.0,12.508864,13.398936,0
4609,2,460.8,95.492966,0.994624,21.994135,0.421864,25.0,12.536525,13.398936,0
4610,2,460.9,95.492966,0.434018,17.106549,0.278635,25.0,12.564506,13.48288,0
4611,2,461.0,95.492966,0.632942,21.994135,0.210223,25.0,12.620566,13.650957,0
4612,2,461.1,95.492966,0.723363,21.994135,0.241923,25.0,12.508864,13.398936,0
4613,2,461.2,95.492966,0.632942,12.218964,0.210223,25.0,12.702856,13.398936,0
4614,2,461.3,95.492966,0.217009,31.769306,0.124609,25.0,12.64821,13.650957,0
4615,2,461.4,95.492966,0.108504,17.106549,0.172802,25.0,12.536525,13.398936,0
4616,2,461.5,95.492966,0.434018,21.994135,0.241923,25.0,12.592508,13.566886,0
4617,2,461.6,95.492966,0.379765,17.106549,0.210223,25.0,12.536845,13.48288,0
4618,2,461.7,95.492966,0.325513,21.994135,0.186114,25.0,12.730837,13.48288,0
4619,2,461.8,95.492966,0.813783,17.106549,0.295285,25.0,11.925662,12.063802,0
4620,2,461.9,95.492966,0.632942,12.218964,0.49483,25.0,12.536525,13.398936,0
4621,2,462.0,95.492966,0.542522,21.994135,1.393176,25.0,12.370805,13.398936,0
4622,2,462.1,95.492966,0.271261,26.88172,2.181692,25.0,12.536525,13.398936,0
4623,2,462.2,95.492966,0.271261,26.88172,3.007553,25.0,12.564506,13.48288,0
4624,2,462.3,95.492966,0.325513,17.106549,3.943679,25.0,12.536845,13.48288,0
4625,2,462.4,95.492966,0.379765,17.106549,4.463118,25.0,12.620532,13.650957,0
4626,2,462.5,95.492966,0.723363,12.218964,4.982581,25.0,12.649393,13.903557,0
4627,2,462.6,95.492966,0.632942,21.994135,5.706243,25.0,12.536525,13.398936,0
4628,2,462.7,95.492966,0.632942,17.106549,5.844396,25.0,12.536525,13.398936,0
4629,2,462.8,95.492966,0.452102,12.218964,6.049658,25.0,12.314193,13.063774,0
4630,2,462.9,95.492966,0.904203,17.106549,6.366725,25.0,12.564506,13.48288,0
4631,2,463.0,95.492966,0.452102,17.106549,6.464282,25.0,12.564506,13.48288,0
4632,2,463.1,95.492966,0.361681,21.994135,6.014412,25.0,12.564506,13.48288,0
4633,2,463.2,95.492966,0.379765,21.994135,5.913474,25.0,12.564203,13.398936,0
4634,2,463.3,95.492966,2.152004,12.218964,5.729222,25.0,12.341385,12.896552,0
4635,2,463.4,95.492966,2.80303,17.106549,5.660006,25.0,12.536525,13.398936,0
4636,2,463.5,95.492966,3.888074,21.994135,5.416737,25.0,12.398384,13.398936,0
4637,2,463.6,95.492966,2.766862,7.331378,4.910625,25.0,12.536525,13.398936,0
4638,2,463.7,95.492966,5.606061,21.994135,4.590819,25.0,12.564506,13.48288,0
4639,2,463.8,95.492966,8.481427,21.994135,3.774058,25.0,12.873737,14.410573,0
4640,2,463.9,95.492966,6.148583,21.994135,3.15486,25.0,12.536525,13.398936,0
4641,2,464.0,95.492966,6.691105,21.994135,2.813017,25.0,12.564506,13.48288,0
4642,2,464.1,95.492966,4.394428,17.106549,2.770231,25.0,12.536525,13.398936,0
4643,2,464.2,95.492966,7.052786,21.994135,2.787424,25.0,12.620532,13.650957,0
4644,2,464.3,95.492966,6.781525,26.88172,3.067325,25.0,12.536525,13.398936,0
4645,2,464.4,95.492966,7.143206,17.106549,3.645267,25.0,12.564506,13.48288,0
4646,2,464.5,95.492966,15.516129,12.218964,3.643301,25.0,12.564506,13.48288,0
4647,2,464.6,95.492966,6.781525,12.218964,3.496759,25.0,12.620532,13.650957,0
4648,2,464.7,95.492966,4.014663,17.106549,3.592458,25.0,12.564506,13.48288,0
4649,2,464.8,95.492966,3.906158,17.106549,3.445834,25.0,12.398384,13.398936,0
4650,2,464.9,95.492966,6.148583,17.106549,3.15486,25.0,12.508864,13.398936,0
4651,2,465.0,95.492966,7.595308,26.88172,2.717999,25.0,12.425026,13.147473,0
4652,2,465.1,95.492966,2.549853,26.88172,2.223986,25.0,12.536525,13.398936,0
4653,2,465.2,95.492966,3.345552,21.994135,1.735265,25.0,12.564506,13.48288,0
4654,2,465.3,95.492966,2.079668,17.106549,1.051115,25.0,12.536525,13.398936,0
4655,2,465.4,95.492966,0.759531,17.106549,0.49483,25.0,12.619879,13.48288,0
4656,2,465.5,95.492966,0.452102,17.106549,0.142496,25.0,12.369246,12.980133,0
4657,2,465.6,95.492966,0.361681,21.994135,0.124609,25.0,13.07199,15.005331,0
4658,2,465.7,95.492966,0.723363,21.994135,0.251604,25.0,12.619611,13.398936,0
4659,2,465.8,95.492966,0.813783,21.994135,0.278635,25.0,12.647592,13.48288,0
4660,2,465.9,95.492966,0.217009,21.994135,0.124609,25.0,12.174706,12.479497,0
4661,2,466.0,95.492966,0.361681,21.994135,0.103681,25.0,12.480886,13.315054,0
4662,2,466.1,95.492966,0.542522,7.331378,0.221295,25.0,12.452946,13.231233,0
4663,2,466.2,95.492966,0.542522,21.994135,0.172802,25.0,12.343674,13.48288,0
4664,2,466.3,95.492966,0.434018,17.106549,0.241923,25.0,12.675323,13.48288,0
4665,2,466.4,95.492966,0.379765,12.218964,0.210223,25.0,12.732843,13.987889,0
4666,2,466.5,95.492966,0.271261,21.994135,0.536522,25.0,12.536525,13.398936,0
4667,2,466.6,95.492966,0.434018,17.106549,1.676449,25.0,12.564506,13.48288,0
4668,2,466.7,95.492966,0.632942,26.88172,2.18716,25.0,12.564506,13.48288,0
4669,2,466.8,95.492966,0.108504,17.106549,3.184254,25.0,12.564203,13.398936,0
4670,2,466.9,95.492966,0.723363,12.218964,3.602419,25.0,12.564506,13.48288,0
4671,2,467.0,95.492966,0.452102,26.88172,4.391353,25.0,12.760976,14.072289,0
4672,2,467.1,95.492966,0.452102,21.994135,4.874984,25.0,12.536525,13.398936,0
4673,2,467.2,95.492966,0.452102,21.994135,5.77325,25.0,12.564203,13.398936,0
4674,2,467.3,95.492966,0.542522,21.994135,5.739636,25.0,12.341222,12.813028,0
4675,2,467.4,95.492966,0.379765,17.106549,6.46613,25.0,12.592201,13.48288,0
4676,2,467.5,95.492966,0.452102,21.994135,6.256969,25.0,12.564506,13.48288,0
4677,2,467.6,95.492966,0.542522,21.994135,6.292375,25.0,12.343241,13.398936,0
4678,2,467.7,95.492966,0.542522,26.88172,6.016,25.0,12.675323,13.48288,0
4679,2,467.8,95.492966,0.904203,12.218964,5.883504,25.0,12.397126,13.063774,0
4680,2,467.9,95.492966,1.898827,17.106549,5.6756,25.0,12.508847,13.398936,0
4681,2,468.0,95.492966,0.57869,12.218964,5.49685,25.0,12.536828,13.48288,0
4682,2,468.1,95.492966,2.170088,26.88172,5.423348,25.0,12.536525,13.398936,0
4683,2,468.2,95.492966,4.973118,21.994135,4.96096,25.0,12.730641,13.398936,0
4684,2,468.3,95.492966,5.606061,26.88172,4.407643,25.0,12.536525,13.398936,0
4685,2,468.4,95.492966,6.148583,17.106549,3.659656,25.0,12.564506,13.48288,0
4686,2,468.5,95.492966,8.734604,21.994135,3.1114,25.0,12.564506,13.48288,0
4687,2,468.6,95.492966,6.600684,26.88172,2.682612,25.0,12.536525,13.398936,0
4688,2,468.7,95.492966,6.871945,17.106549,2.595717,25.0,12.508564,13.315054,0
4689,2,468.8,95.492966,7.324047,17.106549,2.876833,25.0,12.564506,13.48288,0
4690,2,468.9,95.492966,4.231672,17.106549,3.17298,25.0,12.536525,13.398936,0
4691,2,469.0,95.492966,9.620723,21.994135,3.545606,25.0,12.398786,13.48288,0
4692,2,469.1,95.492966,7.143206,17.106549,3.739722,25.0,12.536525,13.398936,0
4693,2,469.2,95.492966,6.962366,17.106549,3.594453,25.0,12.536525,13.398936,0
4694,2,469.3,95.492966,4.068915,21.994135,3.496759,25.0,12.592201,13.48288,0
4695,2,469.4,95.492966,6.419844,21.994135,3.301382,25.0,12.426366,13.48288,0
4696,2,469.5,95.492966,5.967742,21.994135,3.152587,25.0,12.536828,13.48288,0
4697,2,469.6,95.492966,5.063539,21.994135,2.663846,25.0,12.564506,13.48288,0
4698,2,469.7,95.492966,2.495601,21.994135,2.127363,25.0,12.904612,14.835031,0
4699,2,469.8,95.492966,3.255132,17.106549,1.593158,25.0,12.509201,13.48288,0
4700,2,469.9,95.492966,1.247801,21.994135,0.920243,25.0,12.536525,13.398936,0
4701,2,470.0,95.492966,0.994624,26.88172,0.360822,25.0,12.564506,13.48288,0
4702,2,470.1,95.492966,0.723363,17.106549,0.251604,25.0,12.56454,13.48288,0
4703,2,470.2,95.492966,0.813783,17.106549,0.278635,25.0,12.536845,13.48288,0
4704,2,470.3,95.492966,0.452102,21.994135,0.142496,25.0,12.481573,13.48288,0
4705,2,470.4,95.492966,0.632942,21.994135,0.210223,25.0,12.564506,13.48288,0
4706,2,470.5,95.492966,0.452102,21.994135,0.142496,25.0,12.592508,13.566886,0
4707,2,470.6,95.492966,0.361681,17.106549,0.103681,25.0,12.704339,13.819292,0
4708,2,470.7,95.492966,0.723363,17.106549,0.251604,25.0,12.592184,13.48288,0
4709,2,470.8,95.492966,0.379765,26.88172,0.210223,25.0,12.564506,13.48288,0
4710,2,470.9,95.492966,0.632942,17.106549,0.210223,25.0,12.146958,12.396252,0
4711,2,471.0,95.492966,0.325513,12.218964,0.186114,25.0,12.480886,13.315054,0
4712,2,471.1,95.492966,0.452102,21.994135,0.536522,25.0,12.760976,14.072289,0
4713,2,471.2,95.492966,0.361681,17.106549,1.455237,25.0,12.536525,13.398936,0
4714,2,471.3,95.492966,0.452102,21.994135,2.112715,25.0,12.564203,13.398936,0
4715,2,471.4,95.492966,0.271261,31.769306,2.940889,25.0,12.564506,13.48288,0
4716,2,471.5,95.492966,0.379765,26.88172,3.910832,25.0,12.286313,12.980133,0
4717,2,471.6,95.492966,0.325513,21.994135,4.427111,25.0,12.620532,13.650957,0
4718,2,471.7,95.492966,0.434018,21.994135,4.982581,25.0,13.262482,14.156756,0
4719,2,471.8,95.492966,0.217009,17.106549,5.599753,25.0,12.592184,13.48288,0
4720,2,471.9,95.492966,0.542522,17.106549,5.808726,25.0,12.564506,13.48288,0
4721,2,472.0,95.492966,0.813783,17.106549,6.123444,25.0,12.564506,13.48288,0
4722,2,472.1,95.492966,0.813783,21.994135,6.399658,25.0,12.452946,13.231233,0
4723,2,472.2,95.492966,0.542522,17.106549,6.22328,25.0,12.564506,13.48288,0
4724,2,472.3,95.492966,0.271261,17.106549,5.980556,25.0,12.453961,13.48288,0
4725,2,472.4,95.492966,0.904203,21.994135,5.952529,25.0,12.508864,13.398936,0
4726,2,472.5,95.492966,1.030792,21.994135,5.667597,25.0,12.508847,13.398936,0
4727,2,472.6,95.492966,1.573314,12.218964,5.579666,25.0,12.592508,13.566886,0
4728,2,472.7,95.492966,2.278592,17.106549,5.374233,25.0,12.536828,13.48288,0
4729,2,472.8,95.492966,2.821114,12.218964,5.019838,25.0,12.564506,13.48288,0
4730,2,472.9,95.492966,5.42522,21.994135,4.375003,25.0,12.285883,12.813028,0
4731,2,473.0,95.492966,5.967742,12.218964,3.836832,25.0,12.536525,13.398936,0
4732,2,473.1,95.492966,3.743402,17.106549,3.157131,25.0,12.536828,13.48288,0
4733,2,473.2,95.492966,6.691105,21.994135,2.813017,25.0,12.619879,13.48288,0
4734,2,473.3,95.492966,6.962366,17.106549,2.626821,25.0,12.564506,13.48288,0
4735,2,473.4,95.492966,4.340176,26.88172,2.816412,25.0,12.096717,13.566886,0
4736,2,473.5,95.492966,6.781525,26.88172,3.186503,25.0,12.564506,13.48288,0
4737,2,473.6,95.492966,4.285924,21.994135,3.599102,25.0,12.536525,13.398936,0
4738,2,473.7,95.492966,1.428641,12.218964,3.645267,25.0,12.564506,13.48288,0
4739,2,473.8,95.492966,6.871945,17.106549,3.45276,25.0,12.56422,13.398936,0
4740,2,473.9,95.492966,6.781525,21.994135,3.496759,25.0,12.285383,12.396252,0
4741,2,474.0,95.492966,6.329423,21.994135,3.25254,25.0,12.564506,13.48288,0
4742,2,474.1,95.492966,5.877322,17.106549,3.055621,25.0,12.564506,13.48288,0
4743,2,474.2,95.492966,3.417889,12.218964,2.86435,25.0,12.564506,13.48288,0
4744,2,474.3,95.492966,4.249756,17.106549,2.176211,25.0,12.564506,13.48288,0
4745,2,474.4,95.492966,3.074291,17.106549,1.588653,25.0,12.28608,12.896552,0
4746,2,474.5,95.492966,1.627566,17.106549,0.761115,25.0,12.564506,13.48288,0
4747,2,474.6,95.492966,1.356305,12.218964,0.575201,25.0,12.536828,13.48288,0
4748,2,474.7,95.492966,0.596774,17.106549,0.360822,25.0,12.426366,13.48288,0
4749,2,474.8,95.492966,0.723363,17.106549,0.241923,25.0,12.509167,13.48288,0
4750,2,474.9,95.492966,0.632942,26.88172,0.210223,25.0,12.397126,13.063774,0
4751,2,475.0,95.492966,0.542522,21.994135,0.172802,25.0,12.536828,13.48288,0
4752,2,475.1,95.492966,0.452102,17.106549,0.142496,25.0,12.481219,13.398936,0
4753,2,475.2,95.492966,0.271261,17.106549,0.142496,25.0,12.675323,13.48288,0
4754,2,475.3,95.492966,0.434018,21.994135,0.251604,25.0,12.648965,13.819292,0
4755,2,475.4,95.492966,0.542522,26.88172,0.172802,25.0,12.564506,13.48288,0
4756,2,475.5,95.492966,0.325513,21.994135,0.172802,25.0,12.536828,13.48288,0
4757,2,475.6,95.492966,0.379765,17.106549,0.210223,25.0,12.536828,13.48288,0
4758,2,475.7,95.492966,0.379765,17.106549,0.49483,25.0,12.675323,13.48288,0
4759,2,475.8,95.492966,0.452102,26.88172,1.630213,25.0,12.56483,13.566886,0
4760,2,475.9,95.492966,0.542522,17.106549,2.425395,25.0,12.564506,13.48288,0
4761,2,476.0,95.492966,0.542522,21.994135,3.046225,25.0,12.453895,13.48288,0
4762,2,476.1,95.492966,0.379765,21.994135,3.84181,25.0,12.564506,13.48288,0
4763,2,476.2,95.492966,0.162757,21.994135,4.328895,25.0,12.564506,13.48288,0
4764,2,476.3,95.492966,0.379765,17.106549,5.084616,25.0,12.452946,13.231233,0
4765,2,476.4,95.492966,0.542522,17.106549,5.670547,25.0,12.536845,13.48288,0
4766,2,476.5,95.492966,0.813783,21.994135,6.123444,25.0,12.536828,13.48288,0
4767,2,476.6,95.492966,0.48827,21.994135,6.123444,25.0,12.536828,13.48288,0
4768,2,476.7,95.492966,0.48827,12.218964,6.399658,25.0,12.592854,13.650957,0
4769,2,476.8,95.492966,0.452102,21.994135,6.118761,25.0,12.564506,13.48288,0
4770,2,476.9,95.492966,0.271261,17.106549,6.049658,25.0,12.481573,13.48288,0
4771,2,477.0,95.492966,0.632942,26.88172,5.706243,25.0,12.174706,12.479497,0
4772,2,477.1,95.492966,1.085044,12.218964,5.705824,25.0,12.536828,13.48288,0
4773,2,477.2,95.492966,3.164712,21.994135,5.619342,25.0,12.592508,13.566886,0
4774,2,477.3,95.492966,3.707234,17.106549,5.331838,25.0,12.564506,13.48288,0
4775,2,477.4,95.492966,4.611437,17.106549,4.910625,25.0,12.536828,13.48288,0
4776,2,477.5,95.492966,5.42522,21.994135,4.253182,25.0,12.397953,13.315054,0
4777,2,477.6,95.492966,3.743402,12.218964,3.708289,25.0,12.536828,13.48288,0
4778,2,477.7,95.492966,6.148583,17.106549,3.062649,25.0,12.315995,13.48288,0
4779,2,477.8,95.492966,4.014663,17.106549,2.754665,25.0,12.592184,13.48288,0
4780,2,477.9,95.492966,35.716031,17.106549,2.695937,25.0,12.564506,13.48288,0
4781,2,478.0,95.492966,4.123167,21.994135,2.682612,25.0,12.592508,13.566886,0
4782,2,478.1,95.492966,6.781525,17.106549,3.186503,25.0,12.564506,13.48288,0
4783,2,478.2,95.492966,4.285924,21.994135,3.645267,25.0,12.536828,13.48288,0
4784,2,478.3,95.492966,7.233627,21.994135,3.836832,25.0,12.564506,13.48288,0
4785,2,478.4,95.492966,6.600684,21.994135,3.446528,25.0,12.564506,13.48288,0
4786,2,478.5,95.492966,4.177419,17.106549,3.456218,25.0,12.759464,13.735092,0
4787,2,478.6,95.492966,3.906158,26.88172,3.350225,25.0,12.509167,13.48288,0
4788,2,478.7,95.492966,6.058162,17.106549,3.201462,25.0,12.509167,13.48288,0
4789,2,478.8,95.492966,7.342131,17.106549,2.666535,25.0,12.564506,13.48288,0
4790,2,478.9,95.492966,4.340176,21.994135,2.132971,25.0,12.508847,13.398936,0
4791,2,479.0,95.492966,2.80303,17.106549,1.39489,25.0,12.536828,13.48288,0
4792,2,479.1,95.492966,4.068915,26.88172,1.057911,25.0,12.508847,13.398936,0
4793,2,479.2,95.492966,0.904203,12.218964,0.373828,25.0,12.592201,13.48288,0
4794,2,479.3,95.492966,0.759531,17.106549,0.186114,25.0,12.592508,13.566886,0
4795,2,479.4,95.492966,0.361681,21.994135,0.124609,25.0,12.12088,12.980133,0
4796,2,479.5,95.492966,0.434018,21.994135,0.241923,25.0,12.536828,13.48288,0
4797,2,479.6,95.492966,1.012708,17.106549,0.251604,25.0,12.564506,13.48288,0
4798,2,479.7,95.492966,0.452102,17.106549,0.142496,25.0,12.564506,13.48288,0
4799,2,479.8,95.492966,0.217009,17.106549,0.124609,25.0,12.508564,13.315054,0
4800,2,479.9,95.492966,0.632942,21.994135,0.210223,25.0,12.536828,13.48288,0
4801,2,480.0,95.492966,0.542522,17.106549,0.186114,25.0,12.343127,13.398936,0
4802,2,480.1,95.492966,0.542522,17.106549,0.172802,25.0,12.509167,13.48288,0
4803,2,480.2,95.492966,0.452102,12.218964,0.142496,25.0,12.592184,13.48288,0
4804,2,480.3,95.492966,0.271261,21.994135,0.806822,25.0,12.536828,13.48288,0
4805,2,480.4,95.492966,0.452102,21.994135,1.561352,25.0,12.536828,13.48288,0
4806,2,480.5,95.492966,0.452102,21.994135,2.457683,25.0,12.509167,13.48288,0
4807,2,480.6,95.492966,0.813783,26.88172,3.088281,25.0,12.536828,13.48288,0
4808,2,480.7,95.492966,0.271261,17.106549,3.907777,25.0,12.202613,12.646151,0
4809,2,480.8,95.492966,0.434018,21.994135,4.499367,25.0,12.564506,13.48288,0
4810,2,480.9,95.492966,0.723363,26.88172,5.258756,25.0,12.536828,13.48288,0
4811,2,481.0,95.492966,1.265885,17.106549,5.74546,25.0,12.536525,13.398936,0
4812,2,481.1,95.492966,0.452102,12.218964,6.049658,25.0,12.509167,13.48288,0
4813,2,481.2,95.492966,0.723363,17.106549,6.087448,25.0,12.536828,13.48288,0
4814,2,481.3,95.492966,0.48827,17.106549,6.399658,25.0,12.761971,14.241292,0
4815,2,481.4,95.492966,0.452102,26.88172,6.187865,25.0,12.509167,13.48288,0
4816,2,481.5,95.492966,0.072336,26.88172,5.945301,25.0,12.564506,13.48288,0
4817,2,481.6,95.492966,0.542522,21.994135,5.676442,25.0,12.509167,13.48288,0
4818,2,481.7,95.492966,1.989247,17.106549,5.714192,25.0,12.56483,13.566886,0
4819,2,481.8,95.492966,2.71261,26.88172,5.619767,25.0,12.760976,14.072289,0
4820,2,481.9,95.492966,2.549853,12.218964,5.389325,25.0,12.536828,13.48288,0
4821,2,482.0,95.492966,3.038123,21.994135,4.942144,25.0,12.536828,13.48288,0
4822,2,482.1,95.492966,5.696481,17.106549,4.273913,25.0,12.369063,12.896552,0
4823,2,482.2,95.492966,8.354839,12.218964,3.670736,25.0,12.536828,13.48288,0
4824,2,482.3,95.492966,4.014663,7.331378,3.222287,25.0,12.509167,13.48288,0
4825,2,482.4,95.492966,1.320137,12.218964,2.634087,25.0,12.453541,13.398936,0
4826,2,482.5,95.492966,4.231672,26.88172,2.669221,25.0,12.536828,13.48288,0
4827,2,482.6,95.492966,7.052786,12.218964,2.855998,25.0,12.536828,13.48288,0
4828,2,482.7,95.492966,4.285924,21.994135,3.338797,25.0,12.536828,13.48288,0
4829,2,482.8,95.492966,9.494135,12.218964,3.449991,25.0,12.536828,13.48288,0
4830,2,482.9,95.492966,7.052786,21.994135,3.643301,25.0,12.731419,13.650957,0
4831,2,483.0,95.492966,4.123167,36.656891,3.593123,25.0,12.17829,13.48288,0
4832,2,483.1,95.492966,6.691105,17.106549,3.447914,25.0,12.178476,13.48288,0
4833,2,483.2,95.492966,3.634897,17.106549,3.250336,25.0,12.536828,13.48288,0
4834,2,483.3,95.492966,3.472141,17.106549,3.006759,25.0,12.536828,13.48288,0
4835,2,483.4,95.492966,2.875367,26.88172,2.517225,25.0,12.536828,13.48288,0
4836,2,483.5,95.492966,2.71261,21.994135,2.230421,25.0,12.509167,13.48288,0
4837,2,483.6,95.492966,1.73607,12.218964,1.539783,25.0,12.536828,13.48288,0
4838,2,483.7,95.492966,1.717986,26.88172,0.809777,25.0,12.536828,13.48288,0
4839,2,483.8,95.492966,0.596774,21.994135,0.360822,25.0,12.037997,12.896552,0
4840,2,483.9,95.492966,0.325513,21.994135,0.269926,25.0,12.536828,13.48288,0
4841,2,484.0,95.492966,0.434018,17.106549,0.278635,25.0,12.509167,13.48288,0
4842,2,484.1,95.492966,0.632942,21.994135,0.142496,25.0,12.508847,13.398936,0
4843,2,484.2,95.492966,0.886119,26.88172,0.210223,25.0,12.452946,13.231233,0
4844,2,484.3,95.492966,0.632942,26.88172,0.231839,25.0,13.069443,14.665029,0
4845,2,484.4,95.492966,0.271261,21.994135,0.172802,25.0,12.619914,13.48288,0
4846,2,484.5,95.492966,0.723363,17.106549,0.251604,25.0,12.536828,13.48288,0
4847,2,484.6,95.492966,0.271261,17.106549,0.172802,25.0,12.564506,13.48288,0
4848,2,484.7,95.492966,0.325513,21.994135,0.172802,25.0,12.56483,13.566886,0
4849,2,484.8,95.492966,0.632942,17.106549,0.172802,25.0,12.92865,14.325898,0
4850,2,484.9,95.492966,0.723363,31.769306,0.79789,25.0,12.536828,13.48288,0
4851,2,485.0,95.492966,0.452102,21.994135,1.836913,25.0,12.56483,13.566886,0
4852,2,485.1,95.492966,0.632942,26.88172,2.462538,25.0,11.898979,12.479497,0
4853,2,485.2,95.492966,0.217009,26.88172,3.112168,25.0,12.536828,13.48288,0
4854,2,485.3,95.492966,0.632942,12.218964,3.907777,25.0,12.536828,13.48288,0
4855,2,485.4,95.492966,0.632942,21.994135,4.463118,25.0,12.481522,13.48288,0
4856,2,485.5,95.492966,0.632942,26.88172,5.015553,25.0,12.536828,13.48288,0
4857,2,485.6,95.492966,0.542522,21.994135,5.739636,25.0,12.370341,13.315054,0
4858,2,485.7,95.492966,0.379765,31.769306,6.051632,25.0,12.453225,13.315054,0
4859,2,485.8,95.492966,0.434018,17.106549,6.294652,25.0,12.509167,13.48288,0
4860,2,485.9,95.492966,0.434018,17.106549,6.363723,25.0,12.398688,13.48288,0
4861,2,486.0,95.492966,0.452102,26.88172,6.049658,25.0,12.285883,12.813028,0
4862,2,486.1,95.492966,0.596774,17.106549,6.057945,25.0,12.731715,13.735092,0
4863,2,486.2,95.492966,0.434018,21.994135,5.811193,25.0,12.536828,13.48288,0
4864,2,486.3,95.492966,0.813783,17.106549,5.585229,25.0,12.536828,13.48288,0
4865,2,486.4,95.492966,4.304008,21.994135,5.578382,25.0,12.536828,13.48288,0
4866,2,486.5,95.492966,2.441349,17.106549,5.369341,25.0,12.481185,13.398936,0
4867,2,486.6,95.492966,5.244379,17.106549,4.969139,25.0,12.536828,13.48288,0
4868,2,486.7,95.492966,3.038123,21.994135,4.06596,25.0,12.178476,13.48288,0
4869,2,486.8,95.492966,5.786901,17.106549,3.358771,25.0,12.564506,13.48288,0
4870,2,486.9,95.492966,6.510264,26.88172,3.12519,25.0,12.981872,13.48288,0
4871,2,487.0,95.492966,4.068915,12.218964,2.699479,25.0,12.536828,13.48288,0
4872,2,487.1,95.492966,6.781525,17.106549,2.557707,25.0,12.536828,13.48288,0
4873,2,487.2,95.492966,7.052786,21.994135,2.855998,25.0,12.536828,13.48288,0
4874,2,487.3,95.492966,6.600684,26.88172,3.089828,25.0,12.536828,13.48288,0
4875,2,487.4,95.492966,6.962366,12.218964,3.547626,25.0,12.759782,13.819292,0
4876,2,487.5,95.492966,6.691105,21.994135,3.495393,25.0,12.453861,13.48288,0
4877,2,487.6,95.492966,7.143206,7.331378,3.69215,25.0,12.564506,13.48288,0
4878,2,487.7,95.492966,23.364614,12.218964,3.545606,25.0,12.536828,13.48288,0
4879,2,487.8,95.492966,6.239003,21.994135,3.157131,25.0,12.508847,13.398936,0
4880,2,487.9,95.492966,5.606061,26.88172,3.005964,25.0,12.564506,13.48288,0
4881,2,488.0,95.492966,2.983871,21.994135,2.56703,25.0,12.536828,13.48288,0
4882,2,488.1,95.492966,3.888074,17.106549,1.980829,25.0,12.536525,13.398936,0
4883,2,488.2,95.492966,2.62219,26.88172,1.4437,25.0,12.536828,13.48288,0
4884,2,488.3,95.492966,1.717986,17.106549,0.809777,25.0,12.592201,13.48288,0
4885,2,488.4,95.492966,0.651026,12.218964,0.470073,25.0,12.426283,13.48288,0
4886,2,488.5,95.492966,0.723363,26.88172,0.251604,25.0,12.536828,13.48288,0
4887,2,488.6,95.492966,0.542522,17.106549,0.172802,25.0,12.536828,13.48288,0
4888,2,488.7,95.492966,0.723363,17.106549,0.241923,25.0,12.536828,13.48288,0
4889,2,488.8,95.492966,0.434018,21.994135,0.241923,25.0,12.481522,13.48288,0
4890,2,488.9,95.492966,0.632942,17.106549,0.210223,25.0,12.758747,13.48288,0
4891,2,489.0,95.492966,0.361681,21.994135,0.124609,25.0,12.536828,13.48288,0
4892,2,489.1,95.492966,0.379765,12.218964,0.210223,25.0,12.202613,12.646151,0
4893,2,489.2,95.492966,0.452102,21.994135,0.172802,25.0,12.536828,13.48288,0
4894,2,489.3,95.492966,0.723363,17.106549,0.251604,25.0,12.536828,13.48288,0
4895,2,489.4,95.492966,0.452102,21.994135,0.142496,25.0,12.703159,13.48288,0
4896,2,489.5,95.492966,0.452102,12.218964,0.738818,25.0,12.56483,13.566886,0
4897,2,489.6,95.492966,0.542522,21.994135,1.874247,25.0,12.509167,13.48288,0
4898,2,489.7,95.492966,0.271261,17.106549,2.457683,25.0,12.536828,13.48288,0
4899,2,489.8,95.492966,0.379765,17.106549,3.289784,25.0,12.426283,13.48288,0
4900,2,489.9,95.492966,0.271261,17.106549,4.044163,25.0,12.564506,13.48288,0
4901,2,490.0,95.492966,0.271261,26.88172,4.667708,25.0,12.703159,13.48288,0
4902,2,490.1,95.492966,0.434018,12.218964,5.120664,25.0,12.56483,13.566886,0
4903,2,490.2,95.492966,0.072336,17.106549,5.737971,25.0,12.56483,13.566886,0
4904,2,490.3,95.492966,0.452102,21.994135,6.049658,25.0,12.536828,13.48288,0
4905,2,490.4,95.492966,0.723363,21.994135,6.294652,25.0,12.481522,13.48288,0
4906,2,490.5,95.492966,0.813783,26.88172,6.399658,25.0,12.56483,13.566886,0
4907,2,490.6,95.492966,0.452102,17.106549,6.326073,25.0,12.480399,13.147473,0
4908,2,490.7,95.492966,0.235093,12.218964,5.717535,25.0,12.315085,13.315054,0
4909,2,490.8,95.492966,0.542522,17.106549,5.808726,25.0,12.564506,13.48288,0
4910,2,490.9,95.492966,0.307429,21.994135,5.660428,25.0,12.56483,13.566886,0
4911,2,491.0,95.492966,3.435973,17.106549,5.6756,25.0,12.536828,13.48288,0
4912,2,491.1,95.492966,2.604106,12.218964,5.366671,25.0,12.536828,13.48288,0
4913,2,491.2,95.492966,2.929619,17.106549,4.851898,25.0,12.536828,13.48288,0
4914,2,491.3,95.492966,5.063539,17.106549,4.004988,25.0,12.536828,13.48288,0
4915,2,491.4,95.492966,4.068915,17.106549,3.641333,25.0,12.536525,13.398936,0
4916,2,491.5,95.492966,6.600684,21.994135,3.131299,25.0,12.480886,13.315054,0
4917,2,491.6,95.492966,1.356305,12.218964,2.678156,25.0,12.70367,13.650957,0
4918,2,491.7,95.492966,1.410557,26.88172,2.675479,25.0,12.096135,13.48288,0
4919,2,491.8,95.492966,7.143206,17.106549,2.927048,25.0,12.536828,13.48288,0
4920,2,491.9,95.492966,6.691105,21.994135,3.222287,25.0,12.536828,13.48288,0
4921,2,492.0,95.492966,7.143206,21.994135,3.599102,25.0,12.536828,13.48288,0
4922,2,492.1,95.492966,4.177419,17.106549,3.739083,25.0,12.536828,13.48288,0
4923,2,492.2,95.492966,9.8739,21.994135,3.643301,25.0,12.564506,13.48288,0
4924,2,492.3,95.492966,9.240958,36.656891,3.399069,25.0,12.258452,12.896552,0
4925,2,492.4,95.492966,8.987781,17.106549,3.301382,25.0,11.796666,13.650957,0
4926,2,492.5,95.492966,5.786901,21.994135,3.054839,25.0,12.845005,14.241292,0
4927,2,492.6,95.492966,4.792278,12.218964,2.566099,25.0,12.536828,13.48288,0
4928,2,492.7,95.492966,4.068915,21.994135,2.12624,25.0,12.536828,13.48288,0
4929,2,492.8,95.492966,2.71261,17.106549,1.300961,25.0,12.480886,13.315054,0
4930,2,492.9,95.492966,0.922287,17.106549,0.712482,25.0,12.146854,12.229922,0
4931,2,493.0,95.492966,0.48827,17.106549,0.295285,25.0,12.536828,13.48288,0
4932,2,493.1,95.492966,0.48827,17.106549,0.326043,25.0,12.564506,13.48288,0
4933,2,493.2,95.492966,0.542522,26.88172,0.318632,25.0,12.481185,13.398936,0
4934,2,493.3,95.492966,0.271261,17.106549,0.172802,25.0,12.536828,13.48288,0
4935,2,493.4,95.492966,0.361681,17.106549,0.124609,25.0,12.063853,12.229922,0
4936,2,493.5,95.492966,0.723363,21.994135,0.251604,25.0,12.425285,13.231233,0
4937,2,493.6,95.492966,0.325513,21.994135,0.186114,25.0,12.509167,13.48288,0
4938,2,493.7,95.492966,0.452102,21.994135,0.142496,25.0,12.675647,13.566886,0
4939,2,493.8,95.492966,0.379765,21.994135,0.124609,25.0,12.789632,14.241292,0
4940,2,493.9,95.492966,0.325513,17.106549,0.186114,25.0,12.56483,13.566886,0
4941,2,494.0,95.492966,0.506354,21.994135,0.103681,25.0,12.536828,13.48288,0
4942,2,494.1,95.492966,0.217009,17.106549,0.904534,25.0,12.536828,13.48288,0
4943,2,494.2,95.492966,0.379765,21.994135,2.118361,25.0,12.730944,13.48288,0
4944,2,494.3,95.492966,0.759531,21.994135,2.632272,25.0,12.536828,13.48288,0
4945,2,494.4,95.492966,0.434018,21.994135,3.395553,25.0,12.536828,13.48288,0
4946,2,494.5,95.492966,0.48827,21.994135,3.984057,25.0,12.481522,13.48288,0
4947,2,494.6,95.492966,0.217009,26.88172,4.563157,25.0,12.536828,13.48288,0
4948,2,494.7,95.492966,0.813783,12.218964,5.087904,25.0,12.31394,12.980133,0
4949,2,494.8,95.492966,0.379765,17.106549,5.844396,25.0,12.537169,13.566886,0
4950,2,494.9,95.492966,0.144673,26.88172,6.018382,25.0,12.846059,14.410573,0
4951,2,495.0,95.492966,0.054252,17.106549,6.255441,25.0,12.592201,13.48288,0
4952,2,495.1,95.492966,0.48827,21.994135,6.261548,25.0,12.536828,13.48288,0
4953,2,495.2,95.492966,0.904203,21.994135,6.228652,25.0,12.341585,12.980133,0
4954,2,495.3,95.492966,0.723363,21.994135,5.949318,25.0,12.704732,13.903557,0
4955,2,495.4,95.492966,0.994624,17.106549,5.643945,25.0,12.509167,13.48288,0
4956,2,495.5,95.492966,1.717986,21.994135,5.598899,25.0,12.56483,13.566886,0
4957,2,495.6,95.492966,3.616813,21.994135,5.624441,25.0,12.146958,12.396252,0
4958,2,495.7,95.492966,4.521017,21.994135,5.322421,25.0,12.509167,13.48288,0
4959,2,495.8,95.492966,2.658358,21.994135,5.016982,25.0,12.509167,13.48288,0
4960,2,495.9,95.492966,3.092375,17.106549,3.930938,25.0,12.536828,13.48288,0
4961,2,496.0,95.492966,8.734604,26.88172,3.447914,25.0,12.564506,13.48288,0
4962,2,496.1,95.492966,4.068915,21.994135,3.106021,25.0,12.370641,13.398936,0
4963,2,496.2,95.492966,6.871945,21.994135,2.743368,25.0,12.592854,13.650957,0
4964,2,496.3,95.492966,7.143206,21.994135,2.713601,25.0,12.536828,13.48288,0
4965,2,496.4,95.492966,4.177419,12.218964,2.921329,25.0,12.731162,13.566886,0
4966,2,496.5,95.492966,6.962366,7.331378,3.368004,25.0,12.425009,13.063774,0
4967,2,496.6,95.492966,7.143206,21.994135,3.69215,25.0,12.592508,13.566886,0
4968,2,496.7,95.492966,7.233627,17.106549,3.69409,25.0,12.536828,13.48288,0
4969,2,496.8,95.492966,4.231672,17.106549,3.643301,25.0,12.509167,13.48288,0
4970,2,496.9,95.492966,1.320137,17.106549,3.446528,25.0,12.536828,13.48288,0
4971,2,497.0,95.492966,3.526393,21.994135,3.103713,25.0,12.397624,13.231233,0
4972,2,497.1,95.492966,3.472141,21.994135,2.959513,25.0,12.536828,13.48288,0
4973,2,497.2,95.492966,4.973118,21.994135,2.520071,25.0,12.23344,13.48288,0
4974,2,497.3,95.492966,2.22434,12.218964,1.979623,25.0,12.509167,13.48288,0
4975,2,497.4,95.492966,2.80303,12.218964,1.265592,25.0,12.536828,13.48288,0
4976,2,497.5,95.492966,0.922287,17.106549,0.671043,25.0,12.509167,13.48288,0
4977,2,497.6,95.492966,0.379765,26.88172,0.231839,25.0,12.56483,13.566886,0
4978,2,497.7,95.492966,0.325513,21.994135,0.172802,25.0,12.56483,13.566886,0
4979,2,497.8,95.492966,0.723363,26.88172,0.241923,25.0,12.509167,13.48288,0
4980,2,497.9,95.492966,0.361681,17.106549,0.103681,25.0,12.731162,13.566886,0
4981,2,498.0,95.492966,0.452102,26.88172,0.142496,25.0,12.789132,14.156756,0
4982,2,498.1,95.492966,0.217009,21.994135,0.103681,25.0,12.536828,13.48288,0
4983,2,498.2,95.492966,0.542522,12.218964,0.186114,25.0,12.372021,13.650957,0
4984,2,498.3,95.492966,0.452102,21.994135,0.142496,25.0,12.537169,13.566886,0
4985,2,498.4,95.492966,0.632942,17.106549,0.210223,25.0,12.509167,13.48288,0
4986,2,498.5,95.492966,0.379765,21.994135,0.210223,25.0,12.509167,13.48288,0
4987,2,498.6,95.492966,0.452102,21.994135,0.142496,25.0,12.874308,14.49532,0
4988,3,498.7,95.492966,1.175464,12.218964,5.101033,25.0,12.620916,13.735092,0
4989,3,498.8,95.492966,2.821114,21.994135,4.127768,25.0,13.066221,13.650957,0
4990,3,498.9,95.492966,3.707234,12.218964,6.06937,25.0,12.620916,13.735092,0
4991,3,499.0,95.492966,3.164712,26.88172,5.147187,25.0,12.537548,13.650957,0
4992,3,499.1,95.492966,1.808407,17.106549,7.425029,25.0,12.372405,13.735092,0
4993,3,499.2,95.492966,0.922287,26.88172,7.106438,25.0,12.620916,13.735092,0
4994,3,499.3,95.492966,0.325513,12.218964,8.296308,25.0,12.592871,13.650957,0
4995,3,499.4,95.492966,0.271261,17.106549,7.3617,25.0,12.620916,13.735092,0
4996,3,499.5,95.492966,0.434018,21.994135,7.676233,25.0,12.677071,13.903557,0
4997,3,499.6,95.492966,0.434018,21.994135,6.916322,25.0,12.565193,13.650957,0
4998,3,499.7,95.492966,0.379765,21.994135,6.949744,25.0,12.593238,13.735092,0
4999,3,499.8,95.492966,0.361681,21.994135,6.498192,25.0,12.704732,13.903557,0
5000,3,499.9,95.492966,0.271261,17.106549,5.841125,25.0,12.676643,13.819292,0
5001,3,500.0,95.492966,0.379765,12.218964,5.499022,25.0,12.620916,13.735092,0
5002,3,500.1,95.492966,1.392473,21.994135,4.32503,25.0,12.482693,13.735092,0
5003,3,500.2,95.492966,0.271261,17.106549,4.184099,25.0,12.593238,13.735092,0
5004,3,500.3,95.492966,0.361681,17.106549,2.421452,25.0,12.592871,13.650957,0
5005,3,500.4,95.492966,0.217009,21.994135,2.283345,25.0,12.592871,13.650957,0
5006,3,500.5,95.492966,0.379765,17.106549,0.433041,25.0,12.317916,13.819292,0
5007,3,500.6,95.492966,0.632942,21.994135,0.210223,25.0,12.620916,13.735092,0
5008,3,500.7,95.492966,0.325513,26.88172,2.080815,25.0,12.731802,13.735092,0
5009,3,500.8,95.492966,0.542522,31.769306,2.356455,25.0,12.676678,13.819292,0
5010,3,500.9,95.492966,0.542522,17.106549,3.736526,25.0,12.620916,13.735092,0
5011,3,501.0,95.492966,0.632942,21.994135,4.186952,25.0,12.482693,13.735092,0
5012,3,501.1,95.492966,0.542522,26.88172,4.979704,25.0,12.676324,13.735092,0
5013,3,501.2,95.492966,1.464809,17.106549,5.640134,25.0,12.982381,13.735092,0
5014,3,501.3,95.492966,0.542522,21.994135,5.946908,25.0,12.705165,13.987889,0
5015,3,501.4,95.492966,0.542522,21.994135,6.776052,25.0,12.537203,13.566886,0
5016,3,501.5,95.492966,0.379765,17.106549,6.397045,25.0,12.620916,13.735092,0
5017,3,501.6,95.492966,0.09042,21.994135,7.431782,25.0,12.898681,13.735092,0
5018,3,501.7,95.492966,0.09042,26.88172,6.255823,25.0,12.453225,13.315054,0
5019,3,501.8,95.492966,0.813783,85.532747,7.504712,25.0,12.843659,13.987889,0
5020,3,501.9,95.492966,0.632942,17.106549,6.189795,25.0,12.620916,13.735092,0
5021,3,502.0,95.492966,1.265885,17.106549,6.857702,25.0,12.537932,13.735092,0
5022,3,502.1,95.492966,1.627566,21.994135,5.354639,25.0,12.620916,13.735092,0
5023,3,502.2,95.492966,2.875367,21.994135,6.309436,25.0,12.510436,13.735092,0
5024,3,502.3,95.492966,2.549853,17.106549,5.125793,25.0,12.620916,13.735092,0
5025,3,502.4,95.492966,3.960411,26.88172,5.348837,25.0,12.593271,13.735092,0
5026,3,502.5,95.492966,4.973118,21.994135,3.836832,25.0,12.620916,13.735092,0
5027,3,502.6,95.492966,1.519062,17.106549,3.797405,25.0,12.593238,13.735092,0
5028,3,502.7,95.492966,6.058162,17.106549,2.969183,25.0,12.620916,13.735092,0
5029,3,502.8,95.492966,8.22825,21.994135,3.153345,25.0,12.592871,13.650957,0
5030,3,502.9,95.492966,6.510264,17.106549,2.469319,25.0,12.207241,13.735092,0
5031,3,503.0,95.492966,7.595308,12.218964,3.539537,25.0,12.593238,13.735092,0
5032,3,503.1,95.492966,3.797654,17.106549,2.866018,25.0,12.620916,13.735092,0
5033,3,503.2,95.492966,6.239003,17.106549,4.617281,25.0,12.620916,13.735092,0
5034,3,503.3,95.492966,3.363636,17.106549,3.532105,25.0,12.815548,13.903557,0
5035,3,503.4,95.492966,4.882698,21.994135,5.825153,25.0,12.593238,13.735092,0
5036,3,503.5,95.492966,3.978495,12.218964,4.732258,25.0,12.787354,13.735092,0
5037,3,503.6,95.492966,3.417889,21.994135,6.73042,25.0,12.620916,13.735092,0
5038,3,503.7,95.492966,3.038123,17.106549,6.27146,25.0,12.593238,13.735092,0
5039,3,503.8,95.492966,0.813783,21.994135,8.12641,25.0,12.620916,13.735092,0
5040,3,503.9,95.492966,1.085044,17.106549,7.4057,25.0,12.28985,13.735092,0
5041,3,504.0,95.492966,0.632942,21.994135,8.400749,25.0,12.593238,13.735092,0
5042,3,504.1,95.492966,0.217009,17.106549,6.981981,25.0,12.592871,13.650957,0
5043,3,504.2,95.492966,0.271261,17.106549,7.085229,25.0,12.620916,13.735092,0
5044,3,504.3,95.492966,0.452102,17.106549,6.740705,25.0,12.705181,13.987889,0
5045,3,504.4,95.492966,0.723363,17.106549,6.363723,25.0,12.592871,13.650957,0
5046,3,504.5,95.492966,0.723363,17.106549,6.018382,25.0,12.537932,13.735092,0
5047,3,504.6,95.492966,0.452102,17.106549,5.013171,25.0,12.592542,13.566886,0
5048,3,504.7,95.492966,0.217009,17.106549,4.977785,25.0,12.620916,13.735092,0
5049,3,504.8,95.492966,0.325513,17.106549,3.3223,25.0,12.620916,13.735092,0
5050,3,504.9,95.492966,0.759531,21.994135,3.184254,25.0,12.593238,13.735092,0
5051,3,505.0,95.492966,0.271261,12.218964,1.423706,25.0,12.565193,13.650957,0
5052,3,505.1,95.492966,0.325513,17.106549,1.051115,25.0,12.621304,13.819292,0
5053,3,505.2,95.492966,0.325513,26.88172,0.983,25.0,12.677071,13.903557,0
5054,3,505.3,95.492966,0.542522,17.106549,1.324617,25.0,12.81731,14.241292,0
5055,3,505.4,95.492966,0.632942,12.218964,3.082862,25.0,12.593238,13.735092,0
5056,3,505.5,95.492966,0.632942,21.994135,3.496759,25.0,12.620916,13.735092,0
5057,3,505.6,95.492966,0.813783,56.207234,4.397877,25.0,12.564203,13.398936,0
5058,3,505.7,95.492966,0.723363,21.994135,5.120664,25.0,12.565193,13.650957,0
5059,3,505.8,95.492966,0.126588,12.218964,5.499022,25.0,12.427453,13.735092,0
5060,3,505.9,95.492966,0.452102,17.106549,6.326073,25.0,12.510304,13.735092,0
5061,3,506.0,95.492966,0.434018,21.994135,5.949318,25.0,12.620916,13.735092,0
5062,3,506.1,95.492966,0.379765,31.769306,7.364296,25.0,12.620899,13.735092,0
5063,3,506.2,95.492966,0.813783,26.88172,6.399658,25.0,12.509575,13.566886,0
5064,3,506.3,95.492966,0.361681,26.88172,7.81135,25.0,12.537531,13.650957,0
5065,3,506.4,95.492966,0.813783,17.106549,6.118761,25.0,12.620916,13.735092,0
5066,3,506.5,95.492966,0.144673,17.106549,7.330808,25.0,12.565193,13.650957,0
5067,3,506.6,95.492966,1.265885,26.88172,5.616791,25.0,12.592871,13.650957,0
5068,3,506.7,95.492966,3.164712,17.106549,6.840961,25.0,12.930259,14.580138,0
5069,3,506.8,95.492966,1.627566,17.106549,5.285941,25.0,12.455097,13.735092,0
5070,3,506.9,95.492966,3.580645,12.218964,6.096859,25.0,12.620916,13.735092,0
5071,3,507.0,95.492966,0.813783,17.106549,4.710502,25.0,12.592871,13.650957,0
5072,3,507.1,95.492966,4.828446,21.994135,4.734781,25.0,12.620916,13.735092,0
5073,3,507.2,95.492966,0.922287,21.994135,3.467948,25.0,12.620899,13.735092,0
5074,3,507.3,95.492966,9.042033,26.88172,3.690208,25.0,12.620916,13.735092,0
5075,3,507.4,95.492966,7.975073,17.106549,2.774539,25.0,12.620916,13.735092,0
5076,3,507.5,95.492966,5.316716,17.106549,3.489236,25.0,12.620532,13.650957,0
5077,3,507.6,95.492966,3.851906,26.88172,2.419478,25.0,12.620916,13.735092,0
5078,3,507.7,95.492966,1.428641,17.106549,4.520554,25.0,12.620916,13.735092,0
5079,3,507.8,95.492966,20.290323,31.769306,2.71272,25.0,12.455097,13.735092,0
5080,3,507.9,95.492966,5.967742,17.106549,5.840716,25.0,12.620916,13.735092,0
5081,3,508.0,95.492966,4.882698,21.994135,3.550319,25.0,12.593238,13.735092,0
5082,3,508.1,95.492966,3.435973,12.218964,6.825579,25.0,12.676255,13.735092,0
5083,3,508.2,95.492966,0.66911,26.88172,4.895521,25.0,12.648982,13.819292,0
5084,3,508.3,95.492966,0.922287,26.88172,8.278436,25.0,12.593238,13.735092,0
5085,3,508.4,95.492966,1.302053,21.994135,6.614422,25.0,12.870821,13.735092,0
5086,3,508.5,95.492966,0.162757,21.994135,8.674948,25.0,12.593238,13.735092,0
5087,3,508.6,95.492966,0.904203,26.88172,7.333415,25.0,12.482693,13.735092,0
5088,3,508.7,95.492966,0.542522,17.106549,7.678722,25.0,12.593238,13.735092,0
5089,3,508.8,95.492966,0.162757,12.218964,6.877877,25.0,12.593238,13.735092,0
5090,3,508.9,95.492966,0.361681,12.218964,6.912867,25.0,12.620916,13.735092,0
5091,3,509.0,95.492966,0.271261,17.106549,6.394057,25.0,12.397143,13.063774,0
5092,3,509.1,95.492966,0.434018,21.994135,5.673074,25.0,12.565193,13.650957,0
5093,3,509.2,95.492966,0.632942,21.994135,5.637168,25.0,12.676324,13.735092,0
5094,3,509.3,95.492966,0.542522,21.994135,4.012735,25.0,12.621304,13.819292,0
5095,3,509.4,95.492966,0.108504,17.106549,4.216516,25.0,12.620916,13.735092,0
5096,3,509.5,95.492966,0.434018,17.106549,2.22506,25.0,12.592871,13.650957,0
5097,3,509.6,95.492966,0.379765,21.994135,2.118361,25.0,12.620916,13.735092,0
5098,3,509.7,95.492966,0.09042,21.994135,0.172802,25.0,12.620916,13.735092,0
5099,3,509.8,95.492966,0.452102,17.106549,0.221295,25.0,12.677071,13.903557,0
5100,3,509.9,95.492966,0.632942,21.994135,2.255979,25.0,12.593238,13.735092,0
5101,3,510.0,95.492966,0.325513,31.769306,2.494345,25.0,12.620916,13.735092,0
5102,3,510.1,95.492966,0.271261,17.106549,4.045935,25.0,12.759309,13.650957,0
5103,3,510.2,95.492966,0.217009,17.106549,4.355851,25.0,12.620916,13.735092,0
5104,3,510.3,95.492966,0.361681,26.88172,4.977785,25.0,12.592871,13.650957,0
5105,3,510.4,95.492966,0.632942,21.994135,5.913474,25.0,12.565576,13.735092,0
5106,3,510.5,95.492966,0.271261,17.106549,5.77325,25.0,12.676324,13.735092,0
5107,3,510.6,95.492966,0.126588,26.88172,6.880655,25.0,12.621304,13.819292,0
5108,3,510.7,95.492966,1.085044,51.319648,6.370476,25.0,12.731348,13.650957,0
5109,3,510.8,95.492966,0.813783,17.106549,7.573787,25.0,12.677071,13.903557,0
5110,3,510.9,95.492966,0.271261,21.994135,6.394057,25.0,12.593238,13.735092,0
5111,3,511.0,95.492966,1.175464,26.88172,7.511076,25.0,12.425631,13.315054,0
5112,3,511.1,95.492966,0.48827,26.88172,5.916301,25.0,12.761453,14.156756,0
5113,3,511.2,95.492966,1.030792,17.106549,6.974449,25.0,13.416982,16.206325,0
5114,3,511.3,95.492966,0.705279,21.994135,5.235081,25.0,12.648577,13.735092,0
5115,3,511.4,95.492966,8.300587,17.106549,6.356586,25.0,12.620916,13.735092,0
5116,3,511.5,95.492966,1.953079,17.106549,5.188788,25.0,12.453591,13.398936,0
5117,3,511.6,95.492966,4.665689,21.994135,5.42599,25.0,12.620916,13.735092,0
5118,3,511.7,95.492966,4.340176,21.994135,3.944285,25.0,12.620916,13.735092,0
5119,3,511.8,95.492966,11.51955,12.218964,3.961809,25.0,12.926561,13.735092,0
5120,3,511.9,95.492966,5.877322,17.106549,3.008348,25.0,12.620916,13.735092,0
5121,3,512.0,95.492966,12.279081,21.994135,3.332351,25.0,12.843659,13.987889,0
5122,3,512.1,95.492966,3.743402,17.106549,2.422438,25.0,12.593238,13.735092,0
5123,3,512.2,95.492966,7.956989,26.88172,3.816231,25.0,12.704054,13.735092,0
5124,3,512.3,95.492966,3.580645,21.994135,2.535192,25.0,12.452817,12.980133,0
5125,3,512.4,95.492966,6.871945,21.994135,5.127191,25.0,12.706765,14.241292,0
5126,3,512.5,95.492966,3.20088,17.106549,3.331634,25.0,12.620916,13.735092,0
5127,3,512.6,95.492966,2.821114,17.106549,6.266506,25.0,12.620916,13.735092,0
5128,3,512.7,95.492966,4.159335,21.994135,4.300103,25.0,12.620916,13.735092,0
5129,3,512.8,95.492966,1.193548,26.88172,7.087589,25.0,12.536845,13.48288,0
5130,3,512.9,95.492966,1.519062,21.994135,6.017191,25.0,12.028386,14.835031,0
5131,3,513.0,95.492966,0.542522,17.106549,8.43452,25.0,12.846076,14.410573,0
5132,3,513.1,95.492966,1.464809,26.88172,7.228423,25.0,12.565193,13.650957,0
5133,3,513.2,95.492966,0.180841,17.106549,8.3637,25.0,12.620916,13.735092,0
5134,3,513.3,95.492966,0.361681,21.994135,6.912867,25.0,12.648577,13.735092,0
5135,3,513.4,95.492966,0.723363,17.106549,7.192643,25.0,12.234315,13.650957,0
5136,3,513.5,95.492966,1.012708,21.994135,6.70909,25.0,12.842979,13.735092,0
5137,3,513.6,95.492966,0.452102,26.88172,6.326073,25.0,12.620916,13.735092,0
5138,3,513.7,95.492966,0.108504,17.106549,6.013617,25.0,12.508564,13.315054,0
5139,3,513.8,95.492966,0.271261,17.106549,4.944077,25.0,12.620532,13.650957,0
5140,3,513.9,95.492966,0.379765,31.769306,4.877433,25.0,12.565193,13.650957,0
5141,3,514.0,95.492966,0.452102,21.994135,3.148038,25.0,12.620916,13.735092,0
5142,3,514.1,95.492966,0.452102,21.994135,3.078985,25.0,12.620916,13.735092,0
5143,3,514.2,95.492966,0.271261,26.88172,1.148843,25.0,12.620916,13.735092,0
5144,3,514.3,95.492966,0.632942,17.106549,0.821492,25.0,13.153208,14.749993,0
5145,3,514.4,95.492966,0.271261,17.106549,1.211589,25.0,12.593238,13.735092,0
5146,3,514.5,95.492966,0.379765,21.994135,1.432071,25.0,12.620916,13.735092,0
5147,3,514.6,95.492966,0.361681,17.106549,3.319423,25.0,12.620916,13.735092,0
5148,3,514.7,95.492966,0.542522,26.88172,3.529399,25.0,12.620916,13.735092,0
5149,3,514.8,95.492966,0.632942,21.994135,4.670266,25.0,12.928127,14.241292,0
5150,3,514.9,95.492966,0.361681,21.994135,5.185104,25.0,12.620532,13.650957,0
5151,3,515.0,95.492966,0.542522,21.994135,5.670547,25.0,12.620916,13.735092,0
5152,3,515.1,95.492966,0.434018,17.106549,6.225583,25.0,12.425631,13.315054,0
5153,3,515.2,95.492966,0.379765,17.106549,6.189795,25.0,12.620916,13.735092,0
5154,3,515.3,95.492966,0.813783,21.994135,7.366566,25.0,12.593238,13.735092,0
5155,3,515.4,95.492966,0.054252,17.106549,6.532291,25.0,12.620899,13.735092,0
5156,3,515.5,95.492966,0.632942,17.106549,7.640674,25.0,12.565193,13.650957,0
5157,3,515.6,95.492966,0.48827,17.106549,6.192496,25.0,12.621304,13.819292,0
5158,3,515.7,95.492966,0.994624,21.994135,7.024278,25.0,12.759097,13.650957,0
5159,3,515.8,95.492966,0.542522,31.769306,5.601459,25.0,12.508564,13.315054,0
5160,3,515.9,95.492966,3.255132,21.994135,6.405255,25.0,12.593238,13.735092,0
5161,3,516.0,95.492966,2.80303,21.994135,5.185104,25.0,12.648611,13.735092,0
5162,3,516.1,95.492966,6.691105,17.106549,5.827613,25.0,12.565193,13.650957,0
5163,3,516.2,95.492966,4.521017,21.994135,4.543746,25.0,12.593238,13.735092,0
5164,3,516.3,95.492966,4.44868,26.88172,4.236299,25.0,12.648577,13.735092,0
5165,3,516.4,95.492966,11.139785,17.106549,3.131299,25.0,12.620916,13.735092,0
5166,3,516.5,95.492966,5.153959,26.88172,3.46657,25.0,12.593238,13.735092,0
5167,3,516.6,95.492966,3.68915,17.106549,2.62864,25.0,12.509987,13.650957,0
5168,3,516.7,95.492966,8.318671,21.994135,3.333785,25.0,12.788251,13.987889,0
5169,3,516.8,95.492966,3.797654,17.106549,2.420465,25.0,12.620532,13.650957,0
5170,3,516.9,95.492966,7.052786,21.994135,4.472208,25.0,12.593238,13.735092,0
5171,3,517.0,95.492966,1.175464,26.88172,2.916419,25.0,12.620899,13.735092,0
5172,3,517.1,95.492966,5.606061,12.218964,5.724633,25.0,12.592871,13.650957,0
5173,3,517.2,95.492966,4.521017,17.106549,3.663571,25.0,12.620916,13.735092,0
5174,3,517.3,95.492966,2.007331,17.106549,6.921156,25.0,12.592854,13.650957,0
5175,3,517.4,95.492966,2.22434,21.994135,5.198448,25.0,12.565576,13.735092,0
5176,3,517.5,95.492966,0.904203,17.106549,7.816852,25.0,12.648577,13.735092,0
5177,3,517.6,95.492966,1.030792,21.994135,6.83677,25.0,12.845512,14.325898,0
5178,3,517.7,95.492966,0.379765,17.106549,8.60805,25.0,12.593238,13.735092,0
5179,3,517.8,95.492966,0.379765,17.106549,7.22611,25.0,12.620916,13.735092,0
5180,3,517.9,95.492966,0.632942,21.994135,7.70822,25.0,12.648965,13.819292,0
5181,3,518.0,95.492966,0.452102,26.88172,6.878919,25.0,12.787142,13.735092,0
5182,3,518.1,95.492966,0.723363,17.106549,6.70909,25.0,12.959216,14.749993,0
5183,3,518.2,95.492966,0.723363,21.994135,6.501867,25.0,12.593238,13.735092,0
5184,3,518.3,95.492966,0.434018,26.88172,5.396855,25.0,12.593643,13.819292,0
5185,3,518.4,95.492966,0.217009,12.218964,5.668862,25.0,12.592871,13.650957,0
5186,3,518.5,95.492966,0.361681,21.994135,3.733968,25.0,12.536845,13.48288,0
5187,3,518.6,95.492966,0.542522,21.994135,4.150852,25.0,12.484742,13.903557,0
5188,3,518.7,95.492966,0.506354,21.994135,1.93816,25.0,12.593238,13.735092,0
5189,3,518.8,95.492966,0.904203,17.106549,2.165206,25.0,12.564847,13.566886,0
5190,3,518.9,95.492966,0.271261,26.88172,0.221295,25.0,12.592871,13.650957,0
5191,3,519.0,95.492966,0.271261,21.994135,0.221295,25.0,12.620916,13.735092,0
5192,3,519.1,95.492966,0.506354,26.88172,2.490511,25.0,12.620916,13.735092,0
5193,3,519.2,95.492966,0.723363,17.106549,2.706549,25.0,12.648611,13.735092,0
5194,3,519.3,95.492966,1.139296,21.994135,3.777221,25.0,12.593238,13.735092,0
5195,3,519.4,95.492966,0.723363,17.106549,4.292319,25.0,12.620916,13.735092,0
5196,3,519.5,95.492966,1.193548,12.218964,5.048784,25.0,12.125124,13.735092,0
5197,3,519.6,95.492966,0.542522,17.106549,5.808726,25.0,12.593238,13.735092,0
5198,3,519.7,95.492966,0.271261,17.106549,5.427751,25.0,12.258094,12.729561,0
5199,3,519.8,95.492966,0.434018,26.88172,7.054481,25.0,12.620899,13.735092,0
5200,3,519.9,95.492966,0.723363,21.994135,6.363723,25.0,12.648982,13.819292,0
5201,3,520.0,95.492966,0.271261,21.994135,7.570001,25.0,12.620916,13.735092,0
5202,3,520.1,95.492966,0.542522,21.994135,6.292375,25.0,12.787354,13.735092,0
5203,3,520.2,95.492966,0.596774,26.88172,7.576625,25.0,12.481522,13.48288,0
5204,3,520.3,95.492966,0.723363,26.88172,5.742133,25.0,12.787818,13.903557,0
5205,3,520.4,95.492966,1.717986,17.106549,6.974449,25.0,12.620916,13.735092,0
5206,3,520.5,95.492966,0.813783,21.994135,5.24101,25.0,12.593238,13.735092,0
5207,3,520.6,95.492966,4.611437,21.994135,6.090979,25.0,12.620916,13.735092,0
5208,3,520.7,95.492966,4.249756,21.994135,4.929076,25.0,12.008613,12.146836,0
5209,3,520.8,95.492966,4.502933,17.106549,5.166643,25.0,12.620916,13.735092,0
5210,3,520.9,95.492966,5.606061,7.331378,3.532105,25.0,12.620916,13.735092,0
5211,3,521.0,95.492966,7.685728,21.994135,3.628847,25.0,12.620916,13.735092,0
5212,3,521.1,95.492966,5.877322,17.106549,2.744239,25.0,12.648611,13.735092,0
5213,3,521.2,95.492966,8.04741,31.769306,3.050926,25.0,12.620916,13.735092,0
5214,3,521.3,95.492966,6.419844,12.218964,2.425395,25.0,12.620916,13.735092,0
5215,3,521.4,95.492966,7.595308,21.994135,3.708289,25.0,12.290021,13.735092,0
5216,3,521.5,95.492966,6.600684,17.106549,3.04936,25.0,12.593238,13.735092,0
5217,3,521.6,95.492966,6.419844,21.994135,4.831175,25.0,12.592871,13.650957,0
5218,3,521.7,95.492966,3.146628,21.994135,3.623577,25.0,12.565193,13.650957,0
5219,3,521.8,95.492966,4.521017,21.994135,5.585229,25.0,12.676272,13.735092,0
5220,3,521.9,95.492966,2.061584,21.994135,5.004587,25.0,12.455097,13.735092,0
5221,3,522.0,95.492966,2.441349,17.106549,6.798928,25.0,12.620916,13.735092,0
5222,3,522.1,95.492966,1.717986,21.994135,6.561481,25.0,12.620916,13.735092,0
5223,3,522.2,95.492966,0.271261,21.994135,8.122882,25.0,12.620916,13.735092,0
5224,3,522.3,95.492966,0.542522,17.106549,7.467057,25.0,12.593238,13.735092,0
5225,3,522.4,95.492966,0.162757,17.106549,7.711938,25.0,12.234885,13.735092,0
5226,3,522.5,95.492966,0.434018,17.106549,7.054481,25.0,12.648279,13.650957,0
5227,3,522.6,95.492966,0.379765,17.106549,7.157018,25.0,13.122289,13.735092,0
5228,3,522.7,95.492966,0.452102,17.106549,6.602493,25.0,12.369465,13.063774,0
5229,3,522.8,95.492966,0.434018,17.106549,6.087448,25.0,12.455097,13.735092,0
5230,3,522.9,95.492966,0.452102,21.994135,5.704149,25.0,12.731802,13.735092,0
5231,3,523.0,95.492966,0.452102,12.218964,4.944077,25.0,12.648965,13.819292,0
5232,3,523.1,95.492966,0.361681,17.106549,4.28675,25.0,12.620916,13.735092,0
5233,3,523.2,95.492966,0.632942,17.106549,3.289784,25.0,12.620916,13.735092,0
5234,3,523.3,95.492966,0.632942,31.769306,2.457683,25.0,12.593238,13.735092,0
5235,3,523.4,95.492966,0.361681,12.218964,1.248489,25.0,12.676009,13.650957,0
5236,3,523.5,95.492966,0.271261,12.218964,0.340381,25.0,12.565193,13.650957,0
5237,3,523.6,95.492966,0.271261,21.994135,0.935689,25.0,12.564847,13.566886,0
5238,3,523.7,95.492966,0.452102,21.994135,2.250679,25.0,12.648965,13.819292,0
5239,3,523.8,95.492966,0.542522,21.994135,3.460362,25.0,12.620916,13.735092,0
5240,3,523.9,95.492966,0.126588,26.88172,4.117918,25.0,12.620916,13.735092,0
5241,3,524.0,95.492966,0.217009,31.769306,4.977785,25.0,12.704732,13.903557,0
5242,3,524.1,95.492966,0.723363,12.218964,5.534961,25.0,12.648982,13.819292,0
5243,3,524.2,95.492966,0.379765,21.994135,5.844396,25.0,12.510304,13.735092,0
5244,3,524.3,95.492966,0.361681,26.88172,6.498192,25.0,12.593238,13.735092,0
5245,3,524.4,95.492966,0.379765,17.106549,6.742477,25.0,12.620916,13.735092,0
5246,3,524.5,95.492966,0.723363,26.88172,7.123562,25.0,12.593238,13.735092,0
5247,3,524.6,95.492966,0.632942,21.994135,7.087926,25.0,12.42558,13.315054,0
5248,3,524.7,95.492966,0.271261,17.106549,7.223465,25.0,12.565576,13.735092,0
5249,3,524.8,95.492966,0.144673,31.769306,6.70909,25.0,12.731802,13.735092,0
5250,3,524.9,95.492966,0.542522,17.106549,6.711938,25.0,13.066263,13.735092,0
5251,3,525.0,95.492966,1.898827,26.88172,5.950121,25.0,12.620916,13.735092,0
5252,3,525.1,95.492966,3.255132,21.994135,6.06622,25.0,12.817851,14.325898,0
5253,3,525.2,95.492966,2.332845,17.106549,5.350176,25.0,12.510304,13.735092,0
5254,3,525.3,95.492966,5.696481,17.106549,5.260118,25.0,12.593238,13.735092,0
5255,3,525.4,95.492966,3.255132,26.88172,4.497774,25.0,12.593238,13.735092,0
5256,3,525.5,95.492966,7.504888,26.88172,4.233479,25.0,12.620916,13.735092,0
5257,3,525.6,95.492966,5.967742,17.106549,3.152587,25.0,12.676643,13.819292,0
5258,3,525.7,95.492966,7.776149,21.994135,3.138918,25.0,12.593238,13.735092,0
5259,3,525.8,95.492966,3.743402,12.218964,2.392672,25.0,12.593238,13.735092,0
5260,3,525.9,95.492966,4.665689,21.994135,3.163933,25.0,12.648577,13.735092,0
5261,3,526.0,95.492966,8.608016,26.88172,2.509622,25.0,12.620916,13.735092,0
5262,3,526.1,95.492966,6.600684,21.994135,4.400049,25.0,12.620916,13.735092,0
5263,3,526.2,95.492966,3.526393,12.218964,3.25254,25.0,12.399954,13.735092,0
5264,3,526.3,95.492966,3.20088,26.88172,5.59036,25.0,12.620916,13.735092,0
5265,3,526.4,95.492966,4.340176,17.106549,4.197779,25.0,12.593238,13.735092,0
5266,3,526.5,95.492966,3.255132,12.218964,6.473145,25.0,12.648577,13.735092,0
5267,3,526.6,95.492966,2.80303,17.106549,5.388438,25.0,12.593238,13.735092,0
5268,3,526.7,95.492966,1.446725,17.106549,8.241707,25.0,12.593238,13.735092,0
5269,3,526.8,95.492966,1.898827,21.994135,6.894528,25.0,13.066221,13.650957,0
5270,3,526.9,95.492966,0.271261,17.106549,8.536711,25.0,12.620899,13.735092,0
5271,3,527.0,95.492966,0.452102,17.106549,7.155348,25.0,12.593238,13.735092,0
5272,3,527.1,95.492966,0.379765,26.88172,7.502484,25.0,12.261805,13.650957,0
5273,3,527.2,95.492966,0.651026,21.994135,6.439475,25.0,12.648611,13.735092,0
5274,3,527.3,95.492966,0.271261,17.106549,6.808759,25.0,12.620916,13.735092,0
5275,3,527.4,95.492966,0.632942,17.106549,6.258877,25.0,12.509167,13.48288,0
5276,3,527.5,95.492966,0.434018,17.106549,5.327805,25.0,12.565193,13.650957,0
5277,3,527.6,95.492966,0.361681,21.994135,5.392427,25.0,12.620916,13.735092,0
5278,3,527.7,95.492966,0.162757,21.994135,3.905942,25.0,12.676643,13.819292,0
5279,3,527.8,95.492966,0.09042,21.994135,3.628847,25.0,12.620916,13.735092,0
5280,3,527.9,95.492966,0.452102,21.994135,2.043747,25.0,12.620916,13.735092,0
5281,3,528.0,95.492966,0.162757,26.88172,1.625811,25.0,12.593238,13.735092,0
5282,3,528.1,95.492966,0.542522,17.106549,0.269926,25.0,12.593238,13.735092,0
5283,3,528.2,95.492966,0.271261,21.994135,0.875001,25.0,12.677503,13.987889,0
5284,3,528.3,95.492966,0.759531,26.88172,2.563304,25.0,12.565193,13.650957,0
5285,3,528.4,95.492966,0.271261,17.106549,3.076656,25.0,12.648965,13.819292,0
5286,3,528.5,95.492966,0.271261,17.106549,4.253182,25.0,12.787636,13.819292,0
5287,3,528.6,95.492966,0.48827,17.106549,4.673846,25.0,12.593238,13.735092,0
5288,3,528.7,95.492966,0.813783,21.994135,5.156924,25.0,12.565193,13.650957,0
5289,3,528.8,95.492966,0.542522,21.994135,6.154186,25.0,12.593238,13.735092,0
5290,3,528.9,95.492966,0.759531,21.994135,6.292375,25.0,12.731802,13.735092,0
5291,3,529.0,95.492966,0.723363,21.994135,6.847244,25.0,12.396625,12.729561,0
5292,3,529.1,95.492966,1.085044,21.994135,6.784507,25.0,12.648227,13.650957,0
5293,3,529.2,95.492966,0.632942,12.218964,7.433389,25.0,12.648982,13.819292,0
5294,3,529.3,95.492966,0.162757,26.88172,6.670525,25.0,12.593238,13.735092,0
5295,3,529.4,95.492966,0.379765,26.88172,7.364296,25.0,12.593238,13.735092,0
5296,3,529.5,95.492966,0.904203,12.218964,5.952529,25.0,12.565193,13.650957,0
5297,3,529.6,95.492966,2.350929,17.106549,6.417551,25.0,12.706765,14.241292,0
5298,3,529.7,95.492966,2.531769,26.88172,5.403491,25.0,13.10118,15.175937,0
5299,3,529.8,95.492966,4.882698,17.106549,5.825153,25.0,12.593238,13.735092,0
5300,3,529.9,95.492966,2.441349,21.994135,4.841548,25.0,12.593238,13.735092,0
5301,3,530.0,95.492966,4.502933,26.88172,5.051622,25.0,12.286664,13.063774,0
5302,3,530.1,95.492966,3.20088,12.218964,3.671387,25.0,12.620916,13.735092,0
5303,3,530.2,95.492966,7.956989,17.106549,3.652469,25.0,12.537548,13.650957,0
5304,3,530.3,95.492966,6.148583,17.106549,2.696822,25.0,12.593238,13.735092,0
5305,3,530.4,95.492966,4.774194,21.994135,3.006759,25.0,12.593238,13.735092,0
5306,3,530.5,95.492966,3.851906,26.88172,2.425395,25.0,12.593238,13.735092,0
5307,3,530.6,95.492966,7.866569,12.218964,4.082963,25.0,12.676255,13.735092,0
5308,3,530.7,95.492966,3.580645,21.994135,2.637712,25.0,12.593238,13.735092,0
5309,3,530.8,95.492966,3.634897,21.994135,5.317931,25.0,12.620916,13.735092,0
5310,3,530.9,95.492966,3.146628,12.218964,3.565761,25.0,12.593238,13.735092,0
5311,3,531.0,95.492966,3.888074,26.88172,6.152634,25.0,12.565193,13.650957,0
5312,3,531.1,95.492966,5.949658,21.994135,4.47381,25.0,12.789632,14.241292,0
5313,3,531.2,95.492966,2.260508,21.994135,7.682765,25.0,12.593238,13.735092,0
5314,3,531.3,95.492966,1.627566,17.106549,6.369351,25.0,12.593238,13.735092,0
5315,3,531.4,95.492966,0.180841,12.218964,6.013617,25.0,12.593238,13.735092,0
5316,3,531.5,95.492966,0.452102,17.106549,7.224457,25.0,12.593238,13.735092,0
5317,3,531.6,95.492966,0.759531,17.106549,7.881677,25.0,12.901986,14.49532,0
5318,3,531.7,95.492966,0.904203,21.994135,6.988136,25.0,12.593238,13.735092,0
5319,3,531.8,95.492966,0.379765,12.218964,7.157018,25.0,12.593238,13.735092,0
5320,3,531.9,95.492966,0.542522,21.994135,6.706954,25.0,12.676643,13.819292,0
5321,3,532.0,95.492966,0.126588,21.994135,5.771595,25.0,12.677054,13.903557,0
5322,3,532.1,95.492966,0.723363,21.994135,6.018382,25.0,12.620916,13.735092,0
5323,3,532.2,95.492966,0.542522,26.88172,4.288978,25.0,12.455097,13.735092,0
5324,3,532.3,95.492966,0.271261,21.994135,4.667708,25.0,12.593238,13.735092,0
5325,3,532.4,95.492966,0.054252,26.88172,2.592034,25.0,12.620916,13.735092,0
5326,3,532.5,95.492966,0.542522,21.994135,2.908216,25.0,12.565193,13.650957,0
5327,3,532.6,95.492966,0.452102,17.106549,0.603572,25.0,12.372938,13.819292,0
5328,3,532.7,95.492966,0.542522,17.106549,0.645642,25.0,12.621304,13.819292,0
5329,3,532.8,95.492966,0.452102,21.994135,1.630213,25.0,12.592871,13.650957,0
5330,3,532.9,95.492966,0.542522,17.106549,1.736641,25.0,12.620916,13.735092,0
5331,3,533.0,95.492966,0.271261,21.994135,3.631479,25.0,12.565576,13.735092,0
5332,3,533.1,95.492966,0.361681,12.218964,3.664874,25.0,12.593238,13.735092,0
5333,3,533.2,95.492966,0.723363,12.218964,4.499367,25.0,12.397365,13.147473,0
5334,3,533.3,95.492966,0.723363,26.88172,5.327805,25.0,12.509167,13.48288,0
5335,3,533.4,95.492966,0.379765,26.88172,5.429951,25.0,12.592871,13.650957,0
5336,3,533.5,95.492966,0.09042,17.106549,6.602493,25.0,12.703757,13.650957,0
5337,3,533.6,95.492966,0.452102,21.994135,6.118761,25.0,12.621304,13.819292,0
5338,3,533.7,95.492966,0.434018,21.994135,7.399892,25.0,12.621304,13.819292,0
5339,3,533.8,95.492966,0.434018,17.106549,6.363723,25.0,12.593238,13.735092,0
5340,3,533.9,95.492966,0.108504,26.88172,7.812573,25.0,13.58898,16.639285,0
5341,3,534.0,95.492966,0.126588,26.88172,5.978958,25.0,12.593238,13.735092,0
5342,3,534.1,95.492966,0.434018,12.218964,7.123562,25.0,12.621304,13.819292,0
5343,3,534.2,95.492966,1.085044,17.106549,5.473768,25.0,12.36972,13.147473,0
5344,3,534.3,95.492966,5.443304,21.994135,6.354331,25.0,12.593238,13.735092,0
5345,3,534.4,95.492966,0.596774,21.994135,5.266926,25.0,12.455097,13.735092,0
5346,3,534.5,95.492966,6.239003,17.106549,5.410118,25.0,12.593238,13.735092,0
5347,3,534.6,95.492966,4.611437,21.994135,4.207442,25.0,12.676324,13.735092,0
5348,3,534.7,95.492966,8.04741,17.106549,4.325582,25.0,12.593238,13.735092,0
5349,3,534.8,95.492966,5.51564,17.106549,3.006759,25.0,12.593238,13.735092,0
5350,3,534.9,95.492966,4.774194,21.994135,3.138157,25.0,12.593238,13.735092,0
5351,3,535.0,95.492966,1.229717,31.769306,2.352396,25.0,12.620916,13.735092,0
5352,3,535.1,95.492966,11.139785,12.218964,3.338797,25.0,12.675498,13.48288,0
5353,3,535.2,95.492966,6.329423,26.88172,2.62864,25.0,12.620916,13.735092,0
5354,3,535.3,95.492966,6.781525,21.994135,4.439505,25.0,12.593238,13.735092,0
5355,3,535.4,95.492966,3.363636,17.106549,3.208915,25.0,12.648965,13.819292,0
5356,3,535.5,95.492966,5.153959,12.218964,5.695767,25.0,12.593238,13.735092,0
5357,3,535.6,95.492966,4.340176,17.106549,4.454009,25.0,12.593238,13.735092,0
5358,3,535.7,95.492966,2.350929,26.88172,6.55456,25.0,12.648611,13.735092,0
5359,3,535.8,95.492966,2.350929,17.106549,5.73339,25.0,12.621304,13.819292,0
5360,3,535.9,95.492966,1.265885,21.994135,7.823573,25.0,12.704339,13.819292,0
5361,3,536.0,95.492966,0.922287,12.218964,7.244269,25.0,12.565576,13.735092,0
5362,3,536.1,95.492966,0.813783,21.994135,8.195491,25.0,12.593238,13.735092,0
5363,3,536.2,95.492966,0.271261,17.106549,7.292582,25.0,12.593238,13.735092,0
5364,3,536.3,95.492966,0.217009,17.106549,6.983349,25.0,12.509525,13.566886,0
5365,3,536.4,95.492966,0.813783,21.994135,6.744957,25.0,12.593238,13.735092,0
5366,3,536.5,95.492966,0.271261,17.106549,6.533388,25.0,12.510304,13.735092,0
5367,3,536.6,95.492966,0.271261,26.88172,6.11759,25.0,12.648982,13.819292,0
5368,3,536.7,95.492966,0.542522,26.88172,5.394199,25.0,13.099685,15.005331,0
5369,3,536.8,95.492966,0.325513,21.994135,4.979704,25.0,12.565576,13.735092,0
5370,3,536.9,95.492966,0.723363,7.331378,3.74036,25.0,12.593238,13.735092,0
5371,3,537.0,95.492966,0.452102,21.994135,3.493342,25.0,12.593238,13.735092,0
5372,3,537.1,95.492966,0.452102,2.443793,1.905845,25.0,12.397953,13.315054,0
5373,3,537.2,95.492966,0.542522,21.994135,1.393176,25.0,12.818398,14.410573,0
5374,3,537.3,95.492966,0.325513,26.88172,0.449286,25.0,12.620916,13.735092,0
5375,3,537.4,95.492966,0.434018,12.218964,1.064664,25.0,12.620916,13.735092,0
5376,3,537.5,95.492966,0.379765,31.769306,2.807066,25.0,12.648611,13.735092,0
5377,3,537.6,95.492966,0.379765,21.994135,3.289784,25.0,12.648982,13.819292,0
5378,3,537.7,95.492966,1.139296,17.106549,4.397877,25.0,12.593238,13.735092,0
5379,3,537.8,95.492966,0.072336,21.994135,4.770469,25.0,12.593238,13.735092,0
5380,3,537.9,95.492966,0.632942,17.106549,5.360882,25.0,12.565576,13.735092,0
5381,3,538.0,95.492966,0.632942,17.106549,6.189795,25.0,12.258452,12.896552,0
5382,3,538.1,95.492966,0.723363,12.218964,6.156515,25.0,12.564847,13.566886,0
5383,3,538.2,95.492966,0.379765,17.106549,7.087926,25.0,12.648982,13.819292,0
5384,3,538.3,95.492966,0.325513,21.994135,6.637856,25.0,12.593238,13.735092,0
5385,3,538.4,95.492966,0.434018,12.218964,7.468976,25.0,12.593643,13.819292,0
5386,3,538.5,95.492966,0.904203,31.769306,6.228652,25.0,12.59366,13.819292,0
5387,3,538.6,95.492966,0.904203,17.106549,7.471534,25.0,12.846059,14.410573,0
5388,3,538.7,95.492966,0.379765,17.106549,5.775319,25.0,13.58898,16.639285,0
5389,3,538.8,95.492966,2.260508,12.218964,6.652954,25.0,12.621304,13.819292,0
5390,3,538.9,95.492966,1.302053,26.88172,5.312988,25.0,12.620916,13.735092,0
5391,3,539.0,95.492966,5.967742,17.106549,6.290097,25.0,12.398302,13.398936,0
5392,3,539.1,95.492966,3.616813,17.106549,4.889662,25.0,12.593238,13.735092,0
5393,3,539.2,95.492966,7.324047,12.218964,4.784969,25.0,12.593238,13.735092,0
5394,3,539.3,95.492966,4.521017,21.994135,3.420786,25.0,12.593238,13.735092,0
5395,3,539.4,95.492966,5.045455,31.769306,3.704422,25.0,12.593238,13.735092,0
5396,3,539.5,95.492966,5.786901,17.106549,2.823189,25.0,12.454713,13.650957,0
5397,3,539.6,95.492966,8.499511,21.994135,3.232649,25.0,12.565193,13.650957,0
5398,3,539.7,95.492966,3.743402,21.994135,2.380661,25.0,12.621304,13.819292,0
5399,3,539.8,95.492966,7.776149,17.106549,4.278383,25.0,12.593238,13.735092,0
5400,3,539.9,95.492966,3.580645,26.88172,2.56796,25.0,12.593238,13.735092,0
5401,3,540.0,95.492966,6.329423,21.994135,5.394199,25.0,12.370341,13.315054,0
5402,3,540.1,95.492966,3.038123,26.88172,3.355213,25.0,12.593238,13.735092,0
5403,3,540.2,95.492966,2.495601,7.331378,6.546537,25.0,12.621304,13.819292,0
5404,3,540.3,95.492966,2.495601,17.106549,4.558967,25.0,12.565576,13.735092,0
5405,3,540.4,95.492966,1.265885,17.106549,7.685563,25.0,12.620916,13.735092,0
5406,3,540.5,95.492966,2.350929,17.106549,6.349066,25.0,12.620916,13.735092,0
5407,3,540.6,95.492966,0.48827,17.106549,8.679078,25.0,12.931538,14.749993,0
5408,3,540.7,95.492966,0.542522,21.994135,7.264356,25.0,12.593238,13.735092,0
5409,3,540.8,95.492966,0.452102,12.218964,7.84644,25.0,12.593238,13.735092,0
5410,3,540.9,95.492966,0.271261,17.106549,6.808759,25.0,12.092198,12.646151,0
5411,3,541.0,95.492966,0.271261,17.106549,7.016112,25.0,12.02507,14.580138,0
5412,3,541.1,95.492966,0.542522,26.88172,6.637856,25.0,12.565193,13.650957,0
5413,3,541.2,95.492966,0.723363,17.106549,5.880255,25.0,12.482693,13.735092,0
5414,3,541.3,95.492966,0.452102,17.106549,5.77325,25.0,12.565576,13.735092,0
5415,3,541.4,95.492966,0.361681,21.994135,4.424952,25.0,12.593238,13.735092,0
5416,3,541.5,95.492966,0.271261,21.994135,4.527946,25.0,12.593238,13.735092,0
5417,3,541.6,95.492966,0.813783,21.994135,2.538017,25.0,13.073519,15.175937,0
5418,3,541.7,95.492966,0.325513,17.106549,2.425395,25.0,12.621304,13.819292,0
5419,3,541.8,95.492966,0.452102,17.106549,0.603572,25.0,12.676324,13.735092,0
5420,3,541.9,95.492966,0.379765,12.218964,0.318632,25.0,12.174636,12.396252,0
5421,3,542.0,95.492966,0.542522,12.218964,1.805432,25.0,12.592871,13.650957,0
5422,3,542.1,95.492966,0.271261,26.88172,2.112715,25.0,12.593238,13.735092,0
5423,3,542.2,95.492966,0.361681,21.994135,3.941255,25.0,12.593238,13.735092,0
5424,3,542.3,95.492966,1.844575,21.994135,4.012735,25.0,12.648611,13.735092,0
5425,3,542.4,95.492966,0.361681,17.106549,4.977785,25.0,12.733298,14.072289,0
5426,3,542.5,95.492966,0.271261,21.994135,5.427751,25.0,12.621304,13.819292,0
5427,3,542.6,95.492966,0.542522,17.106549,5.877817,25.0,12.593238,13.735092,0
5428,3,542.7,95.492966,0.379765,21.994135,6.46613,25.0,12.593238,13.735092,0
5429,3,542.8,95.492966,0.434018,21.994135,6.640015,25.0,12.593238,13.735092,0
5430,3,542.9,95.492966,0.904203,21.994135,7.264356,25.0,12.230257,12.646151,0
5431,3,543.0,95.492966,0.379765,26.88172,6.742477,25.0,12.537169,13.566886,0
5432,3,543.1,95.492966,0.361681,21.994135,7.534891,25.0,12.620916,13.735092,0
5433,3,543.2,95.492966,0.452102,21.994135,6.256969,25.0,12.482693,13.735092,0
5434,3,543.3,95.492966,0.434018,21.994135,6.70909,25.0,12.20295,12.813028,0
5435,3,543.4,95.492966,2.079668,12.218964,5.684432,25.0,12.593238,13.735092,0
5436,3,543.5,95.492966,2.170088,12.218964,6.095291,25.0,12.705165,13.987889,0
5437,3,543.6,95.492966,2.387097,21.994135,5.39287,25.0,12.593238,13.735092,0
5438,3,543.7,95.492966,6.239003,17.106549,5.16248,25.0,12.593238,13.735092,0
5439,3,543.8,95.492966,5.51564,12.218964,4.360784,25.0,12.593238,13.735092,0
5440,3,543.9,95.492966,6.962366,21.994135,3.992442,25.0,12.397365,13.147473,0
5441,3,544.0,95.492966,6.510264,21.994135,3.12519,25.0,12.621304,13.819292,0
5442,3,544.1,95.492966,7.595308,21.994135,3.005964,25.0,12.593238,13.735092,0
5443,3,544.2,95.492966,4.014663,26.88172,2.522913,25.0,12.620916,13.735092,0
5444,3,544.3,95.492966,7.595308,17.106549,3.15486,25.0,12.593238,13.735092,0
5445,3,544.4,95.492966,6.691105,21.994135,3.019444,25.0,12.621304,13.819292,0
5446,3,544.5,95.492966,6.510264,17.106549,4.016305,25.0,12.621304,13.819292,0
5447,3,544.6,95.492966,3.417889,17.106549,4.095814,25.0,12.455097,13.735092,0
5448,3,544.7,95.492966,5.063539,17.106549,5.006019,25.0,12.620916,13.735092,0
5449,3,544.8,95.492966,2.332845,21.994135,4.754418,25.0,12.593238,13.735092,0
5450,3,544.9,95.492966,1.844575,17.106549,6.052816,25.0,12.704339,13.819292,0
5451,3,545.0,95.492966,2.441349,17.106549,6.182844,25.0,12.621304,13.819292,0
5452,3,545.1,95.492966,0.922287,26.88172,7.588911,25.0,12.593238,13.735092,0
5453,3,545.2,95.492966,2.586022,17.106549,7.645674,25.0,12.593238,13.735092,0
5454,3,545.3,95.492966,0.361681,12.218964,8.018694,25.0,12.593238,13.735092,0
5455,3,545.4,95.492966,0.379765,21.994135,7.223465,25.0,12.593238,13.735092,0
5456,3,545.5,95.492966,0.434018,26.88172,7.261725,25.0,12.28985,13.735092,0
5457,3,545.6,95.492966,0.542522,21.994135,6.850034,25.0,12.399954,13.735092,0
5458,3,545.7,95.492966,0.325513,31.769306,6.568759,25.0,12.620916,13.735092,0
5459,3,545.8,95.492966,0.162757,21.994135,6.048473,25.0,12.481522,13.48288,0
5460,3,545.9,95.492966,0.452102,17.106549,5.427751,25.0,12.369465,13.063774,0
5461,3,546.0,95.492966,0.542522,12.218964,4.979704,25.0,12.537531,13.650957,0
5462,3,546.1,95.492966,0.271261,21.994135,3.769625,25.0,12.593238,13.735092,0
5463,3,546.2,95.492966,0.09042,21.994135,3.286152,25.0,12.648982,13.819292,0
5464,3,546.3,95.492966,0.361681,17.106549,1.800132,25.0,12.593238,13.735092,0
5465,3,546.4,95.492966,0.361681,17.106549,1.248489,25.0,12.90092,14.325898,0
5466,3,546.5,95.492966,0.379765,21.994135,0.558341,25.0,12.593238,13.735092,0
5467,3,546.6,95.492966,0.325513,12.218964,1.119353,25.0,12.621304,13.819292,0
5468,3,546.7,95.492966,0.271261,12.218964,2.871846,25.0,12.593238,13.735092,0
5469,3,546.8,95.492966,0.542522,26.88172,3.253275,25.0,12.593238,13.735092,0
5470,3,546.9,95.492966,0.271261,12.218964,4.322267,25.0,12.955463,14.156756,0
5471,3,547.0,95.492966,0.361681,26.88172,4.908679,25.0,12.620916,13.735092,0
5472,3,547.1,95.492966,0.434018,21.994135,5.465907,25.0,12.621304,13.819292,0
5473,3,547.2,95.492966,0.542522,7.331378,6.016,25.0,12.480903,13.315054,0
5474,3,547.3,95.492966,0.596774,17.106549,6.403017,25.0,12.593238,13.735092,0
5475,3,547.4,95.492966,1.012708,17.106549,7.054481,25.0,12.593238,13.735092,0
5476,3,547.5,95.492966,0.271261,26.88172,6.671599,25.0,12.593238,13.735092,0
5477,3,547.6,95.492966,0.379765,21.994135,7.502484,25.0,12.621304,13.819292,0
5478,3,547.7,95.492966,0.651026,17.106549,6.439475,25.0,12.537203,13.566886,0
5479,3,547.8,95.492966,0.632942,17.106549,7.364296,25.0,12.648965,13.819292,0
5480,3,547.9,95.492966,0.723363,17.106549,5.811193,25.0,13.764638,17.249293,0
5481,3,548.0,95.492966,1.193548,21.994135,6.537774,25.0,12.621304,13.819292,0
5482,3,548.1,95.492966,4.557185,21.994135,5.199367,25.0,12.593238,13.735092,0
5483,3,548.2,95.492966,3.526393,21.994135,6.116418,25.0,12.146888,12.313061,0
5484,3,548.3,95.492966,2.875367,21.994135,4.871062,25.0,12.621304,13.819292,0
5485,3,548.4,95.492966,7.143206,26.88172,4.688644,25.0,12.593238,13.735092,0
5486,3,548.5,95.492966,3.092375,12.218964,3.403283,25.0,12.621304,13.819292,0
5487,3,548.6,95.492966,8.409091,21.994135,3.669434,25.0,12.648982,13.819292,0
5488,3,548.7,95.492966,3.797654,21.994135,2.791706,25.0,12.313561,12.813028,0
5489,3,548.8,95.492966,8.22825,21.994135,3.125954,25.0,12.621304,13.819292,0
5490,3,548.9,95.492966,7.468719,31.769306,2.007186,25.0,12.510288,13.735092,0
5491,3,549.0,95.492966,7.324047,17.106549,4.034109,25.0,12.565576,13.735092,0
5492,3,549.1,95.492966,3.580645,17.106549,2.965158,25.0,12.648982,13.819292,0
5493,3,549.2,95.492966,6.148583,21.994135,5.177727,25.0,12.621304,13.819292,0
5494,3,549.3,95.492966,9.277126,31.769306,3.81122,25.0,12.621304,13.819292,0
5495,3,549.4,95.492966,3.978495,17.106549,6.127344,25.0,12.648982,13.819292,0
5496,3,549.5,95.492966,3.526393,21.994135,5.247387,25.0,12.648982,13.819292,0
5497,3,549.6,95.492966,1.085044,12.218964,7.218502,25.0,11.898099,12.146836,0
5498,3,549.7,95.492966,1.193548,21.994135,6.881349,25.0,13.074348,15.261356,0
5499,3,549.8,95.492966,0.813783,17.106549,8.540907,25.0,12.621304,13.819292,0
5500,3,549.9,95.492966,0.813783,17.106549,7.435639,25.0,12.621304,13.819292,0
5501,3,550.0,95.492966,0.452102,17.106549,7.70822,25.0,12.508864,13.398936,0
5502,3,550.1,95.492966,0.452102,21.994135,6.878919,25.0,12.75973,13.819292,0
5503,3,550.2,95.492966,0.632942,26.88172,7.157018,25.0,12.50992,13.650957,0
5504,3,550.3,95.492966,0.632942,26.88172,6.46613,25.0,12.621304,13.819292,0
5505,3,550.4,95.492966,0.217009,17.106549,6.014412,25.0,12.621304,13.819292,0
5506,3,550.5,95.492966,0.361681,21.994135,5.599753,25.0,12.648982,13.819292,0
5507,3,550.6,95.492966,0.126588,26.88172,4.527419,25.0,12.929111,14.410573,0
5508,3,550.7,95.492966,0.632942,17.106549,4.186952,25.0,12.593238,13.735092,0
5509,3,550.8,95.492966,0.325513,21.994135,2.701248,25.0,12.621304,13.819292,0
5510,3,550.9,95.492966,0.542522,17.106549,2.356455,25.0,12.621304,13.819292,0
5511,3,551.0,95.492966,0.361681,21.994135,0.562603,25.0,12.593238,13.735092,0
5512,3,551.1,95.492966,0.632942,17.106549,0.221295,25.0,12.565193,13.650957,0
5513,3,551.2,95.492966,0.452102,21.994135,1.836913,25.0,12.620916,13.735092,0
5514,3,551.3,95.492966,1.012708,21.994135,2.293783,25.0,12.621304,13.819292,0
5515,3,551.4,95.492966,0.723363,21.994135,3.809339,25.0,12.621304,13.819292,0
5516,3,551.5,95.492966,0.434018,21.994135,4.085302,25.0,12.648982,13.819292,0
5517,3,551.6,95.492966,0.632942,17.106549,4.877433,25.0,12.67852,14.156756,0
5518,3,551.7,95.492966,0.632942,17.106549,5.499022,25.0,12.620916,13.735092,0
5519,3,551.8,95.492966,0.361681,21.994135,5.945301,25.0,12.648982,13.819292,0
5520,3,551.9,95.492966,0.361681,17.106549,6.705529,25.0,12.42598,13.398936,0
5521,3,552.0,95.492966,0.813783,17.106549,6.537774,25.0,12.621304,13.819292,0
5522,3,552.1,95.492966,0.632942,17.106549,7.502484,25.0,12.621304,13.819292,0
5523,3,552.2,95.492966,0.506354,17.106549,6.636416,25.0,12.42802,13.819292,0
5524,3,552.3,95.492966,0.542522,17.106549,7.605262,25.0,12.621304,13.819292,0
5525,3,552.4,95.492966,0.904203,17.106549,5.952529,25.0,12.621304,13.819292,0
5526,3,552.5,95.492966,1.537146,26.88172,7.106438,25.0,12.538032,13.735092,0
5527,3,552.6,95.492966,0.198925,21.994135,5.436986,25.0,12.537548,13.650957,0
5528,3,552.7,95.492966,0.759531,17.106549,6.380218,25.0,12.621304,13.819292,0
5529,3,552.8,95.492966,1.953079,21.994135,5.188788,25.0,12.81542,13.819292,0
5530,3,552.9,95.492966,7.414467,26.88172,5.71001,25.0,12.593238,13.735092,0
5531,3,553.0,95.492966,4.701857,17.106549,4.065372,25.0,12.621304,13.819292,0
5532,3,553.1,95.492966,7.956989,21.994135,3.992442,25.0,12.34542,13.819292,0
5533,3,553.2,95.492966,1.085044,21.994135,2.908216,25.0,12.870821,13.735092,0
5534,3,553.3,95.492966,44.305963,17.106549,3.409595,25.0,12.593238,13.735092,0
5535,3,553.4,95.492966,3.743402,17.106549,2.480901,25.0,12.565593,13.735092,0
5536,3,553.5,95.492966,8.499511,7.331378,3.716655,25.0,12.76014,13.903557,0
5537,3,553.6,95.492966,6.329423,26.88172,2.50295,25.0,12.621304,13.819292,0
5538,3,553.7,95.492966,4.285924,21.994135,5.03362,25.0,12.593238,13.735092,0
5539,3,553.8,95.492966,5.42522,21.994135,2.957898,25.0,12.508181,13.147473,0
5540,3,553.9,95.492966,6.962366,17.106549,6.065826,25.0,12.593238,13.735092,0
5541,3,554.0,95.492966,4.430596,26.88172,4.179529,25.0,12.621304,13.819292,0
5542,3,554.1,95.492966,0.57869,17.106549,7.336346,25.0,12.455584,13.819292,0
5543,3,554.2,95.492966,1.953079,21.994135,5.660428,25.0,12.593238,13.735092,0
5544,3,554.3,95.492966,0.632942,21.994135,8.60805,25.0,12.036141,12.063802,0
5545,3,554.4,95.492966,0.271261,17.106549,6.948026,25.0,12.621304,13.819292,0
5546,3,554.5,95.492966,0.632942,26.88172,8.538949,25.0,12.619381,13.315054,0
5547,3,554.6,95.492966,0.813783,21.994135,7.021217,25.0,12.621304,13.819292,0
5548,3,554.7,95.492966,0.542522,21.994135,7.467057,25.0,12.648982,13.819292,0
5549,3,554.8,95.492966,0.452102,21.994135,6.740705,25.0,12.704732,13.903557,0
5550,3,554.9,95.492966,0.271261,17.106549,6.602493,25.0,12.78753,13.819292,0
5551,3,555.0,95.492966,0.09042,17.106549,6.187865,25.0,13.159017,15.432431,0
5552,3,555.1,95.492966,1.392473,26.88172,5.222746,25.0,12.593643,13.819292,0
5553,3,555.2,95.492966,0.452102,21.994135,5.082266,25.0,12.648982,13.819292,0
5554,3,555.3,95.492966,0.217009,17.106549,3.319423,25.0,12.621304,13.819292,0
5555,3,555.4,95.492966,0.632942,12.218964,3.427762,25.0,12.621304,13.819292,0
5556,3,555.5,95.492966,0.542522,17.106549,1.393176,25.0,12.455584,13.819292,0
5557,3,555.6,95.492966,0.886119,21.994135,1.295441,25.0,12.565999,13.819292,0
5558,3,555.7,95.492966,0.723363,21.994135,0.864011,25.0,12.593643,13.819292,0
5559,3,555.8,95.492966,0.271261,21.994135,1.148843,25.0,12.621748,13.903557,0
5560,3,555.9,95.492966,0.325513,26.88172,3.184254,25.0,12.621304,13.819292,0
5561,3,556.0,95.492966,0.126588,17.106549,3.220804,25.0,12.42802,13.819292,0
5562,3,556.1,95.492966,0.271261,12.218964,4.598618,25.0,12.676678,13.819292,0
5563,3,556.2,95.492966,0.434018,17.106549,4.982581,25.0,12.620916,13.735092,0
5564,3,556.3,95.492966,1.139296,17.106549,5.502063,25.0,12.620916,13.735092,0
5565,3,556.4,95.492966,0.632942,12.218964,6.327961,25.0,12.733826,14.156756,0
5566,3,556.5,95.492966,0.108504,17.106549,6.292375,25.0,12.648982,13.819292,0
5567,3,556.6,95.492966,0.361681,12.218964,7.120207,25.0,12.704054,13.735092,0
5568,3,556.7,95.492966,0.144673,17.106549,6.57094,25.0,12.452355,12.813028,0
5569,3,556.8,95.492966,1.265885,17.106549,7.471534,25.0,12.792119,14.580138,0
5570,3,556.9,95.492966,0.162757,26.88172,6.468715,25.0,12.509167,13.48288,0
5571,3,557.0,95.492966,0.434018,17.106549,7.330808,25.0,12.621304,13.819292,0
5572,3,557.1,95.492966,0.542522,17.106549,5.601459,25.0,12.620916,13.735092,0
5573,3,557.2,95.492966,1.73607,17.106549,6.585103,25.0,12.342093,13.147473,0
5574,3,557.3,95.492966,1.519062,21.994135,5.199367,25.0,12.790173,14.325898,0
5575,3,557.4,95.492966,3.472141,12.218964,5.94289,25.0,12.788671,14.072289,0
5576,3,557.5,95.492966,3.978495,21.994135,4.666684,25.0,12.593238,13.735092,0
5577,3,557.6,95.492966,10.76002,21.994135,4.540064,25.0,12.621304,13.819292,0
5578,3,557.7,95.492966,3.20088,17.106549,3.499491,25.0,12.593238,13.735092,0
5579,3,557.8,95.492966,8.861193,17.106549,3.74036,25.0,12.593271,13.735092,0
5580,3,557.9,95.492966,6.239003,17.106549,2.61223,25.0,12.956399,14.325898,0
5581,3,558.0,95.492966,8.22825,7.331378,3.193991,25.0,12.648982,13.819292,0
5582,3,558.1,95.492966,6.419844,21.994135,2.425395,25.0,12.621304,13.819292,0
5583,3,558.2,95.492966,4.557185,17.106549,4.282289,25.0,12.648982,13.819292,0
5584,3,558.3,95.492966,3.580645,12.218964,2.792561,25.0,12.87227,14.156756,0
5585,3,558.4,95.492966,6.239003,26.88172,5.660428,25.0,12.48266,13.735092,0
5586,3,558.5,95.492966,3.038123,12.218964,3.763917,25.0,12.843224,13.819292,0
5587,3,558.6,95.492966,3.707234,21.994135,6.67661,25.0,12.620916,13.735092,0
5588,3,558.7,95.492966,4.810362,21.994135,4.871062,25.0,12.593238,13.735092,0
5589,3,558.8,95.492966,0.813783,21.994135,7.860128,25.0,12.621304,13.819292,0
5590,3,558.9,95.492966,1.356305,31.769306,6.790139,25.0,12.510304,13.735092,0
5591,3,559.0,95.492966,0.542522,17.106549,8.783863,25.0,12.621304,13.819292,0
5592,3,559.1,95.492966,0.434018,21.994135,7.330808,25.0,12.648982,13.819292,0
5593,3,559.2,95.492966,0.0,17.106549,7.879858,25.0,12.648982,13.819292,0
5594,3,559.3,95.492966,0.217009,12.218964,6.912867,25.0,13.101992,15.261356,0
5595,3,559.4,95.492966,0.813783,21.994135,7.021217,25.0,12.621304,13.819292,0
5596,3,559.5,95.492966,0.379765,12.218964,6.604302,25.0,12.593238,13.735092,0
5597,3,559.6,95.492966,0.379765,21.994135,5.775319,25.0,12.50784,12.896552,0
5598,3,559.7,95.492966,0.723363,17.106549,5.880255,25.0,12.159042,14.410573,0
5599,3,559.8,95.492966,0.271261,17.106549,4.182386,25.0,12.648982,13.819292,0
5600,3,559.9,95.492966,0.542522,17.106549,4.365711,25.0,12.648982,13.819292,0
5601,3,560.0,95.492966,0.379765,12.218964,2.324816,25.0,12.648982,13.819292,0
5602,3,560.1,95.492966,0.217009,21.994135,2.421452,25.0,12.565226,13.650957,0
5603,3,560.2,95.492966,0.361681,21.994135,0.231839,25.0,12.593238,13.735092,0
5604,3,560.3,95.492966,0.271261,12.218964,0.278635,25.0,12.565193,13.650957,0
5605,3,560.4,95.492966,0.361681,17.106549,2.145255,25.0,12.648611,13.735092,0
5606,3,560.5,95.492966,0.452102,21.994135,2.250679,25.0,12.621304,13.819292,0
5607,3,560.6,95.492966,0.886119,12.218964,3.703777,25.0,11.897952,12.063802,0
5608,3,560.7,95.492966,0.271261,26.88172,4.115016,25.0,12.677503,13.987889,0
5609,3,560.8,95.492966,0.108504,17.106549,4.979704,25.0,13.346729,14.241292,0
5610,3,560.9,95.492966,0.632942,17.106549,5.706243,25.0,12.676678,13.819292,0
5611,3,561.0,95.492966,0.271261,21.994135,5.704149,25.0,12.565999,13.819292,0
5612,3,561.1,95.492966,0.632942,26.88172,6.811565,25.0,12.677071,13.903557,0
5613,3,561.2,95.492966,0.723363,21.994135,6.225583,25.0,13.015933,14.920143,0
5614,3,561.3,95.492966,0.09042,17.106549,7.570001,25.0,13.575955,15.090596,0
5615,3,561.4,95.492966,0.542522,26.88172,6.430566,25.0,12.842979,13.735092,0
5616,3,561.5,95.492966,0.379765,21.994135,7.640674,25.0,12.593238,13.735092,0
5617,3,561.6,95.492966,0.596774,21.994135,5.781933,25.0,12.593238,13.735092,0
5618,3,561.7,95.492966,0.813783,26.88172,7.032436,25.0,12.620916,13.735092,0
5619,3,561.8,95.492966,1.446725,26.88172,5.209923,25.0,12.510759,13.819292,0
5620,3,561.9,95.492966,0.813783,17.106549,6.236318,25.0,11.58008,13.819292,0
5621,3,562.0,95.492966,0.66911,26.88172,4.962404,25.0,13.010321,13.735092,0
5622,3,562.1,95.492966,7.685728,17.106549,5.672232,25.0,12.648982,13.819292,0
5623,3,562.2,95.492966,4.521017,21.994135,3.910832,25.0,12.648982,13.819292,0
5624,3,562.3,95.492966,7.776149,21.994135,3.805575,25.0,12.621304,13.819292,0
5625,3,562.4,95.492966,5.606061,17.106549,2.861847,25.0,12.537932,13.735092,0
5626,3,562.5,95.492966,5.208211,21.994135,3.318703,25.0,13.318955,14.156756,0
5627,3,562.6,95.492966,6.419844,21.994135,2.439145,25.0,12.593238,13.735092,0
5628,3,562.7,95.492966,8.22825,17.106549,3.757565,25.0,12.676643,13.819292,0
5629,3,562.8,95.492966,3.580645,21.994135,2.637712,25.0,12.648982,13.819292,0
5630,3,562.9,95.492966,3.960411,17.106549,4.866155,25.0,12.787354,13.735092,0
5631,3,563.0,95.492966,5.42522,26.88172,3.38004,25.0,12.592871,13.650957,0
5632,3,563.1,95.492966,4.882698,17.106549,5.890808,25.0,12.874325,14.49532,0
5633,3,563.2,95.492966,4.249756,21.994135,4.603291,25.0,12.621304,13.819292,0
5634,3,563.3,95.492966,2.80303,21.994135,7.023598,25.0,12.538371,13.819292,0
5635,3,563.4,95.492966,2.441349,21.994135,6.046103,25.0,12.621304,13.819292,0
5636,3,563.5,95.492966,0.325513,17.106549,8.43452,25.0,12.537169,13.566886,0
5637,3,563.6,95.492966,0.271261,21.994135,7.154347,25.0,12.621304,13.819292,0
5638,3,563.7,95.492966,0.994624,21.994135,8.543424,25.0,12.537599,13.650957,0
5639,3,563.8,95.492966,0.904203,12.218964,7.057189,25.0,12.621304,13.819292,0
5640,3,563.9,95.492966,0.452102,21.994135,7.293565,25.0,12.842979,13.735092,0
5641,3,564.0,95.492966,0.217009,12.218964,6.636416,25.0,12.593238,13.735092,0
5642,3,564.1,95.492966,0.542522,12.218964,6.36147,25.0,12.704321,13.819292,0
5643,3,564.2,95.492966,0.434018,21.994135,5.949318,25.0,12.345577,13.819292,0
5644,3,564.3,95.492966,0.434018,17.106549,5.051622,25.0,12.81542,13.819292,0
5645,3,564.4,95.492966,0.434018,21.994135,4.982581,25.0,12.648982,13.819292,0
5646,3,564.5,95.492966,0.271261,31.769306,3.353076,25.0,12.648982,13.819292,0
5647,3,564.6,95.492966,0.361681,12.218964,3.181251,25.0,12.537169,13.566886,0
5648,3,564.7,95.492966,0.271261,26.88172,1.423706,25.0,12.510304,13.735092,0
5649,3,564.8,95.492966,0.904203,17.106549,1.082465,25.0,12.593643,13.819292,0
5650,3,564.9,95.492966,0.072336,21.994135,0.973231,25.0,12.621304,13.819292,0
5651,3,565.0,95.492966,0.379765,21.994135,1.295441,25.0,12.648982,13.819292,0
5652,3,565.1,95.492966,0.452102,17.106549,3.424276,25.0,12.593238,13.735092,0
5653,3,565.2,95.492966,0.452102,26.88172,3.424276,25.0,12.016284,13.819292,0
5654,3,565.3,95.492966,0.723363,26.88172,4.499367,25.0,12.648611,13.735092,0
5655,3,565.4,95.492966,0.379765,17.106549,5.084616,25.0,12.732121,13.819292,0
5656,3,565.5,95.492966,0.632942,21.994135,5.568095,25.0,12.648982,13.819292,0
5657,3,565.6,95.492966,0.271261,12.218964,6.326073,25.0,12.734327,14.241292,0
5658,3,565.7,95.492966,0.271261,21.994135,6.394057,25.0,12.621304,13.819292,0
5659,3,565.8,95.492966,0.542522,26.88172,7.328853,25.0,12.759869,13.819292,0
5660,3,565.9,95.492966,1.302053,26.88172,6.432794,25.0,12.45253,12.813028,0
5661,3,566.0,95.492966,0.759531,12.218964,7.616562,25.0,12.90092,14.325898,0
5662,3,566.1,95.492966,0.48827,21.994135,6.123444,25.0,12.565193,13.650957,0
5663,3,566.2,95.492966,1.012708,17.106549,7.399892,25.0,12.621304,13.819292,0
5664,3,566.3,95.492966,0.379765,21.994135,5.568095,25.0,12.621304,13.819292,0
5665,3,566.4,95.492966,2.007331,17.106549,6.785212,25.0,12.425318,13.231233,0
5666,3,566.5,95.492966,1.464809,17.106549,5.295423,25.0,13.100411,15.090596,0
5667,3,566.6,95.492966,6.239003,26.88172,6.040174,25.0,13.149926,13.987889,0
5668,3,566.7,95.492966,2.278592,17.106549,4.513679,25.0,12.621304,13.819292,0
5669,3,566.8,95.492966,4.665689,21.994135,4.483411,25.0,12.621304,13.819292,0
5670,3,566.9,95.492966,2.929619,17.106549,3.374381,25.0,12.592854,13.650957,0
5671,3,567.0,95.492966,8.22825,17.106549,3.575128,25.0,12.75884,13.566886,0
5672,3,567.1,95.492966,5.696481,21.994135,2.53142,25.0,14.0561,18.040645,0
5673,3,567.2,95.492966,8.499511,21.994135,3.377212,25.0,12.620916,13.735092,0
5674,3,567.3,95.492966,3.743402,17.106549,2.350365,25.0,12.620916,13.735092,0
5675,3,567.4,95.492966,4.44868,17.106549,4.50149,25.0,12.648982,13.819292,0
5676,3,567.5,95.492966,5.696481,26.88172,2.688838,25.0,12.789649,14.241292,0
5677,3,567.6,95.492966,8.101662,12.218964,5.686533,25.0,12.345766,13.819292,0
5678,3,567.7,95.492966,6.709189,21.994135,3.803691,25.0,12.621304,13.819292,0
5679,3,567.8,95.492966,2.007331,31.769306,6.717275,25.0,12.648982,13.819292,0
5680,3,567.9,95.492966,3.345552,26.88172,5.029347,25.0,12.454285,13.566886,0
5681,3,568.0,95.492966,1.356305,21.994135,7.929119,25.0,12.676643,13.819292,0
5682,3,568.1,95.492966,2.079668,17.106549,6.91943,25.0,12.344872,13.735092,0
5683,3,568.2,95.492966,0.632942,12.218964,8.746252,25.0,12.621304,13.819292,0
5684,3,568.3,95.492966,0.452102,17.106549,7.224457,25.0,12.731802,13.735092,0
5685,3,568.4,95.492966,0.108504,26.88172,7.741618,25.0,12.648982,13.819292,0
5686,3,568.5,95.492966,0.325513,21.994135,6.776052,25.0,12.648982,13.819292,0
5687,3,568.6,95.492966,0.723363,17.106549,6.916322,25.0,12.648965,13.819292,0
5688,3,568.7,95.492966,0.434018,17.106549,6.432794,25.0,12.676678,13.819292,0
5689,3,568.8,95.492966,0.361681,12.218964,5.737971,25.0,12.703283,13.48288,0
5690,3,568.9,95.492966,0.271261,12.218964,5.495546,25.0,11.880456,13.819292,0
5691,3,569.0,95.492966,0.542522,12.218964,4.150852,25.0,12.677071,13.903557,0
5692,3,569.1,95.492966,0.632942,26.88172,4.048886,25.0,12.648982,13.819292,0
5693,3,569.2,95.492966,0.452102,17.106549,2.319673,25.0,12.648982,13.819292,0
5694,3,569.3,95.492966,0.162757,17.106549,2.178405,25.0,12.481219,13.398936,0
5695,3,569.4,95.492966,0.542522,26.88172,0.186114,25.0,12.648577,13.735092,0
5696,3,569.5,95.492966,0.632942,17.106549,0.318632,25.0,12.564847,13.566886,0
5697,3,569.6,95.492966,0.361681,17.106549,2.283345,25.0,12.648982,13.819292,0
5698,3,569.7,95.492966,0.542522,17.106549,2.563304,25.0,12.621304,13.819292,0
5699,3,569.8,95.492966,0.542522,31.769306,4.012735,25.0,11.842712,12.063802,0
5700,3,569.9,95.492966,0.813783,17.106549,4.466863,25.0,12.705181,13.987889,0
5701,3,570.0,95.492966,0.379765,21.994135,5.15368,25.0,12.959884,14.835031,0
5702,3,570.1,95.492966,0.452102,12.218964,5.77325,25.0,12.70439,13.819292,0
5703,3,570.2,95.492966,0.48827,21.994135,6.054395,25.0,12.565999,13.819292,0
5704,3,570.3,95.492966,0.434018,21.994135,6.847244,25.0,12.648982,13.819292,0
5705,3,570.4,95.492966,1.265885,17.106549,6.642892,25.0,12.649393,13.903557,0
5706,3,570.5,95.492966,0.054252,21.994135,7.569054,25.0,13.821492,17.33682,0
5707,3,570.6,95.492966,0.452102,21.994135,6.602493,25.0,11.634467,13.819292,0
5708,3,570.7,95.492966,0.434018,17.106549,7.468976,25.0,12.593238,13.735092,0
5709,3,570.8,95.492966,0.813783,12.218964,5.985347,25.0,12.620916,13.735092,0
5710,3,570.9,95.492966,2.531769,12.218964,6.805601,25.0,12.648982,13.819292,0
5711,3,571.0,95.492966,0.325513,12.218964,5.354639,25.0,12.593238,13.735092,0
5712,3,571.1,95.492966,11.049365,21.994135,6.119932,25.0,12.648982,13.819292,0
5713,3,571.2,95.492966,18.536168,12.218964,5.065317,25.0,12.871046,13.819292,0
5714,3,571.3,95.492966,4.44868,21.994135,5.411442,25.0,12.620916,13.735092,0
5715,3,571.4,95.492966,4.792278,12.218964,3.742914,25.0,12.648982,13.819292,0
5716,3,571.5,95.492966,10.76002,21.994135,3.713439,25.0,12.372938,13.819292,0
5717,3,571.6,95.492966,3.363636,12.218964,2.770231,25.0,12.732121,13.819292,0
5718,3,571.7,95.492966,12.279081,21.994135,3.326612,25.0,12.648982,13.819292,0
5719,3,571.8,95.492966,6.510264,7.331378,2.478011,25.0,12.59371,13.819292,0
5720,3,571.9,95.492966,8.04741,21.994135,3.781014,25.0,12.760105,13.903557,0
5721,3,572.0,95.492966,3.526393,17.106549,2.457683,25.0,12.593238,13.735092,0
5722,3,572.1,95.492966,4.014663,17.106549,5.152753,25.0,12.648982,13.819292,0
5723,3,572.2,95.492966,3.20088,17.106549,3.276688,25.0,12.313434,12.729561,0
5724,3,572.3,95.492966,4.430596,17.106549,6.204828,25.0,12.593238,13.735092,0
5725,3,572.4,95.492966,4.159335,17.106549,4.364617,25.0,12.620916,13.735092,0
5726,3,572.5,95.492966,1.464809,12.218964,7.347408,25.0,12.373081,13.819292,0
5727,3,572.6,95.492966,2.893451,26.88172,6.040174,25.0,12.508864,13.398936,0
5728,3,572.7,95.492966,0.054252,17.106549,8.605552,25.0,12.648982,13.819292,0
5729,3,572.8,95.492966,0.379765,21.994135,7.22611,25.0,12.648982,13.819292,0
5730,3,572.9,95.492966,0.723363,21.994135,8.505312,25.0,12.592871,13.650957,0
5731,3,573.0,95.492966,0.379765,21.994135,6.880655,25.0,12.81542,13.819292,0
5732,3,573.1,95.492966,0.108504,12.218964,7.326897,25.0,12.537203,13.566886,0
5733,3,573.2,95.492966,0.434018,21.994135,6.847244,25.0,12.704321,13.819292,0
5734,3,573.3,95.492966,0.271261,17.106549,6.187865,25.0,12.34436,13.650957,0
5735,3,573.4,95.492966,0.813783,17.106549,6.123444,25.0,12.732121,13.819292,0
5736,3,573.5,95.492966,0.452102,21.994135,4.736799,25.0,12.648982,13.819292,0
5737,3,573.6,95.492966,0.271261,21.994135,4.942628,25.0,12.648982,13.819292,0
5738,3,573.7,95.492966,0.271261,17.106549,3.009935,25.0,12.704321,13.819292,0
5739,3,573.8,95.492966,0.632942,26.88172,3.220804,25.0,12.593238,13.735092,0
5740,3,573.9,95.492966,0.632942,31.769306,1.02348,25.0,12.676678,13.819292,0
5741,3,574.0,95.492966,0.452102,21.994135,1.011742,25.0,12.732121,13.819292,0
5742,3,574.1,95.492966,0.271261,21.994135,1.354928,25.0,12.620916,13.735092,0
5743,3,574.2,95.492966,0.452102,21.994135,1.354928,25.0,13.321732,15.005331,0
5744,3,574.3,95.492966,0.325513,17.106549,3.529399,25.0,12.648982,13.819292,0
5745,3,574.4,95.492966,0.452102,17.106549,3.355213,25.0,12.648982,13.819292,0
5746,3,574.5,95.492966,0.379765,21.994135,4.394073,25.0,12.230677,12.813028,0
5747,3,574.6,95.492966,0.632942,21.994135,5.15368,25.0,12.648982,13.819292,0
5748,3,574.7,95.492966,0.542522,12.218964,5.463284,25.0,12.677071,13.903557,0
5749,3,574.8,95.492966,0.434018,21.994135,6.501867,25.0,12.648982,13.819292,0
5750,3,574.9,95.492966,0.723363,21.994135,6.156515,25.0,12.676678,13.819292,0
5751,3,575.0,95.492966,0.162757,17.106549,7.366566,25.0,12.648982,13.819292,0
5752,3,575.1,95.492966,0.379765,17.106549,6.327961,25.0,12.648982,13.819292,0
5753,3,575.2,95.492966,0.108504,21.994135,7.674365,25.0,13.433585,14.665029,0
5754,3,575.3,95.492966,0.886119,7.331378,6.120713,25.0,12.565576,13.735092,0
5755,3,575.4,95.492966,0.542522,21.994135,7.264356,25.0,12.621304,13.819292,0
5756,3,575.5,95.492966,1.519062,21.994135,5.473768,25.0,12.397143,13.063774,0
5757,3,575.6,95.492966,3.345552,17.106549,6.581475,25.0,12.648982,13.819292,0
5758,3,575.7,95.492966,0.542522,12.218964,5.280063,25.0,12.482693,13.735092,0
5759,3,575.8,95.492966,6.239003,21.994135,5.723381,25.0,12.648982,13.819292,0
5760,3,575.9,95.492966,2.658358,17.106549,4.627617,25.0,12.871046,13.819292,0
5761,3,576.0,95.492966,8.22825,12.218964,4.522668,25.0,12.648982,13.819292,0
5762,3,576.1,95.492966,3.309384,21.994135,3.212635,25.0,12.620916,13.735092,0
5763,3,576.2,95.492966,5.045455,17.106549,3.401879,25.0,12.648982,13.819292,0
5764,3,576.3,95.492966,6.148583,17.106549,2.483788,25.0,12.621304,13.819292,0
5765,3,576.4,95.492966,11.646139,21.994135,3.311497,25.0,12.70439,13.819292,0
5766,3,576.5,95.492966,6.600684,26.88172,2.528588,25.0,12.369263,12.980133,0
5767,3,576.6,95.492966,10.000489,26.88172,4.465258,25.0,12.648982,13.819292,0
5768,3,576.7,95.492966,5.786901,17.106549,3.054839,25.0,12.704732,13.903557,0
5769,3,576.8,95.492966,5.606061,12.218964,5.660428,25.0,12.648982,13.819292,0
5770,3,576.9,95.492966,0.940371,17.106549,4.127768,25.0,12.648982,13.819292,0
5771,3,577.0,95.492966,1.898827,21.994135,6.500764,25.0,12.648982,13.819292,0
5772,3,577.1,95.492966,2.893451,21.994135,5.429071,25.0,12.648982,13.819292,0
5773,3,577.2,95.492966,1.175464,21.994135,8.063257,25.0,12.620916,13.735092,0
5774,3,577.3,95.492966,1.085044,17.106549,7.080845,25.0,12.317916,13.819292,0
5775,3,577.4,95.492966,0.632942,12.218964,8.469849,25.0,12.648982,13.819292,0
5776,3,577.5,95.492966,0.542522,21.994135,7.19065,25.0,12.648982,13.819292,0
5777,3,577.6,95.492966,0.180841,17.106549,7.534257,25.0,12.648982,13.819292,0
5778,3,577.7,95.492966,0.632942,26.88172,6.880655,25.0,12.705181,13.987889,0
5779,3,577.8,95.492966,0.632942,26.88172,6.742477,25.0,12.482693,13.735092,0
5780,3,577.9,95.492966,0.632942,21.994135,6.258877,25.0,12.621304,13.819292,0
5781,3,578.0,95.492966,0.723363,17.106549,5.534961,25.0,12.648577,13.735092,0
5782,3,578.1,95.492966,0.271261,17.106549,5.426431,25.0,12.704732,13.903557,0
5783,3,578.2,95.492966,0.723363,21.994135,4.016305,25.0,12.620916,13.735092,0
5784,3,578.3,95.492966,4.068915,17.106549,3.915106,25.0,12.621304,13.819292,0
5785,3,578.4,95.492966,0.379765,17.106549,1.980829,25.0,12.70439,13.819292,0
5786,3,578.5,95.492966,0.271261,17.106549,1.833007,25.0,12.620916,13.735092,0
5787,3,578.6,95.492966,0.271261,21.994135,0.221295,25.0,12.677071,13.903557,0
5788,3,578.7,95.492966,0.271261,17.106549,0.40452,25.0,12.789132,14.156756,0
5789,3,578.8,95.492966,0.452102,17.106549,2.595717,25.0,12.648982,13.819292,0
5790,3,578.9,95.492966,0.271261,17.106549,2.73115,25.0,12.648982,13.819292,0
5791,3,579.0,95.492966,0.434018,17.106549,4.154304,25.0,12.648982,13.819292,0
5792,3,579.1,95.492966,0.379765,17.106549,4.463118,25.0,12.565576,13.735092,0
5793,3,579.2,95.492966,0.759531,26.88172,4.979704,25.0,12.70439,13.819292,0
5794,3,579.3,95.492966,0.434018,12.218964,5.880255,25.0,12.787636,13.819292,0
5795,3,579.4,95.492966,1.139296,17.106549,5.778214,25.0,12.733315,14.072289,0
5796,3,579.5,95.492966,0.379765,21.994135,7.018835,25.0,12.565226,13.650957,0
5797,3,579.6,95.492966,0.506354,17.106549,6.290856,25.0,12.648982,13.819292,0
5798,3,579.7,95.492966,0.217009,21.994135,7.67312,25.0,12.732225,13.819292,0
5799,3,579.8,95.492966,0.994624,2.443793,6.403017,25.0,12.39764,13.231233,0
5800,3,579.9,95.492966,0.596774,7.331378,7.645674,25.0,12.899541,14.072289,0
5801,3,580.0,95.492966,0.452102,12.218964,5.635049,25.0,12.648982,13.819292,0
5802,3,580.1,95.492966,0.97654,17.106549,6.937015,25.0,12.593643,13.819292,0
5803,3,580.2,95.492966,1.265885,21.994135,5.2035,25.0,12.648982,13.819292,0
5804,3,580.3,95.492966,5.244379,17.106549,6.657261,25.0,12.565226,13.650957,0
5805,3,580.4,95.492966,3.345552,21.994135,5.029347,25.0,12.648982,13.819292,0
5806,3,580.5,95.492966,7.233627,26.88172,5.139756,25.0,12.593271,13.735092,0
5807,3,580.6,95.492966,4.159335,31.769306,3.539537,25.0,12.648982,13.819292,0
5808,3,580.7,95.492966,8.680352,12.218964,3.958793,25.0,12.648982,13.819292,0
5809,3,580.8,95.492966,5.696481,21.994135,2.957898,25.0,12.620916,13.735092,0
5810,3,580.9,95.492966,8.951613,17.106549,3.391329,25.0,12.621338,13.819292,0
5811,3,581.0,95.492966,8.734604,12.218964,2.392672,25.0,12.648982,13.819292,0
5812,3,581.1,95.492966,7.956989,26.88172,3.947312,25.0,12.648982,13.819292,0
5813,3,581.2,95.492966,5.967742,21.994135,2.419478,25.0,12.036141,12.063802,0
5814,3,581.3,95.492966,6.419844,21.994135,5.19431,25.0,12.648982,13.819292,0
5815,3,581.4,95.492966,5.42522,21.994135,3.27085,25.0,12.648982,13.819292,0
5816,3,581.5,95.492966,0.958456,21.994135,6.641454,25.0,12.676678,13.819292,0
5817,3,581.6,95.492966,2.278592,21.994135,4.513679,25.0,12.732121,13.819292,0
5818,3,581.7,95.492966,1.898827,17.106549,7.393755,25.0,12.648982,13.819292,0
5819,3,581.8,95.492966,1.573314,21.994135,6.329848,25.0,12.955092,14.072289,0
5820,3,581.9,95.492966,0.904203,12.218964,8.714786,25.0,12.510304,13.735092,0
5821,3,582.0,95.492966,1.085044,21.994135,7.267644,25.0,12.648982,13.819292,0
5822,3,582.1,95.492966,0.162757,12.218964,8.329355,25.0,12.648982,13.819292,0
5823,3,582.2,95.492966,0.632942,26.88172,6.949744,25.0,12.481573,13.48288,0
5824,3,582.3,95.492966,0.434018,21.994135,7.330808,25.0,12.648982,13.819292,0
5825,3,582.4,95.492966,0.452102,17.106549,6.671599,25.0,12.620916,13.735092,0
5826,3,582.5,95.492966,0.09042,26.88172,6.117199,25.0,12.648982,13.819292,0
5827,3,582.6,95.492966,0.632942,17.106549,5.982552,25.0,12.676255,13.735092,0
5828,3,582.7,95.492966,0.325513,7.331378,4.772471,25.0,12.317227,13.735092,0
5829,3,582.8,95.492966,0.325513,21.994135,4.772471,25.0,12.620916,13.735092,0
5830,3,582.9,95.492966,0.162757,26.88172,3.007553,25.0,12.537599,13.650957,0
5831,3,583.0,95.492966,0.434018,21.994135,2.91314,25.0,12.620532,13.650957,0
5832,3,583.1,95.492966,0.813783,26.88172,0.973231,25.0,12.648982,13.819292,0
5833,3,583.2,95.492966,0.632942,12.218964,0.603572,25.0,12.621304,13.819292,0
5834,3,583.3,95.492966,0.632942,21.994135,1.423706,25.0,12.620916,13.735092,0
5835,3,583.4,95.492966,0.379765,26.88172,1.843404,25.0,12.648982,13.819292,0
5836,3,583.5,95.492966,0.542522,26.88172,3.805575,25.0,13.073519,15.175937,0
5837,3,583.6,95.492966,0.325513,21.994135,3.736526,25.0,12.648611,13.735092,0
5838,3,583.7,95.492966,1.012708,17.106549,4.775474,25.0,12.620916,13.735092,0
5839,3,583.8,95.492966,0.723363,21.994135,5.189709,25.0,12.369499,13.063774,0
5840,3,583.9,95.492966,0.723363,26.88172,5.673074,25.0,12.620916,13.735092,0
5841,3,584.0,95.492966,0.217009,21.994135,6.567304,25.0,12.620916,13.735092,0
5842,3,584.1,95.492966,0.325513,17.106549,6.430566,25.0,12.81542,13.819292,0
5843,3,584.2,95.492966,0.723363,26.88172,7.261725,25.0,12.620916,13.735092,0
5844,3,584.3,95.492966,0.904203,17.106549,6.504805,25.0,12.648982,13.819292,0
5845,3,584.4,95.492966,0.723363,21.994135,7.607147,25.0,12.620916,13.735092,0
5846,3,584.5,95.492966,0.632942,17.106549,6.120713,25.0,13.186695,15.432431,0
5847,3,584.6,95.492966,0.632942,12.218964,7.295202,25.0,12.620916,13.735092,0
5848,3,584.7,95.492966,0.542522,26.88172,5.262389,25.0,12.676324,13.735092,0
5849,3,584.8,95.492966,3.797654,26.88172,6.51508,25.0,12.119261,12.313061,0
5850,3,584.9,95.492966,3.164712,12.218964,5.281872,25.0,12.593271,13.735092,0
5851,3,585.0,95.492966,6.691105,21.994135,5.765383,25.0,12.620916,13.735092,0
5852,3,585.1,95.492966,3.978495,21.994135,4.210847,25.0,12.648982,13.819292,0
5853,3,585.2,95.492966,7.776149,12.218964,4.278383,25.0,12.648982,13.819292,0
5854,3,585.3,95.492966,5.42522,21.994135,3.217093,25.0,12.593271,13.735092,0
5855,3,585.4,95.492966,5.533724,21.994135,3.641333,25.0,12.620916,13.735092,0
5856,3,585.5,95.492966,5.786901,17.106549,2.474152,25.0,12.565593,13.735092,0
5857,3,585.6,95.492966,8.409091,12.218964,3.481011,25.0,12.620916,13.735092,0
5858,3,585.7,95.492966,3.797654,17.106549,2.409585,25.0,12.620916,13.735092,0
5859,3,585.8,95.492966,10.000489,17.106549,4.745365,25.0,12.620916,13.735092,0
5860,3,585.9,95.492966,8.22825,12.218964,2.871846,25.0,12.648982,13.819292,0
5861,3,586.0,95.492966,5.42522,17.106549,6.088625,25.0,12.620916,13.735092,0
5862,3,586.1,95.492966,2.929619,17.106549,3.911443,25.0,12.620916,13.735092,0
5863,3,586.2,95.492966,3.164712,17.106549,7.113494,25.0,12.704054,13.735092,0
5864,3,586.3,95.492966,3.345552,17.106549,5.163405,25.0,12.648982,13.819292,0
5865,3,586.4,95.492966,0.542522,17.106549,8.36941,25.0,13.205868,13.987889,0
5866,3,586.5,95.492966,2.784946,21.994135,6.881349,25.0,12.593643,13.819292,0
5867,3,586.6,95.492966,0.632942,17.106549,8.884456,25.0,12.648982,13.819292,0
5868,3,586.7,95.492966,0.271261,17.106549,7.086241,25.0,12.620916,13.735092,0
5869,3,586.8,95.492966,0.452102,26.88172,7.570001,25.0,11.403777,12.063802,0
5870,3,586.9,95.492966,0.542522,17.106549,6.914249,25.0,12.648982,13.819292,0
5871,3,587.0,95.492966,0.542522,17.106549,6.706954,25.0,12.621304,13.819292,0
5872,3,587.1,95.492966,0.434018,26.88172,6.57094,25.0,12.870821,13.735092,0
5873,3,587.2,95.492966,0.271261,21.994135,5.358653,25.0,12.621304,13.819292,0
5874,3,587.3,95.492966,0.162757,17.106549,5.495546,25.0,12.648982,13.819292,0
5875,3,587.4,95.492966,0.452102,26.88172,3.631479,25.0,12.620916,13.735092,0
5876,3,587.5,95.492966,0.813783,26.88172,3.915106,25.0,12.676678,13.819292,0
5877,3,587.6,95.492966,0.361681,21.994135,1.662138,25.0,12.70439,13.819292,0
5878,3,587.7,95.492966,0.361681,21.994135,1.800132,25.0,12.620916,13.735092,0
5879,3,587.8,95.492966,0.542522,17.106549,0.449286,25.0,12.620916,13.735092,0
5880,3,587.9,95.492966,0.325513,21.994135,0.449286,25.0,12.648982,13.819292,0
5881,3,588.0,95.492966,0.723363,12.218964,2.7754,25.0,12.648982,13.819292,0
5882,3,588.1,95.492966,0.651026,17.106549,2.835853,25.0,12.621304,13.819292,0
5883,3,588.2,95.492966,0.452102,26.88172,4.184099,25.0,12.733315,14.072289,0
5884,3,588.3,95.492966,0.723363,21.994135,4.637415,25.0,12.620916,13.735092,0
5885,3,588.4,95.492966,0.271261,17.106549,5.082266,25.0,12.510304,13.735092,0
5886,3,588.5,95.492966,0.271261,17.106549,6.048473,25.0,12.621748,13.903557,0
5887,3,588.6,95.492966,0.886119,26.88172,5.844396,25.0,12.648982,13.819292,0
5888,3,588.7,95.492966,0.48827,21.994135,7.021217,25.0,12.536845,13.48288,0
5889,3,588.8,95.492966,0.379765,12.218964,6.397045,25.0,12.677537,13.987889,0
5890,3,588.9,95.492966,0.542522,21.994135,7.605262,25.0,12.593238,13.735092,0
5891,3,589.0,95.492966,0.162757,26.88172,6.32494,25.0,12.648982,13.819292,0
5892,3,589.1,95.492966,1.591398,21.994135,7.468976,25.0,12.565999,13.819292,0
5893,3,589.2,95.492966,1.175464,21.994135,5.717535,25.0,12.648982,13.819292,0
5894,3,589.3,95.492966,2.350929,21.994135,6.897299,25.0,12.81731,14.241292,0
5895,3,589.4,95.492966,3.255132,12.218964,5.29407,25.0,12.34542,13.819292,0
5896,3,589.5,95.492966,3.146628,21.994135,6.262311,25.0,12.648982,13.819292,0
5897,3,589.6,95.492966,3.707234,12.218964,4.799923,25.0,12.648982,13.819292,0
5898,3,589.7,95.492966,7.776149,17.106549,5.138826,25.0,12.648982,13.819292,0
5899,3,589.8,95.492966,4.973118,17.106549,3.597774,25.0,12.73241,13.903557,0
5900,3,589.9,95.492966,7.866569,21.994135,3.49129,25.0,12.648982,13.819292,0
5901,3,590.0,95.492966,3.417889,21.994135,2.647655,25.0,12.648982,13.819292,0
5902,3,590.1,95.492966,8.770772,7.331378,3.3223,25.0,12.648577,13.735092,0
5903,3,590.2,95.492966,6.691105,17.106549,2.522913,25.0,12.648982,13.819292,0
5904,3,590.3,95.492966,7.956989,21.994135,4.131817,25.0,12.648982,13.819292,0
5905,3,590.4,95.492966,6.058162,21.994135,2.760729,25.0,12.648982,13.819292,0
5906,3,590.5,95.492966,3.68915,21.994135,5.239642,25.0,12.620916,13.735092,0
5907,3,590.6,95.492966,5.153959,17.106549,3.517873,25.0,12.648982,13.819292,0
5908,3,590.7,95.492966,0.813783,21.994135,6.504805,25.0,12.815929,13.987889,0
5909,3,590.8,95.492966,3.797654,26.88172,4.645135,25.0,13.013929,14.665029,0
5910,3,590.9,95.492966,2.170088,12.218964,7.644737,25.0,12.648982,13.819292,0
5911,3,591.0,95.492966,4.719941,21.994135,6.466499,25.0,12.621304,13.819292,0
5912,3,591.1,95.492966,0.452102,17.106549,8.606662,25.0,12.453591,13.398936,0
5913,3,591.2,95.492966,0.886119,12.218964,7.22611,25.0,12.648982,13.819292,0
5914,3,591.3,95.492966,0.723363,12.218964,8.159853,25.0,12.648982,13.819292,0
5915,3,591.4,95.492966,0.542522,17.106549,6.850034,25.0,12.648982,13.819292,0
5916,3,591.5,95.492966,0.162757,21.994135,7.223465,25.0,12.620916,13.735092,0
5917,3,591.6,95.492966,0.361681,21.994135,6.636416,25.0,12.480903,13.315054,0
5918,3,591.7,95.492966,0.162757,17.106549,5.979357,25.0,12.704732,13.903557,0
5919,3,591.8,95.492966,0.217009,17.106549,5.876191,25.0,12.537932,13.735092,0
5920,3,591.9,95.492966,0.379765,21.994135,4.394073,25.0,12.676678,13.819292,0
5921,3,592.0,95.492966,0.361681,17.106549,4.632261,25.0,12.648982,13.819292,0
5922,3,592.1,95.492966,0.271261,17.106549,2.592955,25.0,12.091497,12.146836,0
5923,3,592.2,95.492966,0.542522,17.106549,2.701248,25.0,13.069963,14.749993,0
5924,3,592.3,95.492966,0.542522,21.994135,0.579339,25.0,12.648982,13.819292,0
5925,3,592.4,95.492966,0.325513,17.106549,0.579339,25.0,12.676678,13.819292,0
5926,3,592.5,95.492966,0.271261,26.88172,1.699095,25.0,12.787354,13.735092,0
5927,3,592.6,95.492966,0.452102,17.106549,1.767996,25.0,12.648982,13.819292,0
5928,3,592.7,95.492966,0.813783,21.994135,3.708289,25.0,12.621338,13.819292,0
5929,3,592.8,95.492966,0.361681,17.106549,3.733968,25.0,12.621304,13.819292,0
5930,3,592.9,95.492966,0.379765,21.994135,4.532165,25.0,12.621304,13.819292,0
5931,3,593.0,95.492966,0.434018,21.994135,5.327805,25.0,12.648982,13.819292,0
5932,3,593.1,95.492966,0.723363,17.106549,5.465907,25.0,12.620916,13.735092,0
5933,3,593.2,95.492966,0.813783,26.88172,6.675894,25.0,12.621338,13.819292,0
5934,3,593.3,95.492966,0.217009,21.994135,6.083523,25.0,12.648982,13.819292,0
5935,3,593.4,95.492966,0.632942,26.88172,7.571578,25.0,12.538371,13.819292,0
5936,3,593.5,95.492966,0.542522,21.994135,6.021557,25.0,12.398384,13.398936,0
5937,3,593.6,95.492966,0.994624,17.106549,7.852831,25.0,12.704732,13.903557,0
5938,3,593.7,95.492966,0.632942,17.106549,5.775319,25.0,12.536845,13.48288,0
5939,3,593.8,95.492966,0.904203,17.106549,7.264356,25.0,12.593238,13.735092,0
5940,3,593.9,95.492966,0.361681,21.994135,5.461535,25.0,12.648982,13.819292,0
5941,3,594.0,95.492966,6.076246,21.994135,6.764408,25.0,12.566099,13.819292,0
5942,3,594.1,95.492966,2.62219,17.106549,5.307589,25.0,12.621338,13.819292,0
5943,3,594.2,95.492966,7.052786,21.994135,5.765797,25.0,12.621338,13.819292,0
5944,3,594.3,95.492966,3.797654,17.106549,4.252059,25.0,12.648982,13.819292,0
5945,3,594.4,95.492966,11.772727,17.106549,4.328895,25.0,12.648982,13.819292,0
5946,3,594.5,95.492966,3.309384,31.769306,3.212635,25.0,12.369499,13.063774,0
5947,3,594.6,95.492966,5.370968,17.106549,3.513117,25.0,12.621338,13.819292,0
5948,3,594.7,95.492966,3.68915,31.769306,2.596638,25.0,12.262783,13.819292,0
5949,3,594.8,95.492966,5.045455,17.106549,3.602419,25.0,12.593643,13.819292,0
5950,3,594.9,95.492966,3.743402,17.106549,2.392672,25.0,12.648982,13.819292,0
5951,3,595.0,95.492966,7.143206,21.994135,4.859769,25.0,12.648982,13.819292,0
5952,3,595.1,95.492966,5.696481,12.218964,3.104483,25.0,12.704321,13.819292,0
5953,3,595.2,95.492966,5.51564,26.88172,6.1328,25.0,12.648982,13.819292,0
5954,3,595.3,95.492966,2.495601,17.106549,4.235735,25.0,12.732121,13.819292,0
5955,3,595.4,95.492966,4.050831,21.994135,6.994628,25.0,12.676678,13.819292,0
5956,3,595.5,95.492966,3.074291,17.106549,5.578382,25.0,12.620916,13.735092,0
5957,3,595.6,95.492966,0.813783,17.106549,8.333656,25.0,12.648982,13.819292,0
5958,3,595.7,95.492966,0.289345,26.88172,7.069365,25.0,12.42802,13.819292,0
5959,3,595.8,95.492966,0.632942,26.88172,8.538949,25.0,12.620916,13.735092,0
5960,3,595.9,95.492966,0.632942,21.994135,7.018835,25.0,13.066686,13.819292,0
5961,3,596.0,95.492966,0.054252,21.994135,7.430496,25.0,12.648982,13.819292,0
5962,3,596.1,95.492966,0.217009,17.106549,6.705529,25.0,12.648982,13.819292,0
5963,3,596.2,95.492966,0.632942,21.994135,6.673389,25.0,12.565193,13.650957,0
5964,3,596.3,95.492966,0.904203,12.218964,6.297688,25.0,12.70439,13.819292,0
5965,3,596.4,95.492966,0.506354,21.994135,5.185104,25.0,12.648982,13.819292,0
5966,3,596.5,95.492966,0.361681,17.106549,5.115997,25.0,12.648982,13.819292,0
5967,3,596.6,95.492966,0.379765,12.218964,3.565761,25.0,12.81681,14.156756,0
5968,3,596.7,95.492966,0.886119,17.106549,3.496759,25.0,12.593271,13.735092,0
5969,3,596.8,95.492966,0.904203,17.106549,1.755793,25.0,12.648982,13.819292,0
5970,3,596.9,95.492966,0.994624,12.218964,1.492515,25.0,12.648982,13.819292,0
5971,3,597.0,95.492966,0.361681,21.994135,0.562603,25.0,12.677071,13.903557,0
5972,3,597.1,95.492966,0.632942,17.106549,0.821492,25.0,12.620916,13.735092,0
5973,3,597.2,95.492966,0.126588,12.218964,2.944948,25.0,12.565999,13.819292,0
5974,3,597.3,95.492966,0.632942,21.994135,3.15183,25.0,12.648982,13.819292,0
5975,3,597.4,95.492966,0.452102,21.994135,4.460441,25.0,12.648611,13.735092,0
5976,3,597.5,95.492966,0.434018,21.994135,4.775474,25.0,12.620916,13.735092,0
5977,3,597.6,95.492966,0.379765,26.88172,5.429951,25.0,12.818432,14.410573,0
5978,3,597.7,95.492966,0.126588,17.106549,6.189795,25.0,12.648982,13.819292,0
5979,3,597.8,95.492966,0.452102,21.994135,6.187865,25.0,12.759991,13.819292,0
5980,3,597.9,95.492966,1.717986,26.88172,7.017133,25.0,12.648982,13.819292,0
5981,3,598.0,95.492966,0.48827,26.88172,6.468715,25.0,12.399699,13.650957,0
5982,3,598.1,95.492966,0.813783,17.106549,7.711938,25.0,12.649426,13.903557,0
5983,3,598.2,95.492966,0.271261,17.106549,6.326073,25.0,12.621338,13.819292,0
5984,3,598.3,95.492966,0.325513,17.106549,7.536159,25.0,12.45552,13.819292,0
5985,3,598.4,95.492966,0.48827,21.994135,5.640134,25.0,12.341453,12.896552,0
5986,3,598.5,95.492966,2.62219,12.218964,6.671599,25.0,12.621338,13.819292,0
5987,3,598.6,95.492966,1.356305,21.994135,5.284133,25.0,12.902598,14.580138,0
5988,3,598.7,95.492966,5.786901,21.994135,6.265744,25.0,12.565999,13.819292,0
5989,3,598.8,95.492966,3.978495,21.994135,4.732258,25.0,12.621338,13.819292,0
5990,3,598.9,95.492966,4.665689,17.106549,5.026021,25.0,12.648982,13.819292,0
5991,3,599.0,95.492966,5.244379,26.88172,3.681783,25.0,12.621338,13.819292,0
5992,3,599.1,95.492966,5.099707,21.994135,3.716655,25.0,12.760521,13.987889,0
5993,3,599.2,95.492966,3.255132,26.88172,2.543658,25.0,12.621304,13.819292,0
5994,3,599.3,95.492966,12.279081,17.106549,3.358059,25.0,12.677071,13.903557,0
5995,3,599.4,95.492966,3.797654,21.994135,2.400645,25.0,12.509268,13.48288,0
5996,3,599.5,95.492966,7.956989,26.88172,4.326134,25.0,12.648982,13.819292,0
5997,3,599.6,95.492966,5.967742,17.106549,2.602152,25.0,12.621338,13.819292,0
5998,3,599.7,95.492966,3.68915,21.994135,5.614664,25.0,12.621338,13.819292,0
5999,3,599.8,95.492966,7.468719,12.218964,3.499491,25.0,12.649393,13.903557,0
6000,3,599.9,95.492966,2.332845,17.106549,6.623806,25.0,12.509201,13.48288,0
6001,3,600.0,95.492966,3.526393,17.106549,4.581443,25.0,12.453259,13.315054,0
6002,3,600.1,95.492966,2.658358,17.106549,7.875613,25.0,12.59371,13.819292,0
6003,3,600.2,95.492966,2.80303,12.218964,6.6137,25.0,12.565999,13.819292,0
6004,3,600.3,95.492966,0.379765,21.994135,8.746252,25.0,12.621338,13.819292,0
6005,3,600.4,95.492966,0.723363,21.994135,7.123562,25.0,12.621338,13.819292,0
6006,3,600.5,95.492966,0.09042,12.218964,8.121705,25.0,11.898034,12.146836,0
6007,3,600.6,95.492966,0.271261,26.88172,7.017133,25.0,12.649426,13.903557,0
6008,3,600.7,95.492966,0.325513,21.994135,7.19065,25.0,12.649393,13.903557,0
6009,3,600.8,95.492966,0.271261,26.88172,6.602493,25.0,12.59366,13.819292,0
6010,3,600.9,95.492966,0.542522,17.106549,5.808726,25.0,12.704732,13.903557,0
6011,3,601.0,95.492966,0.271261,12.218964,5.772009,25.0,12.704732,13.903557,0
6012,3,601.1,95.492966,0.271261,17.106549,4.253182,25.0,12.648982,13.819292,0
6013,3,601.2,95.492966,0.723363,17.106549,4.430348,25.0,12.621338,13.819292,0
6014,3,601.3,95.492966,0.379765,21.994135,2.39367,25.0,12.78808,13.903557,0
6015,3,601.4,95.492966,0.886119,21.994135,2.600315,25.0,12.676678,13.819292,0
6016,3,601.5,95.492966,0.361681,17.106549,0.360822,25.0,12.621338,13.819292,0
6017,3,601.6,95.492966,0.632942,21.994135,0.433041,25.0,12.592871,13.650957,0
6018,3,601.7,95.492966,0.632942,21.994135,2.049583,25.0,12.648982,13.819292,0
6019,3,601.8,95.492966,0.452102,21.994135,2.043747,25.0,12.649426,13.903557,0
6020,3,601.9,95.492966,0.632942,21.994135,3.84181,25.0,12.17474,12.479497,0
6021,3,602.0,95.492966,0.434018,17.106549,3.947312,25.0,12.621338,13.819292,0
6022,3,602.1,95.492966,0.434018,17.106549,4.775474,25.0,12.931572,14.749993,0
6023,3,602.2,95.492966,0.542522,21.994135,5.394199,25.0,12.704834,13.903557,0
6024,3,602.3,95.492966,0.108504,26.88172,5.670547,25.0,12.759569,13.735092,0
6025,3,602.4,95.492966,0.108504,12.218964,6.776052,25.0,12.649426,13.903557,0
6026,3,602.5,95.492966,0.723363,21.994135,6.363723,25.0,12.677537,13.987889,0
6027,3,602.6,95.492966,0.632942,17.106549,7.571578,25.0,12.677537,13.987889,0
6028,3,602.7,95.492966,0.632942,17.106549,6.327961,25.0,12.648982,13.819292,0
6029,3,602.8,95.492966,0.813783,21.994135,7.573787,25.0,12.621338,13.819292,0
6030,3,602.9,95.492966,0.994624,21.994135,5.988938,25.0,13.187603,15.518088,0
6031,3,603.0,95.492966,1.175464,17.106549,7.166024,25.0,12.59366,13.819292,0
6032,3,603.1,95.492966,0.651026,21.994135,5.335869,25.0,12.898887,13.819292,0
6033,3,603.2,95.492966,2.604106,17.106549,6.362596,25.0,12.843668,13.903557,0
6034,3,603.3,95.492966,3.797654,21.994135,5.307589,25.0,12.621338,13.819292,0
6035,3,603.4,95.492966,1.446725,17.106549,5.495546,25.0,12.677071,13.903557,0
6036,3,603.5,95.492966,2.658358,21.994135,4.053014,25.0,12.566459,13.903557,0
6037,3,603.6,95.492966,7.866569,17.106549,3.943679,25.0,12.59366,13.819292,0
6038,3,603.7,95.492966,3.417889,21.994135,3.005964,25.0,12.982528,13.819292,0
6039,3,603.8,95.492966,8.680352,17.106549,3.386395,25.0,12.649426,13.903557,0
6040,3,603.9,95.492966,6.600684,17.106549,2.528588,25.0,12.815929,13.987889,0
6041,3,604.0,95.492966,4.882698,17.106549,3.56241,25.0,12.649426,13.903557,0
6042,3,604.1,95.492966,3.797654,21.994135,2.600315,25.0,12.676678,13.819292,0
6043,3,604.2,95.492966,1.338221,21.994135,4.736799,25.0,12.341074,12.646151,0
6044,3,604.3,95.492966,1.085044,21.994135,3.163933,25.0,11.568061,12.146836,0
6045,3,604.4,95.492966,4.792278,17.106549,5.978958,25.0,12.621338,13.819292,0
6046,3,604.5,95.492966,4.340176,12.218964,4.454009,25.0,12.677071,13.903557,0
6047,3,604.6,95.492966,1.681818,17.106549,6.886901,25.0,12.594087,13.903557,0
6048,3,604.7,95.492966,1.573314,26.88172,5.920337,25.0,12.649033,13.819292,0
6049,3,604.8,95.492966,0.48827,21.994135,8.402739,25.0,12.621338,13.819292,0
6050,3,604.9,95.492966,0.813783,21.994135,7.159354,25.0,12.677071,13.903557,0
6051,3,605.0,95.492966,0.813783,17.106549,8.471823,25.0,12.565999,13.819292,0
6052,3,605.1,95.492966,0.723363,26.88172,6.985401,25.0,12.621338,13.819292,0
6053,3,605.2,95.492966,0.271261,17.106549,7.293565,25.0,12.564898,13.566886,0
6054,3,605.3,95.492966,0.054252,17.106549,6.670167,25.0,12.621338,13.819292,0
6055,3,605.4,95.492966,0.361681,21.994135,6.498192,25.0,12.481219,13.398936,0
6056,3,605.5,95.492966,0.325513,12.218964,6.22328,25.0,12.621338,13.819292,0
6057,3,605.6,95.492966,0.886119,21.994135,5.084616,25.0,12.649426,13.903557,0
6058,3,605.7,95.492966,0.325513,12.218964,5.048784,25.0,12.676678,13.819292,0
6059,3,605.8,95.492966,0.271261,26.88172,3.422183,25.0,12.648982,13.819292,0
6060,3,605.9,95.492966,0.542522,26.88172,3.460362,25.0,12.677071,13.903557,0
6061,3,606.0,95.492966,0.97654,21.994135,1.461789,25.0,12.318516,13.903557,0
6062,3,606.1,95.492966,0.162757,17.106549,1.280603,25.0,12.621338,13.819292,0
6063,3,606.2,95.492966,0.632942,21.994135,0.888546,25.0,12.481573,13.48288,0
6064,3,606.3,95.492966,0.162757,17.106549,1.004634,25.0,12.621338,13.819292,0
6065,3,606.4,95.492966,0.542522,17.106549,3.115237,25.0,12.706765,14.241292,0
6066,3,606.5,95.492966,0.379765,17.106549,3.220804,25.0,12.677071,13.903557,0
6067,3,606.6,95.492966,0.271261,21.994135,4.391353,25.0,12.621338,13.819292,0
6068,3,606.7,95.492966,0.434018,17.106549,4.844507,25.0,12.398786,13.48288,0
6069,3,606.8,95.492966,0.596774,21.994135,5.299031,25.0,12.846076,14.410573,0
6070,3,606.9,95.492966,0.09042,26.88172,6.256969,25.0,13.532412,16.552513,0
6071,3,607.0,95.492966,0.09042,17.106549,5.772009,25.0,12.676678,13.819292,0
6072,3,607.1,95.492966,0.723363,21.994135,7.261725,25.0,12.677071,13.903557,0
6073,3,607.2,95.492966,0.904203,17.106549,6.228652,25.0,12.677537,13.987889,0
6074,3,607.3,95.492966,0.723363,12.218964,7.814407,25.0,12.648982,13.819292,0
6075,3,607.4,95.492966,0.48827,12.218964,6.054395,25.0,13.387138,16.033758,0
6076,3,607.5,95.492966,0.723363,17.106549,7.468976,25.0,12.59366,13.819292,0
6077,3,607.6,95.492966,0.379765,21.994135,5.499022,25.0,12.787636,13.819292,0
6078,3,607.7,95.492966,2.893451,26.88172,6.789787,25.0,12.649426,13.903557,0
6079,3,607.8,95.492966,2.170088,7.331378,5.176343,25.0,12.649426,13.903557,0
6080,3,607.9,95.492966,5.786901,17.106549,6.200977,25.0,12.621338,13.819292,0
6081,3,608.0,95.492966,3.797654,17.106549,4.711009,25.0,12.732225,13.819292,0
6082,3,608.1,95.492966,8.318671,21.994135,5.09541,25.0,12.649426,13.903557,0
6083,3,608.2,95.492966,4.973118,26.88172,3.422183,25.0,12.648982,13.819292,0
6084,3,608.3,95.492966,8.499511,21.994135,3.585803,25.0,12.649393,13.903557,0
6085,3,608.4,95.492966,5.967742,17.106549,2.674586,25.0,12.871046,13.819292,0
6086,3,608.5,95.492966,5.208211,21.994135,3.341658,25.0,12.648982,13.819292,0
6087,3,608.6,95.492966,6.239003,26.88172,2.350365,25.0,12.456366,13.903557,0
6088,3,608.7,95.492966,7.685728,21.994135,4.487139,25.0,12.73241,13.903557,0
6089,3,608.8,95.492966,5.877322,17.106549,2.785709,25.0,12.677071,13.903557,0
6090,3,608.9,95.492966,1.175464,17.106549,5.604443,25.0,12.648982,13.819292,0
6091,3,609.0,95.492966,5.244379,7.331378,3.681783,25.0,12.70567,14.072289,0
6092,3,609.1,95.492966,3.707234,21.994135,6.541427,25.0,12.648982,13.819292,0
6093,3,609.2,95.492966,0.741447,21.994135,5.131848,25.0,12.565999,13.819292,0
6094,3,609.3,95.492966,1.030792,17.106549,7.800945,25.0,12.648982,13.819292,0
6095,3,609.4,95.492966,1.989247,21.994135,6.675179,25.0,12.313758,12.896552,0
6096,3,609.5,95.492966,0.217009,26.88172,8.571618,25.0,12.677071,13.903557,0
6097,3,609.6,95.492966,0.325513,7.331378,7.259751,25.0,12.592184,13.48288,0
6098,3,609.7,95.492966,0.596774,17.106549,7.783777,25.0,12.621748,13.903557,0
6099,3,609.8,95.492966,0.542522,21.994135,6.84515,25.0,12.648982,13.819292,0
6100,3,609.9,95.492966,0.180841,17.106549,6.981296,25.0,12.733315,14.072289,0
6101,3,610.0,95.492966,0.452102,21.994135,6.395177,25.0,12.844044,14.072289,0
6102,3,610.1,95.492966,0.325513,26.88172,5.808726,25.0,12.677071,13.903557,0
6103,3,610.2,95.492966,0.434018,17.106549,5.673074,25.0,12.593643,13.819292,0
6104,3,610.3,95.492966,0.542522,26.88172,4.358044,25.0,12.621304,13.819292,0
6105,3,610.4,95.492966,0.506354,26.88172,4.14855,25.0,12.621338,13.819292,0
6106,3,610.5,95.492966,0.271261,21.994135,2.457683,25.0,12.621304,13.819292,0
6107,3,610.6,95.492966,0.271261,7.331378,2.181692,25.0,12.733315,14.072289,0
6108,3,610.7,95.492966,0.723363,17.106549,0.421864,25.0,12.648982,13.819292,0
6109,3,610.8,95.492966,0.759531,21.994135,0.186114,25.0,12.787958,13.903557,0
6110,4,610.9,95.492966,0.180841,17.106549,4.296769,25.0,13.012868,14.410573,0
6111,4,611.0,95.492966,0.542522,17.106549,4.012735,25.0,13.150856,14.241292,0
6112,4,611.1,95.492966,0.632942,12.218964,3.355213,25.0,13.12347,14.241292,0
6113,4,611.2,95.492966,0.325513,21.994135,2.977218,25.0,13.066049,13.819292,0
6114,4,611.3,95.492966,0.325513,21.994135,2.425395,25.0,13.206978,14.325898,0
6115,4,611.4,95.492966,0.271261,17.106549,1.286187,25.0,13.178776,14.241292,0
6116,4,611.5,95.492966,0.542522,26.88172,0.915036,25.0,12.680674,14.241292,0
6117,4,611.6,95.492966,0.126588,12.218964,0.821492,25.0,13.150876,14.156756,0
6118,4,611.7,95.492966,1.808407,21.994135,0.630669,25.0,13.178776,14.241292,0
6119,4,611.8,95.492966,0.48827,21.994135,0.712482,25.0,13.178776,14.241292,0
6120,4,611.9,95.492966,0.271261,17.106549,0.454572,25.0,13.178776,14.241292,0
6121,4,612.0,95.492966,0.271261,17.106549,0.536522,25.0,13.150597,14.156756,0
6122,4,612.1,95.492966,0.271261,21.994135,0.470073,25.0,13.178776,14.241292,0
6123,4,612.2,95.492966,0.723363,17.106549,0.540957,25.0,13.095076,14.241292,0
6124,4,612.3,95.492966,0.723363,12.218964,0.480129,25.0,13.178537,14.156756,0
6125,4,612.4,95.492966,0.271261,21.994135,0.386398,25.0,13.066647,13.987889,0
6126,4,612.5,95.492966,0.072336,26.88172,0.49483,25.0,13.150597,14.156756,0
6127,4,612.6,95.492966,0.361681,17.106549,0.427489,25.0,13.178776,14.241292,0
6128,4,612.7,95.492966,0.452102,7.331378,0.340381,25.0,13.234677,14.241292,0
6129,4,612.8,95.492966,0.361681,17.106549,0.295285,25.0,13.150597,14.156756,0
6130,4,612.9,95.492966,0.271261,12.218964,0.340381,25.0,13.122936,14.156756,0
6131,4,613.0,95.492966,2.079668,7.331378,0.821492,25.0,13.150856,14.241292,0
6132,4,613.1,95.492966,1.844575,12.218964,1.213559,25.0,13.150856,14.241292,0
6133,4,613.2,95.492966,2.495601,21.994135,1.628747,25.0,13.09478,14.072289,0
6134,4,613.3,95.492966,2.983871,12.218964,1.956561,25.0,13.122441,14.072289,0
6135,4,613.4,95.492966,6.058162,12.218964,2.355441,25.0,13.151115,14.241292,0
6136,4,613.5,95.492966,10.000489,17.106549,2.830794,25.0,13.932328,14.241292,0
6137,4,613.6,95.492966,8.22825,21.994135,3.38992,25.0,13.178776,14.241292,0
6138,4,613.7,95.492966,5.587977,12.218964,4.33496,25.0,13.151115,14.241292,0
6139,4,613.8,95.492966,5.696481,21.994135,5.010312,25.0,13.264063,14.580138,0
6140,4,613.9,95.492966,9.584555,26.88172,5.562944,25.0,13.150597,14.156756,0
6141,4,614.0,95.492966,1.880743,17.106549,6.288577,25.0,13.179055,14.241292,0
6142,4,614.1,95.492966,9.222874,21.994135,7.254155,25.0,13.122936,14.156756,0
6143,4,614.2,95.492966,7.956989,21.994135,7.66471,25.0,13.151115,14.241292,0
6144,4,614.3,95.492966,6.239003,17.106549,8.05733,25.0,13.150355,14.156756,0
6145,4,614.4,95.492966,5.823069,26.88172,8.167461,25.0,13.151115,14.241292,0
6146,4,614.5,95.492966,0.57869,26.88172,8.226331,25.0,12.89799,13.398936,0
6147,4,614.6,95.492966,2.152004,12.218964,8.071548,25.0,13.122936,14.156756,0
6148,4,614.7,95.492966,0.542522,17.106549,7.605262,25.0,12.81724,14.156756,0
6149,4,614.8,95.492966,0.054252,12.218964,7.361376,25.0,13.151115,14.241292,0
6150,4,614.9,95.492966,0.434018,17.106549,7.054481,25.0,12.842369,13.315054,0
6151,4,615.0,95.492966,0.48827,21.994135,6.744957,25.0,13.207542,14.410573,0
6152,4,615.1,95.492966,0.054252,17.106549,6.463174,25.0,13.01191,14.241292,0
6153,4,615.2,95.492966,0.180841,21.994135,5.944498,25.0,13.122956,14.241292,0
6154,4,615.3,95.492966,0.325513,36.656891,5.532371,25.0,12.787218,13.48288,0
6155,4,615.4,95.492966,0.48827,17.106549,5.018886,25.0,13.122441,14.072289,0
6156,4,615.5,95.492966,0.271261,12.218964,4.529529,25.0,12.985683,14.49532,0
6157,4,615.6,95.492966,0.542522,17.106549,3.874626,25.0,13.150597,14.156756,0
6158,4,615.7,95.492966,0.48827,17.106549,3.363746,25.0,13.067372,14.156756,0
6159,4,615.8,95.492966,0.379765,12.218964,2.876003,25.0,13.123195,14.241292,0
6160,4,615.9,95.492966,0.217009,17.106549,2.352396,25.0,13.094777,14.156756,0
6161,4,616.0,95.492966,0.217009,12.218964,1.248489,25.0,13.095016,14.156756,0
6162,4,616.1,95.492966,0.361681,17.106549,0.767366,25.0,13.06686,14.072289,0
6163,4,616.2,95.492966,0.723363,21.994135,0.79789,25.0,13.06686,14.072289,0
6164,4,616.3,95.492966,0.48827,17.106549,0.776649,25.0,13.066897,14.156756,0
6165,4,616.4,95.492966,0.271261,17.106549,0.536522,25.0,13.680149,14.156756,0
6166,4,616.5,95.492966,0.452102,21.994135,0.536522,25.0,13.038727,13.987889,0
6167,4,616.6,95.492966,2.405181,12.218964,0.558341,25.0,13.095016,14.156756,0
6168,4,616.7,95.492966,0.271261,21.994135,0.470073,25.0,13.067116,14.156756,0
6169,4,616.8,95.492966,0.325513,17.106549,0.326043,25.0,13.094777,14.156756,0
6170,4,616.9,95.492966,0.723363,17.106549,0.480129,25.0,13.066388,13.987889,0
6171,4,617.0,95.492966,0.271261,17.106549,0.470073,25.0,13.122677,14.156756,0
6172,4,617.1,95.492966,0.09042,12.218964,0.340381,25.0,13.094777,14.156756,0
6173,4,617.2,95.492966,0.434018,7.331378,0.367383,25.0,13.122677,14.156756,0
6174,4,617.3,95.492966,0.452102,17.106549,0.340381,25.0,13.094777,14.156756,0
6175,4,617.4,95.492966,1.898827,17.106549,0.373828,25.0,13.951241,16.726147,0
6176,4,617.5,95.492966,0.452102,17.106549,0.40452,25.0,13.066897,14.156756,0
6177,4,617.6,95.492966,1.898827,7.331378,0.712482,25.0,12.763509,14.156756,0
6178,4,617.7,95.492966,2.983871,21.994135,1.169451,25.0,13.066622,14.072289,0
6179,4,617.8,95.492966,2.71261,26.88172,1.492515,25.0,13.151158,14.325898,0
6180,4,617.9,95.492966,5.244379,12.218964,2.046084,25.0,13.039037,14.156756,0
6181,4,618.0,95.492966,3.472141,17.106549,2.246429,25.0,12.900896,14.156756,0
6182,4,618.1,95.492966,4.340176,17.106549,2.896693,25.0,13.094777,14.156756,0
6183,4,618.2,95.492966,5.099707,17.106549,3.472078,25.0,13.094777,14.156756,0
6184,4,618.3,95.492966,9.132454,21.994135,4.320056,25.0,13.094777,14.156756,0
6185,4,618.4,95.492966,9.313294,17.106549,4.96096,25.0,13.067116,14.156756,0
6186,4,618.5,95.492966,10.127077,21.994135,5.907815,25.0,13.094777,14.156756,0
6187,4,618.6,95.492966,5.750733,17.106549,6.498927,25.0,13.235905,14.580138,0
6188,4,618.7,95.492966,5.262463,17.106549,7.080845,25.0,13.067116,14.156756,0
6189,4,618.8,95.492966,7.866569,12.218964,7.492288,25.0,13.067116,14.156756,0
6190,4,618.9,95.492966,8.987781,21.994135,8.143735,25.0,12.73045,13.063774,0
6191,4,619.0,95.492966,2.604106,21.994135,8.113171,25.0,13.067116,14.156756,0
6192,4,619.1,95.492966,1.464809,21.994135,8.102564,25.0,13.039037,14.156756,0
6193,4,619.2,95.492966,0.48827,21.994135,7.98825,25.0,13.067116,14.156756,0
6194,4,619.3,95.492966,0.596774,17.106549,7.645674,25.0,13.066622,14.072289,0
6195,4,619.4,95.492966,0.632942,26.88172,7.362674,25.0,13.094777,14.156756,0
6196,4,619.5,95.492966,0.542522,12.218964,6.983349,25.0,13.122677,14.156756,0
6197,4,619.6,95.492966,0.506354,21.994135,6.774641,25.0,13.039472,14.156756,0
6198,4,619.7,95.492966,0.632942,17.106549,6.327961,25.0,13.094777,14.156756,0
6199,4,619.8,95.492966,0.379765,17.106549,5.913474,25.0,13.20866,14.665029,0
6200,4,619.9,95.492966,0.452102,17.106549,5.427751,25.0,13.122677,14.156756,0
6201,4,620.0,95.492966,0.162757,17.106549,5.011742,25.0,13.122677,14.156756,0
6202,4,620.1,95.492966,0.162757,21.994135,4.320609,25.0,12.982717,13.903557,0
6203,4,620.2,95.492966,0.217009,17.106549,3.872159,25.0,13.067116,14.156756,0
6204,4,620.3,95.492966,0.325513,17.106549,3.3223,25.0,12.928068,14.156756,0
6205,4,620.4,95.492966,0.217009,21.994135,2.835853,25.0,13.094777,14.156756,0
6206,4,620.5,95.492966,0.162757,17.106549,2.247492,25.0,13.039236,14.156756,0
6207,4,620.6,95.492966,0.271261,21.994135,1.286187,25.0,13.03896,14.072289,0
6208,4,620.7,95.492966,0.542522,21.994135,0.915036,25.0,13.039236,14.156756,0
6209,4,620.8,95.492966,0.542522,17.106549,0.915036,25.0,13.094777,14.156756,0
6210,4,620.9,95.492966,0.361681,7.331378,0.562603,25.0,12.790089,14.156756,0
6211,4,621.0,95.492966,1.139296,17.106549,0.649332,25.0,13.038488,13.987889,0
6212,4,621.1,95.492966,0.632942,17.106549,0.558341,25.0,13.208244,14.580138,0
6213,4,621.2,95.492966,0.271261,17.106549,0.536522,25.0,13.066897,14.156756,0
6214,4,621.3,95.492966,0.271261,21.994135,0.470073,25.0,14.171099,16.292739,0
6215,4,621.4,95.492966,0.452102,17.106549,0.40452,25.0,13.066622,14.072289,0
6216,4,621.5,95.492966,0.217009,7.331378,0.360822,25.0,13.03896,14.072289,0
6217,4,621.6,95.492966,0.723363,21.994135,0.480129,25.0,13.066897,14.156756,0
6218,4,621.7,95.492966,0.632942,17.106549,0.433041,25.0,13.039236,14.156756,0
6219,4,621.8,95.492966,0.434018,21.994135,0.421864,25.0,13.066622,14.072289,0
6220,4,621.9,95.492966,0.217009,21.994135,0.360822,25.0,13.066622,14.072289,0
6221,4,622.0,95.492966,0.271261,17.106549,0.340381,25.0,13.066897,14.156756,0
6222,4,622.1,95.492966,0.813783,17.106549,0.367383,25.0,14.171099,16.292739,0
6223,4,622.2,95.492966,1.247801,12.218964,0.821492,25.0,13.066622,14.072289,0
6224,4,622.3,95.492966,2.22434,21.994135,1.393176,25.0,13.207632,14.49532,0
6225,4,622.4,95.492966,2.549853,21.994135,1.694872,25.0,13.123278,14.325898,0
6226,4,622.5,95.492966,3.038123,17.106549,1.979623,25.0,13.039037,14.156756,0
6227,4,622.6,95.492966,3.743402,21.994135,2.459626,25.0,13.011592,14.156756,0
6228,4,622.7,95.492966,7.324047,17.106549,2.918056,25.0,13.094777,14.156756,0
6229,4,622.8,95.492966,5.099707,21.994135,3.498808,25.0,13.066897,14.156756,0
6230,4,622.9,95.492966,8.951613,21.994135,4.394073,25.0,13.039236,14.156756,0
6231,4,623.0,95.492966,5.696481,26.88172,5.256938,25.0,13.094777,14.156756,0
6232,4,623.1,95.492966,5.859238,21.994135,5.765797,25.0,13.094777,14.156756,0
6233,4,623.2,95.492966,3.68915,17.106549,9.145468,25.0,13.094777,14.156756,0
6234,4,623.3,95.492966,7.414467,21.994135,4.889662,25.0,13.150597,14.156756,0
6235,4,623.4,95.492966,8.861193,26.88172,7.00589,25.0,12.81421,13.315054,0
6236,4,623.5,95.492966,5.244379,12.218964,8.055254,25.0,13.094777,14.156756,0
6237,4,623.6,95.492966,3.616813,17.106549,8.198697,25.0,13.038741,14.072289,0
6238,4,623.7,95.492966,1.356305,21.994135,8.09519,25.0,13.066897,14.156756,0
6239,4,623.8,95.492966,0.868035,21.994135,7.96579,25.0,12.954409,13.819292,0
6240,4,623.9,95.492966,0.723363,26.88172,7.676233,25.0,13.094777,14.156756,0
6241,4,624.0,95.492966,0.632942,17.106549,7.364296,25.0,13.094777,14.156756,0
6242,4,624.1,95.492966,0.108504,12.218964,7.050416,25.0,13.038741,14.072289,0
6243,4,624.2,95.492966,0.434018,17.106549,6.778167,25.0,13.038741,14.072289,0
6244,4,624.3,95.492966,0.48827,21.994135,6.261548,25.0,13.151503,14.410573,0
6245,4,624.4,95.492966,0.542522,17.106549,5.808726,25.0,13.094777,14.156756,0
6246,4,624.5,95.492966,0.271261,12.218964,5.426431,25.0,14.113519,16.119998,0
6247,4,624.6,95.492966,0.325513,12.218964,4.910625,25.0,12.982947,13.987889,0
6248,4,624.7,95.492966,0.434018,17.106549,4.430348,25.0,13.066897,14.156756,0
6249,4,624.8,95.492966,0.632942,17.106549,3.84181,25.0,12.983731,14.156756,0
6250,4,624.9,95.492966,0.271261,17.106549,3.286152,25.0,13.066897,14.156756,0
6251,4,625.0,95.492966,0.434018,17.106549,2.7754,25.0,12.898482,13.735092,0
6252,4,625.1,95.492966,0.723363,21.994135,2.22506,25.0,13.038741,14.072289,0
6253,4,625.2,95.492966,0.271261,2.443793,1.148843,25.0,13.066897,14.156756,0
6254,4,625.3,95.492966,0.452102,17.106549,0.875001,25.0,13.066897,14.156756,0
6255,4,625.4,95.492966,0.452102,17.106549,0.603572,25.0,13.039236,14.156756,0
6256,4,625.5,95.492966,0.180841,17.106549,0.692072,25.0,13.095076,14.241292,0
6257,4,625.6,95.492966,0.271261,17.106549,0.729053,25.0,12.927084,13.987889,0
6258,4,625.7,95.492966,0.452102,21.994135,0.536522,25.0,13.038741,14.072289,0
6259,4,625.8,95.492966,0.542522,17.106549,0.518407,25.0,12.844201,14.072289,0
6260,4,625.9,95.492966,0.180841,17.106549,0.347328,25.0,13.038741,14.072289,0
6261,4,626.0,95.492966,0.217009,12.218964,0.427489,25.0,13.636862,16.033758,0
6262,4,626.1,95.492966,0.542522,21.994135,0.449286,25.0,13.039037,14.156756,0
6263,4,626.2,95.492966,0.361681,21.994135,0.427489,25.0,13.430949,14.156756,0
6264,4,626.3,95.492966,0.271261,17.106549,0.318632,25.0,12.954409,13.819292,0
6265,4,626.4,95.492966,0.452102,17.106549,0.40452,25.0,13.066897,14.156756,0
6266,4,626.5,95.492966,0.759531,17.106549,0.326043,25.0,13.039037,14.156756,0
6267,4,626.6,95.492966,0.632942,31.769306,0.433041,25.0,12.402858,14.072289,0
6268,4,626.7,95.492966,0.723363,12.218964,0.421864,25.0,12.982498,13.903557,0
6269,4,626.8,95.492966,3.164712,17.106549,0.885854,25.0,13.010881,14.072289,0
6270,4,626.9,95.492966,1.898827,21.994135,1.235022,25.0,13.093967,14.072289,0
6271,4,627.0,95.492966,2.604106,12.218964,1.676449,25.0,13.010608,13.987889,0
6272,4,627.1,95.492966,5.244379,21.994135,2.065836,25.0,13.066897,14.156756,0
6273,4,627.2,95.492966,6.329423,17.106549,2.464477,25.0,13.010881,14.072289,0
6274,4,627.3,95.492966,4.340176,21.994135,2.896693,25.0,13.038741,14.072289,0
6275,4,627.4,95.492966,5.099707,12.218964,3.555697,25.0,12.982498,13.903557,0
6276,4,627.5,95.492966,9.132454,17.106549,4.491396,25.0,13.038741,14.072289,0
6277,4,627.6,95.492966,9.494135,17.106549,5.156924,25.0,12.955575,14.072289,0
6278,4,627.7,95.492966,9.403715,17.106549,5.73214,25.0,13.038741,14.072289,0
6279,4,627.8,95.492966,9.674976,17.106549,6.719764,25.0,12.982498,13.903557,0
6280,4,627.9,95.492966,5.42522,17.106549,7.221149,25.0,13.039037,14.156756,0
6281,4,628.0,95.492966,7.324047,21.994135,7.669695,25.0,13.038741,14.072289,0
6282,4,628.1,95.492966,5.877322,26.88172,8.08456,25.0,13.262349,14.072289,0
6283,4,628.2,95.492966,0.849951,21.994135,8.343683,25.0,13.038741,14.072289,0
6284,4,628.3,95.492966,2.441349,17.106549,8.171262,25.0,13.038741,14.072289,0
6285,4,628.4,95.492966,1.085044,26.88172,7.888948,25.0,13.038741,14.072289,0
6286,4,628.5,95.492966,0.723363,17.106549,7.676233,25.0,13.318461,14.072289,0
6287,4,628.6,95.492966,0.434018,17.106549,7.399892,25.0,13.038741,14.072289,0
6288,4,628.7,95.492966,0.325513,26.88172,7.052449,25.0,13.095076,14.241292,0
6289,4,628.8,95.492966,0.108504,21.994135,6.635696,25.0,13.038741,14.072289,0
6290,4,628.9,95.492966,0.180841,12.218964,6.359216,25.0,13.038741,14.072289,0
6291,4,629.0,95.492966,0.271261,21.994135,5.841125,25.0,13.038741,14.072289,0
6292,4,629.1,95.492966,0.271261,12.218964,5.358653,25.0,13.010608,13.987889,0
6293,4,629.2,95.492966,0.271261,17.106549,4.874984,25.0,13.038741,14.072289,0
6294,4,629.3,95.492966,0.108504,21.994135,4.285635,25.0,13.121697,14.072289,0
6295,4,629.4,95.492966,0.162757,17.106549,3.836832,25.0,13.038741,14.072289,0
6296,4,629.5,95.492966,0.379765,17.106549,3.289784,25.0,13.010881,14.072289,0
6297,4,629.6,95.492966,0.632942,21.994135,2.802808,25.0,12.955378,14.072289,0
6298,4,629.7,95.492966,0.217009,26.88172,2.145255,25.0,13.010881,14.072289,0
6299,4,629.8,95.492966,0.217009,26.88172,0.973231,25.0,12.982498,13.903557,0
6300,4,629.9,95.492966,0.108504,21.994135,0.96831,25.0,13.038741,14.072289,0
6301,4,630.0,95.492966,0.325513,17.106549,0.84726,25.0,12.98322,14.072289,0
6302,4,630.1,95.492966,0.452102,21.994135,0.603572,25.0,13.010881,14.072289,0
6303,4,630.2,95.492966,0.054252,17.106549,0.454572,25.0,13.010608,13.987889,0
6304,4,630.3,95.492966,0.452102,17.106549,0.536522,25.0,13.010608,13.987889,0
6305,4,630.4,95.492966,0.434018,12.218964,0.540957,25.0,13.010881,14.072289,0
6306,4,630.5,95.492966,0.452102,17.106549,0.470073,25.0,13.066622,14.072289,0
6307,4,630.6,95.492966,0.217009,12.218964,0.360822,25.0,13.010881,14.072289,0
6308,4,630.7,95.492966,0.271261,17.106549,0.40452,25.0,13.010881,14.072289,0
6309,4,630.8,95.492966,0.325513,12.218964,0.449286,25.0,13.010881,14.072289,0
6310,4,630.9,95.492966,0.361681,12.218964,0.427489,25.0,13.038741,14.072289,0
6311,4,631.0,95.492966,0.162757,17.106549,0.318632,25.0,12.982748,13.987889,0
6312,4,631.1,95.492966,0.632942,12.218964,0.373828,25.0,12.982748,13.987889,0
6313,4,631.2,95.492966,0.452102,21.994135,0.278635,25.0,12.899753,14.072289,0
6314,4,631.3,95.492966,0.325513,17.106549,0.326043,25.0,13.010881,14.072289,0
6315,4,631.4,95.492966,0.397849,17.106549,0.803856,25.0,13.010881,14.072289,0
6316,4,631.5,95.492966,1.953079,12.218964,1.302796,25.0,12.982748,13.987889,0
6317,4,631.6,95.492966,4.249756,21.994135,1.672169,25.0,12.816384,14.072289,0
6318,4,631.7,95.492966,3.092375,26.88172,2.003612,25.0,13.010881,14.072289,0
6319,4,631.8,95.492966,3.743402,21.994135,2.459626,25.0,12.758769,13.398936,0
6320,4,631.9,95.492966,4.394428,70.86999,2.940889,25.0,12.675461,13.398936,0
6321,4,632.0,95.492966,5.153959,17.106549,3.601756,25.0,12.814008,13.315054,0
6322,4,632.1,95.492966,9.222874,17.106549,4.540064,25.0,12.78863,13.566886,0
6323,4,632.2,95.492966,5.696481,21.994135,5.206713,25.0,12.982498,13.903557,0
6324,4,632.3,95.492966,1.916911,26.88172,5.883504,25.0,13.464261,15.432431,0
6325,4,632.4,95.492966,5.587977,17.106549,6.528633,25.0,12.872108,14.072289,0
6326,4,632.5,95.492966,11.51955,12.218964,7.2347,25.0,13.206665,14.072289,0
6327,4,632.6,95.492966,4.44868,21.994135,7.843395,25.0,12.982748,13.987889,0
6328,4,632.7,95.492966,5.696481,26.88172,8.065923,25.0,13.208461,14.665029,0
6329,4,632.8,95.492966,2.007331,21.994135,8.011541,25.0,13.038741,14.072289,0
6330,4,632.9,95.492966,1.989247,17.106549,8.050804,25.0,12.816696,14.072289,0
6331,4,633.0,95.492966,0.759531,12.218964,8.030602,25.0,12.982748,13.987889,0
6332,4,633.1,95.492966,1.844575,12.218964,7.536159,25.0,13.010881,14.072289,0
6333,4,633.2,95.492966,0.271261,21.994135,7.362674,25.0,13.010881,14.072289,0
6334,4,633.3,95.492966,0.632942,12.218964,7.157018,25.0,13.010881,14.072289,0
6335,4,633.4,95.492966,0.452102,17.106549,6.671599,25.0,12.955087,13.987889,0
6336,4,633.5,95.492966,0.813783,17.106549,6.261548,25.0,12.926796,13.903557,0
6337,4,633.6,95.492966,0.271261,12.218964,5.772009,25.0,13.010881,14.072289,0
6338,4,633.7,95.492966,0.379765,21.994135,5.429951,25.0,13.010881,14.072289,0
6339,4,633.8,95.492966,0.271261,17.106549,4.805891,25.0,13.010881,14.072289,0
6340,4,633.9,95.492966,0.361681,17.106549,4.355851,25.0,13.010608,13.987889,0
6341,4,634.0,95.492966,0.271261,17.106549,3.767723,25.0,12.927084,13.987889,0
6342,4,634.1,95.492966,0.162757,12.218964,3.214865,25.0,13.7355,13.987889,0
6343,4,634.2,95.492966,0.108504,26.88172,2.701248,25.0,12.954637,13.903557,0
6344,4,634.3,95.492966,0.325513,26.88172,2.080815,25.0,12.982748,13.987889,0
6345,4,634.4,95.492966,0.217009,17.106549,1.041985,25.0,12.954906,13.987889,0
6346,4,634.5,95.492966,0.271261,21.994135,0.806822,25.0,12.982748,13.987889,0
6347,4,634.6,95.492966,0.108504,17.106549,0.779719,25.0,12.926548,13.819292,0
6348,4,634.7,95.492966,0.452102,21.994135,0.738818,25.0,12.982748,13.987889,0
6349,4,634.8,95.492966,0.325513,17.106549,0.712482,25.0,12.983039,14.072289,0
6350,4,634.9,95.492966,0.542522,17.106549,0.513778,25.0,13.010608,13.987889,0
6351,4,635.0,95.492966,0.108504,17.106549,0.449286,25.0,12.954637,13.903557,0
6352,4,635.1,95.492966,0.108504,12.218964,0.416163,25.0,13.038741,14.072289,0
6353,4,635.2,95.492966,0.271261,17.106549,0.40452,25.0,12.982748,13.987889,0
6354,4,635.3,95.492966,0.452102,17.106549,0.470073,25.0,13.010608,13.987889,0
6355,4,635.4,95.492966,0.271261,21.994135,0.40452,25.0,12.954906,13.987889,0
6356,4,635.5,95.492966,0.723363,12.218964,0.421864,25.0,12.982748,13.987889,0
6357,4,635.6,95.492966,0.723363,12.218964,0.421864,25.0,12.927084,13.987889,0
6358,4,635.7,95.492966,0.452102,17.106549,0.340381,25.0,12.954906,13.987889,0
6359,4,635.8,95.492966,0.542522,21.994135,0.269926,25.0,12.926548,13.819292,0
6360,4,635.9,95.492966,1.175464,26.88172,0.480129,25.0,12.982748,13.987889,0
6361,4,636.0,95.492966,1.356305,21.994135,0.885854,25.0,12.982748,13.987889,0
6362,4,636.1,95.492966,3.435973,21.994135,1.344308,25.0,12.954906,13.987889,0
6363,4,636.2,95.492966,2.658358,12.218964,1.738016,25.0,12.814411,13.48288,0
6364,4,636.3,95.492966,1.121212,21.994135,2.198055,25.0,12.954637,13.903557,0
6365,4,636.4,95.492966,6.419844,12.218964,2.525752,25.0,12.845057,14.241292,0
6366,4,636.5,95.492966,4.44868,17.106549,2.961933,25.0,12.927084,13.987889,0
6367,4,636.6,95.492966,5.153959,21.994135,3.601756,25.0,13.122248,13.987889,0
6368,4,636.7,95.492966,5.696481,21.994135,4.730743,25.0,12.926548,13.819292,0
6369,4,636.8,95.492966,24.684751,21.994135,5.307589,25.0,12.982748,13.987889,0
6370,4,636.9,95.492966,5.750733,17.106549,5.883504,25.0,12.843975,13.987889,0
6371,4,637.0,95.492966,9.403715,21.994135,6.693048,25.0,12.982748,13.987889,0
6372,4,637.1,95.492966,1.754154,17.106549,7.387938,25.0,12.982748,13.987889,0
6373,4,637.2,95.492966,10.253666,17.106549,7.734208,25.0,12.982748,13.987889,0
6374,4,637.3,95.492966,3.309384,17.106549,8.047837,25.0,12.982748,13.987889,0
6375,4,637.4,95.492966,3.526393,31.769306,8.090763,25.0,13.288308,13.987889,0
6376,4,637.5,95.492966,1.410557,12.218964,8.201902,25.0,12.982748,13.987889,0
6377,4,637.6,95.492966,0.632942,17.106549,7.778865,25.0,12.982748,13.987889,0
6378,4,637.7,95.492966,0.542522,17.106549,7.605262,25.0,13.010608,13.987889,0
6379,4,637.8,95.492966,0.632942,21.994135,7.364296,25.0,12.982748,13.987889,0
6380,4,637.9,95.492966,0.434018,17.106549,6.916322,25.0,12.982748,13.987889,0
6381,4,638.0,95.492966,0.325513,17.106549,6.637856,25.0,12.871496,13.987889,0
6382,4,638.1,95.492966,0.325513,12.218964,6.292375,25.0,12.954906,13.987889,0
6383,4,638.2,95.492966,0.434018,21.994135,5.811193,25.0,12.982748,13.987889,0
6384,4,638.3,95.492966,0.452102,12.218964,5.289555,25.0,12.982748,13.987889,0
6385,4,638.4,95.492966,0.361681,26.88172,4.770469,25.0,12.982748,13.987889,0
6386,4,638.5,95.492966,0.542522,12.218964,4.150852,25.0,13.427612,13.987889,0
6387,4,638.6,95.492966,0.271261,17.106549,3.493342,25.0,12.954637,13.903557,0
6388,4,638.7,95.492966,0.379765,21.994135,3.220804,25.0,13.038559,14.072289,0
6389,4,638.8,95.492966,0.325513,12.218964,2.632272,25.0,12.982584,13.987889,0
6390,4,638.9,95.492966,0.108504,26.88172,2.004804,25.0,12.898482,13.735092,0
6391,4,639.0,95.492966,0.542522,21.994135,1.119353,25.0,12.982748,13.987889,0
6392,4,639.1,95.492966,0.271261,12.218964,0.943317,25.0,12.87162,13.987889,0
6393,4,639.2,95.492966,0.325513,17.106549,0.779719,25.0,12.954906,13.987889,0
6394,4,639.3,95.492966,0.379765,21.994135,0.623047,25.0,12.898707,13.819292,0
6395,4,639.4,95.492966,0.632942,17.106549,0.603572,25.0,13.010881,14.072289,0
6396,4,639.5,95.492966,0.108504,21.994135,0.623047,25.0,12.81542,13.819292,0
6397,4,639.6,95.492966,0.542522,17.106549,0.449286,25.0,12.982584,13.987889,0
6398,4,639.7,95.492966,0.379765,17.106549,0.433041,25.0,13.512225,13.903557,0
6399,4,639.8,95.492966,0.542522,17.106549,0.386398,25.0,12.954637,13.903557,0
6400,4,639.9,95.492966,0.506354,17.106549,0.49483,25.0,12.954474,13.903557,0
6401,4,640.0,95.492966,0.434018,12.218964,0.480129,25.0,12.954906,13.987889,0
6402,4,640.1,95.492966,0.180841,17.106549,0.278635,25.0,12.982584,13.987889,0
6403,4,640.2,95.492966,0.542522,17.106549,0.269926,25.0,12.982315,13.903557,0
6404,4,640.3,95.492966,0.48827,17.106549,0.416163,25.0,12.926796,13.903557,0
6405,4,640.4,95.492966,0.434018,17.106549,0.318632,25.0,12.954762,13.987889,0
6406,4,640.5,95.492966,0.542522,21.994135,0.373828,25.0,12.982584,13.987889,0
6407,4,640.6,95.492966,1.410557,7.331378,0.930569,25.0,12.926385,13.819292,0
6408,4,640.7,95.492966,24.051808,21.994135,1.367214,25.0,12.982315,13.903557,0
6409,4,640.8,95.492966,2.71261,12.218964,1.761227,25.0,12.927084,13.987889,0
6410,4,640.9,95.492966,3.309384,17.106549,2.175113,25.0,14.526089,15.518088,0
6411,4,641.0,95.492966,3.851906,17.106549,2.525752,25.0,13.010426,13.987889,0
6412,4,641.1,95.492966,10.886608,21.994135,3.138918,25.0,13.208298,14.665029,0
6413,4,641.2,95.492966,12.279081,26.88172,3.69409,25.0,13.208298,14.665029,0
6414,4,641.3,95.492966,9.132454,26.88172,4.580922,25.0,12.982584,13.987889,0
6415,4,641.4,95.492966,5.696481,2.443793,5.307589,25.0,12.982584,13.987889,0
6416,4,641.5,95.492966,5.804985,21.994135,6.096467,25.0,12.898707,13.819292,0
6417,4,641.6,95.492966,13.1652,17.106549,6.751682,25.0,13.095254,14.325898,0
6418,4,641.7,95.492966,4.93695,26.88172,7.2347,25.0,12.677537,13.987889,0
6419,4,641.8,95.492966,9.8739,26.88172,7.795124,25.0,13.065723,13.987889,0
6420,4,641.9,95.492966,1.103128,21.994135,8.181488,25.0,12.982584,13.987889,0
6421,4,642.0,95.492966,3.345552,17.106549,8.216451,25.0,13.038559,14.072289,0
6422,4,642.1,95.492966,1.808407,26.88172,8.11376,25.0,12.982584,13.987889,0
6423,4,642.2,95.492966,0.596774,21.994135,7.852831,25.0,13.316072,13.987889,0
6424,4,642.3,95.492966,0.632942,12.218964,7.640674,25.0,12.982584,13.987889,0
6425,4,642.4,95.492966,0.452102,12.218964,7.293565,25.0,12.982584,13.987889,0
6426,4,642.5,95.492966,0.542522,21.994135,6.983349,25.0,12.982584,13.987889,0
6427,4,642.6,95.492966,0.271261,26.88172,6.671599,25.0,12.982584,13.987889,0
6428,4,642.7,95.492966,0.813783,21.994135,6.123444,25.0,12.982584,13.987889,0
6429,4,642.8,95.492966,0.325513,17.106549,5.739636,25.0,12.926385,13.819292,0
6430,4,642.9,95.492966,0.217009,17.106549,5.254211,25.0,12.982584,13.987889,0
6431,4,643.0,95.492966,0.09042,31.769306,4.59654,25.0,12.705074,13.903557,0
6432,4,643.1,95.492966,0.325513,21.994135,4.150852,25.0,12.954474,13.903557,0
6433,4,643.2,95.492966,0.97654,12.218964,3.667481,25.0,12.954474,13.903557,0
6434,4,643.3,95.492966,0.325513,17.106549,3.253275,25.0,12.982584,13.987889,0
6435,4,643.4,95.492966,0.217009,21.994135,2.697708,25.0,12.926651,13.903557,0
6436,4,643.5,95.492966,0.271261,12.218964,1.767996,25.0,12.84225,13.566886,0
6437,4,643.6,95.492966,0.271261,12.218964,0.935689,25.0,12.954474,13.903557,0
6438,4,643.7,95.492966,0.325513,17.106549,0.915036,25.0,12.899174,13.987889,0
6439,4,643.8,95.492966,0.632942,12.218964,0.754812,25.0,12.982584,13.987889,0
6440,4,643.9,95.492966,0.09042,12.218964,0.671043,25.0,12.870885,13.819292,0
6441,4,644.0,95.492966,0.217009,17.106549,0.562603,25.0,13.038873,14.156756,0
6442,4,644.1,95.492966,0.542522,17.106549,0.513778,25.0,13.011843,14.325898,0
6443,4,644.2,95.492966,0.632942,21.994135,0.558341,25.0,12.954762,13.987889,0
6444,4,644.3,95.492966,0.48827,17.106549,0.470073,25.0,12.954474,13.903557,0
6445,4,644.4,95.492966,0.506354,17.106549,0.360822,25.0,12.926385,13.819292,0
6446,4,644.5,95.492966,0.325513,12.218964,0.386398,25.0,12.954474,13.903557,0
6447,4,644.6,95.492966,0.632942,17.106549,0.433041,25.0,12.954762,13.987889,0
6448,4,644.7,95.492966,0.542522,17.106549,0.513778,25.0,12.982584,13.987889,0
6449,4,644.8,95.492966,0.271261,21.994135,0.251604,25.0,12.926651,13.903557,0
6450,4,644.9,95.492966,0.723363,26.88172,0.480129,25.0,13.038873,14.156756,0
6451,4,645.0,95.492966,0.271261,17.106549,0.40452,25.0,12.954347,13.903557,0
6452,4,645.1,95.492966,0.705279,17.106549,0.518407,25.0,12.954474,13.903557,0
6453,4,645.2,95.492966,1.356305,17.106549,0.885854,25.0,12.926385,13.819292,0
6454,4,645.3,95.492966,3.797654,17.106549,1.476423,25.0,12.926385,13.819292,0
6455,4,645.4,95.492966,2.821114,31.769306,1.847288,25.0,12.926385,13.819292,0
6456,4,645.5,95.492966,5.51564,17.106549,2.175113,25.0,12.954474,13.903557,0
6457,4,645.6,95.492966,3.960411,17.106549,2.592034,25.0,12.954762,13.987889,0
6458,4,645.7,95.492966,10.506843,17.106549,3.005964,25.0,12.954474,13.903557,0
6459,4,645.8,95.492966,61.395406,12.218964,3.789849,25.0,12.926385,13.819292,0
6460,4,645.9,95.492966,5.479472,12.218964,4.672823,25.0,12.982169,13.903557,0
6461,4,646.0,95.492966,9.584555,26.88172,5.305789,25.0,13.345701,13.987889,0
6462,4,646.1,95.492966,10.127077,17.106549,6.229036,25.0,12.730766,13.398936,0
6463,4,646.2,95.492966,9.494135,21.994135,6.740705,25.0,12.786266,13.398936,0
6464,4,646.3,95.492966,8.318671,26.88172,7.4057,25.0,12.704766,13.903557,0
6465,4,646.4,95.492966,4.123167,17.106549,7.70667,25.0,12.955087,13.987889,0
6466,4,646.5,95.492966,5.153959,26.88172,8.01333,25.0,12.926651,13.903557,0
6467,4,646.6,95.492966,3.255132,21.994135,8.177107,25.0,12.954474,13.903557,0
6468,4,646.7,95.492966,1.410557,21.994135,7.789606,25.0,12.982584,13.987889,0
6469,4,646.8,95.492966,0.434018,17.106549,7.814407,25.0,12.954347,13.903557,0
6470,4,646.9,95.492966,0.271261,21.994135,7.570001,25.0,14.316848,16.900151,0
6471,4,647.0,95.492966,0.542522,21.994135,7.264356,25.0,12.954347,13.903557,0
6472,4,647.1,95.492966,0.379765,17.106549,6.949744,25.0,12.954474,13.903557,0
6473,4,647.2,95.492966,0.180841,17.106549,6.566576,25.0,12.926543,13.903557,0
6474,4,647.3,95.492966,0.108504,17.106549,6.220977,25.0,12.871063,13.903557,0
6475,4,647.4,95.492966,0.108504,17.106549,5.737139,25.0,12.954347,13.903557,0
6476,4,647.5,95.492966,0.542522,12.218964,5.186947,25.0,12.982458,13.987889,0
6477,4,647.6,95.492966,0.361681,12.218964,4.701364,25.0,12.982169,13.903557,0
6478,4,647.7,95.492966,0.271261,17.106549,4.184099,25.0,12.705074,13.903557,0
6479,4,647.8,95.492966,0.162757,21.994135,3.629505,25.0,12.954347,13.903557,0
6480,4,647.9,95.492966,0.813783,21.994135,3.225992,25.0,12.954347,13.903557,0
6481,4,648.0,95.492966,0.108504,7.331378,2.701248,25.0,12.871063,13.903557,0
6482,4,648.1,95.492966,0.632942,12.218964,1.905845,25.0,12.954347,13.903557,0
6483,4,648.2,95.492966,0.271261,17.106549,1.011742,25.0,12.814121,13.48288,0
6484,4,648.3,95.492966,0.542522,7.331378,0.779719,25.0,12.954347,13.903557,0
6485,4,648.4,95.492966,0.217009,26.88172,0.698942,25.0,12.871063,13.903557,0
6486,4,648.5,95.492966,0.108504,17.106549,0.579339,25.0,12.954347,13.903557,0
6487,4,648.6,95.492966,0.632942,17.106549,0.558341,25.0,12.731925,13.735092,0
6488,4,648.7,95.492966,0.379765,17.106549,0.49483,25.0,12.926258,13.819292,0
6489,4,648.8,95.492966,0.325513,26.88172,0.579339,25.0,12.78753,13.819292,0
6490,4,648.9,95.492966,0.723363,21.994135,0.540957,25.0,12.954347,13.903557,0
6491,4,649.0,95.492966,0.325513,21.994135,0.386398,25.0,13.121571,13.903557,0
6492,4,649.1,95.492966,0.217009,26.88172,0.295285,25.0,12.870388,13.735092,0
6493,4,649.2,95.492966,0.542522,21.994135,0.449286,25.0,12.954347,13.903557,0
6494,4,649.3,95.492966,0.325513,21.994135,0.386398,25.0,12.926543,13.903557,0
6495,4,649.4,95.492966,0.325513,21.994135,0.386398,25.0,12.926543,13.903557,0
6496,4,649.5,95.492966,0.108504,17.106549,0.347328,25.0,12.926258,13.819292,0
6497,4,649.6,95.492966,0.325513,17.106549,0.269926,25.0,13.066925,14.241292,0
6498,4,649.7,95.492966,1.356305,21.994135,0.575201,25.0,12.898759,13.903557,0
6499,4,649.8,95.492966,2.441349,21.994135,0.950884,25.0,12.926543,13.903557,0
6500,4,649.9,95.492966,0.705279,21.994135,1.388023,25.0,12.926258,13.819292,0
6501,4,650.0,95.492966,28.030303,17.106549,1.781456,25.0,12.898455,13.819292,0
6502,4,650.1,95.492966,5.42522,21.994135,2.176211,25.0,12.954347,13.903557,0
6503,4,650.2,95.492966,6.600684,17.106549,2.634087,25.0,13.741358,15.090596,0
6504,4,650.3,95.492966,4.557185,21.994135,3.099862,25.0,12.926543,13.903557,0
6505,4,650.4,95.492966,12.40567,7.331378,3.836832,25.0,13.15207,14.580138,0
6506,4,650.5,95.492966,9.132454,12.218964,4.672823,25.0,12.926543,13.903557,0
6507,4,650.6,95.492966,9.584555,21.994135,5.305789,25.0,12.954474,13.903557,0
6508,4,650.7,95.492966,9.765396,17.106549,6.144863,25.0,12.87076,13.819292,0
6509,4,650.8,95.492966,8.951613,21.994135,6.691977,25.0,13.039122,14.241292,0
6510,4,650.9,95.492966,8.22825,26.88172,7.422455,25.0,12.621748,13.903557,0
6511,4,651.0,95.492966,1.320137,17.106549,7.836082,25.0,12.926543,13.903557,0
6512,4,651.1,95.492966,3.146628,12.218964,8.189368,25.0,12.898848,13.903557,0
6513,4,651.2,95.492966,3.435973,21.994135,8.187618,25.0,12.926543,13.903557,0
6514,4,651.3,95.492966,1.717986,17.106549,8.076578,25.0,12.926543,13.903557,0
6515,4,651.4,95.492966,0.379765,17.106549,7.709769,25.0,12.926543,13.903557,0
6516,4,651.5,95.492966,0.723363,26.88172,7.607147,25.0,13.233455,13.903557,0
6517,5,651.6,95.492966,0.379765,12.218964,1.295441,25.0,12.675037,13.398936,0
6518,5,651.7,95.492966,0.162757,17.106549,1.487706,25.0,12.730731,13.48288,0
6519,5,651.8,95.492966,0.434018,12.218964,1.539783,25.0,12.675287,13.48288,0
6520,5,651.9,95.492966,0.271261,17.106549,1.630213,25.0,12.703018,13.48288,0
6521,5,652.0,95.492966,0.434018,12.218964,1.608082,25.0,12.647306,13.398936,0
6522,5,652.1,95.492966,0.434018,21.994135,1.676449,25.0,12.703018,13.48288,0
6523,5,652.2,95.492966,0.325513,17.106549,1.667877,25.0,12.647592,13.48288,0
6524,5,652.3,95.492966,0.434018,7.331378,1.744875,25.0,12.703018,13.48288,0
6525,5,652.4,95.492966,0.072336,12.218964,1.800132,25.0,12.703018,13.48288,0
6526,5,652.5,95.492966,0.723363,21.994135,1.881879,25.0,12.675037,13.398936,0
6527,5,652.6,95.492966,1.012708,12.218964,1.813354,25.0,12.730731,13.48288,0
6528,5,652.7,95.492966,0.632942,21.994135,1.70611,25.0,12.675287,13.48288,0
6529,5,652.8,95.492966,0.217009,17.106549,1.662138,25.0,12.703018,13.48288,0
6530,5,652.9,95.492966,0.361681,17.106549,1.593158,25.0,12.675037,13.398936,0
6531,5,653.0,95.492966,0.632942,12.218964,1.432071,25.0,12.675037,13.398936,0
6532,5,653.1,95.492966,0.361681,12.218964,1.248489,25.0,12.787089,13.735092,0
6533,5,653.2,95.492966,0.325513,17.106549,0.915036,25.0,12.703018,13.48288,0
6534,5,653.3,95.492966,0.542522,17.106549,0.712482,25.0,12.702785,13.398936,0
6535,5,653.4,95.492966,0.325513,17.106549,0.221295,25.0,12.675037,13.398936,0
6536,5,653.5,95.492966,0.632942,17.106549,0.231839,25.0,12.703018,13.48288,0
6537,5,653.6,95.492966,0.325513,7.331378,0.186114,25.0,12.703018,13.48288,0
6538,5,653.7,95.492966,0.452102,12.218964,0.172802,25.0,12.675037,13.398936,0
6539,5,653.8,95.492966,0.452102,17.106549,0.142496,25.0,12.758479,13.48288,0
6540,5,653.9,95.492966,0.452102,17.106549,0.536522,25.0,12.703018,13.48288,0
6541,5,654.0,95.492966,1.898827,12.218964,0.433041,25.0,12.703018,13.48288,0
6542,5,654.1,95.492966,0.126588,12.218964,0.955895,25.0,12.702785,13.398936,0
6543,5,654.2,95.492966,0.379765,17.106549,0.558341,25.0,12.675037,13.398936,0
6544,5,654.3,95.492966,0.361681,12.218964,0.360822,25.0,12.730766,13.48288,0
6545,5,654.4,95.492966,0.813783,17.106549,0.295285,25.0,12.730766,13.48288,0
6546,5,654.5,95.492966,0.434018,21.994135,0.278635,25.0,12.703018,13.48288,0
6547,5,654.6,95.492966,0.452102,21.994135,0.221295,25.0,12.702785,13.398936,0
6548,5,654.7,95.492966,0.108504,17.106549,0.03456,25.0,12.758479,13.48288,0
6549,5,654.8,95.492966,0.325513,17.106549,0.221295,25.0,12.730766,13.48288,0
6550,5,654.9,95.492966,0.452102,12.218964,0.142496,25.0,12.730766,13.48288,0
6551,5,655.0,95.492966,0.434018,12.218964,0.278635,25.0,12.730766,13.48288,0
6552,5,655.1,95.492966,0.542522,12.218964,0.269926,25.0,12.675037,13.398936,0
6553,5,655.2,95.492966,0.379765,12.218964,0.269926,25.0,12.702785,13.398936,0
6554,5,655.3,95.492966,0.48827,17.106549,0.326043,25.0,12.730766,13.48288,0
6555,5,655.4,95.492966,0.48827,17.106549,0.326043,25.0,12.702785,13.398936,0
6556,5,655.5,95.492966,0.379765,7.331378,0.373828,25.0,12.702785,13.398936,0
6557,5,655.6,95.492966,0.325513,17.106549,0.449286,25.0,12.703018,13.48288,0
6558,5,655.7,95.492966,0.759531,17.106549,0.712482,25.0,12.730766,13.48288,0
6559,5,655.8,95.492966,0.632942,17.106549,0.806822,25.0,12.702785,13.398936,0
6560,5,655.9,95.492966,0.325513,12.218964,0.983,25.0,12.702785,13.398936,0
6561,5,656.0,95.492966,0.361681,21.994135,1.041985,25.0,12.730766,13.48288,0
6562,5,656.1,95.492966,0.217009,12.218964,1.110784,25.0,12.675287,13.48288,0
6563,5,656.2,95.492966,0.271261,17.106549,1.286187,25.0,12.702785,13.398936,0
6564,5,656.3,95.492966,0.271261,12.218964,1.492515,25.0,12.618964,13.147473,0
6565,5,656.4,95.492966,0.325513,17.106549,1.530447,25.0,12.702785,13.398936,0
6566,5,656.5,95.492966,0.271261,12.218964,1.630213,25.0,12.702785,13.398936,0
6567,5,656.6,95.492966,0.325513,7.331378,1.599144,25.0,12.675037,13.398936,0
6568,5,656.7,95.492966,0.542522,21.994135,1.667877,25.0,12.730766,13.48288,0
6569,5,656.8,95.492966,0.325513,12.218964,1.667877,25.0,12.675323,13.48288,0
6570,5,656.9,95.492966,0.271261,17.106549,1.699095,25.0,12.647341,13.398936,0
6571,5,657.0,95.492966,0.271261,12.218964,1.699095,25.0,12.730766,13.48288,0
6572,5,657.1,95.492966,0.325513,12.218964,1.805432,25.0,12.675037,13.398936,0
6573,5,657.2,95.492966,0.217009,12.218964,1.73113,25.0,12.730766,13.48288,0
6574,5,657.3,95.492966,0.632942,12.218964,1.70611,25.0,12.702785,13.398936,0
6575,5,657.4,95.492966,0.271261,17.106549,1.561352,25.0,12.647341,13.398936,0
6576,5,657.5,95.492966,0.632942,12.218964,1.500497,25.0,12.702785,13.398936,0
6577,5,657.6,95.492966,1.464809,17.106549,1.375923,25.0,12.787142,13.735092,0
6578,5,657.7,95.492966,0.325513,21.994135,1.256119,25.0,12.647076,13.315054,0
6579,5,657.8,95.492966,0.325513,17.106549,0.983,25.0,12.674824,13.315054,0
6580,5,657.9,95.492966,0.271261,21.994135,0.603572,25.0,12.702785,13.398936,0
6581,5,658.0,95.492966,0.452102,17.106549,0.221295,25.0,12.730766,13.48288,0
6582,5,658.1,95.492966,0.271261,17.106549,0.142496,25.0,12.703018,13.48288,0
6583,5,658.2,95.492966,0.379765,26.88172,0.210223,25.0,12.702785,13.398936,0
6584,5,658.3,95.492966,0.180841,17.106549,0.07728,25.0,12.730498,13.398936,0
6585,5,658.4,95.492966,0.434018,12.218964,0.241923,25.0,12.703018,13.48288,0
6586,5,658.5,95.492966,0.379765,17.106549,0.231839,25.0,12.675037,13.398936,0
6587,5,658.6,95.492966,0.217009,17.106549,0.172802,25.0,12.675037,13.398936,0
6588,5,658.7,95.492966,0.452102,12.218964,0.172802,25.0,12.675037,13.398936,0
6589,5,658.8,95.492966,0.361681,12.218964,0.172802,25.0,12.675037,13.398936,0
6590,5,658.9,95.492966,0.632942,17.106549,0.231839,25.0,12.675037,13.398936,0
6591,5,659.0,95.492966,0.162757,17.106549,0.124609,25.0,12.730766,13.48288,0
6592,5,659.1,95.492966,0.217009,26.88172,0.124609,25.0,12.703018,13.48288,0
6593,5,659.2,95.492966,0.452102,17.106549,0.221295,25.0,12.703283,13.398936,0
6594,5,659.3,95.492966,0.379765,17.106549,0.210223,25.0,12.67509,13.398936,0
6595,5,659.4,95.492966,0.452102,21.994135,0.172802,25.0,12.675037,13.398936,0
6596,5,659.5,95.492966,0.452102,21.994135,0.142496,25.0,12.703018,13.48288,0
6597,5,659.6,95.492966,0.542522,17.106549,0.269926,25.0,12.675037,13.398936,0
6598,5,659.7,95.492966,0.48827,17.106549,0.326043,25.0,12.647341,13.398936,0
6599,5,659.8,95.492966,0.632942,12.218964,0.269926,25.0,12.675037,13.398936,0
6600,5,659.9,95.492966,0.723363,12.218964,0.318632,25.0,12.675037,13.398936,0
6601,5,660.0,95.492966,0.452102,17.106549,0.221295,25.0,12.675037,13.398936,0
6602,5,660.1,95.492966,0.452102,12.218964,0.278635,25.0,12.675037,13.398936,0
6603,5,660.2,95.492966,0.452102,12.218964,0.470073,25.0,12.675037,13.398936,0
6604,5,660.3,95.492966,0.325513,12.218964,0.779719,25.0,12.675037,13.398936,0
6605,5,660.4,95.492966,0.48827,12.218964,0.907171,25.0,12.675037,13.398936,0
6606,5,660.5,95.492966,0.325513,21.994135,0.983,25.0,12.674824,13.315054,0
6607,5,660.6,95.492966,0.759531,12.218964,1.119353,25.0,12.703018,13.48288,0
6608,5,660.7,95.492966,0.162757,12.218964,1.17353,25.0,12.647341,13.398936,0
6609,5,660.8,95.492966,0.271261,12.218964,1.148843,25.0,12.675037,13.398936,0
6610,5,660.9,95.492966,0.632942,12.218964,1.500497,25.0,12.675037,13.398936,0
6611,5,661.0,95.492966,0.632942,12.218964,1.500497,25.0,12.675037,13.398936,0
6612,5,661.1,95.492966,0.632942,17.106549,1.70611,25.0,12.647306,13.398936,0
6613,5,661.2,95.492966,0.452102,17.106549,1.630213,25.0,12.702785,13.398936,0
6614,5,661.3,95.492966,0.632942,12.218964,1.630213,25.0,12.647306,13.398936,0
6615,5,661.4,95.492966,0.452102,17.106549,1.699095,25.0,12.675037,13.398936,0
6616,5,661.5,95.492966,0.434018,17.106549,1.744875,25.0,12.702785,13.398936,0
6617,5,661.6,95.492966,0.452102,26.88172,1.836913,25.0,12.675323,13.48288,0
6618,5,661.7,95.492966,0.325513,17.106549,1.805432,25.0,12.787818,13.903557,0
6619,5,661.8,95.492966,0.379765,17.106549,1.70611,25.0,12.647341,13.398936,0
6620,5,661.9,95.492966,0.144673,12.218964,1.676449,25.0,12.675037,13.398936,0
6621,5,662.0,95.492966,0.217009,12.218964,1.593158,25.0,12.647306,13.398936,0
6622,5,662.1,95.492966,0.759531,17.106549,1.461789,25.0,12.647306,13.398936,0
6623,5,662.2,95.492966,0.632942,17.106549,1.363715,25.0,12.647592,13.48288,0
6624,5,662.3,95.492966,0.542522,12.218964,1.187693,25.0,12.675287,13.48288,0
6625,5,662.4,95.492966,0.452102,17.106549,0.943317,25.0,12.675037,13.398936,0
6626,5,662.5,95.492966,0.271261,21.994135,0.671043,25.0,12.675037,13.398936,0
6627,5,662.6,95.492966,0.180841,17.106549,0.07728,25.0,12.758228,13.398936,0
6628,5,662.7,95.492966,0.632942,21.994135,0.231839,25.0,12.675037,13.398936,0
6629,5,662.8,95.492966,0.452102,21.994135,0.172802,25.0,12.675037,13.398936,0
6630,5,662.9,95.492966,0.452102,12.218964,0.172802,25.0,12.675037,13.398936,0
6631,5,663.0,95.492966,0.217009,17.106549,0.172802,25.0,12.675037,13.398936,0
6632,5,663.1,95.492966,0.271261,12.218964,0.172802,25.0,12.675037,13.398936,0
6633,5,663.2,95.492966,0.542522,17.106549,0.186114,25.0,12.647076,13.315054,0
6634,5,663.3,95.492966,0.452102,12.218964,0.172802,25.0,12.703018,13.48288,0
6635,5,663.4,95.492966,0.325513,12.218964,0.186114,25.0,12.647306,13.398936,0
6636,5,663.5,95.492966,0.759531,12.218964,0.186114,25.0,12.675037,13.398936,0
6637,5,663.6,95.492966,0.434018,21.994135,0.278635,25.0,12.647306,13.398936,0
6638,5,663.7,95.492966,0.813783,17.106549,0.278635,25.0,12.647306,13.398936,0
6639,5,663.8,95.492966,0.452102,7.331378,0.221295,25.0,12.703018,13.48288,0
6640,5,663.9,95.492966,0.379765,21.994135,0.210223,25.0,12.647306,13.398936,0
6641,5,664.0,95.492966,0.162757,12.218964,0.186114,25.0,12.647306,13.398936,0
6642,5,664.1,95.492966,0.217009,12.218964,0.231839,25.0,12.619345,13.315054,0
6643,5,664.2,95.492966,0.271261,12.218964,0.172802,25.0,12.647306,13.398936,0
6644,5,664.3,95.492966,0.723363,12.218964,0.278635,25.0,12.619611,13.398936,0
6645,5,664.4,95.492966,0.542522,21.994135,0.186114,25.0,12.702749,13.398936,0
6646,5,664.5,95.492966,0.632942,17.106549,0.269926,25.0,12.675037,13.398936,0
6647,5,664.6,95.492966,0.271261,17.106549,0.340381,25.0,12.871757,14.072289,0
6648,5,664.7,95.492966,0.217009,17.106549,0.295285,25.0,12.647306,13.398936,0
6649,5,664.8,95.492966,0.542522,21.994135,0.513778,25.0,12.758985,13.398936,0
6650,5,664.9,95.492966,0.723363,26.88172,0.930569,25.0,12.647306,13.398936,0
6651,5,665.0,95.492966,0.325513,17.106549,0.915036,25.0,12.619345,13.315054,0
6652,5,665.1,95.492966,1.012708,12.218964,0.930569,25.0,12.647076,13.315054,0
6653,5,665.2,95.492966,0.361681,17.106549,0.973231,25.0,12.702785,13.398936,0
6654,5,665.3,95.492966,0.542522,17.106549,1.256119,25.0,12.647306,13.398936,0
6655,5,665.4,95.492966,1.139296,17.106549,1.295441,25.0,12.619345,13.315054,0
6656,5,665.5,95.492966,2.152004,12.218964,1.363715,25.0,12.647306,13.398936,0
6657,5,665.6,95.492966,0.48827,17.106549,1.579605,25.0,12.591405,13.231233,0
6658,5,665.7,95.492966,0.542522,12.218964,1.667877,25.0,12.647306,13.398936,0
6659,5,665.8,95.492966,0.542522,26.88172,1.530447,25.0,12.703018,13.48288,0
6660,5,665.9,95.492966,0.48827,12.218964,1.715884,25.0,12.647076,13.315054,0
6661,5,666.0,95.492966,0.632942,7.331378,1.637524,25.0,12.619593,13.398936,0
6662,5,666.1,95.492966,0.271261,17.106549,1.767996,25.0,12.675037,13.398936,0
6663,5,666.2,95.492966,0.759531,17.106549,1.736641,25.0,12.675037,13.398936,0
6664,5,666.3,95.492966,0.325513,12.218964,1.805432,25.0,12.591405,13.231233,0
6665,5,666.4,95.492966,0.325513,17.106549,1.667877,25.0,12.675037,13.398936,0
6666,5,666.5,95.492966,0.452102,17.106549,1.699095,25.0,12.59165,13.315054,0
6667,5,666.6,95.492966,0.325513,21.994135,1.599144,25.0,12.702785,13.398936,0
6668,5,666.7,95.492966,0.434018,12.218964,1.403427,25.0,12.647341,13.398936,0
6669,5,666.8,95.492966,0.379765,17.106549,1.227261,25.0,12.647341,13.398936,0
6670,5,666.9,95.492966,0.325513,17.106549,1.187693,25.0,12.647341,13.398936,0
6671,5,667.0,95.492966,0.162757,21.994135,1.004634,25.0,12.952585,13.315054,0
6672,5,667.1,95.492966,0.325513,17.106549,0.579339,25.0,12.619381,13.315054,0
6673,5,667.2,95.492966,0.325513,21.994135,0.269926,25.0,12.647341,13.398936,0
6674,5,667.3,95.492966,0.632942,17.106549,0.210223,25.0,12.647076,13.315054,0
6675,5,667.4,95.492966,0.09042,21.994135,0.278635,25.0,12.647076,13.315054,0
6676,5,667.5,95.492966,0.325513,21.994135,0.186114,25.0,12.702785,13.398936,0
6677,5,667.6,95.492966,0.632942,17.106549,0.210223,25.0,12.647306,13.398936,0
6678,5,667.7,95.492966,0.325513,17.106549,0.186114,25.0,12.955822,14.241292,0
6679,5,667.8,95.492966,0.144673,21.994135,0.251604,25.0,12.647076,13.315054,0
6680,5,667.9,95.492966,0.48827,17.106549,0.278635,25.0,12.647341,13.398936,0
6681,5,668.0,95.492966,0.813783,12.218964,0.295285,25.0,12.647341,13.398936,0
6682,5,668.1,95.492966,0.217009,17.106549,0.124609,25.0,12.647341,13.398936,0
6683,5,668.2,95.492966,0.452102,17.106549,0.142496,25.0,12.619381,13.315054,0
6684,5,668.3,95.492966,0.126588,17.106549,0.231839,25.0,12.647341,13.398936,0
6685,5,668.4,95.492966,0.542522,12.218964,0.221295,25.0,12.675037,13.398936,0
6686,5,668.5,95.492966,0.452102,7.331378,0.142496,25.0,12.647341,13.398936,0
6687,5,668.6,95.492966,0.542522,12.218964,0.172802,25.0,12.647341,13.398936,0
6688,5,668.7,95.492966,0.632942,21.994135,0.210223,25.0,12.647341,13.398936,0
6689,5,668.8,95.492966,0.434018,17.106549,0.318632,25.0,12.67509,13.398936,0
6690,5,668.9,95.492966,0.271261,17.106549,0.186114,25.0,12.647341,13.398936,0
6691,5,669.0,95.492966,0.542522,12.218964,0.269926,25.0,12.647341,13.398936,0
6692,5,669.1,95.492966,0.325513,12.218964,0.269926,25.0,12.619381,13.315054,0
6693,5,669.2,95.492966,0.723363,21.994135,0.367383,25.0,12.647341,13.398936,0
6694,5,669.3,95.492966,0.325513,17.106549,0.326043,25.0,12.647341,13.398936,0
6695,5,669.4,95.492966,0.632942,21.994135,0.49483,25.0,12.619381,13.315054,0
6696,5,669.5,95.492966,0.271261,7.331378,0.806822,25.0,12.619381,13.315054,0
6697,5,669.6,95.492966,0.434018,17.106549,0.930569,25.0,12.647076,13.315054,0
6698,5,669.7,95.492966,0.542522,17.106549,0.915036,25.0,12.619611,13.398936,0
6699,5,669.8,95.492966,0.632942,2.443793,1.091257,25.0,12.647341,13.398936,0
6700,5,669.9,95.492966,0.723363,21.994135,1.199701,25.0,12.59165,13.315054,0
6701,5,670.0,95.492966,0.632942,17.106549,1.295441,25.0,12.619451,13.315054,0
6702,5,670.1,95.492966,0.632942,17.106549,1.637524,25.0,12.647129,13.315054,0
6703,5,670.2,95.492966,0.542522,17.106549,1.599144,25.0,12.647341,13.398936,0
6704,5,670.3,95.492966,0.108504,12.218964,1.590156,25.0,12.619381,13.315054,0
6705,5,670.4,95.492966,0.48827,7.331378,1.579605,25.0,12.647341,13.398936,0
6706,5,670.5,95.492966,0.452102,12.218964,1.699095,25.0,12.647076,13.315054,0
6707,5,670.6,95.492966,0.379765,17.106549,1.637524,25.0,12.647129,13.315054,0
6708,5,670.7,95.492966,0.162757,17.106549,1.784136,25.0,12.647341,13.398936,0
6709,5,670.8,95.492966,0.542522,21.994135,1.736641,25.0,12.675323,13.48288,0
6710,5,670.9,95.492966,0.271261,12.218964,1.767996,25.0,12.647341,13.398936,0
6711,5,671.0,95.492966,0.217009,17.106549,1.73113,25.0,12.647129,13.315054,0
6712,5,671.1,95.492966,0.126588,12.218964,1.637524,25.0,12.619381,13.315054,0
6713,5,671.2,95.492966,0.361681,17.106549,1.662138,25.0,12.675594,13.566886,0
6714,5,671.3,95.492966,0.542522,21.994135,1.530447,25.0,12.675323,13.48288,0
6715,5,671.4,95.492966,0.271261,17.106549,1.286187,25.0,12.619381,13.315054,0
6716,5,671.5,95.492966,0.09042,17.106549,1.148843,25.0,12.619381,13.315054,0
6717,5,671.6,95.492966,0.452102,21.994135,0.875001,25.0,12.619381,13.315054,0
6718,5,671.7,95.492966,0.452102,17.106549,0.340381,25.0,12.675037,13.398936,0
6719,5,671.8,95.492966,0.542522,17.106549,0.221295,25.0,12.619611,13.398936,0
6720,5,671.9,95.492966,0.325513,26.88172,0.269926,25.0,12.647341,13.398936,0
6721,5,672.0,95.492966,0.452102,12.218964,0.172802,25.0,12.647076,13.315054,0
6722,5,672.1,95.492966,0.542522,17.106549,0.186114,25.0,12.619381,13.315054,0
6723,5,672.2,95.492966,0.452102,17.106549,0.172802,25.0,12.59165,13.315054,0
6724,5,672.3,95.492966,0.632942,17.106549,0.231839,25.0,12.59165,13.315054,0
6725,5,672.4,95.492966,0.217009,17.106549,0.124609,25.0,12.59165,13.315054,0
6726,5,672.5,95.492966,0.723363,17.106549,0.278635,25.0,12.619381,13.315054,0
6727,5,672.6,95.492966,0.271261,17.106549,0.142496,25.0,12.647341,13.398936,0
6728,5,672.7,95.492966,0.542522,26.88172,0.221295,25.0,12.647341,13.398936,0
6729,5,672.8,95.492966,0.542522,21.994135,0.186114,25.0,12.619381,13.315054,0
6730,5,672.9,95.492966,0.108504,12.218964,0.221295,25.0,12.897708,13.315054,0
6731,5,673.0,95.492966,0.542522,17.106549,0.221295,25.0,12.619611,13.398936,0
6732,5,673.1,95.492966,0.886119,12.218964,0.269926,25.0,12.619381,13.315054,0
6733,5,673.2,95.492966,0.759531,17.106549,0.186114,25.0,12.675323,13.48288,0
6734,5,673.3,95.492966,0.723363,17.106549,0.318632,25.0,12.619611,13.398936,0
6735,5,673.4,95.492966,0.217009,12.218964,0.231839,25.0,12.59165,13.315054,0
6736,5,673.5,95.492966,0.48827,12.218964,0.326043,25.0,12.647341,13.398936,0
6737,5,673.6,95.492966,0.162757,17.106549,0.367383,25.0,12.619611,13.398936,0
6738,5,673.7,95.492966,0.379765,7.331378,0.318632,25.0,12.59165,13.315054,0
6739,5,673.8,95.492966,0.542522,7.331378,0.269926,25.0,12.619381,13.315054,0
6740,5,673.9,95.492966,0.723363,12.218964,0.421864,25.0,12.59165,13.315054,0
6741,5,674.0,95.492966,0.542522,17.106549,0.634446,25.0,12.59165,13.315054,0
6742,5,674.1,95.492966,0.632942,21.994135,0.754812,25.0,12.59165,13.315054,0
6743,5,674.2,95.492966,0.452102,17.106549,0.875001,25.0,12.59165,13.315054,0
6744,5,674.3,95.492966,0.632942,17.106549,0.955895,25.0,12.647129,13.315054,0
6745,5,674.4,95.492966,0.542522,21.994135,1.051115,25.0,12.619611,13.398936,0
6746,5,674.5,95.492966,0.325513,17.106549,1.119353,25.0,12.619381,13.315054,0
6747,5,674.6,95.492966,0.271261,12.218964,1.286187,25.0,12.59165,13.315054,0
6748,5,674.7,95.492966,0.542522,21.994135,1.530447,25.0,12.59165,13.315054,0
6749,5,674.8,95.492966,0.361681,21.994135,1.593158,25.0,12.59165,13.315054,0
6750,5,674.9,95.492966,0.452102,21.994135,1.630213,25.0,12.647341,13.398936,0
6751,5,675.0,95.492966,0.271261,12.218964,1.630213,25.0,12.619611,13.398936,0
6752,5,675.1,95.492966,0.632942,12.218964,1.637524,25.0,12.59165,13.315054,0
6753,5,675.2,95.492966,0.162757,21.994135,1.694872,25.0,12.619381,13.315054,0
6754,5,675.3,95.492966,0.632942,21.994135,1.774739,25.0,12.619381,13.315054,0
6755,5,675.4,95.492966,0.379765,7.331378,1.70611,25.0,12.619611,13.398936,0
6756,5,675.5,95.492966,0.434018,12.218964,1.744875,25.0,12.619611,13.398936,0
6757,5,675.6,95.492966,0.271261,12.218964,1.699095,25.0,12.59165,13.315054,0
6758,5,675.7,95.492966,0.452102,17.106549,1.699095,25.0,12.619381,13.315054,0
6759,5,675.8,95.492966,0.542522,12.218964,1.530447,25.0,12.619381,13.315054,0
6760,5,675.9,95.492966,0.379765,17.106549,1.432071,25.0,12.56371,13.231233,0
6761,5,676.0,95.492966,0.434018,12.218964,1.267478,25.0,12.59165,13.315054,0
6762,5,676.1,95.492966,0.452102,26.88172,1.148843,25.0,12.59165,13.315054,0
6763,5,676.2,95.492966,0.542522,17.106549,0.915036,25.0,12.59165,13.315054,0
6764,5,676.3,95.492966,0.542522,21.994135,0.386398,25.0,12.647341,13.398936,0
6765,5,676.4,95.492966,0.379765,21.994135,0.318632,25.0,12.619381,13.315054,0
6766,5,676.5,95.492966,0.542522,7.331378,0.186114,25.0,12.59165,13.315054,0
6767,5,676.6,95.492966,0.705279,12.218964,0.427489,25.0,12.759393,13.735092,0
6768,5,676.7,95.492966,0.434018,12.218964,0.251604,25.0,12.619381,13.315054,0
6769,5,676.8,95.492966,0.361681,17.106549,0.124609,25.0,12.59165,13.315054,0
6770,5,676.9,95.492966,1.139296,17.106549,0.326043,25.0,12.647341,13.398936,0
6771,5,677.0,95.492966,0.325513,21.994135,0.186114,25.0,12.619381,13.315054,0
6772,5,677.1,95.492966,0.126588,26.88172,0.231839,25.0,12.619611,13.398936,0
6773,5,677.2,95.492966,0.452102,17.106549,0.172802,25.0,12.619381,13.315054,0
6774,5,677.3,95.492966,0.452102,12.218964,0.142496,25.0,12.619381,13.315054,0
6775,5,677.4,95.492966,0.217009,17.106549,0.124609,25.0,12.56371,13.231233,0
6776,5,677.5,95.492966,0.886119,21.994135,0.231839,25.0,12.815929,13.987889,0
6777,5,677.6,95.492966,0.48827,12.218964,0.278635,25.0,12.56371,13.231233,0
6778,5,677.7,95.492966,0.217009,17.106549,0.124609,25.0,12.59165,13.315054,0
6779,5,677.8,95.492966,0.271261,26.88172,0.172802,25.0,12.67509,13.398936,0
6780,5,677.9,95.492966,0.542522,17.106549,0.186114,25.0,12.619611,13.398936,0
6781,5,678.0,95.492966,0.542522,17.106549,0.340381,25.0,12.619611,13.398936,0
6782,5,678.1,95.492966,0.452102,12.218964,0.278635,25.0,12.619381,13.315054,0
6783,5,678.2,95.492966,0.325513,21.994135,0.221295,25.0,12.59165,13.315054,0
6784,5,678.3,95.492966,0.632942,21.994135,0.318632,25.0,12.59165,13.315054,0
6785,5,678.4,95.492966,0.632942,21.994135,0.318632,25.0,12.619381,13.315054,0
6786,5,678.5,95.492966,0.325513,21.994135,0.386398,25.0,12.59165,13.315054,0
6787,5,678.6,95.492966,0.434018,17.106549,0.603572,25.0,12.619381,13.315054,0
6788,5,678.7,95.492966,0.632942,21.994135,0.888546,25.0,12.59165,13.315054,0
6789,5,678.8,95.492966,0.632942,12.218964,0.955895,25.0,12.591703,13.315054,0
6790,5,678.9,95.492966,0.452102,21.994135,1.011742,25.0,12.59144,13.231233,0
6791,5,679.0,95.492966,0.271261,12.218964,1.011742,25.0,12.647129,13.315054,0
6792,5,679.1,95.492966,0.97654,7.331378,1.187693,25.0,12.619611,13.398936,0
6793,5,679.2,95.492966,0.361681,21.994135,1.386301,25.0,12.675323,13.48288,0
6794,5,679.3,95.492966,0.379765,17.106549,1.500497,25.0,12.647129,13.315054,0
6795,5,679.4,95.492966,0.271261,21.994135,1.630213,25.0,12.674895,13.315054,0
6796,5,679.5,95.492966,0.723363,26.88172,1.608082,25.0,12.647341,13.398936,0
6797,5,679.6,95.492966,0.632942,12.218964,1.568983,25.0,12.619381,13.315054,0
6798,5,679.7,95.492966,0.886119,17.106549,1.70611,25.0,12.59165,13.315054,0
6799,5,679.8,95.492966,0.452102,12.218964,1.767996,25.0,12.59165,13.315054,0
6800,5,679.9,95.492966,0.542522,12.218964,1.736641,25.0,12.647341,13.398936,0
6801,5,680.0,95.492966,0.361681,21.994135,1.73113,25.0,12.59144,13.231233,0
6802,5,680.1,95.492966,0.379765,17.106549,1.843404,25.0,12.563937,13.315054,0
6803,5,680.2,95.492966,0.126588,17.106549,1.70611,25.0,12.619611,13.398936,0
6804,5,680.3,95.492966,0.632942,21.994135,1.70611,25.0,12.59165,13.315054,0
6805,5,680.4,95.492966,0.180841,21.994135,1.590156,25.0,12.730303,13.315054,0
6806,5,680.5,95.492966,0.434018,26.88172,1.403427,25.0,12.591703,13.315054,0
6807,5,680.6,95.492966,0.542522,21.994135,1.256119,25.0,12.563972,13.315054,0
6808,5,680.7,95.492966,0.434018,7.331378,1.132086,25.0,12.59165,13.315054,0
6809,5,680.8,95.492966,0.379765,17.106549,0.888546,25.0,12.619381,13.315054,0
6810,5,680.9,95.492966,0.271261,12.218964,0.340381,25.0,12.619381,13.315054,0
6811,5,681.0,95.492966,0.126588,12.218964,0.269926,25.0,12.619381,13.315054,0
6812,5,681.1,95.492966,0.542522,26.88172,0.269926,25.0,12.619381,13.315054,0
6813,5,681.2,95.492966,0.325513,17.106549,0.186114,25.0,12.759393,13.735092,0
6814,5,681.3,95.492966,0.542522,12.218964,0.221295,25.0,12.59165,13.315054,0
6815,5,681.4,95.492966,0.379765,17.106549,0.210223,25.0,12.619381,13.315054,0
6816,5,681.5,95.492966,0.325513,21.994135,0.221295,25.0,12.619381,13.315054,0
6817,5,681.6,95.492966,0.632942,12.218964,0.210223,25.0,12.59165,13.315054,0
6818,5,681.7,95.492966,0.542522,17.106549,0.221295,25.0,12.619381,13.315054,0
6819,5,681.8,95.492966,0.452102,21.994135,0.142496,25.0,12.619381,13.315054,0
6820,5,681.9,95.492966,0.452102,12.218964,0.172802,25.0,12.647076,13.315054,0
6821,5,682.0,95.492966,0.723363,17.106549,0.278635,25.0,12.591703,13.315054,0
6822,5,682.1,95.492966,0.886119,21.994135,0.231839,25.0,12.119363,12.396252,0
6823,5,682.2,95.492966,0.325513,17.106549,0.221295,25.0,12.619381,13.315054,0
6824,5,682.3,95.492966,0.434018,17.106549,0.278635,25.0,12.619381,13.315054,0
6825,5,682.4,95.492966,0.632942,12.218964,0.231839,25.0,12.619451,13.315054,0
6826,5,682.5,95.492966,0.361681,17.106549,0.172802,25.0,12.59165,13.315054,0
6827,5,682.6,95.492966,0.632942,12.218964,0.269926,25.0,12.59165,13.315054,0
6828,5,682.7,95.492966,0.325513,12.218964,0.269926,25.0,12.619381,13.315054,0
6829,5,682.8,95.492966,0.632942,21.994135,0.269926,25.0,12.619381,13.315054,0
6830,5,682.9,95.492966,0.325513,17.106549,0.269926,25.0,12.619381,13.315054,0
6831,5,683.0,95.492966,0.325513,12.218964,0.269926,25.0,12.59165,13.315054,0
6832,5,683.1,95.492966,0.723363,21.994135,0.421864,25.0,12.619381,13.315054,0
6833,5,683.2,95.492966,0.325513,12.218964,0.645642,25.0,12.619381,13.315054,0
6834,5,683.3,95.492966,0.632942,21.994135,0.806822,25.0,12.647129,13.315054,0
6835,5,683.4,95.492966,0.759531,21.994135,0.915036,25.0,12.59144,13.231233,0
6836,5,683.5,95.492966,0.723363,17.106549,1.064664,25.0,12.647341,13.398936,0
6837,5,683.6,95.492966,0.271261,12.218964,1.080256,25.0,12.619381,13.315054,0
6838,5,683.7,95.492966,0.271261,21.994135,1.21749,25.0,12.563972,13.315054,0
6839,5,683.8,95.492966,0.632942,12.218964,1.363715,25.0,12.619381,13.315054,0
6840,5,683.9,95.492966,0.379765,12.218964,1.500497,25.0,12.619381,13.315054,0
6841,5,684.0,95.492966,0.632942,21.994135,1.568983,25.0,12.899948,14.156756,0
6842,5,684.1,95.492966,0.452102,17.106549,1.561352,25.0,12.619381,13.315054,0
6843,5,684.2,95.492966,0.542522,21.994135,1.736641,25.0,12.925648,13.315054,0
6844,5,684.3,95.492966,0.271261,21.994135,1.630213,25.0,12.619381,13.315054,0
6845,5,684.4,95.492966,0.379765,12.218964,1.70611,25.0,12.674895,13.315054,0
6846,5,684.5,95.492966,0.325513,17.106549,1.736641,25.0,12.59165,13.315054,0
6847,5,684.6,95.492966,0.379765,17.106549,1.70611,25.0,12.59165,13.315054,0
6848,5,684.7,95.492966,0.271261,12.218964,1.836913,25.0,12.59165,13.315054,0
6849,5,684.8,95.492966,0.434018,17.106549,1.744875,25.0,12.59165,13.315054,0
6850,5,684.9,95.492966,0.271261,17.106549,1.630213,25.0,12.619381,13.315054,0
6851,5,685.0,95.492966,0.217009,12.218964,1.52419,25.0,12.619611,13.398936,0
6852,5,685.1,95.492966,0.271261,17.106549,1.418663,25.0,12.59165,13.315054,0
6853,5,685.2,95.492966,0.361681,31.769306,1.248489,25.0,12.480658,13.231233,0
6854,5,685.3,95.492966,0.325513,17.106549,1.187693,25.0,12.619381,13.315054,0
6855,5,685.4,95.492966,0.379765,12.218964,0.754812,25.0,12.563937,13.315054,0
6856,5,685.5,95.492966,0.271261,21.994135,0.221295,25.0,12.59165,13.315054,0
6857,5,685.6,95.492966,0.361681,7.331378,0.231839,25.0,12.59165,13.315054,0
6858,6,685.7,95.492966,4.991202,17.106549,3.172228,25.0,12.50789,13.063774,0
6859,6,685.8,95.492966,8.499511,17.106549,3.214865,25.0,12.50789,13.063774,0
6860,6,685.9,95.492966,8.04741,12.218964,3.057184,25.0,12.563485,13.147473,0
6861,6,686.0,95.492966,7.685728,17.106549,2.976415,25.0,12.424838,13.063774,0
6862,6,686.1,95.492966,4.44868,17.106549,2.961933,25.0,12.50789,13.063774,0
6863,6,686.2,95.492966,7.414467,12.218964,2.985231,25.0,12.48001,12.980133,0
6864,6,686.3,95.492966,4.394428,36.656891,3.017861,25.0,12.591064,13.063774,0
6865,6,686.4,95.492966,6.962366,7.331378,2.921329,25.0,12.480212,13.063774,0
6866,6,686.5,95.492966,6.510264,17.106549,2.816412,25.0,12.50789,13.063774,0
6867,6,686.6,95.492966,3.851906,21.994135,2.83922,25.0,12.424308,12.813028,0
6868,6,686.7,95.492966,3.797654,12.218964,2.756399,25.0,12.50789,13.063774,0
6869,6,686.8,95.492966,3.743402,17.106549,2.780559,25.0,12.480451,13.147473,0
6870,6,686.9,95.492966,3.526393,17.106549,2.664743,25.0,12.50789,13.063774,0
6871,6,687.0,95.492966,5.786901,12.218964,2.579099,25.0,12.56371,13.231233,0
6872,6,687.1,95.492966,3.634897,21.994135,2.72239,25.0,12.50789,13.063774,0
6873,6,687.2,95.492966,3.309384,12.218964,2.473186,25.0,12.369667,13.063774,0
6874,6,687.3,95.492966,5.51564,17.106549,2.473186,25.0,12.535586,13.063774,0
6875,6,687.4,95.492966,3.309384,21.994135,2.511525,25.0,12.50789,13.063774,0
6876,6,687.5,95.492966,3.363636,17.106549,2.413547,25.0,12.50789,13.063774,0
6877,6,687.6,95.492966,3.526393,17.106549,2.457683,25.0,12.50789,13.063774,0
6878,6,687.7,95.492966,5.877322,17.106549,2.374632,25.0,12.452499,13.063774,0
6879,6,687.8,95.492966,5.606061,12.218964,2.241106,25.0,12.452499,13.063774,0
6880,6,687.9,95.492966,5.786901,21.994135,2.264435,25.0,12.480177,13.063774,0
6881,6,688.0,95.492966,5.967742,17.106549,2.313486,25.0,12.50789,13.063774,0
6882,6,688.1,95.492966,1.193548,12.218964,2.272859,25.0,12.50789,13.063774,0
6883,6,688.2,95.492966,3.634897,17.106549,2.283345,25.0,12.50789,13.063774,0
6884,6,688.3,95.492966,6.058162,26.88172,2.281251,25.0,12.50789,13.063774,0
6885,6,688.4,95.492966,8.354839,7.331378,2.250679,25.0,12.53579,13.147473,0
6886,6,688.5,95.492966,6.058162,12.218964,2.312453,25.0,12.50789,13.063774,0
6887,6,688.6,95.492966,6.058162,12.218964,2.355441,25.0,12.50789,13.063774,0
6888,6,688.7,95.492966,3.580645,17.106549,2.371612,25.0,12.50789,13.063774,0
6889,6,688.8,95.492966,3.526393,17.106549,2.457683,25.0,12.50789,13.063774,0
6890,6,688.9,95.492966,3.363636,17.106549,2.380661,25.0,12.53579,13.147473,0
6891,6,689.0,95.492966,5.786901,21.994135,2.507717,25.0,12.50789,13.063774,0
6892,6,689.1,95.492966,5.967742,12.218964,2.535192,25.0,12.50789,13.063774,0
6893,6,689.2,95.492966,5.786901,17.106549,2.507717,25.0,12.50789,13.063774,0
6894,6,689.3,95.492966,6.239003,21.994135,2.709195,25.0,12.53579,13.147473,0
6895,6,689.4,95.492966,3.634897,7.331378,2.649459,25.0,12.480212,13.063774,0
6896,6,689.5,95.492966,6.239003,21.994135,2.744239,25.0,12.50789,13.063774,0
6897,6,689.6,95.492966,6.419844,17.106549,2.83922,25.0,12.50789,13.063774,0
6898,6,689.7,95.492966,3.960411,17.106549,2.898342,25.0,12.50789,13.063774,0
6899,6,689.8,95.492966,3.960411,26.88172,2.934384,25.0,12.50789,13.063774,0
6900,6,689.9,95.492966,7.143206,17.106549,3.04544,25.0,12.50789,13.063774,0
6901,6,690.0,95.492966,7.504888,21.994135,3.081312,25.0,12.53579,13.147473,0
6902,6,690.1,95.492966,7.776149,17.106549,3.115237,25.0,12.48001,12.980133,0
6903,6,690.2,95.492966,4.828446,17.106549,3.143481,25.0,12.50789,13.063774,0
6904,6,690.3,95.492966,8.318671,7.331378,3.193243,25.0,12.50789,13.063774,0
6905,6,690.4,95.492966,8.13783,21.994135,3.078985,25.0,12.53579,13.147473,0
6906,6,690.5,95.492966,8.22825,12.218964,3.133587,25.0,12.535586,13.063774,0
6907,6,690.6,95.492966,4.828446,17.106549,3.1114,25.0,12.012099,13.063774,0
6908,6,690.7,95.492966,4.665689,17.106549,3.071994,25.0,12.50789,13.063774,0
6909,6,690.8,95.492966,4.44868,21.994135,3.009935,25.0,12.53579,13.147473,0
6910,6,690.9,95.492966,4.394428,12.218964,3.017861,25.0,12.507575,12.896552,0
6911,6,691.0,95.492966,4.123167,21.994135,2.970792,25.0,12.480212,13.063774,0
6912,6,691.1,95.492966,6.781525,7.331378,2.923781,25.0,12.53579,13.147473,0
6913,6,691.2,95.492966,6.239003,17.106549,2.780559,25.0,12.48001,12.980133,0
6914,6,691.3,95.492966,3.743402,12.218964,2.744239,25.0,12.50789,13.063774,0
6915,6,691.4,95.492966,3.526393,12.218964,2.664743,25.0,12.50789,13.063774,0
6916,6,691.5,95.492966,3.580645,7.331378,2.637712,25.0,12.480212,13.063774,0
6917,6,691.6,95.492966,3.634897,17.106549,2.72239,25.0,12.50789,13.063774,0
6918,6,691.7,95.492966,5.786901,12.218964,2.579099,25.0,12.50789,13.063774,0
6919,6,691.8,95.492966,3.526393,21.994135,2.664743,25.0,12.50789,13.063774,0
6920,6,691.9,95.492966,5.606061,21.994135,2.559574,25.0,12.50789,13.063774,0
6921,6,692.0,95.492966,3.417889,17.106549,2.495303,25.0,12.50789,13.063774,0
6922,6,692.1,95.492966,3.472141,21.994135,2.442082,25.0,12.480177,13.063774,0
6923,6,692.2,95.492966,5.786901,26.88172,2.411567,25.0,12.50803,13.063774,0
6924,6,692.3,95.492966,3.363636,17.106549,2.291699,25.0,12.50789,13.063774,0
6925,6,692.4,95.492966,1.15738,21.994135,2.306246,25.0,12.50789,13.063774,0
6926,6,692.5,95.492966,1.211632,17.106549,2.39367,25.0,12.50789,13.063774,0
6927,6,692.6,95.492966,5.967742,17.106549,2.284391,25.0,12.480177,13.063774,0
6928,6,692.7,95.492966,5.967742,17.106549,2.26338,25.0,12.50789,13.063774,0
6929,6,692.8,95.492966,6.239003,12.218964,2.350365,25.0,12.535621,13.063774,0
6930,6,692.9,95.492966,8.354839,21.994135,2.246429,25.0,12.50789,13.063774,0
6931,6,693.0,95.492966,3.797654,12.218964,2.388675,25.0,12.452297,12.980133,0
6932,6,693.1,95.492966,5.967742,17.106549,2.284391,25.0,12.50789,13.063774,0
6933,6,693.2,95.492966,5.877322,12.218964,2.28857,25.0,12.480212,13.063774,0
6934,6,693.3,95.492966,8.101662,17.106549,2.329948,25.0,12.50789,13.063774,0
6935,6,693.4,95.492966,3.526393,12.218964,2.457683,25.0,12.396486,12.729561,0
6936,6,693.5,95.492966,5.51564,12.218964,2.400645,25.0,12.50789,13.063774,0
6937,6,693.6,95.492966,5.786901,12.218964,2.507717,25.0,12.508077,13.147473,0
6938,6,693.7,95.492966,5.967742,17.106549,2.535192,25.0,12.50789,13.063774,0
6939,6,693.8,95.492966,5.877322,17.106549,2.59019,25.0,12.480177,13.063774,0
6940,6,693.9,95.492966,5.967742,21.994135,2.674586,25.0,12.480177,13.063774,0
6941,6,694.0,95.492966,6.058162,12.218964,2.685282,25.0,12.50789,13.063774,0
6942,6,694.1,95.492966,3.743402,26.88172,2.780559,25.0,12.48001,12.980133,0
6943,6,694.2,95.492966,3.851906,21.994135,2.876003,25.0,12.480177,13.063774,0
6944,6,694.3,95.492966,6.691105,26.88172,2.910679,25.0,12.480177,13.063774,0
6945,6,694.4,95.492966,7.052786,21.994135,2.998804,25.0,12.50789,13.063774,0
6946,6,694.5,95.492966,7.233627,12.218964,3.060308,25.0,12.50789,13.063774,0
6947,6,694.6,95.492966,4.44868,21.994135,3.036013,25.0,12.50789,13.063774,0
6948,6,694.7,95.492966,1.573314,17.106549,3.136634,25.0,12.50789,13.063774,0
6949,6,694.8,95.492966,7.956989,21.994135,3.085186,25.0,12.48001,12.980133,0
6950,6,694.9,95.492966,8.318671,21.994135,3.172228,25.0,12.452297,12.980133,0
6951,6,695.0,95.492966,4.882698,17.106549,3.07588,25.0,12.50789,13.063774,0
6952,6,695.1,95.492966,8.13783,17.106549,3.103713,25.0,12.50789,13.063774,0
6953,6,695.2,95.492966,7.866569,17.106549,3.043871,25.0,12.480177,13.063774,0
6954,6,695.3,95.492966,4.665689,17.106549,3.052492,25.0,12.50789,13.063774,0
6955,6,695.4,95.492966,7.595308,12.218964,3.050143,25.0,12.480212,13.063774,0
6956,6,695.5,95.492966,4.285924,17.106549,3.013901,25.0,12.50789,13.063774,0
6957,6,695.6,95.492966,7.052786,12.218964,3.031288,25.0,12.535621,13.063774,0
6958,6,695.7,95.492966,6.600684,21.994135,2.934384,25.0,12.452132,12.896552,0
6959,6,695.8,95.492966,3.851906,17.106549,2.80366,25.0,12.50789,13.063774,0
6960,6,695.9,95.492966,6.148583,17.106549,2.732899,25.0,12.50789,13.063774,0
6961,6,696.0,95.492966,5.967742,21.994135,2.637712,25.0,12.50789,13.063774,0
6962,6,696.1,95.492966,8.101662,17.106549,2.616799,25.0,12.480177,13.063774,0
6963,6,696.2,95.492966,5.877322,21.994135,2.626821,25.0,12.480177,13.063774,0
6964,6,696.3,95.492966,5.696481,12.218964,2.56889,25.0,12.480177,13.063774,0
6965,6,696.4,95.492966,5.244379,21.994135,2.406609,25.0,12.452499,13.063774,0
6966,6,696.5,95.492966,5.42522,17.106549,2.463508,25.0,12.480177,13.063774,0
6967,6,696.6,95.492966,5.606061,21.994135,2.483788,25.0,12.452297,12.980133,0
6968,6,696.7,95.492966,5.786901,17.106549,2.411567,25.0,12.452297,12.980133,0
6969,6,696.8,95.492966,3.472141,17.106549,2.411567,25.0,12.50789,13.063774,0
6970,6,696.9,95.492966,5.786901,17.106549,2.355441,25.0,12.397398,13.063774,0
6971,6,697.0,95.492966,3.580645,12.218964,2.371612,25.0,12.50789,13.063774,0
6972,6,697.1,95.492966,6.148583,21.994135,2.416514,25.0,12.480177,13.063774,0
6973,6,697.2,95.492966,3.68915,17.106549,2.365561,25.0,12.480177,13.063774,0
6974,6,697.3,95.492966,5.967742,26.88172,2.255979,25.0,12.50789,13.063774,0
6975,6,697.4,95.492966,5.877322,17.106549,2.218609,25.0,12.50789,13.063774,0
6976,6,697.5,95.492966,3.526393,17.106549,2.212139,25.0,12.535586,13.063774,0
6977,6,697.6,95.492966,3.580645,12.218964,2.26338,25.0,12.480177,13.063774,0
6978,6,697.7,95.492966,5.967742,17.106549,2.297945,25.0,12.50789,13.063774,0
6979,6,697.8,95.492966,5.967742,12.218964,2.313486,25.0,12.480177,13.063774,0
6980,6,697.9,95.492966,1.103128,12.218964,2.220761,25.0,12.480212,13.063774,0
6981,6,698.0,95.492966,3.417889,17.106549,2.395665,25.0,12.50789,13.063774,0
6982,6,698.1,95.492966,3.255132,12.218964,2.319673,25.0,12.480177,13.063774,0
6983,6,698.2,95.492966,5.606061,26.88172,2.413547,25.0,12.452499,13.063774,0
6984,6,698.3,95.492966,5.877322,17.106549,2.521018,25.0,12.480177,13.063774,0
6985,6,698.4,95.492966,5.786901,21.994135,2.507717,25.0,12.50789,13.063774,0
6986,6,698.5,95.492966,3.526393,21.994135,2.59019,25.0,12.480177,13.063774,0
6987,6,698.6,95.492966,6.058162,21.994135,2.685282,25.0,12.480177,13.063774,0
6988,6,698.7,95.492966,6.239003,12.218964,2.780559,25.0,12.480177,13.063774,0
6989,6,698.8,95.492966,3.906158,26.88172,2.88678,25.0,12.50789,13.063774,0
6990,6,698.9,95.492966,1.338221,17.106549,2.910679,25.0,12.452551,13.063774,0
6991,6,699.0,95.492966,4.231672,17.106549,3.031288,25.0,12.50789,13.063774,0
6992,6,699.1,95.492966,4.502933,12.218964,3.138157,25.0,12.50789,13.063774,0
6993,6,699.2,95.492966,7.685728,17.106549,3.172228,25.0,12.535621,13.063774,0
6994,6,699.3,95.492966,4.665689,17.106549,3.092919,25.0,12.452297,12.980133,0
6995,6,699.4,95.492966,4.774194,17.106549,3.101403,25.0,12.480177,13.063774,0
6996,6,699.5,95.492966,4.93695,17.106549,3.142721,25.0,12.50789,13.063774,0
6997,6,699.6,95.492966,4.828446,12.218964,3.041516,25.0,12.480177,13.063774,0
6998,6,699.7,95.492966,8.13783,17.106549,3.103713,25.0,12.452297,12.980133,0
6999,6,699.8,95.492966,4.774194,21.994135,3.085186,25.0,12.50789,13.063774,0
7000,6,699.9,95.492966,4.44868,17.106549,2.919693,25.0,12.480177,13.063774,0
7001,6,700.0,95.492966,4.394428,12.218964,2.990827,25.0,12.480177,13.063774,0
7002,6,700.1,95.492966,4.340176,12.218964,3.029712,25.0,12.452499,13.063774,0
7003,6,700.2,95.492966,4.014663,21.994135,2.876833,25.0,12.50789,13.063774,0
7004,6,700.3,95.492966,3.960411,17.106549,2.863516,25.0,12.452499,13.063774,0
7005,6,700.4,95.492966,3.743402,26.88172,2.818107,25.0,12.397143,13.063774,0
7006,6,700.5,95.492966,6.148583,26.88172,2.770231,25.0,12.50789,13.063774,0
7007,6,700.6,95.492966,5.786901,26.88172,2.655763,25.0,12.452297,12.980133,0
7008,6,700.7,95.492966,5.786901,17.106549,2.655763,25.0,12.480177,13.063774,0
7009,6,700.8,95.492966,5.967742,17.106549,2.674586,25.0,12.480177,13.063774,0
7010,6,700.9,95.492966,3.472141,21.994135,2.616799,25.0,12.480177,13.063774,0
7011,6,701.0,95.492966,5.606061,17.106549,2.559574,25.0,12.480177,13.063774,0
7012,6,701.1,95.492966,3.255132,17.106549,2.50295,25.0,12.50789,13.063774,0
7013,6,701.2,95.492966,5.696481,17.106549,2.495303,25.0,12.480177,13.063774,0
7014,6,701.3,95.492966,5.877322,12.218964,2.457683,25.0,12.480177,13.063774,0
7015,6,701.4,95.492966,3.634897,17.106549,2.464477,25.0,12.50789,13.063774,0
7016,6,701.5,95.492966,5.967742,12.218964,2.394668,25.0,12.507943,13.063774,0
7017,6,701.6,95.492966,5.696481,12.218964,2.285436,25.0,12.480177,13.063774,0
7018,6,701.7,95.492966,5.967742,21.994135,2.313486,25.0,12.50789,13.063774,0
7019,6,701.8,95.492966,5.967742,21.994135,2.297945,25.0,12.424437,12.896552,0
7020,6,701.9,95.492966,10.416422,7.331378,2.204567,25.0,12.508077,13.147473,0
7021,6,702.0,95.492966,3.68915,21.994135,2.316581,25.0,12.480177,13.063774,0
7022,6,702.1,95.492966,5.877322,12.218964,2.212139,25.0,12.480177,13.063774,0
7023,6,702.2,95.492966,6.239003,12.218964,2.36253,25.0,12.452297,12.980133,0
7024,6,702.3,95.492966,5.877322,21.994135,2.271807,25.0,12.480177,13.063774,0
7025,6,702.4,95.492966,3.472141,17.106549,2.264435,25.0,12.50789,13.063774,0
7026,6,702.5,95.492966,5.877322,17.106549,2.374632,25.0,12.480177,13.063774,0
7027,6,702.6,95.492966,5.696481,21.994135,2.365561,25.0,12.480177,13.063774,0
7028,6,702.7,95.492966,3.255132,12.218964,2.319673,25.0,12.480177,13.063774,0
7029,6,702.8,95.492966,5.606061,21.994135,2.413547,25.0,12.452499,13.063774,0
7030,6,702.9,95.492966,8.22825,17.106549,2.488592,25.0,12.480177,13.063774,0
7031,6,703.0,95.492966,3.417889,17.106549,2.495303,25.0,12.480177,13.063774,0
7032,6,703.1,95.492966,3.580645,21.994135,2.637712,25.0,12.480177,13.063774,0
7033,6,703.2,95.492966,6.148583,26.88172,2.696822,25.0,12.480177,13.063774,0
7034,6,703.3,95.492966,6.510264,12.218964,2.88678,25.0,12.452297,12.980133,0
7035,6,703.4,95.492966,8.861193,12.218964,2.828261,25.0,12.50789,13.063774,0
7036,6,703.5,95.492966,7.052786,31.769306,3.064988,25.0,12.50789,13.063774,0
7037,6,703.6,95.492966,1.392473,21.994135,2.98443,25.0,12.480177,13.063774,0
7038,6,703.7,95.492966,7.143206,21.994135,3.013901,25.0,12.480177,13.063774,0
7039,6,703.8,95.492966,4.502933,21.994135,3.109096,25.0,12.480177,13.063774,0
7040,6,703.9,95.492966,7.776149,31.769306,3.071994,25.0,12.50789,13.063774,0
7041,6,704.0,95.492966,4.774194,26.88172,3.085186,25.0,12.452499,13.063774,0
7042,6,704.1,95.492966,5.045455,17.106549,3.211147,25.0,12.452551,13.063774,0
7043,6,704.2,95.492966,7.956989,26.88172,3.009935,25.0,12.480177,13.063774,0
7044,6,704.3,95.492966,8.13783,12.218964,3.103713,25.0,12.53579,13.147473,0
7045,6,704.4,95.492966,4.557185,17.106549,2.967574,25.0,12.480177,13.063774,0
7046,6,704.5,95.492966,4.557185,12.218964,3.005964,25.0,12.480177,13.063774,0
7047,6,704.6,95.492966,4.340176,12.218964,3.000396,25.0,12.480177,13.063774,0
7048,6,704.7,95.492966,4.340176,21.994135,3.029712,25.0,12.480177,13.063774,0
7049,6,704.8,95.492966,6.962366,12.218964,2.952239,25.0,12.480177,13.063774,0
7050,6,704.9,95.492966,6.600684,21.994135,2.863516,25.0,12.480177,13.063774,0
7051,6,705.0,95.492966,6.239003,17.106549,2.780559,25.0,12.50789,13.063774,0
7052,6,705.1,95.492966,5.696481,17.106549,2.73115,25.0,12.50789,13.063774,0
7053,6,705.2,95.492966,3.580645,21.994135,2.71272,25.0,12.480177,13.063774,0
7054,6,705.3,95.492966,1.175464,17.106549,2.664743,25.0,12.480177,13.063774,0
7055,6,705.4,95.492966,5.967742,21.994135,2.674586,25.0,12.452499,13.063774,0
7056,6,705.5,95.492966,3.526393,12.218964,2.626821,25.0,12.480177,13.063774,0
7057,6,705.6,95.492966,3.255132,7.331378,2.463508,25.0,12.480177,13.063774,0
7058,6,705.7,95.492966,5.42522,12.218964,2.50295,25.0,12.480177,13.063774,0
7059,6,705.8,95.492966,3.309384,12.218964,2.473186,25.0,12.507873,13.063774,0
7060,6,705.9,95.492966,5.606061,21.994135,2.380661,25.0,12.50789,13.063774,0
7061,6,706.0,95.492966,3.472141,12.218964,2.355441,25.0,12.480177,13.063774,0
7062,6,706.1,95.492966,3.580645,21.994135,2.419478,25.0,12.480177,13.063774,0
7063,6,706.2,95.492966,5.51564,12.218964,2.175113,25.0,12.535997,13.231233,0
7064,6,706.3,95.492966,6.058162,7.331378,2.373626,25.0,12.480177,13.063774,0
7065,6,706.4,95.492966,6.239003,17.106549,2.392672,25.0,12.480177,13.063774,0
7066,6,706.5,95.492966,3.634897,17.106549,2.293783,25.0,12.480177,13.063774,0
7067,6,706.6,95.492966,6.058162,7.331378,2.281251,25.0,12.48001,12.980133,0
7068,6,706.7,95.492966,3.526393,21.994135,2.214297,25.0,12.480177,13.063774,0
7069,6,706.8,95.492966,3.634897,17.106549,2.293783,25.0,12.452297,12.980133,0
7070,6,706.9,95.492966,5.877322,17.106549,2.257038,25.0,12.452297,12.980133,0
7071,6,707.0,95.492966,3.417889,21.994135,2.221836,25.0,12.480177,13.063774,0
7072,6,707.1,95.492966,5.696481,17.106549,2.310386,25.0,12.535586,13.063774,0
7073,6,707.2,95.492966,5.51564,21.994135,2.334046,25.0,12.480177,13.063774,0
7074,6,707.3,95.492966,3.309384,17.106549,2.334046,25.0,12.480177,13.063774,0
7075,6,707.4,95.492966,5.967742,17.106549,2.503904,25.0,12.480177,13.063774,0
7076,6,707.5,95.492966,5.967742,12.218964,2.56796,25.0,12.508077,13.147473,0
7077,6,707.6,95.492966,3.634897,21.994135,2.649459,25.0,12.480177,13.063774,0
7078,6,707.7,95.492966,3.634897,21.994135,2.649459,25.0,12.452297,12.980133,0
7079,6,707.8,95.492966,3.634897,21.994135,2.685282,25.0,12.480177,13.063774,0
7080,6,707.9,95.492966,8.608016,12.218964,2.732899,25.0,12.452297,12.980133,0
7081,6,708.0,95.492966,3.797654,17.106549,2.828261,25.0,12.480177,13.063774,0
7082,6,708.1,95.492966,6.781525,12.218964,2.957898,25.0,12.480212,13.063774,0
7083,6,708.2,95.492966,7.052786,17.106549,3.031288,25.0,12.480212,13.063774,0
7084,6,708.3,95.492966,7.414467,17.106549,3.092146,25.0,12.480177,13.063774,0
7085,6,708.4,95.492966,4.502933,17.106549,3.054839,25.0,12.480177,13.063774,0
7086,6,708.5,95.492966,4.665689,17.106549,3.052492,25.0,12.480177,13.063774,0
7087,6,708.6,95.492966,8.13783,17.106549,3.12519,25.0,12.507873,13.063774,0
7088,6,708.7,95.492966,8.318671,17.106549,3.163933,25.0,12.480212,13.063774,0
7089,6,708.8,95.492966,7.956989,21.994135,3.019444,25.0,12.480177,13.063774,0
7090,6,708.9,95.492966,8.318671,12.218964,3.172228,25.0,12.480177,13.063774,0
7091,6,709.0,95.492966,7.866569,26.88172,3.059527,25.0,12.563316,13.063774,0
7092,6,709.1,95.492966,4.502933,21.994135,3.005964,25.0,12.480177,13.063774,0
7093,6,709.2,95.492966,4.340176,31.769306,2.9724,25.0,12.480177,13.063774,0
7094,6,709.3,95.492966,4.177419,26.88172,2.952239,25.0,12.480177,13.063774,0
7095,6,709.4,95.492966,4.014663,17.106549,2.945759,25.0,12.507873,13.063774,0
7096,6,709.5,95.492966,3.906158,17.106549,2.816412,25.0,12.424838,13.063774,0
7097,6,709.6,95.492966,6.239003,12.218964,2.744239,25.0,12.535586,13.063774,0
7098,6,709.7,95.492966,1.193548,17.106549,2.674586,25.0,12.647882,13.566886,0
7099,6,709.8,95.492966,3.526393,17.106549,2.664743,25.0,12.480177,13.063774,0
7100,6,709.9,95.492966,3.526393,12.218964,2.664743,25.0,12.480177,13.063774,0
7101,6,710.0,95.492966,5.877322,17.106549,2.626821,25.0,12.507873,13.063774,0
7102,6,710.1,95.492966,5.606061,12.218964,2.521018,25.0,12.480177,13.063774,0
7103,6,710.2,95.492966,5.51564,12.218964,2.473186,25.0,12.480177,13.063774,0
7104,6,710.3,95.492966,3.20088,26.88172,2.415526,25.0,12.480177,13.063774,0
7105,6,710.4,95.492966,5.786901,17.106549,2.542719,25.0,12.480177,13.063774,0
7106,6,710.5,95.492966,3.417889,21.994135,2.427364,25.0,12.50789,13.063774,0
7107,6,710.6,95.492966,3.472141,17.106549,2.411567,25.0,12.591898,13.398936,0
7108,6,710.7,95.492966,8.481427,17.106549,2.415526,25.0,12.480177,13.063774,0
7109,6,710.8,95.492966,5.786901,17.106549,2.284391,25.0,12.507873,13.063774,0
7110,6,710.9,95.492966,6.058162,21.994135,2.339158,25.0,12.535586,13.063774,0
7111,6,711.0,95.492966,3.68915,12.218964,2.352396,25.0,12.452297,12.980133,0
7112,6,711.1,95.492966,3.580645,21.994135,2.255979,25.0,12.480177,13.063774,0
7113,6,711.2,95.492966,3.634897,12.218964,2.283345,25.0,12.480177,13.063774,0
7114,6,711.3,95.492966,5.877322,21.994135,2.214297,25.0,12.480177,13.063774,0
7115,6,711.4,95.492966,3.634897,26.88172,2.312453,25.0,12.480177,13.063774,0
7116,6,711.5,95.492966,3.634897,12.218964,2.339158,25.0,12.50789,13.063774,0
7117,6,711.6,95.492966,5.967742,7.331378,2.350365,25.0,12.50789,13.063774,0
7118,6,711.7,95.492966,1.139296,21.994135,2.310386,25.0,12.563937,13.315054,0
7119,6,711.8,95.492966,5.51564,17.106549,2.334046,25.0,12.480177,13.063774,0
7120,6,711.9,95.492966,5.696481,17.106549,2.427364,25.0,12.452297,12.980133,0
7121,6,712.0,95.492966,3.634897,12.218964,2.614972,25.0,12.480177,13.063774,0
7122,6,712.1,95.492966,3.472141,17.106549,2.474152,25.0,12.480177,13.063774,0
7123,6,712.2,95.492966,5.877322,17.106549,2.59019,25.0,12.480177,13.063774,0
7124,6,712.3,95.492966,5.967742,21.994135,2.674586,25.0,12.480177,13.063774,0
7125,6,712.4,95.492966,3.68915,21.994135,2.732899,25.0,12.50789,13.063774,0
7126,6,712.5,95.492966,3.851906,7.331378,2.83922,25.0,12.480177,13.063774,0
7127,6,712.6,95.492966,6.510264,17.106549,2.850975,25.0,12.480177,13.063774,0
7128,6,712.7,95.492966,6.871945,12.218964,3.00517,25.0,12.480177,13.063774,0
7129,6,712.8,95.492966,4.231672,7.331378,3.031288,25.0,12.480177,13.063774,0
7130,6,712.9,95.492966,7.414467,21.994135,3.122131,25.0,12.480177,13.063774,0
7131,6,713.0,95.492966,7.595308,21.994135,3.099862,25.0,12.480177,13.063774,0
7132,6,713.1,95.492966,7.956989,12.218964,3.158644,25.0,12.479993,12.980133,0
7133,6,713.2,95.492966,8.13783,21.994135,3.138157,25.0,12.480177,13.063774,0
7134,6,713.3,95.492966,4.882698,21.994135,3.088281,25.0,12.507873,13.063774,0
7135,6,713.4,95.492966,4.719941,17.106549,2.977218,25.0,12.535586,13.063774,0
7136,6,713.5,95.492966,8.04741,21.994135,3.064988,25.0,12.507873,13.063774,0
7137,6,713.6,95.492966,4.502933,21.994135,2.96274,25.0,12.424437,12.896552,0
7138,6,713.7,95.492966,7.414467,17.106549,2.985231,25.0,12.480177,13.063774,0
7139,6,713.8,95.492966,1.428641,21.994135,2.954666,25.0,12.480177,13.063774,0
7140,6,713.9,95.492966,4.177419,12.218964,2.921329,25.0,12.369314,12.980133,0
7141,6,714.0,95.492966,4.177419,21.994135,2.98443,25.0,12.480177,13.063774,0
7142,6,714.1,95.492966,3.960411,17.106549,2.863516,25.0,12.480177,13.063774,0
7143,6,714.2,95.492966,3.743402,21.994135,2.780559,25.0,12.619879,13.48288,0
7144,6,714.3,95.492966,6.239003,7.331378,2.780559,25.0,12.480177,13.063774,0
7145,6,714.4,95.492966,1.193548,12.218964,2.674586,25.0,12.507873,13.063774,0
7146,6,714.5,95.492966,5.786901,21.994135,2.579099,25.0,12.507873,13.063774,0
7147,6,714.6,95.492966,3.417889,31.769306,2.56889,25.0,12.480177,13.063774,0
7148,6,714.7,95.492966,3.363636,12.218964,2.559574,25.0,12.507873,13.063774,0
7149,6,714.8,95.492966,3.255132,17.106549,2.50295,25.0,12.480177,13.063774,0
7150,6,714.9,95.492966,5.51564,12.218964,2.473186,25.0,12.480177,13.063774,0
7151,6,715.0,95.492966,5.51564,12.218964,2.400645,25.0,12.480177,13.063774,0
7152,6,715.1,95.492966,5.606061,21.994135,2.349348,25.0,12.507873,13.063774,0
7153,6,715.2,95.492966,6.058162,12.218964,2.49147,25.0,12.507873,13.063774,0
7154,6,715.3,95.492966,5.786901,12.218964,2.329948,25.0,12.480177,13.063774,0
7155,6,715.4,95.492966,5.967742,12.218964,2.371612,25.0,12.480177,13.063774,0
7156,6,715.5,95.492966,5.786901,12.218964,2.264435,25.0,12.424907,13.063774,0
7157,6,715.6,95.492966,5.967742,17.106549,2.284391,25.0,12.535586,13.063774,0
7158,6,715.7,95.492966,3.580645,31.769306,2.250679,25.0,12.480177,13.063774,0
7159,6,715.8,95.492966,3.580645,17.106549,2.246429,25.0,12.452297,12.980133,0
7160,6,715.9,95.492966,6.148583,17.106549,2.319673,25.0,12.480177,13.063774,0
7161,6,716.0,95.492966,6.148583,17.106549,2.331998,25.0,12.452499,13.063774,0
7162,6,716.1,95.492966,6.058162,17.106549,2.339158,25.0,12.507873,13.063774,0
7163,6,716.2,95.492966,1.15738,12.218964,2.284391,25.0,12.591898,13.398936,0
7164,6,716.3,95.492966,5.696481,12.218964,2.310386,25.0,12.507873,13.063774,0
7165,6,716.4,95.492966,3.417889,12.218964,2.427364,25.0,12.480177,13.063774,0
7166,6,716.5,95.492966,5.606061,7.331378,2.483788,25.0,12.480177,13.063774,0
7167,6,716.6,95.492966,3.580645,12.218964,2.56796,25.0,12.507873,13.063774,0
7168,6,716.7,95.492966,3.526393,26.88172,2.521018,25.0,12.480177,13.063774,0
7169,6,716.8,95.492966,1.193548,17.106549,2.637712,25.0,12.480177,13.063774,0
7170,6,716.9,95.492966,6.058162,12.218964,2.72239,25.0,12.480177,13.063774,0
7171,6,717.0,95.492966,5.967742,17.106549,2.674586,25.0,12.452297,12.980133,0
7172,6,717.1,95.492966,3.906158,21.994135,2.850975,25.0,12.507873,13.063774,0
7173,6,717.2,95.492966,3.851906,17.106549,2.876003,25.0,12.480177,13.063774,0
7174,6,717.3,95.492966,4.068915,12.218964,2.957898,25.0,12.507873,13.063774,0
7175,6,717.4,95.492966,4.123167,7.331378,2.970792,25.0,12.507873,13.063774,0
7176,6,717.5,95.492966,4.502933,7.331378,3.109096,25.0,12.507873,13.063774,0
7177,6,717.6,95.492966,7.685728,26.88172,3.119069,25.0,12.507873,13.063774,0
7178,6,717.7,95.492966,4.719941,17.106549,3.095235,25.0,12.507873,13.063774,0
7179,6,717.8,95.492966,8.04741,17.106549,3.09755,25.0,12.480177,13.063774,0
7180,6,717.9,95.492966,8.318671,21.994135,3.157131,25.0,12.507873,13.063774,0
7181,6,718.0,95.492966,4.828446,7.331378,3.046225,25.0,12.535586,13.063774,0
7182,6,718.1,95.492966,7.776149,21.994135,2.977218,25.0,12.480177,13.063774,0
7183,6,718.2,95.492966,4.502933,21.994135,2.943325,25.0,12.507873,13.063774,0
7184,6,718.3,95.492966,7.595308,21.994135,3.074326,25.0,12.507873,13.063774,0
7185,6,718.4,95.492966,7.233627,17.106549,2.9724,25.0,12.535586,13.063774,0
7186,6,718.5,95.492966,6.962366,7.331378,3.017861,25.0,12.479993,12.980133,0
7187,6,718.6,95.492966,3.906158,17.106549,2.816412,25.0,12.507873,13.063774,0
7188,6,718.7,95.492966,3.906158,12.218964,2.88678,25.0,12.563316,13.063774,0
7189,6,718.8,95.492966,5.967742,17.106549,2.674586,25.0,12.507873,13.063774,0
7190,6,718.9,95.492966,3.743402,12.218964,2.818107,25.0,12.507873,13.063774,0
7191,6,719.0,95.492966,6.058162,12.218964,2.685282,25.0,12.480177,13.063774,0
7192,6,719.1,95.492966,8.101662,17.106549,2.655763,25.0,12.480177,13.063774,0
7193,6,719.2,95.492966,3.634897,17.106549,2.685282,25.0,12.507873,13.063774,0
7194,6,719.3,95.492966,5.42522,21.994135,2.50295,25.0,12.507873,13.063774,0
7195,6,719.4,95.492966,5.3348,17.106549,2.495303,25.0,12.480177,13.063774,0
7196,6,719.5,95.492966,3.363636,12.218964,2.483788,25.0,12.480177,13.063774,0
7197,6,719.6,95.492966,5.877322,7.331378,2.554903,25.0,12.507873,13.063774,0
7198,6,719.7,95.492966,5.877322,17.106549,2.457683,25.0,12.452297,12.980133,0
7199,6,719.8,95.492966,13.129032,17.106549,2.419478,25.0,12.507873,13.063774,0
7200,6,719.9,95.492966,3.526393,12.218964,2.374632,25.0,12.507873,13.063774,0
7201,6,720.0,95.492966,5.877322,21.994135,2.307282,25.0,12.507873,13.063774,0
7202,6,720.1,95.492966,3.472141,7.331378,2.246429,25.0,12.507873,13.063774,0
7203,6,720.2,95.492966,3.634897,17.106549,2.324816,25.0,12.507873,13.063774,0
7204,6,720.3,95.492966,3.580645,17.106549,2.255979,25.0,12.507873,13.063774,0
7205,6,720.4,95.492966,3.634897,17.106549,2.281251,25.0,12.507873,13.063774,0
7206,6,720.5,95.492966,3.472141,12.218964,2.181692,25.0,12.50789,13.063774,0
7207,6,720.6,95.492966,3.526393,17.106549,2.233632,25.0,12.507873,13.063774,0
7208,6,720.7,95.492966,6.058162,21.994135,2.324816,25.0,12.507873,13.063774,0
7209,6,720.8,95.492966,3.417889,17.106549,2.241106,25.0,12.563693,13.231233,0
7210,6,720.9,95.492966,3.472141,12.218964,2.355441,25.0,12.507873,13.063774,0
7211,6,721.0,95.492966,5.696481,17.106549,2.395665,25.0,12.507873,13.063774,0
7212,6,721.1,95.492966,5.696481,2.443793,2.460597,25.0,12.507873,13.063774,0
7213,6,721.2,95.492966,3.526393,12.218964,2.554903,25.0,12.507873,13.063774,0
7214,6,721.3,95.492966,5.696481,17.106549,2.495303,25.0,12.480177,13.063774,0
7215,6,721.4,95.492966,3.472141,21.994135,2.579099,25.0,12.507873,13.063774,0
7216,6,721.5,95.492966,5.877322,21.994135,2.626821,25.0,12.507873,13.063774,0
7217,6,721.6,95.492966,6.329423,17.106549,2.791706,25.0,12.535586,13.063774,0
7218,6,721.7,95.492966,6.058162,26.88172,2.72239,25.0,12.507873,13.063774,0
7219,6,721.8,95.492966,3.960411,12.218964,2.863516,25.0,12.507873,13.063774,0
7220,6,721.9,95.492966,1.356305,21.994135,2.957898,25.0,12.480177,13.063774,0
7221,6,722.0,95.492966,7.233627,21.994135,3.12519,25.0,12.507873,13.063774,0
7222,6,722.1,95.492966,7.414467,12.218964,3.092146,25.0,12.479993,12.980133,0
7223,6,722.2,95.492966,4.557185,17.106549,3.050143,25.0,12.507873,13.063774,0
7224,6,722.3,95.492966,7.866569,12.218964,3.095235,25.0,12.507873,13.063774,0
7225,6,722.4,95.492966,8.13783,12.218964,3.12519,25.0,12.507873,13.063774,0
7226,6,722.5,95.492966,4.828446,21.994135,3.050926,25.0,12.480177,13.063774,0
7227,6,722.6,95.492966,8.04741,12.218964,3.050926,25.0,12.535586,13.063774,0
7228,6,722.7,95.492966,4.665689,17.106549,2.989229,25.0,12.479993,12.980133,0
7229,6,722.8,95.492966,16.908602,12.218964,3.04936,25.0,12.507873,13.063774,0
7230,6,722.9,95.492966,7.414467,17.106549,2.961933,25.0,12.507873,13.063774,0
7231,6,723.0,95.492966,7.143206,12.218964,2.954666,25.0,12.535586,13.063774,0
7232,6,723.1,95.492966,7.052786,17.106549,2.998804,25.0,12.480177,13.063774,0
7233,6,723.2,95.492966,4.014663,17.106549,2.910679,25.0,12.424838,13.063774,0
7234,6,723.3,95.492966,3.743402,17.106549,2.780559,25.0,12.535586,13.063774,0
7235,6,723.4,95.492966,3.68915,17.106549,2.770231,25.0,12.479993,12.980133,0
7236,6,723.5,95.492966,5.696481,12.218964,2.647655,25.0,12.507873,13.063774,0
7237,6,723.6,95.492966,3.526393,12.218964,2.664743,25.0,12.507873,13.063774,0
7238,6,723.7,95.492966,5.967742,7.331378,2.637712,25.0,12.480177,13.063774,0
7239,6,723.8,95.492966,3.363636,12.218964,2.559574,25.0,12.507873,13.063774,0
7240,6,723.9,95.492966,5.51564,17.106549,2.473186,25.0,12.507873,13.063774,0
7241,6,724.0,95.492966,5.51564,12.218964,2.511525,25.0,12.507873,13.063774,0
7242,6,724.1,95.492966,5.606061,12.218964,2.483788,25.0,12.452297,12.980133,0
7243,6,724.2,95.492966,5.967742,12.218964,2.602152,25.0,12.507873,13.063774,0
7244,6,724.3,95.492966,5.967742,41.544477,2.474152,25.0,12.646616,13.063774,0
7245,6,724.4,95.492966,5.51564,12.218964,2.246429,25.0,12.507873,13.063774,0
7246,6,724.5,95.492966,12.731183,7.331378,2.306246,25.0,12.479993,12.980133,0
7247,6,724.6,95.492966,3.634897,17.106549,2.373626,25.0,12.480177,13.063774,0
7248,6,724.7,95.492966,6.058162,17.106549,2.355441,25.0,12.507705,12.980133,0
7249,6,724.8,95.492966,6.148583,21.994135,2.352396,25.0,12.480177,13.063774,0
7250,6,724.9,95.492966,8.481427,7.331378,2.283345,25.0,12.535586,13.063774,0
7251,6,725.0,95.492966,5.786901,12.218964,2.178405,25.0,12.507873,13.063774,0
7252,6,725.1,95.492966,5.967742,17.106549,2.250679,25.0,12.507873,13.063774,0
7253,6,725.2,95.492966,6.239003,17.106549,2.380661,25.0,12.452297,12.980133,0
7254,6,725.3,95.492966,5.967742,17.106549,2.297945,25.0,12.452297,12.980133,0
7255,6,725.4,95.492966,5.696481,12.218964,2.262324,25.0,12.507873,13.063774,0
7256,6,725.5,95.492966,3.417889,7.331378,2.365561,25.0,12.563316,13.063774,0
7257,6,725.6,95.492966,3.417889,12.218964,2.395665,25.0,12.507873,13.063774,0
7258,6,725.7,95.492966,3.526393,17.106549,2.554903,25.0,12.479993,12.980133,0
7259,6,725.8,95.492966,8.22825,17.106549,2.488592,25.0,12.480177,13.063774,0
7260,6,725.9,95.492966,3.526393,21.994135,2.521018,25.0,12.480177,13.063774,0
7261,6,726.0,95.492966,5.967742,17.106549,2.674586,25.0,12.507873,13.063774,0
7262,6,726.1,95.492966,3.743402,17.106549,2.744239,25.0,12.507873,13.063774,0
7263,6,726.2,95.492966,8.734604,21.994135,2.744239,25.0,12.479993,12.980133,0
7264,6,726.3,95.492966,6.329423,12.218964,2.791706,25.0,12.507873,13.063774,0
7265,6,726.4,95.492966,3.960411,17.106549,2.934384,25.0,12.48001,12.980133,0
7266,6,726.5,95.492966,4.014663,21.994135,2.910679,25.0,12.535586,13.063774,0
7267,6,726.6,95.492966,7.233627,17.106549,3.029712,25.0,12.452297,12.980133,0
7268,6,726.7,95.492966,7.414467,12.218964,3.063429,25.0,12.479993,12.980133,0
7269,6,726.8,95.492966,4.557185,21.994135,3.050143,25.0,12.479993,12.980133,0
7270,7,726.9,95.492966,1.898827,12.218964,6.980954,25.0,17.05888,24.543523,0
7271,7,727.0,95.492966,2.260508,21.994135,6.173177,25.0,17.208954,24.740545,0
7272,7,727.1,95.492966,0.180841,21.994135,8.507558,25.0,17.05888,24.543523,0
7273,7,727.2,95.492966,1.012708,17.106549,7.261725,25.0,17.675739,24.543523,0
7274,7,727.3,95.492966,0.217009,12.218964,7.880464,25.0,17.05888,24.543523,0
7275,7,727.4,95.492966,0.632942,21.994135,6.949744,25.0,17.050252,24.938317,0
7276,7,727.5,95.492966,1.392473,21.994135,7.157018,25.0,16.897445,24.641941,0
7277,7,727.6,95.492966,0.452102,21.994135,6.671599,25.0,17.147122,24.641941,0
7278,7,727.7,95.492966,0.162757,21.994135,6.255823,25.0,17.317213,24.641941,0
7279,7,727.8,95.492966,0.705279,21.994135,6.200206,25.0,16.83655,24.543523,0
7280,7,727.9,95.492966,0.108504,17.106549,4.772471,25.0,17.119797,24.641941,0
7281,7,728.0,95.492966,0.271261,17.106549,4.736799,25.0,17.152665,24.740545,0
7282,7,728.1,95.492966,0.271261,17.106549,3.009935,25.0,17.091686,24.641941,0
7283,7,728.2,95.492966,0.434018,21.994135,2.91314,25.0,17.124554,24.740545,0
7284,7,728.3,95.492966,0.723363,21.994135,1.064664,25.0,17.152665,24.740545,0
7285,7,728.4,95.492966,0.271261,21.994135,0.738818,25.0,17.040354,24.740545,0
7286,7,728.5,95.492966,0.452102,21.994135,1.354928,25.0,17.157485,24.839336,0
7287,7,728.6,95.492966,0.452102,21.994135,1.492515,25.0,17.185595,24.839336,0
7288,7,728.7,95.492966,0.542522,26.88172,3.529399,25.0,17.157485,24.839336,0
7289,7,728.8,95.492966,0.542522,21.994135,3.529399,25.0,17.157485,24.839336,0
7290,7,728.9,95.492966,0.379765,12.218964,4.532165,25.0,17.28894,24.641941,0
7291,7,729.0,95.492966,0.632942,21.994135,5.15368,25.0,17.190478,24.938317,0
7292,7,729.1,95.492966,3.417889,12.218964,5.360882,25.0,17.190478,24.938317,0
7293,7,729.2,95.492966,0.904203,17.106549,6.504805,25.0,17.129396,24.839336,0
7294,7,729.3,95.492966,0.126588,26.88172,6.051632,25.0,17.7621,25.636596,0
7295,7,729.4,95.492966,0.379765,17.106549,7.502484,25.0,17.2183,24.938317,0
7296,7,729.5,95.492966,0.379765,21.994135,6.258877,25.0,16.989455,24.839336,0
7297,7,729.6,95.492966,0.813783,17.106549,7.781015,25.0,17.557736,24.938317,0
7298,7,729.7,95.492966,0.542522,26.88172,5.808726,25.0,17.190478,24.938317,0
7299,7,729.8,95.492966,0.452102,26.88172,7.431782,25.0,17.162675,24.938317,0
7300,7,729.9,95.492966,1.175464,7.331378,5.235081,25.0,17.218589,24.938317,0
7301,7,730.0,95.492966,4.810362,21.994135,6.622002,25.0,17.218589,24.938317,0
7302,7,730.1,95.492966,2.260508,12.218964,5.420705,25.0,17.218589,24.938317,0
7303,7,730.2,95.492966,19.530792,17.106549,5.923564,25.0,17.190478,24.938317,0
7304,7,730.3,95.492966,3.978495,17.106549,4.535853,25.0,17.190478,24.938317,0
7305,7,730.4,95.492966,8.04741,17.106549,4.424952,25.0,18.367956,25.037488,0
7306,7,730.5,95.492966,5.063539,17.106549,3.186503,25.0,17.190478,24.938317,0
7307,7,730.6,95.492966,8.861193,21.994135,3.552337,25.0,17.246142,24.938317,0
7308,7,730.7,95.492966,5.967742,17.106549,2.674586,25.0,17.364315,25.037488,0
7309,7,730.8,95.492966,11.899316,26.88172,3.472078,25.0,17.162675,24.938317,0
7310,7,730.9,95.492966,6.148583,17.106549,2.324816,25.0,17.218589,24.938317,0
7311,7,731.0,95.492966,7.324047,21.994135,4.617281,25.0,17.190478,24.938317,0
7312,7,731.1,95.492966,5.967742,17.106549,2.834168,25.0,17.374241,25.236407,0
7313,7,731.2,95.492966,7.468719,26.88172,5.914281,25.0,17.190478,24.938317,0
7314,7,731.3,95.492966,3.092375,26.88172,3.81122,25.0,17.274252,24.938317,0
7315,7,731.4,95.492966,3.435973,26.88172,6.825579,25.0,17.068399,24.740545,0
7316,7,731.5,95.492966,2.061584,17.106549,5.272366,25.0,17.157485,24.839336,0
7317,7,731.6,95.492966,1.446725,17.106549,8.310692,25.0,17.251646,25.037488,0
7318,7,731.7,95.492966,0.325513,17.106549,6.868145,25.0,17.530667,25.037488,0
7319,7,731.8,95.492966,0.253177,17.106549,8.571061,25.0,17.223535,25.037488,0
7320,7,731.9,95.492966,0.632942,12.218964,7.018835,25.0,17.129396,24.839336,0
7321,7,732.0,95.492966,0.126588,26.88172,7.640674,25.0,17.642978,25.037488,0
7322,7,732.1,95.492966,0.452102,17.106549,6.740705,25.0,16.667548,24.543523,0
7323,7,732.2,95.492966,0.452102,31.769306,6.671599,25.0,17.346085,25.236407,0
7324,7,732.3,95.492966,1.012708,17.106549,6.294652,25.0,17.195447,25.037488,0
7325,7,732.4,95.492966,0.723363,21.994135,5.396855,25.0,17.42388,25.13685,0
7326,7,732.5,95.492966,0.542522,26.88172,5.325114,25.0,17.289842,25.236407,0
7327,7,732.6,95.492966,0.325513,21.994135,3.805575,25.0,17.284767,25.13685,0
7328,7,732.7,95.492966,0.361681,17.106549,3.941255,25.0,17.256656,25.13685,0
7329,7,732.8,95.492966,0.217009,26.88172,1.93816,25.0,17.200501,25.13685,0
7330,7,732.9,95.492966,0.434018,17.106549,1.813354,25.0,17.346085,25.236407,0
7331,7,733.0,95.492966,0.379765,21.994135,0.318632,25.0,17.317952,25.236407,0
7332,7,733.1,95.492966,0.325513,12.218964,0.386398,25.0,17.401246,25.236407,0
7333,7,733.2,95.492966,0.325513,12.218964,2.563304,25.0,17.289842,25.236407,0
7334,7,733.3,95.492966,0.723363,21.994135,2.982028,25.0,17.295289,25.336158,0
7335,7,733.4,95.492966,0.723363,21.994135,4.223309,25.0,17.289842,25.236407,0
7336,7,733.5,95.492966,0.271261,12.218964,4.529529,25.0,16.900446,24.740545,0
7337,7,733.6,95.492966,0.379765,21.994135,5.15368,25.0,17.351203,25.336158,0
7338,7,733.7,95.492966,2.350929,21.994135,5.883504,25.0,17.295289,25.336158,0
7339,7,733.8,95.492966,0.904203,17.106549,6.090587,25.0,17.126924,25.336158,0
7340,7,733.9,95.492966,0.126588,21.994135,7.018835,25.0,17.266937,25.336158,0
7341,7,734.0,95.492966,0.361681,21.994135,6.567304,25.0,16.447471,25.436106,0
7342,7,734.1,95.492966,0.632942,17.106549,7.364296,25.0,17.356408,25.436106,0
7343,7,734.2,95.492966,0.904203,12.218964,6.366725,25.0,17.581935,25.436106,0
7344,7,734.3,95.492966,0.886119,12.218964,7.433389,25.0,18.883199,25.436106,0
7345,7,734.4,95.492966,0.994624,17.106549,5.919934,25.0,17.412071,25.436106,0
7346,7,734.5,95.492966,1.898827,21.994135,6.637136,25.0,16.948925,25.13685,0
7347,7,734.6,95.492966,0.470186,21.994135,5.255575,25.0,17.328319,25.436106,0
7348,7,734.7,95.492966,4.701857,17.106549,6.133969,25.0,17.334202,25.536251,0
7349,7,734.8,95.492966,3.526393,17.106549,4.780473,25.0,17.38979,25.536251,0
7350,7,734.9,95.492966,10.633431,17.106549,5.156924,25.0,17.328319,25.436106,0
7351,7,735.0,95.492966,3.092375,21.994135,3.692796,25.0,17.423238,25.636596,0
7352,7,735.1,95.492966,7.956989,17.106549,3.69215,25.0,17.423238,25.636596,0
7353,7,735.2,95.492966,8.101662,17.106549,2.737266,25.0,17.423238,25.636596,0
7354,7,735.3,95.492966,5.208211,21.994135,3.286152,25.0,17.456754,25.737143,0
7355,7,735.4,95.492966,6.239003,17.106549,2.356455,25.0,17.484864,25.737143,0
7356,7,735.5,95.492966,7.866569,17.106549,4.035885,25.0,17.42895,25.737143,0
7357,7,735.6,95.492966,8.861193,21.994135,2.756399,25.0,17.544657,25.737143,0
7358,7,735.7,95.492966,3.851906,26.88172,5.133245,25.0,17.490337,25.837892,0
7359,7,735.8,95.492966,5.244379,12.218964,3.451376,25.0,17.42895,25.737143,0
7360,7,735.9,95.492966,2.604106,17.106549,6.295791,25.0,17.434748,25.837892,0
7361,7,736.0,95.492966,3.707234,17.106549,4.535853,25.0,17.462533,25.837892,0
7362,7,736.1,95.492966,1.898827,12.218964,7.187327,25.0,17.462533,25.837892,0
7363,7,736.2,95.492966,1.464809,12.218964,6.456517,25.0,17.357441,25.938845,0
7364,7,736.3,95.492966,0.723363,17.106549,8.505312,25.0,17.496184,25.938845,0
7365,7,736.4,95.492966,0.632942,21.994135,7.157018,25.0,17.552098,25.938845,0
7366,7,736.5,95.492966,0.09042,21.994135,8.121705,25.0,17.698909,26.040004,0
7367,7,736.6,95.492966,0.813783,12.218964,6.95215,25.0,17.557707,26.040004,0
7368,7,736.7,95.492966,0.108504,21.994135,7.121549,25.0,18.259531,26.040004,0
7369,7,736.8,95.492966,0.271261,21.994135,6.670525,25.0,16.887992,23.184421,0
7370,7,736.9,95.492966,0.325513,12.218964,6.085093,25.0,17.213112,25.837892,0
7371,7,737.0,95.492966,0.144673,26.88172,5.949318,25.0,17.591496,26.14137,0
7372,7,737.1,95.492966,0.452102,21.994135,4.667708,25.0,17.619937,26.14137,0
7373,7,737.2,95.492966,0.271261,26.88172,4.735286,25.0,17.591803,26.14137,0
7374,7,737.3,95.492966,0.632942,17.106549,2.738139,25.0,17.591803,26.14137,0
7375,7,737.4,95.492966,0.271261,21.994135,2.938451,25.0,17.619318,26.14137,0
7376,7,737.5,95.492966,0.542522,12.218964,0.779719,25.0,17.228024,26.14137,0
7377,7,737.6,95.492966,0.632942,26.88172,0.738818,25.0,18.043642,26.651372,0
7378,7,737.7,95.492966,0.632942,21.994135,1.500497,25.0,17.597551,26.242946,0
7379,7,737.8,95.492966,0.271261,21.994135,1.630213,25.0,17.653177,26.242946,0
7380,7,737.9,95.492966,0.723363,17.106549,3.671387,25.0,17.659283,26.344732,0
7381,7,738.0,95.492966,0.542522,26.88172,3.667481,25.0,17.687394,26.344732,0
7382,7,738.1,95.492966,0.271261,17.106549,4.529529,25.0,17.659283,26.344732,0
7383,7,738.2,95.492966,0.054252,21.994135,5.2882,25.0,17.323615,26.344732,0
7384,7,738.3,95.492966,0.325513,17.106549,5.463284,25.0,17.519256,26.344732,0
7385,7,738.4,95.492966,0.759531,21.994135,6.499662,25.0,17.66548,26.446731,0
7386,7,738.5,95.492966,0.126588,21.994135,6.189795,25.0,17.804687,26.446731,0
7387,7,738.6,95.492966,0.632942,17.106549,7.364296,25.0,17.693283,26.446731,0
7388,7,738.7,95.492966,0.813783,12.218964,6.468715,25.0,17.721394,26.446731,0
7389,7,738.8,95.492966,0.542522,17.106549,7.674365,25.0,17.727354,26.548943,0
7390,7,738.9,95.492966,0.379765,17.106549,5.844396,25.0,17.727354,26.548943,0
7391,7,739.0,95.492966,0.994624,17.106549,7.231397,25.0,17.727354,26.548943,0
7392,7,739.1,95.492966,0.904203,17.106549,5.33139,25.0,18.242595,26.651372,0
7393,7,739.2,95.492966,0.66911,12.218964,6.445778,25.0,17.872901,26.651372,0
7394,7,739.3,95.492966,3.074291,21.994135,5.173112,25.0,17.789607,26.651372,0
7395,7,739.4,95.492966,7.143206,17.106549,5.812426,25.0,17.733693,26.651372,0
7396,7,739.5,95.492966,0.831867,26.88172,4.364617,25.0,17.401437,26.651372,0
7397,7,739.6,95.492966,7.595308,17.106549,4.180672,25.0,17.767908,26.754018,0
7398,7,739.7,95.492966,7.848485,21.994135,3.208915,25.0,17.457325,26.242946,0
7399,7,739.8,95.492966,5.099707,21.994135,3.377212,25.0,17.880111,26.754018,0
7400,7,739.9,95.492966,6.148583,12.218964,2.416514,25.0,17.802197,26.856882,0
7401,7,740.0,95.492966,4.991202,21.994135,3.408193,25.0,17.83,26.856882,0
7402,7,740.1,95.492966,6.510264,36.656891,2.613145,25.0,17.752359,26.959968,0
7403,7,740.2,95.492966,6.871945,26.88172,4.544272,25.0,17.83,26.856882,0
7404,7,740.3,95.492966,3.526393,12.218964,3.303552,25.0,17.857822,26.856882,0
7405,7,740.4,95.492966,3.20088,17.106549,5.719624,25.0,17.50309,26.548943,0
7406,7,740.5,95.492966,4.249756,26.88172,4.088809,25.0,17.808207,26.959968,0
7407,7,740.6,95.492966,3.074291,2.443793,6.460586,25.0,17.968203,27.270568,0
7408,7,740.7,95.492966,2.983871,17.106549,5.53755,25.0,17.836559,26.959968,0
7409,7,740.8,95.492966,0.813783,17.106549,7.929119,25.0,17.864362,26.959968,0
7410,7,740.9,95.492966,0.813783,26.88172,7.090285,25.0,17.933309,27.166809,0
7411,7,741.0,95.492966,0.452102,17.106549,8.468438,25.0,17.898798,27.063277,0
7412,7,741.1,95.492966,0.813783,26.88172,7.159354,25.0,17.898798,27.063277,0
7413,7,741.2,95.492966,0.542522,21.994135,7.467057,25.0,17.898798,27.063277,0
7414,7,741.3,95.492966,0.180841,12.218964,6.843056,25.0,17.905506,27.166809,0
7415,7,741.4,95.492966,0.723363,21.994135,6.70909,25.0,18.502008,28.533975,0
7416,7,741.5,95.492966,0.542522,26.88172,6.228652,25.0,17.961131,27.166809,0
7417,7,741.6,95.492966,0.452102,17.106549,5.427751,25.0,18.024139,27.270568,0
7418,7,741.7,95.492966,0.452102,12.218964,5.220458,25.0,18.128356,27.583219,0
7419,7,741.8,95.492966,1.012708,17.106549,3.671387,25.0,17.968203,27.270568,0
7420,7,741.9,95.492966,0.632942,12.218964,3.772792,25.0,17.995718,27.270568,0
7421,7,742.0,95.492966,0.217009,17.106549,1.869142,25.0,17.301951,26.446731,0
7422,7,742.1,95.492966,0.542522,17.106549,1.599144,25.0,17.946402,27.374555,0
7423,7,742.2,95.492966,0.632942,21.994135,0.373828,25.0,17.974754,27.374555,0
7424,7,742.3,95.492966,0.452102,21.994135,0.536522,25.0,18.169782,27.374555,0
7425,7,742.4,95.492966,0.325513,21.994135,2.701248,25.0,18.002558,27.374555,0
7426,7,742.5,95.492966,0.361681,17.106549,2.835853,25.0,18.002558,27.374555,0
7427,7,742.6,95.492966,0.723363,21.994135,4.154304,25.0,18.065407,27.478771,0
7428,7,742.7,95.492966,0.325513,17.106549,4.49618,25.0,17.77845,27.374555,0
7429,7,742.8,95.492966,0.632942,21.994135,5.015553,25.0,18.009493,27.478771,0
7430,7,742.9,95.492966,0.361681,17.106549,6.083523,25.0,18.09296,27.478771,0
7431,7,743.0,95.492966,0.904203,21.994135,5.952529,25.0,18.009493,27.478771,0
7432,7,743.1,95.492966,1.085044,21.994135,6.922536,25.0,18.072112,27.583219,0
7433,7,743.2,95.492966,0.217009,17.106549,6.290856,25.0,18.072112,27.583219,0
7434,7,743.3,95.492966,0.361681,17.106549,7.604006,25.0,18.072112,27.583219,0
7435,7,743.4,95.492966,0.596774,17.106549,6.126954,25.0,17.890334,27.374555,0
7436,7,743.5,95.492966,0.434018,7.331378,7.607147,25.0,18.037296,27.478771,0
7437,7,743.6,95.492966,0.759531,21.994135,5.670547,25.0,18.079203,27.6879,0
7438,7,743.7,95.492966,2.079668,17.106549,6.782042,25.0,18.386115,27.6879,0
7439,7,743.8,95.492966,1.989247,17.106549,5.234625,25.0,18.107006,27.6879,0
7440,7,743.9,95.492966,6.5826,26.88172,6.46576,25.0,19.546781,27.6879,0
7441,7,744.0,95.492966,2.983871,21.994135,4.727713,25.0,18.107006,27.6879,0
7442,7,744.1,95.492966,8.04741,21.994135,5.226861,25.0,18.135117,27.6879,0
7443,7,744.2,95.492966,2.71261,17.106549,3.725001,25.0,18.135117,27.6879,0
7444,7,744.3,95.492966,8.409091,21.994135,3.814979,25.0,18.114175,27.792816,0
7445,7,744.4,95.492966,3.309384,17.106549,2.766779,25.0,18.141978,27.792816,0
7446,7,744.5,95.492966,5.42522,12.218964,3.422183,25.0,18.022806,27.6879,0
7447,7,744.6,95.492966,3.906158,17.106549,2.488592,25.0,18.141978,27.792816,0
7448,7,744.7,95.492966,7.776149,21.994135,4.081792,25.0,17.920059,27.792816,0
7449,7,744.8,95.492966,22.677419,17.106549,2.535192,25.0,18.170089,27.792816,0
7450,7,744.9,95.492966,3.851906,17.106549,5.133245,25.0,18.177029,27.89797,0
7451,7,745.0,95.492966,3.146628,17.106549,3.451376,25.0,18.170089,27.792816,0
7452,7,745.1,95.492966,4.521017,21.994135,6.380593,25.0,18.121441,27.89797,0
7453,7,745.2,95.492966,3.707234,21.994135,4.535853,25.0,18.148941,27.89797,0
7454,7,745.3,95.492966,1.717986,17.106549,7.318741,25.0,18.629365,28.747961,0
7455,7,745.4,95.492966,1.627566,17.106549,6.369351,25.0,18.177029,27.89797,0
7456,7,745.5,95.492966,0.379765,7.331378,8.538949,25.0,18.428265,27.89797,0
7457,7,745.6,95.492966,0.452102,21.994135,7.086241,25.0,18.177029,27.89797,0
7458,7,745.7,95.492966,0.759531,17.106549,7.950781,25.0,18.149226,27.89797,0
7459,7,745.8,95.492966,0.542522,17.106549,6.850034,25.0,18.149226,27.89797,0
7460,7,745.9,95.492966,0.452102,21.994135,7.155348,25.0,18.212467,28.003362,0
7461,7,746.0,95.492966,0.180841,21.994135,6.566576,25.0,18.240271,28.003362,0
7462,7,746.1,95.492966,0.813783,12.218964,6.123444,25.0,18.21216,28.003362,0
7463,7,746.2,95.492966,0.108504,21.994135,5.808726,25.0,18.239982,28.003362,0
7464,7,746.3,95.492966,0.271261,21.994135,4.527946,25.0,18.156512,27.583219,0
7465,7,746.4,95.492966,0.542522,17.106549,4.565251,25.0,18.240271,28.003362,0
7466,7,746.5,95.492966,0.361681,21.994135,2.835853,25.0,18.21216,28.003362,0
7467,7,746.6,95.492966,0.271261,17.106549,2.664743,25.0,18.240271,28.003362,0
7468,7,746.7,95.492966,0.632942,21.994135,0.875001,25.0,18.21216,28.003362,0
7469,7,746.8,95.492966,0.632942,17.106549,0.49483,25.0,18.129168,28.003362,0
7470,7,746.9,95.492966,0.09042,17.106549,1.486099,25.0,18.379384,28.003362,0
7471,7,747.0,95.492966,0.379765,17.106549,1.902081,25.0,18.21216,28.003362,0
7472,7,747.1,95.492966,0.542522,21.994135,3.598438,25.0,18.268404,28.003362,0
7473,7,747.2,95.492966,0.452102,21.994135,3.907777,25.0,18.21216,28.003362,0
7474,7,747.3,95.492966,0.723363,21.994135,4.637415,25.0,17.897101,27.89797,0
7475,7,747.4,95.492966,0.813783,17.106549,5.364,25.0,18.148941,27.89797,0
7476,7,747.5,95.492966,0.48827,21.994135,5.778214,25.0,18.21216,28.003362,0
7477,7,747.6,95.492966,0.632942,21.994135,6.671599,25.0,17.962579,28.003362,0
7478,7,747.7,95.492966,0.813783,17.106549,6.192496,25.0,18.21216,28.003362,0
7479,7,747.8,95.492966,0.813783,12.218964,7.366566,25.0,18.247371,28.108995,0
7480,7,747.9,95.492966,0.144673,17.106549,6.640015,25.0,18.770622,29.50504,0
7481,7,748.0,95.492966,0.325513,21.994135,7.467057,25.0,18.21216,28.003362,0
7482,7,748.1,95.492966,0.994624,12.218964,6.057945,25.0,18.240271,28.003362,0
7483,7,748.2,95.492966,0.813783,21.994135,6.95215,25.0,18.184357,28.003362,0
7484,7,748.3,95.492966,0.994624,17.106549,5.505969,25.0,18.128805,28.003362,0
7485,7,748.4,95.492966,3.797654,17.106549,6.312842,25.0,18.239982,28.003362,0
7486,7,748.5,95.492966,3.797654,17.106549,5.374233,25.0,18.21216,28.003362,0
7487,7,748.6,95.492966,6.329423,26.88172,5.518536,25.0,18.21216,28.003362,0
7488,7,748.7,95.492966,4.521017,26.88172,4.225006,25.0,18.240271,28.003362,0
7489,7,748.8,95.492966,4.719941,12.218964,4.277266,25.0,17.890334,27.374555,0
7490,7,748.9,95.492966,5.786901,26.88172,3.153345,25.0,18.21216,28.003362,0
7491,7,749.0,95.492966,4.991202,21.994135,3.25254,25.0,18.21216,28.003362,0
7492,7,749.1,95.492966,3.797654,26.88172,2.524806,25.0,18.240271,28.003362,0
7493,7,749.2,95.492966,8.318671,21.994135,3.463812,25.0,18.240271,28.003362,0
7494,7,749.3,95.492966,8.608016,17.106549,2.380661,25.0,18.465984,28.003362,0
7495,7,749.4,95.492966,6.871945,26.88172,4.716077,25.0,18.240271,28.003362,0
7496,7,749.5,95.492966,3.417889,26.88172,3.005964,25.0,18.240271,28.003362,0
7497,7,749.6,95.492966,3.092375,21.994135,5.825973,25.0,17.973771,27.792816,0
7498,7,749.7,95.492966,4.430596,21.994135,4.116177,25.0,18.21216,28.003362,0
7499,7,749.8,95.492966,2.893451,21.994135,6.789787,25.0,18.295684,28.003362,0
7500,7,749.9,95.492966,4.304008,12.218964,5.578382,25.0,17.799198,27.6879,0
7501,7,750.0,95.492966,0.325513,21.994135,8.158096,25.0,18.184072,28.003362,0
7502,7,750.1,95.492966,1.64565,17.106549,6.890022,25.0,18.240271,28.003362,0
7503,7,750.2,95.492966,0.994624,17.106549,8.681554,25.0,18.184357,28.003362,0
7504,7,750.3,95.492966,0.271261,21.994135,7.017133,25.0,18.547337,28.003362,0
7505,7,750.4,95.492966,0.162757,12.218964,7.569054,25.0,17.213095,28.003362,0
7506,7,750.5,95.492966,0.434018,12.218964,6.847244,25.0,17.934935,28.003362,0
7507,7,750.6,95.492966,0.813783,21.994135,6.399658,25.0,18.156572,28.003362,0
7508,7,750.7,95.492966,0.452102,12.218964,6.256969,25.0,18.240271,28.003362,0
7509,7,750.8,95.492966,0.452102,21.994135,5.220458,25.0,18.303615,28.108995,0
7510,7,750.9,95.492966,0.325513,26.88172,5.325114,25.0,18.136268,28.108995,0
7511,7,751.0,95.492966,0.542522,2.443793,3.529399,25.0,18.21216,28.003362,0
7512,7,751.1,95.492966,0.271261,21.994135,3.8387,25.0,18.247371,28.108995,0
7513,7,751.2,95.492966,0.379765,26.88172,1.774739,25.0,18.164379,28.108995,0
7514,7,751.3,95.492966,0.217009,36.656891,1.662138,25.0,18.219568,28.108995,0
7515,7,751.4,95.492966,0.271261,12.218964,0.536522,25.0,17.69475,27.374555,0
7516,7,751.5,95.492966,0.632942,17.106549,0.688612,25.0,18.727893,28.533975,0
7517,7,751.6,95.492966,0.325513,21.994135,2.83922,25.0,18.247371,28.108995,0
7518,7,751.7,95.492966,0.632942,21.994135,2.944948,25.0,18.247371,28.108995,0
7519,7,751.8,95.492966,0.632942,21.994135,4.186952,25.0,18.247371,28.108995,0
7520,7,751.9,95.492966,0.632942,21.994135,4.598618,25.0,18.191783,28.108995,0
7521,7,752.0,95.492966,0.379765,21.994135,5.084616,25.0,18.414786,28.108995,0
7522,7,752.1,95.492966,0.813783,21.994135,6.123444,25.0,18.395241,28.214871,0
7523,7,752.2,95.492966,0.506354,12.218964,6.014412,25.0,18.282663,28.214871,0
7524,7,752.3,95.492966,0.452102,17.106549,7.155348,25.0,18.282663,28.214871,0
7525,7,752.4,95.492966,0.723363,26.88172,6.294652,25.0,18.071934,28.003362,0
7526,7,752.5,95.492966,0.632942,21.994135,7.571578,25.0,18.289608,27.89797,0
7527,7,752.6,95.492966,0.632942,26.88172,6.256969,25.0,18.282663,28.214871,0
7528,7,752.7,95.492966,0.542522,12.218964,7.471534,25.0,18.282663,28.214871,0
7529,7,752.8,95.492966,0.651026,12.218964,5.680649,25.0,17.448579,28.214871,0
7530,7,752.9,95.492966,1.681818,12.218964,6.545442,25.0,18.191216,28.108995,0
7531,7,753.0,95.492966,2.441349,17.106549,5.227318,25.0,18.184072,28.003362,0
7532,7,753.1,95.492966,5.51564,26.88172,6.197894,25.0,18.282663,28.214871,0
7533,7,753.2,95.492966,5.316716,12.218964,4.776974,25.0,18.310774,28.214871,0
7534,7,753.3,95.492966,7.595308,21.994135,4.985936,25.0,18.429672,28.320992,0
7535,7,753.4,95.492966,7.215543,17.106549,3.63411,25.0,18.310774,28.214871,0
7536,7,753.5,95.492966,4.93695,36.656891,3.719225,25.0,18.219283,28.108995,0
7537,7,753.6,95.492966,6.329423,26.88172,2.72239,25.0,18.318037,28.320992,0
7538,7,753.7,95.492966,4.93695,21.994135,3.115237,25.0,18.346147,28.320992,0
7539,7,753.8,95.492966,6.419844,17.106549,2.421452,25.0,18.445275,28.533975,0
7540,7,753.9,95.492966,13.508798,17.106549,3.983457,25.0,18.346147,28.320992,0
7541,7,754.0,95.492966,6.419844,21.994135,2.953048,25.0,18.318037,28.320992,0
7542,7,754.1,95.492966,3.851906,21.994135,5.19431,25.0,18.491797,28.320992,0
7543,7,754.2,95.492966,1.012708,26.88172,3.763917,25.0,18.457552,28.320992,0
7544,7,754.3,95.492966,2.441349,21.994135,6.035426,25.0,18.318037,28.320992,0
7545,7,754.4,95.492966,3.345552,17.106549,4.828702,25.0,18.628528,28.320992,0
7546,7,754.5,95.492966,3.2913,21.994135,7.240311,25.0,18.262449,28.320992,0
7547,7,754.6,95.492966,1.302053,17.106549,6.683047,25.0,18.709369,28.320992,0
7548,7,754.7,95.492966,0.271261,12.218964,8.260236,25.0,18.318037,28.320992,0
7549,7,754.8,95.492966,0.162757,17.106549,7.366566,25.0,18.353493,28.427359,0
7550,7,754.9,95.492966,0.108504,21.994135,7.741618,25.0,18.297337,28.427359,0
7551,7,755.0,95.492966,0.271261,17.106549,6.878919,25.0,18.381603,28.427359,0
7552,7,755.1,95.492966,0.904203,17.106549,7.1953,25.0,18.353493,28.427359,0
7553,7,755.2,95.492966,3.580645,17.106549,6.499662,25.0,18.409425,28.427359,0
7554,7,755.3,95.492966,0.09042,17.106549,5.978958,25.0,18.445275,28.533975,0
7555,7,755.4,95.492966,0.632942,17.106549,5.706243,25.0,18.325689,28.427359,0
7556,7,755.5,95.492966,0.632942,17.106549,4.532165,25.0,18.437267,28.427359,0
7557,7,755.6,95.492966,0.271261,17.106549,4.527946,25.0,18.353493,28.427359,0
7558,7,755.7,95.492966,0.325513,21.994135,2.701248,25.0,18.389031,28.533975,0
7559,7,755.8,95.492966,0.452102,21.994135,2.664743,25.0,18.361228,28.533975,0
7560,7,755.9,95.492966,0.886119,17.106549,0.688612,25.0,18.157325,28.427359,0
7561,7,756.0,95.492966,0.379765,26.88172,0.558341,25.0,18.417142,28.533975,0
7562,7,756.1,95.492966,0.325513,21.994135,1.667877,25.0,18.305676,28.533975,0
7563,7,756.2,95.492966,0.542522,21.994135,1.874247,25.0,18.500435,28.533975,0
7564,7,756.3,95.492966,0.542522,12.218964,3.736526,25.0,18.389031,28.533975,0
7565,7,756.4,95.492966,0.542522,21.994135,3.874626,25.0,18.452764,28.640842,0
7566,7,756.5,95.492966,0.632942,17.106549,4.601215,25.0,18.424961,28.640842,0
7567,7,756.6,95.492966,0.325513,12.218964,5.25603,25.0,17.949966,28.640842,0
7568,7,756.7,95.492966,0.542522,17.106549,5.532371,25.0,18.522498,28.427359,0
7569,7,756.8,95.492966,0.180841,21.994135,6.566576,25.0,18.452476,28.640842,0
7570,7,756.9,95.492966,2.441349,26.88172,6.054395,25.0,18.424653,28.640842,0
7571,7,757.0,95.492966,0.723363,17.106549,7.399892,25.0,18.396565,28.640842,0
7572,7,757.1,95.492966,0.542522,26.88172,6.22328,25.0,18.46036,28.747961,0
7573,7,757.2,95.492966,0.271261,12.218964,7.77733,25.0,18.46036,28.747961,0
7574,7,757.3,95.492966,1.265885,17.106549,5.883504,25.0,18.31243,28.640842,0
7575,7,757.4,95.492966,0.994624,17.106549,7.30044,25.0,18.48847,28.747961,0
7576,7,757.5,95.492966,0.108504,17.106549,5.25603,25.0,18.599664,28.747961,0
7577,7,757.6,95.492966,2.332845,12.218964,6.556382,25.0,18.348136,28.747961,0
7578,7,757.7,95.492966,2.893451,26.88172,5.225947,25.0,18.46036,28.747961,0
7579,7,757.8,95.492966,6.600684,21.994135,5.595058,25.0,18.46036,28.747961,0
7580,7,757.9,95.492966,2.658358,17.106549,4.306764,25.0,18.48847,28.747961,0
7581,7,758.0,95.492966,8.13783,41.544477,4.229527,25.0,18.368498,28.640842,0
7582,7,758.1,95.492966,3.038123,21.994135,3.076656,25.0,18.496151,28.855335,0
7583,7,758.2,95.492966,5.42522,21.994135,3.520589,25.0,18.524262,28.855335,0
7584,7,758.3,95.492966,6.419844,17.106549,2.592955,25.0,18.624235,29.070854,0
7585,7,758.4,95.492966,4.991202,21.994135,3.555697,25.0,18.551814,28.855335,0
7586,7,758.5,95.492966,6.510264,12.218964,2.53142,25.0,18.468062,28.855335,0
7587,7,758.6,95.492966,6.962366,17.106549,4.706443,25.0,18.496151,28.855335,0
7588,7,758.7,95.492966,5.877322,21.994135,3.103713,25.0,18.524262,28.855335,0
7589,7,758.8,95.492966,7.595308,21.994135,5.958546,25.0,18.551814,28.855335,0
7590,7,758.9,95.492966,4.340176,12.218964,4.070658,25.0,18.503939,28.962965,0
7591,7,759.0,95.492966,1.681818,17.106549,6.886901,25.0,18.560138,28.962965,0
7592,7,759.1,95.492966,0.596774,17.106549,5.605296,25.0,18.783134,28.962965,0
7593,7,759.2,95.492966,0.904203,21.994135,8.162195,25.0,18.299983,28.855335,0
7594,7,759.3,95.492966,0.651026,21.994135,6.991554,25.0,18.560138,28.962965,0
7595,7,759.4,95.492966,0.542522,26.88172,8.576633,25.0,18.504224,28.962965,0
7596,7,759.5,95.492966,1.193548,17.106549,6.983349,25.0,18.615552,28.962965,0
7597,7,759.6,95.492966,0.162757,17.106549,7.430818,25.0,18.567991,29.070854,0
7598,7,759.7,95.492966,0.994624,26.88172,6.679114,25.0,18.199563,28.962965,0
7599,7,759.8,95.492966,0.48827,21.994135,6.675894,25.0,18.540187,29.070854,0
7600,7,759.9,95.492966,0.361681,17.106549,6.152634,25.0,18.567991,29.070854,0
7601,7,760.0,95.492966,0.542522,21.994135,5.325114,25.0,18.624235,29.070854,0
7602,7,760.1,95.492966,0.723363,12.218964,5.189709,25.0,18.735215,29.070854,0
7603,7,760.2,95.492966,0.361681,17.106549,3.595782,25.0,18.651765,29.070854,0
7604,7,760.3,95.492966,0.361681,26.88172,3.664874,25.0,18.567991,29.070854,0
7605,7,760.4,95.492966,0.361681,21.994135,1.800132,25.0,18.632151,29.179004,0
7606,7,760.5,95.492966,0.325513,12.218964,1.461789,25.0,18.687565,29.179004,0
7607,7,760.6,95.492966,0.271261,26.88172,0.59158,25.0,18.660285,29.179004,0
7608,7,760.7,95.492966,0.434018,31.769306,0.864011,25.0,18.632151,29.179004,0
7609,7,760.8,95.492966,0.271261,21.994135,2.802808,25.0,18.631863,29.179004,0
7610,7,760.9,95.492966,0.542522,17.106549,3.046225,25.0,18.632151,29.179004,0
7611,7,761.0,95.492966,1.012708,26.88172,4.361331,25.0,18.640486,29.287417,0
7612,7,761.1,95.492966,0.180841,21.994135,4.779474,25.0,18.668289,29.287417,0
7613,7,761.2,95.492966,0.813783,26.88172,5.364,25.0,18.61209,29.287417,0
7614,7,761.3,95.492966,0.325513,17.106549,6.154186,25.0,19.853235,32.673387,0
7615,7,761.4,95.492966,0.723363,17.106549,6.087448,25.0,18.779483,29.287417,0
7616,7,761.5,95.492966,0.48827,17.106549,7.021217,25.0,18.668289,29.287417,0
7617,7,761.6,95.492966,0.108504,26.88172,6.637856,25.0,18.640178,29.287417,0
7618,7,761.7,95.492966,0.97654,17.106549,7.536159,25.0,18.640178,29.287417,0
7619,7,761.8,95.492966,0.632942,17.106549,6.397045,25.0,18.668289,29.287417,0
7620,7,761.9,95.492966,0.723363,17.106549,7.330808,25.0,18.704515,29.396095,0
7621,7,762.0,95.492966,0.632942,12.218964,5.844396,25.0,18.59305,29.396095,0
7622,7,762.1,95.492966,2.911535,21.994135,6.782042,25.0,18.676404,29.396095,0
7623,7,762.2,95.492966,2.80303,17.106549,5.320626,25.0,18.704227,29.396095,0
7624,7,762.3,95.492966,5.42522,26.88172,6.153798,25.0,18.684631,29.50504,0
7625,7,762.4,95.492966,2.332845,21.994135,4.688644,25.0,18.712719,29.50504,0
7626,7,762.5,95.492966,7.866569,26.88172,5.01841,25.0,18.432734,29.50504,0
7627,7,762.6,95.492966,5.153959,21.994135,3.575796,25.0,18.712719,29.50504,0
7628,7,762.7,95.492966,11.266373,17.106549,3.550319,25.0,18.740542,29.50504,0
7629,7,762.8,95.492966,32.225806,17.106549,2.71272,25.0,18.712719,29.50504,0
7630,7,762.9,95.492966,8.589932,12.218964,3.263539,25.0,18.797119,29.50504,0
7631,7,763.0,95.492966,6.419844,17.106549,2.419478,25.0,18.749124,29.614255,0
7632,7,763.1,95.492966,11.139785,17.106549,4.276707,25.0,18.768652,29.50504,0
7633,7,763.2,95.492966,6.058162,26.88172,2.614972,25.0,18.749124,29.614255,0
7634,7,763.3,95.492966,6.058162,12.218964,5.255575,25.0,18.777235,29.614255,0
7635,7,763.4,95.492966,5.51564,21.994135,3.373673,25.0,18.804788,29.614255,0
7636,7,763.5,95.492966,4.068915,26.88172,6.43762,25.0,18.757531,29.723741,0
7637,7,763.6,95.492966,3.888074,21.994135,4.754418,25.0,18.777235,29.614255,0
7638,7,763.7,95.492966,3.038123,21.994135,7.782243,25.0,18.582578,29.614255,0
7639,7,763.8,95.492966,1.464809,17.106549,6.524972,25.0,18.869144,29.723741,0
7640,7,763.9,95.492966,0.0,17.106549,8.501941,25.0,18.841553,29.723741,0
7641,7,764.0,95.492966,0.904203,17.106549,7.333415,25.0,18.78562,29.723741,0
7642,7,764.1,95.492966,0.723363,21.994135,8.021673,25.0,18.78562,29.723741,0
7643,7,764.2,95.492966,0.506354,17.106549,6.774641,25.0,18.720791,29.614255,0
7644,7,764.3,95.492966,0.271261,21.994135,7.085229,25.0,18.898198,29.723741,0
7645,7,764.4,95.492966,0.723363,26.88172,6.640015,25.0,18.78562,29.723741,0
7646,7,764.5,95.492966,0.506354,17.106549,5.945301,25.0,19.694249,29.833501,0
7647,7,764.6,95.492966,0.361681,17.106549,5.876191,25.0,19.047283,29.833501,0
7648,7,764.7,95.492966,0.542522,21.994135,4.288978,25.0,18.850317,29.833501,0
7649,7,764.8,95.492966,0.542522,17.106549,4.565251,25.0,18.850028,29.833501,0
7650,7,764.9,95.492966,0.162757,21.994135,2.592955,25.0,18.347593,29.833501,0
7651,7,765.0,95.492966,0.48827,21.994135,2.606738,25.0,18.850317,29.833501,0
7652,7,765.1,95.492966,0.723363,21.994135,0.603572,25.0,18.766618,29.833501,0
7653,7,765.2,95.492966,0.452102,7.331378,0.40452,25.0,18.774483,29.943536,0
7654,7,765.3,95.492966,0.632942,17.106549,1.70611,25.0,18.858885,29.943536,0
7655,7,765.4,95.492966,0.379765,26.88172,1.912102,25.0,18.858885,29.943536,0
7656,7,765.5,95.492966,0.434018,21.994135,3.74036,25.0,18.886996,29.943536,0
7657,7,765.6,95.492966,0.542522,21.994135,3.874626,25.0,18.858885,29.943536,0
7658,7,765.7,95.492966,0.434018,21.994135,4.844507,25.0,18.915129,29.943536,0
7659,7,765.8,95.492966,0.325513,26.88172,5.463284,25.0,18.923767,30.05385,0
7660,7,765.9,95.492966,1.085044,17.106549,5.611685,25.0,18.467553,29.943536,0
7661,7,766.0,95.492966,0.48827,17.106549,6.675894,25.0,18.9519,30.05385,0
7662,7,766.1,95.492966,0.813783,21.994135,6.399658,25.0,18.867853,30.05385,0
7663,7,766.2,95.492966,0.452102,26.88172,7.362674,25.0,18.895656,30.05385,0
7664,7,766.3,95.492966,0.904203,17.106549,6.504805,25.0,18.895656,30.05385,0
7665,7,766.4,95.492966,0.452102,21.994135,7.500891,25.0,18.923767,30.05385,0
7666,7,766.5,95.492966,0.452102,26.88172,6.049658,25.0,19.09082,30.05385,0
7667,7,766.6,95.492966,0.904203,26.88172,6.850034,25.0,18.598098,29.833501,0
7668,7,766.7,95.492966,0.922287,26.88172,5.454094,25.0,18.932521,30.164445,0
7669,7,766.8,95.492966,3.797654,17.106549,6.380218,25.0,18.627668,30.164445,0
7670,7,766.9,95.492966,2.061584,17.106549,5.205336,25.0,18.960343,30.164445,0
7671,7,767.0,95.492966,4.285924,21.994135,5.568953,25.0,18.960343,30.164445,0
7672,7,767.1,95.492966,4.701857,26.88172,4.190374,25.0,18.923767,30.05385,0
7673,7,767.2,95.492966,4.611437,26.88172,3.985256,25.0,19.248589,30.275322,0
7674,7,767.3,95.492966,8.22825,17.106549,3.152587,25.0,18.820297,30.164445,0
7675,7,767.4,95.492966,11.646139,21.994135,3.25254,25.0,18.997302,30.275322,0
7676,7,767.5,95.492966,18.717009,26.88172,2.392672,25.0,19.025413,30.275322,0
7677,7,767.6,95.492966,7.776149,26.88172,3.307888,25.0,18.997302,30.275322,0
7678,7,767.7,95.492966,3.68915,21.994135,2.566099,25.0,18.923767,30.05385,0
7679,7,767.8,95.492966,4.068915,26.88172,4.5532,25.0,19.479854,30.275322,0
7680,7,767.9,95.492966,3.472141,17.106549,3.411696,25.0,18.997591,30.275322,0
7681,7,768.0,95.492966,4.882698,17.106549,5.43303,25.0,18.96948,30.275322,0
7682,7,768.1,95.492966,4.159335,17.106549,4.429269,25.0,19.249502,30.946656,0
7683,7,768.2,95.492966,3.435973,12.218964,6.418667,25.0,19.062198,30.386485,0
7684,7,768.3,95.492966,2.441349,21.994135,5.772836,25.0,18.96948,30.275322,0
7685,7,768.4,95.492966,1.085044,17.106549,8.027032,25.0,19.062778,30.386485,0
7686,7,768.5,95.492966,0.651026,21.994135,7.198619,25.0,19.034645,30.386485,0
7687,7,768.6,95.492966,0.162757,26.88172,8.260236,25.0,18.504324,30.05385,0
7688,7,768.7,95.492966,0.162757,12.218964,6.946994,25.0,19.006534,30.386485,0
7689,7,768.8,95.492966,0.723363,17.106549,7.330808,25.0,19.006534,30.386485,0
7690,7,768.9,95.492966,0.452102,17.106549,6.602493,25.0,19.006534,30.386485,0
7691,7,769.0,95.492966,0.361681,21.994135,6.567304,25.0,18.824941,29.50504,0
7692,7,769.1,95.492966,0.651026,26.88172,6.30148,25.0,18.637016,30.275322,0
7693,7,769.2,95.492966,0.542522,26.88172,5.186947,25.0,19.015881,30.497934,0
7694,7,769.3,95.492966,0.271261,12.218964,5.149971,25.0,19.099617,30.497934,0
7695,7,769.4,95.492966,0.325513,17.106549,3.460362,25.0,19.071795,30.497934,0
7696,7,769.5,95.492966,0.723363,26.88172,3.671387,25.0,19.099617,30.497934,0
7697,7,769.6,95.492966,0.813783,21.994135,1.4437,25.0,18.838011,30.386485,0
7698,7,769.7,95.492966,0.632942,21.994135,1.568983,25.0,19.071506,30.497934,0
7699,7,769.8,95.492966,0.434018,21.994135,0.732323,25.0,18.877553,30.497934,0
7700,7,769.9,95.492966,0.542522,17.106549,0.915036,25.0,19.266959,30.497934,0
7701,7,770.0,95.492966,0.632942,21.994135,2.944948,25.0,19.12775,30.497934,0
7702,7,770.1,95.492966,0.325513,12.218964,2.977218,25.0,19.099617,30.497934,0
7703,7,770.2,95.492966,0.379765,26.88172,4.186952,25.0,19.071506,30.497934,0
7704,7,770.3,95.492966,0.542522,21.994135,4.634323,25.0,18.763698,30.497934,0
7705,7,770.4,95.492966,0.632942,21.994135,5.15368,25.0,19.212287,30.497934,0
7706,7,770.5,95.492966,0.542522,26.88172,6.154186,25.0,19.127458,30.497934,0
7707,7,770.6,95.492966,0.723363,26.88172,5.880255,25.0,19.136864,30.609674,0
7708,7,770.7,95.492966,0.904203,21.994135,7.126244,25.0,19.12775,30.497934,0
7709,7,770.8,95.492966,0.542522,12.218964,6.22328,25.0,19.043684,30.497934,0
7710,7,770.9,95.492966,0.271261,21.994135,7.570001,25.0,19.053127,30.609674,0
7711,7,771.0,95.492966,0.813783,21.994135,6.054395,25.0,19.080664,30.609674,0
7712,7,771.1,95.492966,0.632942,17.106549,7.433389,25.0,20.099419,30.497934,0
7713,7,771.2,95.492966,0.271261,21.994135,5.633777,25.0,18.969828,30.609674,0
7714,7,771.3,95.492966,1.627566,21.994135,6.71087,25.0,19.071795,30.497934,0
7715,7,771.4,95.492966,3.038123,31.769306,5.244655,25.0,19.553309,30.497934,0
7716,7,771.5,95.492966,3.417889,26.88172,6.221361,25.0,19.043684,30.497934,0
7717,7,771.6,95.492966,3.616813,17.106549,4.756929,25.0,19.043684,30.497934,0
7718,7,771.7,95.492966,7.866569,12.218964,4.962885,25.0,19.080931,30.609674,0
7719,7,771.8,95.492966,4.792278,12.218964,3.443754,25.0,19.109041,30.609674,0
7720,7,771.9,95.492966,8.409091,26.88172,3.669434,25.0,19.071795,30.497934,0
7721,7,772.0,95.492966,5.877322,17.106549,2.744239,25.0,19.071795,30.497934,0
7722,7,772.1,95.492966,4.991202,21.994135,3.163933,25.0,19.099617,30.497934,0
7723,7,772.2,95.492966,6.329423,17.106549,2.388675,25.0,19.109041,30.609674,0
7724,7,772.3,95.492966,4.665689,26.88172,4.081792,25.0,19.146097,30.721706,0
7725,7,772.4,95.492966,6.058162,17.106549,2.760729,25.0,19.305836,30.946656,0
7726,7,772.5,95.492966,8.861193,17.106549,5.332286,25.0,19.099617,30.497934,0
7727,7,772.6,95.492966,4.792278,12.218964,3.56241,25.0,19.071506,30.497934,0
7728,7,772.7,95.492966,3.797654,26.88172,6.178206,25.0,17.770736,30.497934,0
7729,7,772.8,95.492966,3.616813,12.218964,4.956142,25.0,18.822214,30.497934,0
7730,7,772.9,95.492966,3.038123,17.106549,7.438529,25.0,19.109041,30.609674,0
7731,7,773.0,95.492966,1.898827,17.106549,6.637136,25.0,19.108753,30.609674,0
7732,7,773.1,95.492966,0.542522,17.106549,8.43452,25.0,19.656143,31.743547,0
7733,7,773.2,95.492966,0.813783,21.994135,7.435639,25.0,19.043684,30.497934,0
7734,7,773.3,95.492966,0.271261,21.994135,7.845526,25.0,19.071506,30.497934,0
7735,7,773.4,95.492966,0.271261,26.88172,6.740705,25.0,19.071795,30.497934,0
7736,7,773.5,95.492966,0.994624,31.769306,7.024278,25.0,19.043991,30.497934,0
7737,7,773.6,95.492966,0.217009,21.994135,6.498192,25.0,19.015881,30.497934,0
7738,7,773.7,95.492966,0.452102,12.218964,6.049658,25.0,19.230853,30.721706,0
7739,7,773.8,95.492966,0.723363,21.994135,5.673074,25.0,19.043684,30.497934,0
7740,7,773.9,95.492966,0.325513,26.88172,4.49618,25.0,19.099617,30.497934,0
7741,7,774.0,95.492966,0.542522,21.994135,4.219914,25.0,19.071795,30.497934,0
7742,7,774.1,95.492966,0.632942,17.106549,2.600315,25.0,19.071795,30.497934,0
7743,7,774.2,95.492966,0.632942,26.88172,2.39367,25.0,19.071795,30.497934,0
7744,7,774.3,95.492966,0.542522,26.88172,0.579339,25.0,19.043684,30.497934,0
7745,7,774.4,95.492966,0.452102,26.88172,0.221295,25.0,19.071795,30.497934,0
7746,7,774.5,95.492966,0.632942,17.106549,1.843404,25.0,19.016207,30.497934,0
7747,7,774.6,95.492966,0.632942,21.994135,2.181692,25.0,19.155319,30.497934,0
7748,7,774.7,95.492966,0.632942,17.106549,3.772792,25.0,19.071795,30.497934,0
7749,7,774.8,95.492966,0.325513,21.994135,4.012735,25.0,19.034645,30.386485,0
7750,7,774.9,95.492966,0.217009,21.994135,4.908679,25.0,19.071795,30.497934,0
7751,7,775.0,95.492966,0.542522,12.218964,5.463284,25.0,19.006534,30.386485,0
7752,7,775.1,95.492966,0.542522,17.106549,5.739636,25.0,19.240938,30.497934,0
7753,7,775.2,95.492966,0.542522,21.994135,6.637856,25.0,19.229809,30.386485,0
7754,7,775.3,95.492966,0.632942,26.88172,6.397045,25.0,19.034645,30.386485,0
7755,7,775.4,95.492966,0.379765,26.88172,7.433389,25.0,19.071795,30.497934,0
7756,7,775.5,95.492966,0.813783,21.994135,6.399658,25.0,18.978731,30.386485,0
7757,7,775.6,95.492966,0.271261,21.994135,7.569054,25.0,19.25777,30.386485,0
7758,7,775.7,95.492966,0.759531,17.106549,5.961352,25.0,19.034645,30.386485,0
7759,7,775.8,95.492966,1.085044,17.106549,6.922536,25.0,19.034645,30.386485,0
7760,7,775.9,95.492966,1.085044,26.88172,5.335869,25.0,19.034645,30.386485,0
7761,7,776.0,95.492966,2.549853,12.218964,6.454297,25.0,19.034645,30.386485,0
7762,7,776.1,95.492966,3.978495,21.994135,5.260118,25.0,19.034645,30.386485,0
7763,7,776.2,95.492966,6.962366,21.994135,5.475078,25.0,19.006534,30.386485,0
7764,7,776.3,95.492966,4.521017,26.88172,3.910832,25.0,19.006534,30.386485,0
7765,7,776.4,95.492966,5.045455,21.994135,4.236299,25.0,18.766051,29.833501,0
7766,7,776.5,95.492966,7.721896,17.106549,3.006759,25.0,19.399904,31.059579,0
7767,7,776.6,95.492966,8.680352,17.106549,3.341658,25.0,19.034645,30.386485,0
7768,7,776.7,95.492966,24.051808,12.218964,2.482826,25.0,19.062467,30.386485,0
7769,7,776.8,95.492966,1.64565,17.106549,3.509035,25.0,19.034645,30.386485,0
7770,7,776.9,95.492966,3.797654,17.106549,2.50295,25.0,18.997591,30.275322,0
7771,7,777.0,95.492966,4.231672,17.106549,4.811852,25.0,19.025413,30.275322,0
7772,7,777.1,95.492966,3.363636,21.994135,3.005964,25.0,18.96948,30.275322,0
7773,7,777.2,95.492966,3.092375,17.106549,6.087448,25.0,18.997591,30.275322,0
7774,7,777.3,95.492966,4.430596,26.88172,4.24306,25.0,18.225376,30.275322,0
7775,7,777.4,95.492966,2.441349,7.331378,7.004526,25.0,18.523216,29.943536,0
7776,7,777.5,95.492966,4.304008,17.106549,5.578382,25.0,19.034645,30.386485,0
7777,7,777.6,95.492966,1.265885,17.106549,8.582759,25.0,18.775671,30.275322,0
7778,7,777.7,95.492966,2.784946,17.106549,6.995653,25.0,18.96948,30.275322,0
7779,7,777.8,95.492966,0.108504,12.218964,8.501941,25.0,18.997591,30.275322,0
7780,7,777.9,95.492966,0.632942,17.106549,6.949744,25.0,18.96948,30.275322,0
7781,7,778.0,95.492966,0.632942,26.88172,7.295202,25.0,18.969787,30.275322,0
7782,7,778.1,95.492966,0.542522,26.88172,6.706954,25.0,18.96948,30.275322,0
7783,7,778.2,95.492966,0.813783,17.106549,6.468715,25.0,18.857256,30.275322,0
7784,7,778.3,95.492966,0.180841,31.769306,6.228652,25.0,18.997591,30.275322,0
7785,7,778.4,95.492966,0.180841,26.88172,5.115063,25.0,19.053546,30.275322,0
7786,7,778.5,95.492966,0.325513,17.106549,5.186947,25.0,19.073301,30.164445,0
7787,7,778.6,95.492966,0.542522,12.218964,3.391329,25.0,18.960632,30.164445,0
7788,7,778.7,95.492966,0.180841,26.88172,3.594453,25.0,18.932828,30.164445,0
7789,7,778.8,95.492966,0.271261,21.994135,1.556755,25.0,18.960632,30.164445,0
7790,7,778.9,95.492966,0.632942,21.994135,1.500497,25.0,18.988765,30.164445,0
7791,7,779.0,95.492966,0.542522,21.994135,0.712482,25.0,18.904718,30.164445,0
7792,7,779.1,95.492966,0.542522,21.994135,1.051115,25.0,18.699488,30.05385,0
7793,7,779.2,95.492966,0.542522,31.769306,3.046225,25.0,19.385121,30.164445,0
7794,7,779.3,95.492966,0.886119,21.994135,3.082862,25.0,18.960632,30.164445,0
7795,7,779.4,95.492966,0.325513,26.88172,4.358044,25.0,18.932521,30.164445,0
7796,7,779.5,95.492966,0.632942,12.218964,4.73932,25.0,18.904718,30.164445,0
7797,7,779.6,95.492966,0.542522,21.994135,5.394199,25.0,18.462828,30.164445,0
7798,7,779.7,95.492966,0.542522,21.994135,6.159618,25.0,18.960632,30.164445,0
7799,7,779.8,95.492966,0.904203,21.994135,6.090587,25.0,18.988765,30.164445,0
7800,7,779.9,95.492966,0.072336,17.106549,7.120207,25.0,18.701021,30.05385,0
7801,7,780.0,95.492966,0.09042,17.106549,6.602493,25.0,19.007291,30.05385,0
7802,7,780.1,95.492966,0.813783,21.994135,7.435639,25.0,18.923767,30.05385,0
7803,7,780.2,95.492966,0.723363,26.88172,6.432794,25.0,18.923767,30.05385,0
7804,7,780.3,95.492966,0.271261,31.769306,7.292582,25.0,18.895656,30.05385,0
7805,7,780.4,95.492966,0.994624,21.994135,5.574955,25.0,18.923478,30.05385,0
7806,7,780.5,95.492966,2.531769,12.218964,6.564029,25.0,18.766051,29.833501,0
7807,7,780.6,95.492966,1.519062,17.106549,5.199367,25.0,18.923767,30.05385,0
7808,7,780.7,95.492966,3.363636,12.218964,5.853381,25.0,18.895656,30.05385,0
7809,7,780.8,95.492966,2.929619,26.88172,4.787963,25.0,18.867853,30.05385,0
7810,7,780.9,95.492966,4.285924,46.432063,4.465258,25.0,18.858885,29.943536,0
7811,7,781.0,95.492966,6.962366,21.994135,3.193991,25.0,18.868179,30.05385,0
7812,7,781.1,95.492966,8.13783,21.994135,3.528045,25.0,18.895656,30.05385,0
7813,7,781.2,95.492966,8.734604,12.218964,2.64314,25.0,18.867853,30.05385,0
7814,7,781.3,95.492966,7.866569,17.106549,3.005964,25.0,18.895656,30.05385,0
7815,7,781.4,95.492966,6.510264,17.106549,2.50104,25.0,18.831081,29.943536,0
7816,7,781.5,95.492966,7.324047,21.994135,3.984057,25.0,18.831081,29.943536,0
7817,7,781.6,95.492966,5.877322,12.218964,3.008348,25.0,18.831081,29.943536,0
7818,7,781.7,95.492966,3.68915,26.88172,5.115997,25.0,18.886996,29.943536,0
7819,7,781.8,95.492966,4.701857,21.994135,3.756929,25.0,18.746881,29.943536,0
7820,7,781.9,95.492966,3.707234,26.88172,6.204058,25.0,18.859192,29.943536,0
7821,7,782.0,95.492966,0.687195,17.106549,5.004587,25.0,19.026109,29.943536,0
7822,7,782.1,95.492966,1.537146,17.106549,7.382115,25.0,18.746881,29.943536,0
7823,7,782.2,95.492966,1.030792,21.994135,6.561481,25.0,18.831081,29.943536,0
7824,7,782.3,95.492966,0.48827,17.106549,8.402739,25.0,18.831081,29.943536,0
7825,7,782.4,95.492966,0.09042,21.994135,7.224457,25.0,19.129338,29.833501,0
7826,7,782.5,95.492966,0.434018,17.106549,7.74532,25.0,18.822206,29.833501,0
7827,7,782.6,95.492966,0.542522,21.994135,6.850034,25.0,18.794729,29.833501,0
7828,7,782.7,95.492966,0.054252,21.994135,7.084892,25.0,18.822206,29.833501,0
7829,7,782.8,95.492966,0.452102,21.994135,6.602493,25.0,18.906981,29.833501,0
7830,7,782.9,95.492966,0.813783,21.994135,5.916301,25.0,18.794403,29.833501,0
7831,7,783.0,95.492966,0.452102,17.106549,5.77325,25.0,18.794403,29.833501,0
7832,7,783.1,95.492966,0.361681,21.994135,4.494054,25.0,18.822514,29.833501,0
7833,7,783.2,95.492966,0.542522,21.994135,4.49618,25.0,18.794403,29.833501,0
7834,7,783.3,95.492966,0.542522,17.106549,2.701248,25.0,18.794403,29.833501,0
7835,7,783.4,95.492966,0.253177,17.106549,2.557707,25.0,18.794403,29.833501,0
7836,7,783.5,95.492966,0.542522,17.106549,0.579339,25.0,19.076548,29.833501,0
7837,7,783.6,95.492966,0.886119,12.218964,0.558341,25.0,18.850028,29.833501,0
7838,7,783.7,95.492966,0.217009,26.88172,1.662138,25.0,18.842216,29.723741,0
7839,7,783.8,95.492966,0.162757,21.994135,1.902081,25.0,18.757816,29.723741,0
7840,7,783.9,95.492966,0.904203,26.88172,3.745466,25.0,18.785927,29.723741,0
7841,7,784.0,95.492966,0.632942,21.994135,3.700551,25.0,18.757816,29.723741,0
7842,7,784.1,95.492966,0.723363,26.88172,4.568389,25.0,18.78562,29.723741,0
7843,7,784.2,95.492966,0.452102,12.218964,5.49685,25.0,18.785927,29.723741,0
7844,7,784.3,95.492966,0.325513,21.994135,5.463284,25.0,18.785927,29.723741,0
7845,7,784.4,95.492966,2.025415,7.331378,6.518013,25.0,18.822514,29.833501,0
7846,7,784.5,95.492966,0.325513,17.106549,6.22328,25.0,18.898596,29.723741,0
7847,7,784.6,95.492966,0.542522,17.106549,7.467057,25.0,18.785927,29.723741,0
7848,7,784.7,95.492966,0.813783,12.218964,6.261548,25.0,18.749432,29.614255,0
7849,7,784.8,95.492966,0.632942,31.769306,7.778865,25.0,18.721321,29.614255,0
7850,7,784.9,95.492966,0.162757,21.994135,5.772009,25.0,18.721321,29.614255,0
7851,7,785.0,95.492966,1.085044,21.994135,7.198619,25.0,19.140479,29.614255,0
7852,7,785.1,95.492966,1.175464,2.443793,5.235081,25.0,18.620512,29.396095,0
7853,7,785.2,95.492966,3.888074,12.218964,6.488995,25.0,18.721321,29.614255,0
7854,7,785.3,95.492966,1.790323,21.994135,5.131848,25.0,18.721321,29.614255,0
7855,7,785.4,95.492966,7.414467,26.88172,5.770353,25.0,18.749432,29.614255,0
7856,7,785.5,95.492966,2.604106,17.106549,4.134129,25.0,18.713027,29.50504,0
7857,7,785.6,95.492966,4.611437,21.994135,4.032924,25.0,18.749432,29.614255,0
7858,7,785.7,95.492966,5.42522,21.994135,3.059527,25.0,18.721321,29.614255,0
7859,7,785.8,95.492966,8.951613,21.994135,3.478952,25.0,18.963408,29.833501,0
7860,7,785.9,95.492966,5.967742,17.106549,2.330974,25.0,18.721321,29.614255,0
7861,7,786.0,95.492966,1.64565,12.218964,3.477578,25.0,18.684916,29.50504,0
7862,7,786.1,95.492966,9.11437,17.106549,2.56889,25.0,18.684916,29.50504,0
7863,7,786.2,95.492966,6.691105,12.218964,4.678443,25.0,18.713027,29.50504,0
7864,7,786.3,95.492966,5.606061,26.88172,3.157131,25.0,18.74083,29.50504,0
7865,7,786.4,95.492966,5.153959,26.88172,5.760824,25.0,18.380069,29.179004,0
7866,7,786.5,95.492966,4.430596,17.106549,4.306764,25.0,18.684916,29.50504,0
7867,7,786.6,95.492966,0.560606,12.218964,6.818576,25.0,18.963955,29.50504,0
7868,7,786.7,95.492966,2.531769,21.994135,5.676021,25.0,18.536377,29.396095,0
7869,7,786.8,95.492966,0.48827,21.994135,8.05733,25.0,18.684916,29.50504,0
7870,7,786.9,95.492966,0.813783,17.106549,7.170356,25.0,18.685242,29.50504,0
7871,7,787.0,95.492966,2.152004,17.106549,8.400749,25.0,18.927511,29.396095,0
7872,7,787.1,95.492966,0.217009,17.106549,6.912867,25.0,18.676712,29.396095,0
7873,7,787.2,95.492966,0.325513,21.994135,7.397954,25.0,18.648601,29.396095,0
7874,7,787.3,95.492966,0.632942,26.88172,6.742477,25.0,18.648927,29.396095,0
7875,7,787.4,95.492966,0.271261,12.218964,6.464282,25.0,18.620512,29.396095,0
7876,7,787.5,95.492966,0.162757,21.994135,6.11759,25.0,18.564401,29.396095,0
7877,7,787.6,95.492966,0.759531,21.994135,5.25603,25.0,18.648601,29.396095,0
7878,7,787.7,95.492966,0.217009,17.106549,5.115997,25.0,18.676712,29.396095,0
7879,7,787.8,95.492966,0.723363,21.994135,3.671387,25.0,18.592728,29.396095,0
7880,7,787.9,95.492966,0.108504,31.769306,3.598438,25.0,18.788039,29.396095,0
7881,7,788.0,95.492966,0.361681,21.994135,1.73113,25.0,18.229465,29.396095,0
7882,7,788.1,95.492966,0.723363,17.106549,1.471561,25.0,18.648601,29.396095,0
7883,7,788.2,95.492966,0.379765,26.88172,0.558341,25.0,18.676712,29.396095,0
7884,7,788.3,95.492966,0.180841,17.106549,0.83017,25.0,18.648601,29.396095,0
7885,7,788.4,95.492966,0.379765,21.994135,2.807066,25.0,18.620816,29.396095,0
7886,7,788.5,95.492966,0.542522,26.88172,3.115237,25.0,18.58459,29.287417,0
7887,7,788.6,95.492966,0.723363,21.994135,4.223309,25.0,18.612375,29.287417,0
7888,7,788.7,95.492966,0.434018,26.88172,4.706443,25.0,18.640486,29.287417,0
7889,7,788.8,95.492966,0.632942,31.769306,5.291813,25.0,18.548149,29.179004,0
7890,7,788.9,95.492966,0.542522,17.106549,6.154186,25.0,18.640178,29.287417,0
7891,7,789.0,95.492966,0.813783,21.994135,5.985347,25.0,18.556502,29.287417,0
7892,7,789.1,95.492966,0.379765,12.218964,7.018835,25.0,18.576563,29.179004,0
7893,7,789.2,95.492966,0.632942,31.769306,6.395177,25.0,18.529456,29.287417,0
7894,7,789.3,95.492966,0.434018,26.88172,7.538061,25.0,18.58459,29.287417,0
7895,7,789.4,95.492966,0.126588,21.994135,6.189795,25.0,18.437495,29.179004,0
7896,7,789.5,95.492966,0.542522,21.994135,7.467057,25.0,18.445937,29.287417,0
7897,7,789.6,95.492966,0.813783,36.656891,5.640134,25.0,18.668619,29.287417,0
7898,7,789.7,95.492966,1.464809,7.331378,6.798928,25.0,19.114414,29.179004,0
7899,7,789.8,95.492966,1.139296,21.994135,5.332734,25.0,18.58459,29.287417,0
7900,7,789.9,95.492966,8.101662,26.88172,6.265744,25.0,18.604041,29.179004,0
7901,7,790.0,95.492966,3.616813,31.769306,4.823257,25.0,18.576563,29.179004,0
7902,7,790.1,95.492966,10.886608,21.994135,4.914515,25.0,18.576563,29.179004,0
7903,7,790.2,95.492966,2.821114,17.106549,3.515156,25.0,18.416383,29.287417,0
7904,7,790.3,95.492966,8.861193,17.106549,3.771525,25.0,18.576237,29.179004,0
7905,7,790.4,95.492966,5.606061,21.994135,2.682612,25.0,18.576563,29.179004,0
7906,7,790.5,95.492966,8.770772,21.994135,3.348085,25.0,18.604348,29.179004,0
7907,7,790.6,95.492966,6.329423,21.994135,2.420465,25.0,18.640834,29.287417,0
7908,7,790.7,95.492966,7.956989,17.106549,4.326134,25.0,18.428799,29.070854,0
7909,7,790.8,95.492966,3.634897,21.994135,2.614972,25.0,18.743556,29.179004,0
7910,7,790.9,95.492966,6.239003,26.88172,5.472459,25.0,18.548453,29.179004,0
7911,7,791.0,95.492966,3.038123,17.106549,3.298487,25.0,18.576563,29.179004,0
7912,7,791.1,95.492966,4.249756,17.106549,6.722607,25.0,18.492598,29.179004,0
7913,7,791.2,95.492966,6.835777,21.994135,4.579357,25.0,18.548453,29.179004,0
7914,7,791.3,95.492966,2.152004,17.106549,7.519976,25.0,19.121677,30.05385,0
7915,7,791.4,95.492966,2.893451,21.994135,6.448743,25.0,18.35446,29.179004,0
7916,7,791.5,95.492966,0.904203,17.106549,8.714786,25.0,18.512403,29.070854,0
7917,7,791.6,95.492966,0.271261,21.994135,7.223465,25.0,18.512403,29.070854,0
7918,7,791.7,95.492966,0.325513,26.88172,8.019886,25.0,18.923452,29.287417,0
7919,7,791.8,95.492966,0.379765,21.994135,6.811565,25.0,18.548453,29.179004,0
7920,7,791.9,95.492966,0.271261,17.106549,7.017133,25.0,18.623654,29.070854,0
7921,7,792.0,95.492966,0.180841,21.994135,6.566576,25.0,18.58459,29.287417,0
7922,7,792.1,95.492966,0.48827,17.106549,5.985347,25.0,18.540513,29.070854,0
7923,7,792.2,95.492966,0.361681,21.994135,5.807081,25.0,18.457268,29.070854,0
7924,7,792.3,95.492966,0.542522,17.106549,4.288978,25.0,18.540513,29.070854,0
7925,7,792.4,95.492966,0.325513,17.106549,4.49618,25.0,18.540513,29.070854,0
7926,7,792.5,95.492966,0.632942,17.106549,2.53142,25.0,18.540513,29.070854,0
7927,7,792.6,95.492966,0.271261,17.106549,2.592955,25.0,18.512403,29.070854,0
7928,7,792.7,95.492966,0.632942,12.218964,0.470073,25.0,18.540513,29.070854,0
7929,7,792.8,95.492966,0.632942,21.994135,0.433041,25.0,18.512403,29.070854,0
7930,7,792.9,95.492966,0.361681,26.88172,1.800132,25.0,18.512403,29.070854,0
7931,7,793.0,95.492966,0.325513,17.106549,2.011941,25.0,18.77398,29.179004,0
7932,7,793.1,95.492966,0.542522,17.106549,3.805575,25.0,18.540513,29.070854,0
7933,7,793.2,95.492966,0.379765,31.769306,3.84181,25.0,18.096963,28.747961,0
7934,7,793.3,95.492966,0.813783,26.88172,4.88086,25.0,18.47644,28.962965,0
7935,7,793.4,95.492966,0.868035,21.994135,5.760409,25.0,18.504224,28.962965,0
7936,7,793.5,95.492966,0.632942,21.994135,5.706243,25.0,18.512747,29.070854,0
7937,7,793.6,95.492966,1.265885,26.88172,6.642892,25.0,18.420284,28.962965,0
7938,7,793.7,95.492966,0.48827,7.331378,6.399658,25.0,18.265371,28.747961,0
7939,7,793.8,95.492966,0.452102,26.88172,7.431782,25.0,18.587691,28.962965,0
7940,7,793.9,95.492966,0.904203,17.106549,6.366725,25.0,18.47644,28.962965,0
7941,7,794.0,95.492966,0.651026,17.106549,7.681832,25.0,18.336214,28.962965,0
7942,7,794.1,95.492966,0.054252,17.106549,5.978958,25.0,18.47644,28.962965,0
7943,7,794.2,95.492966,2.025415,21.994135,7.000432,25.0,19.007759,28.962965,0
7944,7,794.3,95.492966,1.717986,12.218964,5.39287,25.0,18.50039,29.287417,0
7945,7,794.4,95.492966,4.068915,21.994135,6.370476,25.0,18.50455,28.962965,0
7946,7,794.5,95.492966,1.953079,21.994135,5.054458,25.0,18.47644,28.962965,0
7947,7,794.6,95.492966,7.143206,17.106549,5.568953,25.0,18.47644,28.962965,0
7948,7,794.7,95.492966,4.611437,26.88172,4.019278,25.0,19.330531,28.962965,0
7949,7,794.8,95.492966,44.577224,26.88172,3.985256,25.0,18.50455,28.962965,0
7950,7,794.9,95.492966,5.786901,31.769306,3.054839,25.0,17.965876,28.855335,0
7951,7,795.0,95.492966,5.316716,21.994135,3.437505,25.0,18.440563,28.855335,0
7952,7,795.1,95.492966,6.148583,17.106549,2.380661,25.0,18.468673,28.855335,0
7953,7,795.2,95.492966,4.93695,21.994135,3.541561,25.0,18.440563,28.855335,0
7954,7,795.3,95.492966,6.329423,26.88172,2.54835,25.0,18.333443,28.533975,0
7955,7,795.4,95.492966,1.356305,26.88172,4.784469,25.0,18.440563,28.855335,0
7956,7,795.5,95.492966,5.786901,26.88172,3.2037,25.0,18.440563,28.855335,0
7957,7,795.6,95.492966,3.20088,17.106549,5.914281,25.0,18.440563,28.855335,0
7958,7,795.7,95.492966,2.441349,26.88172,4.062433,25.0,18.609568,28.855335,0
7959,7,795.8,95.492966,2.71261,17.106549,6.915977,25.0,18.24657,28.855335,0
7960,7,795.9,95.492966,2.80303,12.218964,5.592069,25.0,18.440563,28.855335,0
7961,7,796.0,95.492966,1.392473,21.994135,8.405297,25.0,18.461015,28.747961,0
7962,7,796.1,95.492966,1.64565,31.769306,7.09702,25.0,18.468348,28.855335,0
7963,7,796.2,95.492966,0.452102,21.994135,8.53755,25.0,17.767739,28.427359,0
7964,7,796.3,95.492966,0.271261,17.106549,6.946994,25.0,18.404771,28.747961,0
7965,7,796.4,95.492966,0.632942,21.994135,7.433389,25.0,18.377005,28.747961,0
7966,7,796.5,95.492966,0.162757,21.994135,6.670525,25.0,18.404771,28.747961,0
7967,7,796.6,95.492966,0.271261,17.106549,6.463174,25.0,18.404771,28.747961,0
7968,7,796.7,95.492966,0.126588,17.106549,6.258877,25.0,18.374182,29.070854,0
7969,7,796.8,95.492966,0.108504,17.106549,5.186947,25.0,18.488182,28.747961,0
7970,7,796.9,95.492966,0.271261,21.994135,5.219085,25.0,18.377005,28.747961,0
7971,7,797.0,95.492966,0.632942,26.88172,3.358771,25.0,18.581343,28.855335,0
7972,7,797.1,95.492966,0.795699,17.106549,3.664874,25.0,18.377005,28.747961,0
7973,7,797.2,95.492966,0.325513,17.106549,1.461789,25.0,18.404771,28.747961,0
7974,7,797.3,95.492966,0.452102,17.106549,1.630213,25.0,18.376683,28.747961,0
7975,7,797.4,95.492966,0.452102,21.994135,0.738818,25.0,18.432882,28.747961,0
7976,7,797.5,95.492966,0.723363,12.218964,0.667473,25.0,18.405116,28.747961,0
7977,7,797.6,95.492966,0.162757,21.994135,2.938451,25.0,18.03834,28.320992,0
7978,7,797.7,95.492966,0.48827,26.88172,2.881811,25.0,18.404771,28.747961,0
7979,7,797.8,95.492966,0.452102,21.994135,4.115016,25.0,18.377005,28.747961,0
7980,7,797.9,95.492966,0.723363,17.106549,4.775474,25.0,18.536058,28.640842,0
7981,7,798.0,95.492966,0.325513,17.106549,4.979704,25.0,18.573777,28.747961,0
7982,7,798.1,95.492966,0.542522,26.88172,6.292375,25.0,18.31355,28.640842,0
7983,7,798.2,95.492966,0.09042,31.769306,5.842352,25.0,18.369065,28.640842,0
7984,7,798.3,95.492966,0.904203,17.106549,7.1953,25.0,18.369065,28.640842,0
7985,7,798.4,95.492966,0.542522,17.106549,6.22328,25.0,18.397176,28.640842,0
7986,7,798.5,95.492966,0.434018,21.994135,7.607147,25.0,18.369065,28.640842,0
7987,7,798.6,95.492966,0.325513,12.218964,6.154186,25.0,18.397176,28.640842,0
7988,7,798.7,95.492966,0.542522,21.994135,7.402474,25.0,18.222109,28.533975,0
7989,7,798.8,95.492966,0.886119,31.769306,5.499022,25.0,18.369065,28.640842,0
7990,7,798.9,95.492966,1.519062,26.88172,6.837818,25.0,17.858756,28.533975,0
7991,7,799.0,95.492966,1.085044,21.994135,5.22549,25.0,18.700701,28.533975,0
7992,7,799.1,95.492966,7.721896,17.106549,6.1328,25.0,18.369065,28.640842,0
7993,7,799.2,95.492966,3.616813,21.994135,4.624519,25.0,18.305676,28.533975,0
7994,7,799.3,95.492966,4.93695,12.218964,4.938759,25.0,18.333443,28.533975,0
7995,7,799.4,95.492966,4.611437,21.994135,3.408193,25.0,18.230412,28.640842,0
7996,7,799.5,95.492966,8.409091,21.994135,3.635424,25.0,18.333443,28.533975,0
7997,7,799.6,95.492966,8.354839,17.106549,2.71272,25.0,18.00219,27.792816,0
7998,7,799.7,95.492966,8.589932,21.994135,3.279603,25.0,18.369065,28.640842,0
7999,7,799.8,95.492966,1.229717,12.218964,2.31555,25.0,18.333443,28.533975,0
8000,7,799.9,95.492966,24.142229,21.994135,4.228397,25.0,18.109335,28.533975,0
8001,7,800.0,95.492966,5.786901,21.994135,2.695937,25.0,18.305676,28.533975,0
8002,7,800.1,95.492966,3.743402,17.106549,5.410118,25.0,18.333443,28.533975,0
8003,7,800.2,95.492966,4.973118,21.994135,3.657044,25.0,18.640137,28.533975,0
8004,7,800.3,95.492966,0.741447,12.218964,6.338899,25.0,18.389687,28.533975,0
8005,7,800.4,95.492966,3.526393,17.106549,4.846972,25.0,18.297904,28.427359,0
8006,7,800.5,95.492966,2.658358,26.88172,7.737914,25.0,18.361554,28.533975,0
8007,7,800.6,95.492966,3.417889,21.994135,6.593442,25.0,18.361228,28.533975,0
8008,7,800.7,95.492966,0.361681,21.994135,8.502503,25.0,18.305676,28.533975,0
8009,7,800.8,95.492966,0.162757,21.994135,7.366566,25.0,18.056567,28.533975,0
8010,7,800.9,95.492966,0.632942,21.994135,7.847962,25.0,18.270138,28.427359,0
8011,7,801.0,95.492966,0.217009,26.88172,6.774641,25.0,18.242049,28.427359,0
8012,7,801.1,95.492966,0.325513,21.994135,7.121549,25.0,18.326382,28.427359,0
8013,7,801.2,95.492966,0.723363,17.106549,6.501867,25.0,18.270138,28.427359,0
8014,7,801.3,95.492966,0.759531,21.994135,5.877817,25.0,19.02697,28.427359,0
8015,7,801.4,95.492966,0.361681,21.994135,5.668862,25.0,18.270138,28.427359,0
8016,7,801.5,95.492966,0.452102,12.218964,4.322267,25.0,18.269816,28.427359,0
8017,7,801.6,95.492966,0.723363,17.106549,4.361331,25.0,18.361228,28.533975,0
8018,7,801.7,95.492966,0.542522,21.994135,2.563304,25.0,18.234682,28.320992,0
8019,7,801.8,95.492966,0.072336,21.994135,2.559574,25.0,18.298249,28.427359,0
8020,7,801.9,95.492966,0.379765,21.994135,0.558341,25.0,18.270138,28.427359,0
8021,7,802.0,95.492966,0.271261,17.106549,0.186114,25.0,18.325689,28.427359,0
8022,7,802.1,95.492966,0.632942,12.218964,1.774739,25.0,18.270138,28.427359,0
8023,7,802.2,95.492966,0.379765,17.106549,2.18716,25.0,18.186946,28.427359,0
8024,7,802.3,95.492966,0.325513,17.106549,3.736526,25.0,18.262793,28.320992,0
8025,7,802.4,95.492966,0.271261,17.106549,3.975053,25.0,18.270138,28.427359,0
8026,7,802.5,95.492966,0.632942,17.106549,4.670266,25.0,18.234682,28.320992,0
8027,7,802.6,95.492966,1.175464,17.106549,5.565949,25.0,18.262449,28.320992,0
8028,7,802.7,95.492966,0.813783,26.88172,5.640134,25.0,18.234682,28.320992,0
8029,7,802.8,95.492966,0.723363,21.994135,6.70909,25.0,18.151491,28.320992,0
8030,7,802.9,95.492966,0.379765,17.106549,6.189795,25.0,18.179203,28.320992,0
8031,7,803.0,95.492966,0.813783,21.994135,7.573787,25.0,18.262449,28.320992,0
8032,7,803.1,95.492966,1.139296,21.994135,6.261548,25.0,18.290926,28.320992,0
8033,7,803.2,95.492966,0.271261,21.994135,7.63911,25.0,18.206934,28.320992,0
8034,7,803.3,95.492966,1.464809,17.106549,5.778214,25.0,18.179203,28.320992,0
8035,7,803.4,95.492966,0.868035,12.218964,7.138302,25.0,18.609,28.427359,0
8036,7,803.5,95.492966,0.632942,17.106549,5.291813,25.0,18.206934,28.320992,0
8037,7,803.6,95.492966,2.387097,21.994135,6.463174,25.0,18.234682,28.320992,0
8038,7,803.7,95.492966,3.345552,31.769306,5.163405,25.0,18.23436,28.320992,0
8039,7,803.8,95.492966,7.143206,21.994135,5.629535,25.0,18.262793,28.320992,0
8040,7,803.9,95.492966,3.888074,21.994135,4.037069,25.0,18.227419,28.214871,0
8041,7,804.0,95.492966,8.22825,21.994135,4.138749,25.0,18.569272,28.320992,0
8042,7,804.1,95.492966,3.363636,17.106549,3.157131,25.0,18.588143,28.108995,0
8043,7,804.2,95.492966,5.316716,26.88172,3.397663,25.0,18.005438,28.214871,0
8044,7,804.3,95.492966,6.239003,26.88172,2.554903,25.0,18.227419,28.214871,0
8045,7,804.4,95.492966,8.318671,17.106549,3.622258,25.0,18.227419,28.214871,0
8046,7,804.5,95.492966,3.743402,17.106549,2.392672,25.0,18.199308,28.214871,0
8047,7,804.6,95.492966,1.374389,21.994135,4.949389,25.0,18.199308,28.214871,0
8048,7,804.7,95.492966,3.309384,17.106549,2.95709,25.0,18.199308,28.214871,0
8049,7,804.8,95.492966,4.882698,21.994135,6.088233,25.0,18.482079,28.640842,0
8050,7,804.9,95.492966,4.521017,17.106549,4.161773,25.0,18.05313,28.108995,0
8051,7,805.0,95.492966,1.573314,17.106549,7.082194,25.0,18.199671,28.214871,0
8052,7,805.1,95.492966,3.255132,12.218964,5.660428,25.0,17.967849,28.108995,0
8053,7,805.2,95.492966,0.723363,17.106549,8.436219,25.0,18.227075,28.214871,0
8054,7,805.3,95.492966,0.705279,21.994135,6.959019,25.0,18.446162,28.108995,0
8055,7,805.4,95.492966,0.434018,21.994135,8.574405,25.0,18.199308,28.214871,0
8056,7,805.5,95.492966,0.434018,12.218964,6.985401,25.0,18.227075,28.214871,0
8057,7,805.6,95.492966,0.108504,17.106549,7.396017,25.0,18.262793,28.320992,0
8058,7,805.7,95.492966,0.813783,17.106549,6.81402,25.0,18.136268,28.108995,0
8059,7,805.8,95.492966,0.723363,31.769306,6.432794,25.0,18.192127,28.108995,0
8060,7,805.9,95.492966,0.271261,21.994135,6.255823,25.0,17.939908,28.108995,0
8061,7,806.0,95.492966,0.632942,12.218964,5.220458,25.0,18.108936,28.108995,0
8062,7,806.1,95.492966,0.271261,17.106549,5.149971,25.0,18.192127,28.108995,0
8063,7,806.2,95.492966,0.379765,17.106549,3.422183,25.0,18.192127,28.108995,0
8064,7,806.3,95.492966,0.632942,17.106549,3.496759,25.0,18.108538,28.108995,0
8065,7,806.4,95.492966,0.886119,21.994135,1.500497,25.0,18.192127,28.108995,0
8066,7,806.5,95.492966,0.271261,26.88172,1.286187,25.0,18.192127,28.108995,0
8067,7,806.6,95.492966,0.813783,12.218964,0.712482,25.0,18.836923,28.855335,0
8068,7,806.7,95.492966,0.452102,21.994135,0.943317,25.0,18.129168,28.003362,0
8069,7,806.8,95.492966,0.542522,26.88172,2.977218,25.0,18.275193,28.108995,0
8070,7,806.9,95.492966,0.632942,26.88172,3.15183,25.0,18.128805,28.003362,0
8071,7,807.0,95.492966,0.09042,7.331378,4.322267,25.0,18.101057,28.003362,0
8072,7,807.1,95.492966,0.632942,26.88172,4.73932,25.0,18.128805,28.003362,0
8073,7,807.2,95.492966,0.723363,21.994135,5.258756,25.0,18.044605,28.003362,0
8074,7,807.3,95.492966,0.632942,17.106549,6.258877,25.0,18.171202,27.792816,0
8075,7,807.4,95.492966,0.632942,12.218964,5.982552,25.0,18.184357,28.003362,0
8076,7,807.5,95.492966,0.813783,21.994135,7.090285,25.0,18.128805,28.003362,0
8077,7,807.6,95.492966,0.904203,17.106549,6.504805,25.0,18.156916,28.003362,0
8078,7,807.7,95.492966,1.464809,17.106549,7.642862,25.0,18.037838,27.89797,0
8079,7,807.8,95.492966,0.452102,12.218964,6.187865,25.0,18.156572,28.003362,0
8080,7,807.9,95.492966,0.434018,21.994135,7.330808,25.0,18.156916,28.003362,0
8081,7,808.0,95.492966,0.723363,17.106549,5.673074,25.0,18.185049,28.003362,0
8082,7,808.1,95.492966,2.350929,26.88172,6.55456,25.0,18.128805,28.003362,0
8083,7,808.2,95.492966,2.71261,31.769306,5.280063,25.0,18.128805,28.003362,0
8084,7,808.3,95.492966,3.634897,26.88172,6.07763,25.0,18.093675,27.89797,0
8085,7,808.4,95.492966,0.813783,12.218964,4.645135,25.0,18.121785,27.89797,0
8086,7,808.5,95.492966,4.557185,17.106549,4.544798,25.0,18.093675,27.89797,0
8087,7,808.6,95.492966,5.51564,17.106549,3.539537,25.0,17.960669,27.583219,0
8088,7,808.7,95.492966,8.318671,7.331378,3.588466,25.0,18.410918,28.427359,0
8089,7,808.8,95.492966,5.696481,17.106549,2.460597,25.0,18.093675,27.89797,0
8090,7,808.9,95.492966,48.248289,21.994135,3.205936,25.0,18.093675,27.89797,0
8091,7,809.0,95.492966,1.283969,26.88172,2.421452,25.0,18.093675,27.89797,0
8092,7,809.1,95.492966,4.44868,21.994135,4.236299,25.0,18.065586,27.89797,0
8093,7,809.2,95.492966,6.058162,21.994135,2.80025,25.0,18.177029,27.89797,0
8094,7,809.3,95.492966,6.058162,21.994135,5.443134,25.0,18.093675,27.89797,0
8095,7,809.4,95.492966,4.792278,17.106549,3.56241,25.0,18.121785,27.89797,0
8096,7,809.5,95.492966,5.443304,21.994135,6.556382,25.0,18.030875,27.792816,0
8097,7,809.6,95.492966,0.723363,21.994135,4.889662,25.0,18.086734,27.792816,0
8098,7,809.7,95.492966,1.356305,21.994135,7.860128,25.0,18.113904,26.856882,0
8099,7,809.8,95.492966,2.350929,21.994135,6.623084,25.0,17.810029,27.792816,0
8100,7,809.9,95.492966,0.813783,17.106549,8.679078,25.0,18.086734,27.792816,0
8101,7,810.0,95.492966,0.452102,12.218964,7.224457,25.0,18.093675,27.89797,0
8102,7,810.1,95.492966,0.542522,17.106549,7.812573,25.0,18.086734,27.792816,0
8103,7,810.2,95.492966,0.994624,31.769306,6.886207,25.0,18.058623,27.792816,0
8104,7,810.3,95.492966,0.072336,17.106549,6.912867,25.0,18.114501,27.792816,0
8105,7,810.4,95.492966,0.180841,26.88172,6.566576,25.0,18.241384,28.003362,0
8106,7,810.5,95.492966,0.632942,21.994135,5.844396,25.0,17.884676,27.6879,0
8107,7,810.6,95.492966,0.452102,21.994135,5.77325,25.0,18.051418,27.6879,0
8108,7,810.7,95.492966,0.271261,17.106549,4.115016,25.0,18.086734,27.792816,0
8109,7,810.8,95.492966,0.217009,17.106549,4.355851,25.0,18.023651,27.6879,0
8110,7,810.9,95.492966,0.48827,21.994135,2.331998,25.0,18.051762,27.6879,0
8111,7,811.0,95.492966,0.632942,12.218964,2.600315,25.0,18.079529,27.6879,0
8112,7,811.1,95.492966,0.506354,26.88172,0.295285,25.0,18.051762,27.6879,0
8113,7,811.2,95.492966,0.886119,17.106549,0.373828,25.0,17.829781,27.6879,0
8114,7,811.3,95.492966,0.542522,21.994135,1.874247,25.0,18.023651,27.6879,0
8115,7,811.4,95.492966,0.632942,21.994135,2.118361,25.0,17.932602,27.583219,0
8116,7,811.5,95.492966,0.452102,21.994135,3.769625,25.0,18.023651,27.6879,0
8117,7,811.6,95.492966,0.632942,17.106549,3.979857,25.0,18.051762,27.6879,0
8118,7,811.7,95.492966,1.302053,31.769306,4.568389,25.0,18.414138,27.6879,0
8119,7,811.8,95.492966,0.994624,21.994135,5.505969,25.0,17.995563,27.6879,0
8120,7,811.9,95.492966,0.379765,12.218964,5.499022,25.0,17.933279,27.583219,0
8121,7,812.0,95.492966,0.542522,26.88172,6.84515,25.0,17.968173,27.6879,0
8122,7,812.1,95.492966,0.144673,17.106549,6.018382,25.0,18.016868,27.583219,0
8123,7,812.2,95.492966,0.48827,21.994135,7.504712,25.0,18.016868,27.583219,0
8124,8,812.3,95.492966,0.434018,21.994135,5.189709,25.0,16.747943,23.859687,0
8125,8,812.4,95.492966,0.361681,21.994135,5.323319,25.0,16.747943,23.859687,0
8126,8,812.5,95.492966,0.361681,17.106549,3.4576,25.0,16.005296,23.472801,0
8127,8,812.6,95.492966,0.632942,21.994135,3.634767,25.0,16.747943,23.859687,0
8128,8,812.7,95.492966,0.632942,21.994135,1.70611,25.0,16.747943,23.859687,0
8129,8,812.8,95.492966,0.452102,31.769306,1.630213,25.0,16.747943,23.859687,0
8130,8,812.9,95.492966,0.759531,12.218964,0.645642,25.0,16.747943,23.859687,0
8131,8,813.0,95.492966,0.325513,31.769306,0.712482,25.0,16.860612,23.859687,0
8132,8,813.1,95.492966,0.271261,21.994135,2.86935,25.0,16.715616,23.762706,0
8133,8,813.2,95.492966,0.379765,26.88172,3.013901,25.0,16.747943,23.859687,0
8134,8,813.3,95.492966,0.632942,21.994135,4.32503,25.0,16.715616,23.762706,0
8135,8,813.4,95.492966,0.09042,21.994135,4.805891,25.0,16.577138,23.762706,0
8136,8,813.5,95.492966,0.542522,21.994135,5.325114,25.0,16.687885,23.762706,0
8137,8,813.6,95.492966,0.632942,21.994135,6.051632,25.0,16.538825,23.569265,0
8138,8,813.7,95.492966,0.379765,21.994135,6.189795,25.0,16.63135,23.762706,0
8139,8,813.8,95.492966,0.632942,17.106549,7.018835,25.0,16.715616,23.762706,0
8140,8,813.9,95.492966,0.542522,12.218964,6.568759,25.0,16.715616,23.762706,0
8141,8,814.0,95.492966,0.813783,21.994135,7.435639,25.0,16.715616,23.762706,0
8142,8,814.1,95.492966,0.904203,21.994135,6.435764,25.0,16.743749,23.762706,0
8143,8,814.2,95.492966,0.361681,17.106549,7.327549,25.0,16.715616,23.762706,0
8144,8,814.3,95.492966,0.632942,26.88172,5.775319,25.0,16.715616,23.762706,0
8145,8,814.4,95.492966,2.71261,21.994135,6.642533,25.0,16.715616,23.762706,0
8146,8,814.5,95.492966,1.627566,17.106549,5.280063,25.0,16.743749,23.762706,0
8147,8,814.6,95.492966,5.3348,17.106549,5.979357,25.0,16.715616,23.762706,0
8148,8,814.7,95.492966,2.278592,31.769306,4.448106,25.0,16.715616,23.762706,0
8149,8,814.8,95.492966,7.776149,17.106549,4.914515,25.0,16.715616,23.762706,0
8150,8,814.9,95.492966,5.063539,12.218964,3.412396,25.0,16.683347,23.6659,0
8151,8,815.0,95.492966,4.611437,12.218964,3.360904,25.0,16.910243,23.762706,0
8152,8,815.1,95.492966,5.967742,12.218964,2.56796,25.0,16.18507,23.762706,0
8153,8,815.2,95.492966,8.409091,17.106549,3.194739,25.0,16.784661,24.054174,0
8154,8,815.3,95.492966,3.797654,21.994135,2.420465,25.0,16.655616,23.6659,0
8155,8,815.4,95.492966,7.324047,12.218964,3.934582,25.0,16.882382,23.762706,0
8156,8,815.5,95.492966,5.967742,26.88172,2.920511,25.0,16.715616,23.762706,0
8157,8,815.6,95.492966,5.786901,26.88172,5.054931,25.0,16.888837,23.859687,0
8158,8,815.7,95.492966,2.929619,17.106549,3.911443,25.0,16.715616,23.762706,0
8159,8,815.8,95.492966,2.441349,21.994135,6.236318,25.0,16.715616,23.762706,0
8160,8,815.9,95.492966,3.435973,21.994135,5.004587,25.0,16.715616,23.762706,0
8161,8,816.0,95.492966,0.97654,26.88172,7.281436,25.0,16.683347,23.6659,0
8162,8,816.1,95.492966,1.356305,26.88172,6.721541,25.0,16.627904,23.6659,0
8163,8,816.2,95.492966,0.48827,17.106549,8.402739,25.0,16.683347,23.6659,0
8164,8,816.3,95.492966,0.271261,17.106549,7.223465,25.0,16.71148,23.6659,0
8165,8,816.4,95.492966,0.542522,17.106549,7.881677,25.0,17.143959,23.859687,0
8166,8,816.5,95.492966,0.813783,21.994135,6.883085,25.0,16.655236,23.6659,0
8167,8,816.6,95.492966,0.452102,21.994135,6.878919,25.0,16.627904,23.6659,0
8168,8,816.7,95.492966,0.217009,26.88172,6.498192,25.0,16.71148,23.6659,0
8169,8,816.8,95.492966,3.616813,21.994135,5.949318,25.0,16.683347,23.6659,0
8170,8,816.9,95.492966,0.506354,26.88172,5.737971,25.0,16.683347,23.6659,0
8171,8,817.0,95.492966,0.018084,26.88172,4.250935,25.0,16.771905,23.762706,0
8172,8,817.1,95.492966,0.506354,12.218964,4.563157,25.0,16.655236,23.6659,0
8173,8,817.2,95.492966,0.452102,26.88172,2.595717,25.0,16.711095,23.6659,0
8174,8,817.3,95.492966,0.325513,31.769306,2.563304,25.0,16.458493,23.6659,0
8175,8,817.4,95.492966,0.361681,26.88172,0.49483,25.0,16.71148,23.6659,0
8176,8,817.5,95.492966,0.271261,17.106549,0.536522,25.0,16.490119,23.6659,0
8177,8,817.6,95.492966,0.813783,26.88172,1.852453,25.0,16.683347,23.6659,0
8178,8,817.7,95.492966,0.632942,17.106549,1.905845,25.0,16.426857,23.569265,0
8179,8,817.8,95.492966,0.361681,21.994135,3.595782,25.0,16.683347,23.6659,0
8180,8,817.9,95.492966,0.542522,17.106549,3.874626,25.0,16.683347,23.6659,0
8181,8,818.0,95.492966,0.452102,17.106549,4.598618,25.0,16.370997,23.569265,0
8182,8,818.1,95.492966,0.506354,21.994135,5.461535,25.0,16.651135,23.569265,0
8183,8,818.2,95.492966,0.813783,17.106549,5.571097,25.0,16.683347,23.6659,0
8184,8,818.3,95.492966,0.452102,26.88172,6.671599,25.0,16.651135,23.569265,0
8185,8,818.4,95.492966,0.723363,17.106549,6.087448,25.0,16.679268,23.569265,0
8186,8,818.5,95.492966,0.723363,26.88172,7.538061,25.0,16.679268,23.569265,0
8187,8,818.6,95.492966,0.361681,21.994135,6.221745,25.0,16.651135,23.569265,0
8188,8,818.7,95.492966,0.379765,17.106549,7.709769,25.0,16.595692,23.569265,0
8189,8,818.8,95.492966,0.596774,12.218964,5.850932,25.0,16.651135,23.569265,0
8190,8,818.9,95.492966,0.994624,26.88172,7.162356,25.0,16.651135,23.569265,0
8191,8,819.0,95.492966,0.126588,21.994135,5.360882,25.0,16.651135,23.569265,0
8192,8,819.1,95.492966,2.495601,21.994135,6.345302,25.0,16.535842,23.472801,0
8193,8,819.2,95.492966,3.255132,26.88172,5.323319,25.0,16.176104,23.569265,0
8194,8,819.3,95.492966,6.962366,26.88172,5.596766,25.0,16.651135,23.569265,0
8195,8,819.4,95.492966,4.159335,21.994135,4.107462,25.0,16.651135,23.569265,0
8196,8,819.5,95.492966,8.13783,26.88172,4.182386,25.0,16.651135,23.569265,0
8197,8,819.6,95.492966,5.786901,26.88172,2.959513,25.0,16.586883,23.376506,0
8198,8,819.7,95.492966,8.499511,17.106549,3.319423,25.0,16.59613,23.569265,0
8199,8,819.8,95.492966,8.481427,21.994135,2.373626,25.0,16.651135,23.569265,0
8200,8,819.9,95.492966,4.882698,17.106549,3.462433,25.0,16.651135,23.569265,0
8201,8,820.0,95.492966,6.148583,21.994135,2.483788,25.0,16.860612,23.859687,0
8202,8,820.1,95.492966,6.871945,26.88172,4.773973,25.0,16.679268,23.569265,0
8203,8,820.2,95.492966,3.309384,17.106549,3.160156,25.0,16.678884,23.569265,0
8204,8,820.3,95.492966,3.038123,31.769306,5.781933,25.0,16.651135,23.569265,0
8205,8,820.4,95.492966,4.340176,21.994135,4.261599,25.0,16.618981,23.472801,0
8206,8,820.5,95.492966,1.790323,17.106549,6.829428,25.0,16.540319,23.569265,0
8207,8,820.6,95.492966,1.627566,17.106549,5.823923,25.0,16.730084,23.472801,0
8208,8,820.7,95.492966,0.886119,12.218964,8.193451,25.0,16.618981,23.472801,0
8209,8,820.8,95.492966,0.994624,26.88172,7.093316,25.0,17.286588,23.859687,0
8210,8,820.9,95.492966,0.434018,26.88172,8.367127,25.0,16.618981,23.472801,0
8211,8,821.0,95.492966,0.813783,21.994135,6.883085,25.0,16.678884,23.569265,0
8212,8,821.1,95.492966,0.054252,7.331378,7.361376,25.0,15.973028,19.921501,0
8213,8,821.2,95.492966,0.596774,21.994135,6.886207,25.0,16.56314,23.472801,0
8214,8,821.3,95.492966,0.108504,21.994135,6.499662,25.0,16.762238,23.569265,0
8215,8,821.4,95.492966,0.0,21.994135,6.082737,25.0,16.734783,23.569265,0
8216,8,821.5,95.492966,0.271261,12.218964,5.220458,25.0,17.078009,23.6659,0
8217,8,821.6,95.492966,0.632942,26.88172,5.084616,25.0,16.734783,23.569265,0
8218,8,821.7,95.492966,0.632942,21.994135,3.56241,25.0,16.70665,23.569265,0
8219,8,821.8,95.492966,0.361681,17.106549,3.388511,25.0,16.299263,22.51727,0
8220,8,821.9,95.492966,0.542522,21.994135,1.599144,25.0,16.818527,23.569265,0
8221,8,822.0,95.492966,0.434018,17.106549,1.267478,25.0,16.786039,23.472801,0
8222,8,822.1,95.492966,0.542522,21.994135,0.645642,25.0,17.013345,23.569265,0
8223,8,822.2,95.492966,0.361681,12.218964,0.973231,25.0,16.729795,23.472801,0
8224,8,822.3,95.492966,0.723363,21.994135,3.050926,25.0,16.874191,23.569265,0
8225,8,822.4,95.492966,0.723363,21.994135,3.257678,25.0,16.817902,23.569265,0
8226,8,822.5,95.492966,0.452102,21.994135,4.391353,25.0,16.813608,23.472801,0
8227,8,822.6,95.492966,0.434018,26.88172,4.844507,25.0,16.813377,23.472801,0
8228,8,822.7,95.492966,0.632942,17.106549,5.360882,25.0,16.901776,23.569265,0
8229,8,822.8,95.492966,0.452102,17.106549,6.118761,25.0,16.869388,23.472801,0
8230,8,822.9,95.492966,1.012708,17.106549,6.018382,25.0,16.985751,23.569265,0
8231,8,823.0,95.492966,0.632942,21.994135,7.22611,25.0,17.26861,23.569265,0
8232,8,823.1,95.492966,0.632942,31.769306,6.397045,25.0,16.953381,23.472801,0
8233,8,823.2,95.492966,0.632942,31.769306,7.571578,25.0,16.985363,23.569265,0
8234,8,823.3,95.492966,0.994624,21.994135,6.195967,25.0,16.705225,23.569265,0
8235,8,823.4,95.492966,0.723363,21.994135,7.330808,25.0,17.041478,23.569265,0
8236,8,823.5,95.492966,0.379765,26.88172,5.360882,25.0,17.041478,23.569265,0
8237,8,823.6,95.492966,11.772727,17.106549,6.681975,25.0,17.06948,23.569265,0
8238,8,823.7,95.492966,2.441349,12.218964,5.363555,25.0,17.097504,23.569265,0
8239,8,823.8,95.492966,5.696481,21.994135,6.286298,25.0,17.009105,23.472801,0
8240,8,823.9,95.492966,3.345552,17.106549,4.56211,25.0,17.06937,23.569265,0
8241,8,824.0,95.492966,7.866569,21.994135,4.798429,25.0,17.097415,23.569265,0
8242,8,824.1,95.492966,4.611437,12.218964,3.588466,25.0,17.246363,23.762706,0
8243,8,824.2,95.492966,8.680352,17.106549,3.710222,25.0,17.097504,23.569265,0
8244,8,824.3,95.492966,3.526393,21.994135,2.7039,25.0,17.181704,23.569265,0
8245,8,824.4,95.492966,8.770772,21.994135,3.348085,25.0,17.213915,23.6659,0
8246,8,824.5,95.492966,3.906158,21.994135,2.462538,25.0,17.419521,23.859687,0
8247,8,824.6,95.492966,7.776149,17.106549,4.483411,25.0,17.213915,23.6659,0
8248,8,824.7,95.492966,8.354839,12.218964,2.602152,25.0,17.270159,23.6659,0
8249,8,824.8,95.492966,6.058162,21.994135,5.380453,25.0,17.270159,23.6659,0
8250,8,824.9,95.492966,3.038123,12.218964,3.528045,25.0,17.298315,23.6659,0
8251,8,825.0,95.492966,2.278592,17.106549,6.852824,25.0,16.850405,23.6659,0
8252,8,825.1,95.492966,2.387097,17.106549,4.732258,25.0,17.298315,23.6659,0
8253,8,825.2,95.492966,0.922287,26.88172,7.726792,25.0,17.270182,23.6659,0
8254,8,825.3,95.492966,1.681818,17.106549,6.681975,25.0,17.980885,23.6659,0
8255,8,825.4,95.492966,0.632942,26.88172,8.677151,25.0,17.270182,23.6659,0
8256,8,825.5,95.492966,1.808407,26.88172,6.736806,25.0,17.382921,23.6659,0
8257,8,825.6,95.492966,0.162757,21.994135,8.052881,25.0,17.358762,23.762706,0
8258,8,825.7,95.492966,0.723363,41.544477,6.916322,25.0,17.27443,23.762706,0
8259,8,825.8,95.492966,0.632942,17.106549,7.018835,25.0,17.698784,23.762706,0
8260,8,825.9,95.492966,0.325513,17.106549,6.36147,25.0,16.94078,23.762706,0
8261,8,826.0,95.492966,0.361681,17.106549,5.737971,25.0,17.549186,24.249371,0
8262,8,826.1,95.492966,0.723363,26.88172,5.742133,25.0,17.358762,23.762706,0
8263,8,826.2,95.492966,0.452102,26.88172,4.184099,25.0,17.358762,23.762706,0
8264,8,826.3,95.492966,0.542522,31.769306,4.358044,25.0,17.419291,23.859687,0
8265,8,826.4,95.492966,0.542522,21.994135,2.425395,25.0,17.027379,23.859687,0
8266,8,826.5,95.492966,0.632942,21.994135,2.462538,25.0,17.386964,23.762706,0
8267,8,826.6,95.492966,0.325513,17.106549,0.386398,25.0,17.358946,23.762706,0
8268,8,826.7,95.492966,0.271261,26.88172,0.278635,25.0,17.447516,23.859687,0
8269,8,826.8,95.492966,0.452102,21.994135,2.043747,25.0,17.447516,23.859687,0
8270,8,826.9,95.492966,0.108504,26.88172,2.011941,25.0,17.617373,23.859687,0
8271,8,827.0,95.492966,0.542522,17.106549,3.805575,25.0,17.415305,23.762706,0
8272,8,827.1,95.492966,0.632942,26.88172,4.048886,25.0,17.443438,23.762706,0
8273,8,827.2,95.492966,0.452102,21.994135,4.944077,25.0,17.504038,23.859687,0
8274,8,827.3,95.492966,0.434018,17.106549,5.534961,25.0,17.270725,23.6659,0
8275,8,827.4,95.492966,0.632942,21.994135,5.844396,25.0,17.504038,23.859687,0
8276,8,827.5,95.492966,0.434018,21.994135,6.70909,25.0,17.475905,23.859687,0
8277,8,827.6,95.492966,0.632942,21.994135,6.397045,25.0,17.593254,23.956842,0
8278,8,827.7,95.492966,0.723363,21.994135,7.330808,25.0,17.536423,23.956842,0
8279,8,827.8,95.492966,0.325513,17.106549,6.499662,25.0,17.536423,23.956842,0
8280,8,827.9,95.492966,0.217009,21.994135,7.534891,25.0,17.36714,23.956842,0
8281,8,828.0,95.492966,0.48827,21.994135,6.054395,25.0,18.809554,23.956842,0
8282,8,828.1,95.492966,0.922287,36.656891,6.968624,25.0,18.087084,24.249371,0
8283,8,828.2,95.492966,0.705279,17.106549,5.372899,25.0,17.222289,23.859687,0
8284,8,828.3,95.492966,4.068915,12.218964,6.169306,25.0,17.649758,23.956842,0
8285,8,828.4,95.492966,2.278592,17.106549,5.174497,25.0,17.411495,23.6659,0
8286,8,828.5,95.492966,6.962366,7.331378,5.354193,25.0,17.593041,23.956842,0
8287,8,828.6,95.492966,4.701857,21.994135,3.941255,25.0,17.593041,23.956842,0
8288,8,828.7,95.492966,7.776149,21.994135,3.987054,25.0,17.593041,23.956842,0
8289,8,828.8,95.492966,8.354839,26.88172,3.057184,25.0,17.593041,23.956842,0
8290,8,828.9,95.492966,8.409091,21.994135,3.233388,25.0,17.597164,24.054174,0
8291,8,829.0,95.492966,13.526882,17.106549,2.341199,25.0,17.597164,24.054174,0
8292,8,829.1,95.492966,33.419355,26.88172,3.502902,25.0,17.593041,23.956842,0
8293,8,829.2,95.492966,6.239003,17.106549,2.554903,25.0,17.597352,24.054174,0
8294,8,829.3,95.492966,6.962366,12.218964,4.879882,25.0,17.504412,23.859687,0
8295,8,829.4,95.492966,1.103128,17.106549,3.319423,25.0,17.910096,24.054174,0
8296,8,829.5,95.492966,4.611437,17.106549,5.89243,25.0,17.625485,24.054174,0
8297,8,829.6,95.492966,2.495601,21.994135,4.235735,25.0,17.625698,24.054174,0
8298,8,829.7,95.492966,0.542522,21.994135,6.984375,25.0,17.34334,24.054174,0
8299,8,829.8,95.492966,6.166667,21.994135,5.795963,25.0,17.767175,24.054174,0
8300,8,829.9,95.492966,0.361681,12.218964,8.433387,25.0,17.597587,24.054174,0
8301,8,830.0,95.492966,0.994624,12.218964,7.093316,25.0,18.717066,24.938317,0
8302,8,830.1,95.492966,0.813783,12.218964,8.471823,25.0,17.686334,24.151683,0
8303,8,830.2,95.492966,0.632942,12.218964,6.949744,25.0,17.710598,24.054174,0
8304,8,830.3,95.492966,0.108504,2.443793,7.396017,25.0,18.071195,24.543523,0
8305,8,830.4,95.492966,0.723363,21.994135,6.847244,25.0,17.231116,24.054174,0
8306,8,830.5,95.492966,0.723363,21.994135,6.363723,25.0,17.544848,24.151683,0
8307,8,830.6,95.492966,0.379765,21.994135,6.186706,25.0,17.597587,24.054174,0
8308,8,830.7,95.492966,0.108504,21.994135,5.045944,25.0,17.658201,24.151683,0
8309,8,830.8,95.492966,0.434018,26.88172,5.120664,25.0,17.686572,24.151683,0
8310,8,830.9,95.492966,0.452102,26.88172,3.286152,25.0,17.657988,24.151683,0
8311,8,831.0,95.492966,0.361681,17.106549,3.52669,25.0,17.75152,24.347239,0
8312,8,831.1,95.492966,0.452102,21.994135,1.423706,25.0,17.771039,24.151683,0
8313,8,831.2,95.492966,0.271261,26.88172,1.349629,25.0,17.686334,24.151683,0
8314,8,831.3,95.492966,0.452102,21.994135,0.875001,25.0,17.828443,24.151683,0
8315,8,831.4,95.492966,0.452102,21.994135,0.943317,25.0,17.742669,24.151683,0
8316,8,831.5,95.492966,0.325513,26.88172,2.977218,25.0,17.747268,24.249371,0
8317,8,831.6,95.492966,0.542522,17.106549,3.046225,25.0,16.808962,23.859687,0
8318,8,831.7,95.492966,0.379765,21.994135,4.186952,25.0,17.747268,24.249371,0
8319,8,831.8,95.492966,0.542522,17.106549,4.979704,25.0,17.718897,24.249371,0
8320,8,831.9,95.492966,0.379765,17.106549,5.15368,25.0,17.832532,24.249371,0
8321,8,832.0,95.492966,0.542522,31.769306,6.228652,25.0,17.75633,24.445289,0
8322,8,832.1,95.492966,0.271261,21.994135,5.980556,25.0,17.803602,24.249371,0
8323,8,832.2,95.492966,0.271261,17.106549,7.154347,25.0,17.775664,24.249371,0
8324,8,832.3,95.492966,0.271261,21.994135,6.256969,25.0,17.747268,24.249371,0
8325,8,832.4,95.492966,0.904203,26.88172,7.747787,25.0,17.747268,24.249371,0
8326,8,832.5,95.492966,0.126588,21.994135,6.120713,25.0,17.302791,23.762706,0
8327,8,832.6,95.492966,0.108504,21.994135,7.536159,25.0,17.975162,24.249371,0
8328,8,832.7,95.492966,1.085044,17.106549,5.473768,25.0,17.625958,24.054174,0
8329,8,832.8,95.492966,2.80303,21.994135,6.750267,25.0,17.836225,24.347239,0
8330,8,832.9,95.492966,0.97654,26.88172,5.148579,25.0,17.690551,24.249371,0
8331,8,833.0,95.492966,3.472141,17.106549,6.265744,25.0,17.74753,24.249371,0
8332,8,833.1,95.492966,4.068915,21.994135,4.841548,25.0,17.747268,24.249371,0
8333,8,833.2,95.492966,4.665689,21.994135,4.914515,25.0,17.775664,24.249371,0
8334,8,833.3,95.492966,6.709189,26.88172,3.326612,25.0,17.775664,24.249371,0
8335,8,833.4,95.492966,19.494624,26.88172,3.836832,25.0,17.808286,24.347239,0
8336,8,833.5,95.492966,8.354839,12.218964,2.71272,25.0,16.780439,24.347239,0
8337,8,833.6,95.492966,12.152493,21.994135,3.309332,25.0,18.207652,25.037488,0
8338,8,833.7,95.492966,6.239003,21.994135,2.350365,25.0,17.808286,24.347239,0
8339,8,833.8,95.492966,7.776149,12.218964,4.228397,25.0,17.873714,24.543523,0
8340,8,833.9,95.492966,5.967742,21.994135,2.674586,25.0,18.180405,24.445289,0
8341,8,834.0,95.492966,5.967742,17.106549,5.334526,25.0,17.836442,24.347239,0
8342,8,834.1,95.492966,2.983871,17.106549,3.657044,25.0,18.065025,24.347239,0
8343,8,834.2,95.492966,2.22434,17.106549,6.338899,25.0,17.639819,24.347239,0
8344,8,834.3,95.492966,2.115836,2.443793,4.846972,25.0,18.019478,24.641941,0
8345,8,834.4,95.492966,1.898827,17.106549,7.462576,25.0,17.808046,24.347239,0
8346,8,834.5,95.492966,4.068915,17.106549,6.756634,25.0,17.865155,24.347239,0
8347,8,834.6,95.492966,0.108504,12.218964,8.503626,25.0,17.836708,24.347239,0
8348,8,834.7,95.492966,0.361681,21.994135,7.327549,25.0,17.775952,24.249371,0
8349,8,834.8,95.492966,0.434018,17.106549,7.814407,25.0,17.836708,24.347239,0
8350,8,834.9,95.492966,0.632942,17.106549,6.811565,25.0,17.394012,24.445289,0
8351,8,835.0,95.492966,0.054252,21.994135,6.94665,25.0,17.911255,24.740545,0
8352,8,835.1,95.492966,0.379765,17.106549,6.535215,25.0,17.784441,24.445289,0
8353,8,835.2,95.492966,0.434018,21.994135,5.880255,25.0,17.808286,24.347239,0
8354,8,835.3,95.492966,0.452102,21.994135,5.704149,25.0,17.897547,24.445289,0
8355,8,835.4,95.492966,0.325513,21.994135,4.358044,25.0,17.869391,24.445289,0
8356,8,835.5,95.492966,0.379765,17.106549,4.394073,25.0,17.808286,24.347239,0
8357,8,835.6,95.492966,0.054252,21.994135,2.522913,25.0,17.192719,23.088627,0
8358,8,835.7,95.492966,0.09042,26.88172,2.457683,25.0,17.897547,24.445289,0
8359,8,835.8,95.492966,0.542522,21.994135,0.579339,25.0,17.869126,24.445289,0
8360,8,835.9,95.492966,0.325513,21.994135,0.326043,25.0,18.212525,24.445289,0
8361,8,836.0,95.492966,0.632942,12.218964,1.843404,25.0,17.808286,24.347239,0
8362,8,836.1,95.492966,0.542522,17.106549,2.149704,25.0,17.869126,24.445289,0
8363,8,836.2,95.492966,0.542522,12.218964,3.667481,25.0,17.808286,24.347239,0
8364,8,836.3,95.492966,0.632942,21.994135,3.979857,25.0,17.235219,24.054174,0
8365,8,836.4,95.492966,0.542522,12.218964,4.772471,25.0,17.84073,24.445289,0
8366,8,836.5,95.492966,0.09042,21.994135,5.635049,25.0,17.812574,24.445289,0
8367,8,836.6,95.492966,0.162757,17.106549,5.778214,25.0,17.84097,24.445289,0
8368,8,836.7,95.492966,0.48827,21.994135,6.675894,25.0,17.115417,24.445289,0
8369,8,836.8,95.492966,0.632942,17.106549,6.258877,25.0,17.84097,24.445289,0
8370,8,836.9,95.492966,0.217009,21.994135,7.465777,25.0,17.84097,24.445289,0
8371,8,837.0,95.492966,0.48827,17.106549,6.261548,25.0,17.84097,24.445289,0
8372,8,837.1,95.492966,0.651026,21.994135,7.681832,25.0,17.421216,24.445289,0
8373,8,837.2,95.492966,0.723363,21.994135,5.880255,25.0,17.756637,24.445289,0
8374,8,837.3,95.492966,1.898827,21.994135,7.170356,25.0,18.211934,24.445289,0
8375,8,837.4,95.492966,0.759531,21.994135,5.341239,25.0,18.208853,24.445289,0
8376,8,837.5,95.492966,0.795699,17.106549,6.597788,25.0,17.780153,24.347239,0
8377,8,837.6,95.492966,2.531769,31.769306,5.131383,25.0,17.925994,24.445289,0
8378,8,837.7,95.492966,7.143206,26.88172,5.629535,25.0,17.700526,24.445289,0
8379,8,837.8,95.492966,2.71261,21.994135,4.161773,25.0,17.873714,24.543523,0
8380,8,837.9,95.492966,8.04741,21.994135,4.041209,25.0,17.869126,24.445289,0
8381,8,838.0,95.492966,3.146628,17.106549,3.066546,25.0,17.84097,24.445289,0
8382,8,838.1,95.492966,8.861193,21.994135,3.422881,25.0,17.728571,24.445289,0
8383,8,838.2,95.492966,3.743402,17.106549,2.61223,25.0,17.934676,24.641941,0
8384,8,838.3,95.492966,8.499511,26.88172,3.751839,25.0,17.812574,24.445289,0
8385,8,838.4,95.492966,6.239003,17.106549,2.380661,25.0,17.480823,23.28038,0
8386,8,838.5,95.492966,4.231672,21.994135,5.044523,25.0,17.90187,24.543523,0
8387,8,838.6,95.492966,3.363636,17.106549,3.106021,25.0,17.958739,24.543523,0
8388,8,838.7,95.492966,6.835777,17.106549,6.220209,25.0,17.873714,24.543523,0
8389,8,838.8,95.492966,4.340176,17.106549,3.881402,25.0,17.97757,24.347239,0
8390,8,838.9,95.492966,0.542522,17.106549,7.258106,25.0,17.869126,24.445289,0
8391,8,839.0,95.492966,3.255132,26.88172,5.727971,25.0,17.959056,24.543523,0
8392,8,839.1,95.492966,0.48827,21.994135,8.471823,25.0,17.439492,24.249371,0
8393,8,839.2,95.492966,0.434018,26.88172,6.916322,25.0,17.90187,24.543523,0
8394,8,839.3,95.492966,0.434018,17.106549,8.643498,25.0,17.450301,24.543523,0
8395,8,839.4,95.492966,0.48827,17.106549,6.95215,25.0,17.90187,24.543523,0
8396,8,839.5,95.492966,0.054252,21.994135,7.430818,25.0,17.756637,24.445289,0
8397,8,839.6,95.492966,0.542522,17.106549,6.776052,25.0,18.327251,24.543523,0
8398,8,839.7,95.492966,0.813783,26.88172,6.537774,25.0,17.845103,24.543523,0
8399,8,839.8,95.492966,0.542522,21.994135,6.154186,25.0,17.90187,24.543523,0
8400,8,839.9,95.492966,0.180841,17.106549,5.045944,25.0,17.754453,23.762706,0
8401,8,840.0,95.492966,0.108504,26.88172,5.186947,25.0,18.213201,24.543523,0
8402,8,840.1,95.492966,0.542522,17.106549,3.391329,25.0,17.873474,24.543523,0
8403,8,840.2,95.492966,0.379765,17.106549,3.496759,25.0,17.930049,24.543523,0
8404,8,840.3,95.492966,0.162757,31.769306,1.556755,25.0,17.845318,24.543523,0
8405,8,840.4,95.492966,0.379765,17.106549,1.363715,25.0,17.845318,24.543523,0
8406,8,840.5,95.492966,0.542522,21.994135,0.779719,25.0,17.959056,24.543523,0
8407,8,840.6,95.492966,0.379765,17.106549,0.888546,25.0,17.873474,24.543523,0
8408,8,840.7,95.492966,0.542522,21.994135,2.977218,25.0,17.854748,24.740545,0
8409,8,840.8,95.492966,0.759531,21.994135,3.184254,25.0,17.845318,24.543523,0
8410,8,840.9,95.492966,0.723363,12.218964,4.499367,25.0,17.816947,24.543523,0
8411,8,841.0,95.492966,0.434018,17.106549,4.844507,25.0,17.929855,24.543523,0
8412,8,841.1,95.492966,0.632942,17.106549,5.222746,25.0,17.816757,24.543523,0
8413,8,841.2,95.492966,0.452102,21.994135,6.187865,25.0,17.816947,24.543523,0
8414,8,841.3,95.492966,0.723363,17.106549,6.087448,25.0,17.901653,24.543523,0
8415,8,841.4,95.492966,0.904203,26.88172,7.126244,25.0,17.812359,24.445289,0
8416,8,841.5,95.492966,0.379765,21.994135,6.535215,25.0,17.816947,24.543523,0
8417,8,841.6,95.492966,0.271261,17.106549,7.63911,25.0,17.845103,24.543523,0
8418,8,841.7,95.492966,0.994624,21.994135,6.195967,25.0,18.127962,24.543523,0
8419,8,841.8,95.492966,0.325513,12.218964,7.328853,25.0,18.614795,24.543523,0
8420,8,841.9,95.492966,0.036168,21.994135,5.323319,25.0,17.873714,24.543523,0
8421,8,842.0,95.492966,2.531769,21.994135,6.632455,25.0,17.466485,24.249371,0
8422,8,842.1,95.492966,1.681818,17.106549,5.185104,25.0,17.845103,24.543523,0
8423,8,842.2,95.492966,5.967742,21.994135,6.096859,25.0,17.647236,24.543523,0
8424,8,842.3,95.492966,4.068915,21.994135,4.579879,25.0,17.816947,24.543523,0
8425,8,842.4,95.492966,8.04741,17.106549,4.841548,25.0,17.816947,24.543523,0
8426,8,842.5,95.492966,5.153959,17.106549,3.517873,25.0,18.212303,25.13685,0
8427,8,842.6,95.492966,4.93695,31.769306,3.509035,25.0,17.845103,24.543523,0
8428,8,842.7,95.492966,3.634897,21.994135,2.649459,25.0,17.816947,24.543523,0
8429,8,842.8,95.492966,8.589932,36.656891,3.279603,25.0,17.345559,24.054174,0
8430,8,842.9,95.492966,6.419844,12.218964,2.419478,25.0,17.633442,24.839336,0
8431,8,843.0,95.492966,1.537146,17.106549,4.331101,25.0,17.816947,24.543523,0
8432,8,843.1,95.492966,8.481427,17.106549,2.760729,25.0,17.878124,24.641941,0
8433,8,843.2,95.492966,3.743402,12.218964,5.347943,25.0,18.278875,24.740545,0
8434,8,843.3,95.492966,7.088954,21.994135,3.645267,25.0,17.877909,24.641941,0
8435,8,843.4,95.492966,3.616813,12.218964,6.568031,25.0,18.134625,24.641941,0
8436,8,843.5,95.492966,0.741447,17.106549,4.733772,25.0,17.788814,24.543523,0
8437,8,843.6,95.492966,1.627566,31.769306,7.694882,25.0,17.784203,24.445289,0
8438,8,843.7,95.492966,1.464809,17.106549,6.524972,25.0,17.877909,24.641941,0
8439,8,843.8,95.492966,0.813783,21.994135,8.402739,25.0,17.992228,24.641941,0
8440,8,843.9,95.492966,0.162757,21.994135,7.154347,25.0,17.849753,24.641941,0
8441,8,844.0,95.492966,0.379765,21.994135,7.847962,25.0,17.845318,24.543523,0
8442,8,844.1,95.492966,0.379765,17.106549,6.880655,25.0,17.878124,24.641941,0
8443,8,844.2,95.492966,0.542522,17.106549,6.914249,25.0,17.550429,24.249371,0
8444,8,844.3,95.492966,0.542522,7.331378,6.568759,25.0,17.882621,24.740545,0
8445,8,844.4,95.492966,0.723363,12.218964,5.811193,25.0,17.877909,24.641941,0
8446,8,844.5,95.492966,0.723363,17.106549,5.811193,25.0,17.792945,24.641941,0
8447,8,844.6,95.492966,0.217009,12.218964,4.14855,25.0,17.878124,24.641941,0
8448,8,844.7,95.492966,0.162757,21.994135,4.458834,25.0,17.934459,24.641941,0
8449,8,844.8,95.492966,0.632942,21.994135,2.324816,25.0,17.90628,24.641941,0
8450,8,844.9,95.492966,0.108504,12.218964,2.563304,25.0,17.877909,24.641941,0
8451,8,845.0,95.492966,0.632942,21.994135,0.340381,25.0,17.878124,24.641941,0
8452,8,845.1,95.492966,0.452102,21.994135,0.278635,25.0,17.455371,24.641941,0
8453,8,845.2,95.492966,0.271261,17.106549,2.040238,25.0,17.878124,24.641941,0
8454,8,845.3,95.492966,0.09042,17.106549,2.178405,25.0,17.346546,24.054174,0
8455,8,845.4,95.492966,0.813783,26.88172,3.639365,25.0,17.90652,24.641941,0
8456,8,845.5,95.492966,0.162757,12.218964,4.044163,25.0,17.991545,24.641941,0
8457,8,845.6,95.492966,0.271261,12.218964,4.667708,25.0,18.048517,24.641941,0
8458,8,845.7,95.492966,0.325513,12.218964,5.670547,25.0,17.991276,24.641941,0
8459,8,845.8,95.492966,0.542522,21.994135,5.670547,25.0,17.991276,24.641941,0
8460,8,845.9,95.492966,0.452102,12.218964,6.809812,25.0,17.90628,24.641941,0
8461,8,846.0,95.492966,1.880743,17.106549,6.156515,25.0,18.048517,24.641941,0
8462,8,846.1,95.492966,0.434018,17.106549,7.468976,25.0,17.991862,24.641941,0
8463,8,846.2,95.492966,0.596774,17.106549,6.057945,25.0,17.865495,24.347239,0
8464,8,846.3,95.492966,0.271261,21.994135,7.638172,25.0,17.849563,24.641941,0
8465,8,846.4,95.492966,0.632942,17.106549,5.637168,25.0,18.076696,24.641941,0
8466,8,846.5,95.492966,1.356305,17.106549,7.170356,25.0,18.048517,24.641941,0
8467,8,846.6,95.492966,1.085044,12.218964,5.197988,25.0,17.736516,24.641941,0
8468,8,846.7,95.492966,2.387097,12.218964,6.463174,25.0,18.077043,24.641941,0
8469,8,846.8,95.492966,3.526393,26.88172,5.180495,25.0,18.048887,24.641941,0
8470,8,846.9,95.492966,7.143206,21.994135,5.568953,25.0,18.53082,24.641941,0
8471,8,847.0,95.492966,4.159335,26.88172,3.852986,25.0,18.077043,24.641941,0
8472,8,847.1,95.492966,4.991202,21.994135,4.097564,25.0,19.125412,24.641941,0
8473,8,847.2,95.492966,3.417889,17.106549,3.005964,25.0,18.105595,24.641941,0
8474,8,847.3,95.492966,8.589932,21.994135,3.301382,25.0,18.115105,24.839336,0
8475,8,847.4,95.492966,3.634897,12.218964,2.355441,25.0,18.077043,24.641941,0
8476,8,847.5,95.492966,7.956989,17.106549,3.538862,25.0,18.081755,24.740545,0
8477,8,847.6,95.492966,6.600684,21.994135,2.657561,25.0,18.445454,24.641941,0
8478,8,847.7,95.492966,4.177419,12.218964,4.938276,25.0,18.134174,24.641941,0
8479,8,847.8,95.492966,3.363636,21.994135,3.261342,25.0,18.450403,24.641941,0
8480,8,847.9,95.492966,2.875367,21.994135,5.847256,25.0,18.101368,24.543523,0
8481,8,848.0,95.492966,2.495601,21.994135,4.300103,25.0,18.540023,25.436106,0
8482,8,848.1,95.492966,3.924242,21.994135,6.955242,25.0,17.821242,24.641941,0
8483,8,848.2,95.492966,1.573314,21.994135,5.988539,25.0,18.42151,24.641941,0
8484,8,848.3,95.492966,0.759531,21.994135,8.365414,25.0,18.101819,24.543523,0
8485,8,848.4,95.492966,0.596774,17.106549,7.093316,25.0,18.986656,25.837892,0
8486,8,848.5,95.492966,0.994624,21.994135,8.405297,25.0,18.162781,24.641941,0
8487,8,848.6,95.492966,0.054252,12.218964,6.877877,25.0,18.306232,24.641941,0
8488,8,848.7,95.492966,0.09042,21.994135,7.361376,25.0,17.488636,24.543523,0
8489,8,848.8,95.492966,0.542522,7.331378,6.780986,25.0,18.097709,24.445289,0
8490,8,848.9,95.492966,0.126588,21.994135,6.535215,25.0,18.42151,24.641941,0
8491,8,849.0,95.492966,0.542522,12.218964,6.22328,25.0,18.098237,24.445289,0
8492,8,849.1,95.492966,0.506354,21.994135,5.046891,25.0,18.384564,25.13685,0
8493,8,849.2,95.492966,0.813783,12.218964,4.949872,25.0,18.163259,24.641941,0
8494,8,849.3,95.492966,0.813783,31.769306,3.363746,25.0,18.162781,24.641941,0
8495,8,849.4,95.492966,0.542522,26.88172,3.3223,25.0,18.215961,24.543523,0
8496,8,849.5,95.492966,0.162757,21.994135,1.5116,25.0,18.758202,25.236407,0
8497,8,849.6,95.492966,0.325513,21.994135,1.187693,25.0,18.220077,24.641941,0
8498,8,849.7,95.492966,0.217009,21.994135,0.904534,25.0,18.392646,24.641941,0
8499,8,849.8,95.492966,0.361681,17.106549,1.179621,25.0,18.187805,24.543523,0
8500,8,849.9,95.492966,0.542522,17.106549,3.115237,25.0,18.715759,24.938317,0
8501,8,850.0,95.492966,0.325513,17.106549,3.253275,25.0,18.277485,24.641941,0
8502,8,850.1,95.492966,0.379765,17.106549,4.394073,25.0,18.392646,24.641941,0
8503,8,850.2,95.492966,0.723363,26.88172,4.913543,25.0,18.193085,24.641941,0
8504,8,850.3,95.492966,0.542522,2.443793,5.325114,25.0,18.090339,24.249371,0
8505,8,850.4,95.492966,0.506354,26.88172,6.290856,25.0,18.335007,24.641941,0
8506,8,850.5,95.492966,0.542522,21.994135,5.877817,25.0,18.240113,24.445289,0
8507,8,850.6,95.492966,0.434018,17.106549,7.192643,25.0,18.503576,24.641941,0
8508,8,850.7,95.492966,0.542522,12.218964,6.36147,25.0,18.249329,24.641941,0
8509,8,850.8,95.492966,0.325513,21.994135,7.674365,25.0,18.479327,24.641941,0
8510,8,850.9,95.492966,0.994624,12.218964,5.919934,25.0,18.306232,24.641941,0
8511,8,851.0,95.492966,0.723363,21.994135,7.468976,25.0,18.419086,24.641941,0
8512,8,851.1,95.492966,0.271261,17.106549,5.358653,25.0,18.248767,24.641941,0
8513,8,851.2,95.492966,2.893451,21.994135,6.789787,25.0,18.392646,24.641941,0
8514,8,851.3,95.492966,2.260508,21.994135,5.215881,25.0,18.302201,24.543523,0
8515,8,851.4,95.492966,6.239003,21.994135,6.231719,25.0,19.170498,24.839336,0
8516,8,851.5,95.492966,3.074291,26.88172,4.568389,25.0,18.335007,24.641941,0
8517,8,851.6,95.492966,4.774194,31.769306,4.73932,25.0,18.335656,24.641941,0
8518,8,851.7,95.492966,3.038123,17.106549,3.528045,25.0,17.60455,24.543523,0
8519,8,851.8,95.492966,8.861193,26.88172,3.681134,25.0,18.180484,24.347239,0
8520,8,851.9,95.492966,5.877322,17.106549,2.7039,25.0,18.566283,24.641941,0
8521,8,852.0,95.492966,8.680352,17.106549,3.386395,25.0,18.759713,25.236407,0
8522,8,852.1,95.492966,3.797654,21.994135,2.39367,25.0,18.331006,24.543523,0
8523,8,852.2,95.492966,1.573314,26.88172,4.584571,25.0,18.446521,24.543523,0
8524,8,852.3,95.492966,3.526393,21.994135,2.59019,25.0,18.331006,24.543523,0
8525,8,852.4,95.492966,3.580645,41.544477,5.713355,25.0,18.54721,24.938317,0
8526,8,852.5,95.492966,5.153959,17.106549,3.63411,25.0,18.392646,24.641941,0
8527,8,852.6,95.492966,3.616813,17.106549,6.838866,25.0,18.50446,24.543523,0
8528,8,852.7,95.492966,3.616813,12.218964,4.823257,25.0,18.181924,24.347239,0
8529,8,852.8,95.492966,1.356305,12.218964,8.067108,25.0,18.524495,25.037488,0
8530,8,852.9,95.492966,2.531769,21.994135,6.700896,25.0,18.392646,24.641941,0
8531,8,853.0,95.492966,0.325513,17.106549,8.64184,25.0,18.972638,24.543523,0
8532,8,853.1,95.492966,0.452102,26.88172,7.086241,25.0,18.388704,24.543523,0
8533,8,853.2,95.492966,0.886119,21.994135,7.847962,25.0,18.573743,25.436106,0
8534,8,853.3,95.492966,2.748778,17.106549,6.847244,25.0,18.35984,24.543523,0
8535,8,853.4,95.492966,0.271261,21.994135,6.878919,25.0,18.446521,24.543523,0
8536,8,853.5,95.492966,0.09042,31.769306,6.393683,25.0,18.794105,24.740545,0
8537,8,853.6,95.492966,0.09042,12.218964,5.564232,25.0,18.044633,24.543523,0
8538,8,853.7,95.492966,0.126588,17.106549,5.775319,25.0,18.620714,24.543523,0
8539,8,853.8,95.492966,0.361681,12.218964,4.14855,25.0,18.360548,24.543523,0
8540,8,853.9,95.492966,0.379765,17.106549,4.32503,25.0,18.652123,24.740545,0
8541,8,854.0,95.492966,0.813783,26.88172,2.331998,25.0,18.449688,24.641941,0
8542,8,854.1,95.492966,0.271261,12.218964,2.388675,25.0,18.591603,24.543523,0
8543,8,854.2,95.492966,0.452102,12.218964,0.221295,25.0,17.700637,23.569265,0
8544,8,854.3,95.492966,0.325513,21.994135,0.186114,25.0,18.728877,24.543523,0
8545,8,854.4,95.492966,0.361681,21.994135,2.214297,25.0,18.4747,24.543523,0
8546,8,854.5,95.492966,0.632942,12.218964,2.324816,25.0,18.446521,24.543523,0
8547,8,854.6,95.492966,0.759531,17.106549,3.874626,25.0,18.417597,24.543523,0
8548,8,854.7,95.492966,0.48827,12.218964,4.121976,25.0,19.170793,24.839336,0
8549,8,854.8,95.492966,0.542522,21.994135,4.910625,25.0,18.479327,24.641941,0
8550,8,854.9,95.492966,0.325513,31.769306,5.601459,25.0,18.475475,24.543523,0
8551,8,855.0,95.492966,0.904203,21.994135,5.74546,25.0,18.389441,24.543523,0
8552,8,855.1,95.492966,0.108504,2.443793,6.914249,25.0,18.005422,24.249371,0
8553,8,855.2,95.492966,0.271261,17.106549,6.395177,25.0,18.446521,24.543523,0
8554,8,855.3,95.492966,0.542522,17.106549,7.402474,25.0,18.390232,24.543523,0
8555,8,855.4,95.492966,0.48827,26.88172,6.399658,25.0,18.875228,25.236407,0
8556,8,855.5,95.492966,0.904203,12.218964,7.471534,25.0,18.446521,24.543523,0
8557,8,855.6,95.492966,0.271261,21.994135,5.911453,25.0,18.475475,24.543523,0
8558,8,855.7,95.492966,0.97654,17.106549,7.00589,25.0,18.446521,24.543523,0
8559,8,855.8,95.492966,1.627566,21.994135,5.217254,25.0,18.502902,24.543523,0
8560,8,855.9,95.492966,3.978495,17.106549,6.261548,25.0,18.475475,24.543523,0
8561,8,856.0,95.492966,10.85044,26.88172,5.022693,25.0,18.475475,24.543523,0
8562,8,856.1,95.492966,10.506843,26.88172,5.518104,25.0,18.475475,24.543523,0
8563,8,856.2,95.492966,4.611437,21.994135,3.956983,25.0,18.508281,24.641941,0
8564,8,856.3,95.492966,4.93695,21.994135,4.004988,25.0,18.475475,24.543523,0
8565,8,856.4,95.492966,1.15738,17.106549,2.91314,25.0,18.649857,24.543523,0
8566,8,856.5,95.492966,5.316716,17.106549,3.397663,25.0,17.839629,22.802226,0
8567,8,856.6,95.492966,3.797654,26.88172,2.447944,25.0,18.659445,24.839336,0
8568,8,856.7,95.492966,17.704301,17.106549,3.74036,25.0,18.503654,24.543523,0
8569,8,856.8,95.492966,6.329423,12.218964,2.573535,25.0,18.541149,24.740545,0
8570,8,856.9,95.492966,7.052786,17.106549,5.044523,25.0,18.758923,24.543523,0
8571,8,857.0,95.492966,5.42522,26.88172,3.163933,25.0,18.50446,24.543523,0
8572,8,857.1,95.492966,18.554252,21.994135,6.286298,25.0,18.445776,24.543523,0
8573,8,857.2,95.492966,4.068915,12.218964,4.190944,25.0,18.50446,24.543523,0
8574,8,857.3,95.492966,2.350929,17.106549,7.171689,25.0,18.476305,24.543523,0
8575,8,857.4,95.492966,3.526393,17.106549,5.919126,25.0,18.388019,24.543523,0
8576,8,857.5,95.492966,0.180841,17.106549,8.645709,25.0,18.50446,24.543523,0
8577,8,857.6,95.492966,0.434018,21.994135,6.985401,25.0,18.533477,24.543523,0
8578,8,857.7,95.492966,0.361681,21.994135,8.502503,25.0,20.27418,24.543523,0
8579,8,857.8,95.492966,0.542522,21.994135,6.988136,25.0,18.533477,24.543523,0
8580,8,857.9,95.492966,0.632942,17.106549,7.362674,25.0,19.814758,24.543523,0
8581,8,858.0,95.492966,0.271261,17.106549,6.740705,25.0,18.36118,24.445289,0
8582,8,858.1,95.492966,0.162757,56.207234,6.330603,25.0,18.691679,24.938317,0
8583,8,858.2,95.492966,0.09042,26.88172,6.256969,25.0,18.591603,24.543523,0
8584,8,858.3,95.492966,0.0,21.994135,4.907705,25.0,18.380074,24.249371,0
8585,8,858.4,95.492966,0.434018,21.994135,5.258756,25.0,18.562524,24.543523,0
8586,8,858.5,95.492966,0.379765,17.106549,3.013901,25.0,18.533477,24.543523,0
8587,8,858.6,95.492966,0.325513,21.994135,3.460362,25.0,18.533477,24.543523,0
8588,8,858.7,95.492966,0.632942,12.218964,1.148843,25.0,18.562524,24.543523,0
8589,8,858.8,95.492966,0.542522,21.994135,1.324617,25.0,18.591603,24.543523,0
8590,8,858.9,95.492966,0.632942,21.994135,1.02348,25.0,18.475475,24.543523,0
8591,8,859.0,95.492966,0.271261,12.218964,1.080256,25.0,18.562524,24.543523,0
8592,8,859.1,95.492966,0.434018,17.106549,3.188752,25.0,18.501624,24.445289,0
8593,8,859.2,95.492966,0.452102,26.88172,3.286152,25.0,18.902883,24.543523,0
8594,8,859.3,95.492966,0.632942,21.994135,4.25599,25.0,18.562524,24.543523,0
8595,8,859.4,95.492966,0.325513,21.994135,5.117865,25.0,18.619782,24.543523,0
8596,8,859.5,95.492966,0.886119,17.106549,5.291813,25.0,18.558859,24.445289,0
8597,8,859.6,95.492966,0.542522,17.106549,6.36147,25.0,18.93133,24.543523,0
8598,8,859.7,95.492966,0.325513,12.218964,5.946908,25.0,18.619782,24.543523,0
8599,8,859.8,95.492966,0.632942,21.994135,7.295202,25.0,18.066436,24.151683,0
8600,8,859.9,95.492966,0.904203,17.106549,6.297688,25.0,18.591603,24.543523,0
8601,8,860.0,95.492966,0.054252,21.994135,7.845526,25.0,18.437264,24.249371,0
8602,8,860.1,95.492966,0.542522,12.218964,6.016,25.0,18.561655,24.543523,0
8603,8,860.2,95.492966,1.085044,17.106549,7.4057,25.0,18.536314,24.543523,0
8604,8,860.3,95.492966,0.48827,21.994135,5.43303,25.0,18.648893,24.543523,0
8605,8,860.4,95.492966,0.506354,12.218964,6.632455,25.0,18.620714,24.543523,0
8606,8,860.5,95.492966,2.350929,26.88172,5.187407,25.0,18.648893,24.543523,0
8607,8,860.6,95.492966,6.419844,26.88172,6.130852,25.0,18.620714,24.543523,0
8608,8,860.7,95.492966,2.441349,21.994135,4.645135,25.0,18.648893,24.543523,0
8609,8,860.8,95.492966,7.595308,21.994135,4.544798,25.0,18.616148,24.445289,0
8610,8,860.9,95.492966,5.3348,17.106549,3.3871,25.0,18.620714,24.543523,0
8611,8,861.0,95.492966,8.589932,26.88172,3.601756,25.0,18.648893,24.543523,0
8612,8,861.1,95.492966,5.877322,17.106549,2.521018,25.0,18.678036,24.543523,0
8613,8,861.2,95.492966,4.991202,21.994135,3.29051,25.0,17.64719,24.543523,0
8614,8,861.3,95.492966,6.510264,21.994135,2.469319,25.0,18.678036,24.543523,0
8615,8,861.4,95.492966,4.502933,21.994135,4.337164,25.0,18.588957,24.445289,0
8616,8,861.5,95.492966,5.967742,12.218964,2.876833,25.0,18.4747,24.543523,0
8617,8,861.6,95.492966,3.526393,17.106549,5.604443,25.0,18.645291,24.445289,0
8618,8,861.7,95.492966,2.766862,12.218964,3.833095,25.0,18.649857,24.543523,0
8619,8,861.8,95.492966,3.526393,17.106549,6.527169,25.0,18.659242,24.740545,0
8620,8,861.9,95.492966,1.953079,26.88172,5.188788,25.0,18.707211,24.543523,0
8621,8,862.0,95.492966,1.175464,21.994135,7.787152,25.0,18.617113,24.445289,0
8622,8,862.1,95.492966,1.537146,7.331378,6.761935,25.0,18.230866,23.956842,0
8623,8,862.2,95.492966,0.452102,17.106549,8.399327,25.0,18.646288,24.445289,0
8624,8,862.3,95.492966,1.265885,17.106549,7.333415,25.0,18.645291,24.445289,0
8625,8,862.4,95.492966,0.723363,31.769306,7.607147,25.0,18.646288,24.445289,0
8626,8,862.5,95.492966,0.361681,21.994135,6.843754,25.0,18.646288,24.445289,0
8627,8,862.6,95.492966,0.632942,12.218964,6.949744,25.0,18.421663,24.445289,0
8628,8,862.7,95.492966,0.723363,21.994135,6.363723,25.0,18.674467,24.445289,0
8629,8,862.8,95.492966,0.217009,21.994135,5.599753,25.0,18.674467,24.445289,0
8630,8,862.9,95.492966,0.904203,17.106549,5.814481,25.0,18.890492,24.839336,0
8631,8,863.0,95.492966,0.379765,21.994135,4.048886,25.0,19.187349,24.543523,0
8632,8,863.1,95.492966,0.723363,17.106549,4.154304,25.0,18.703675,24.445289,0
8633,8,863.2,95.492966,0.271261,7.331378,2.181692,25.0,18.405766,24.054174,0
8634,8,863.3,95.492966,0.361681,17.106549,2.214297,25.0,18.731877,24.445289,0
8635,8,863.4,95.492966,0.723363,21.994135,0.278635,25.0,18.674467,24.445289,0
8636,8,863.5,95.492966,0.452102,12.218964,0.142496,25.0,18.703675,24.445289,0
8637,8,863.6,95.492966,0.361681,26.88172,2.352396,25.0,18.306386,24.347239,0
8638,8,863.7,95.492966,0.452102,21.994135,2.526697,25.0,18.703675,24.445289,0
8639,8,863.8,95.492966,0.542522,12.218964,3.874626,25.0,18.732917,24.445289,0
8640,8,863.9,95.492966,0.162757,26.88172,4.182386,25.0,18.703675,24.445289,0
8641,8,864.0,95.492966,0.813783,26.88172,4.742847,25.0,18.761119,24.445289,0
8642,8,864.1,95.492966,0.723363,21.994135,5.811193,25.0,18.882174,24.641941,0
8643,8,864.2,95.492966,0.632942,21.994135,5.635049,25.0,18.762191,24.445289,0
8644,8,864.3,95.492966,0.452102,17.106549,6.878919,25.0,18.704738,24.445289,0
8645,8,864.4,95.492966,0.904203,17.106549,6.021557,25.0,18.704738,24.445289,0
8646,8,864.5,95.492966,0.361681,21.994135,7.604006,25.0,18.732917,24.445289,0
8647,8,864.6,95.492966,0.271261,17.106549,6.11759,25.0,18.762191,24.445289,0
8648,8,864.7,95.492966,0.886119,26.88172,7.640674,25.0,18.28467,24.445289,0
8649,8,864.8,95.492966,0.705279,12.218964,5.717535,25.0,19.102213,24.445289,0
8650,8,864.9,95.492966,1.030792,12.218964,7.043297,25.0,18.439893,24.347239,0
8651,8,865.0,95.492966,0.994624,17.106549,5.161091,25.0,18.820842,24.445289,0
8652,8,865.1,95.492966,3.092375,26.88172,6.812618,25.0,18.668707,24.249371,0
8653,8,865.2,95.492966,1.844575,21.994135,5.038363,25.0,18.762191,24.445289,0
8654,8,865.3,95.492966,4.285924,21.994135,5.388438,25.0,18.674467,24.445289,0
8655,8,865.4,95.492966,2.658358,17.106549,3.864748,25.0,18.729508,24.347239,0
8656,8,865.5,95.492966,12.025904,26.88172,4.199486,25.0,18.636144,24.151683,0
8657,8,865.6,95.492966,3.255132,21.994135,3.008348,25.0,19.07374,24.445289,0
8658,8,865.7,95.492966,8.861193,17.106549,3.363746,25.0,18.7915,24.445289,0
8659,8,865.8,95.492966,6.239003,17.106549,2.459626,25.0,18.762191,24.445289,0
8660,8,865.9,95.492966,8.409091,26.88172,3.853606,25.0,18.10968,22.233726,0
8661,8,866.0,95.492966,6.239003,21.994135,2.480901,25.0,18.7915,24.445289,0
8662,8,866.1,95.492966,6.871945,21.994135,5.246932,25.0,18.763321,24.445289,0
8663,8,866.2,95.492966,5.42522,12.218964,3.1114,25.0,18.758816,24.347239,0
8664,8,866.3,95.492966,4.701857,21.994135,6.266506,25.0,18.923169,24.249371,0
8665,8,866.4,95.492966,5.949658,2.443793,4.280615,25.0,18.818619,24.445289,0
8666,8,866.5,95.492966,0.506354,26.88172,7.248884,25.0,19.116196,24.445289,0
8667,8,866.6,95.492966,2.80303,26.88172,6.136305,25.0,18.380342,24.054174,0
8668,8,866.7,95.492966,0.361681,21.994135,8.640734,25.0,18.729508,24.347239,0
8669,8,866.8,95.492966,0.651026,21.994135,7.267644,25.0,18.298261,24.445289,0
8670,8,866.9,95.492966,0.325513,21.994135,8.43452,25.0,18.729508,24.347239,0
8671,8,867.0,95.492966,0.271261,17.106549,6.809812,25.0,18.645041,24.347239,0
8672,8,867.1,95.492966,0.325513,17.106549,7.259751,25.0,18.701329,24.347239,0
8673,8,867.2,95.492966,1.012708,21.994135,6.70909,25.0,18.732917,24.445289,0
8674,8,867.3,95.492966,0.271261,21.994135,6.326073,25.0,18.642813,24.347239,0
8675,8,867.4,95.492966,0.09042,26.88172,5.978958,25.0,18.702482,24.347239,0
8676,8,867.5,95.492966,0.542522,12.218964,4.910625,25.0,18.730638,24.347239,0
8677,8,867.6,95.492966,0.434018,17.106549,4.913543,25.0,18.846946,24.347239,0
8678,8,867.7,95.492966,0.162757,17.106549,3.076656,25.0,18.762191,24.445289,0
8679,8,867.8,95.492966,0.271261,31.769306,3.217093,25.0,18.730638,24.347239,0
8680,8,867.9,95.492966,0.632942,17.106549,1.159193,25.0,18.415056,24.543523,0
8681,8,868.0,95.492966,0.452102,17.106549,1.011742,25.0,18.758816,24.347239,0
8682,8,868.1,95.492966,0.542522,17.106549,1.187693,25.0,18.492394,24.054174,0
8683,8,868.2,95.492966,0.542522,17.106549,1.324617,25.0,18.75771,24.347239,0
8684,8,868.3,95.492966,0.632942,21.994135,3.427762,25.0,18.583465,24.347239,0
8685,8,868.4,95.492966,0.434018,21.994135,3.464502,25.0,18.701329,24.347239,0
8686,8,868.5,95.492966,0.271261,17.106549,4.529529,25.0,18.843492,24.347239,0
8687,8,868.6,95.492966,0.542522,21.994135,5.117865,25.0,19.041918,24.347239,0
8688,8,868.7,95.492966,0.759531,17.106549,5.325114,25.0,18.788159,24.347239,0
8689,8,868.8,95.492966,0.723363,26.88172,6.363723,25.0,18.729508,24.347239,0
8690,8,868.9,95.492966,0.596774,17.106549,5.988938,25.0,18.876176,24.445289,0
8691,8,869.0,95.492966,0.379765,17.106549,7.364296,25.0,18.758816,24.347239,0
8692,8,869.1,95.492966,0.09042,17.106549,6.393683,25.0,18.758816,24.347239,0
8693,8,869.2,95.492966,0.434018,17.106549,7.607147,25.0,19.179135,24.347239,0
8694,8,869.3,95.492966,0.126588,41.544477,6.189795,25.0,18.315999,24.054174,0
8695,8,869.4,95.492966,0.072336,21.994135,7.327549,25.0,18.817535,24.347239,0
8696,8,869.5,95.492966,1.085044,21.994135,5.473768,25.0,18.72075,24.151683,0
8697,8,869.6,95.492966,3.345552,21.994135,6.581475,25.0,18.847927,24.445289,0
8698,8,869.7,95.492966,1.464809,17.106549,5.15924,25.0,18.788159,24.347239,0
8699,8,869.8,95.492966,6.239003,12.218964,5.849707,25.0,18.758816,24.347239,0
8700,8,869.9,95.492966,2.71261,21.994135,4.672312,25.0,18.730638,24.347239,0
8701,8,870.0,95.492966,4.774194,21.994135,4.477546,25.0,18.730638,24.347239,0
8702,8,870.1,95.492966,2.929619,17.106549,3.202208,25.0,18.758816,24.347239,0
8703,8,870.2,95.492966,8.770772,26.88172,3.581136,25.0,18.788159,24.347239,0
8704,8,870.3,95.492966,8.481427,12.218964,2.614972,25.0,18.758816,24.347239,0
8705,8,870.4,95.492966,8.770772,21.994135,3.465881,25.0,18.758816,24.347239,0
8706,8,870.5,95.492966,8.734604,21.994135,2.352396,25.0,18.612608,24.347239,0
8707,8,870.6,95.492966,7.504888,21.994135,4.659,25.0,18.758816,24.347239,0
8708,8,870.7,95.492966,5.967742,21.994135,2.792561,25.0,18.758816,24.347239,0
8709,8,870.8,95.492966,8.22825,12.218964,5.795551,25.0,18.464403,24.347239,0
8710,8,870.9,95.492966,0.994624,12.218964,3.836832,25.0,18.758816,24.347239,0
8711,8,871.0,95.492966,3.255132,17.106549,6.812968,25.0,18.674349,24.347239,0
8712,8,871.1,95.492966,3.435973,17.106549,4.8044,25.0,18.85705,24.641941,0
8713,8,871.2,95.492966,1.446725,17.106549,8.103744,25.0,18.758816,24.347239,0
8714,8,871.3,95.492966,1.356305,12.218964,6.652954,25.0,18.758816,24.347239,0
8715,8,871.4,95.492966,0.452102,12.218964,8.606662,25.0,18.468829,24.151683,0
8716,8,871.5,95.492966,0.632942,21.994135,7.087926,25.0,18.726194,24.249371,0
8717,8,871.6,95.492966,0.596774,12.218964,7.714725,25.0,18.758816,24.347239,0
8718,8,871.7,95.492966,0.452102,12.218964,6.878919,25.0,19.024154,24.347239,0
8719,8,871.8,95.492966,0.506354,12.218964,6.843754,25.0,18.702482,24.347239,0
8720,8,871.9,95.492966,0.723363,12.218964,6.432794,25.0,18.55746,24.249371,0
8721,8,872.0,95.492966,0.632942,21.994135,5.499022,25.0,18.730638,24.347239,0
8722,8,872.1,95.492966,0.379765,17.106549,5.568095,25.0,18.75998,24.347239,0
8723,8,872.2,95.492966,0.452102,17.106549,4.045935,25.0,18.788159,24.347239,0
8724,8,872.3,95.492966,0.379765,26.88172,4.186952,25.0,19.496601,24.249371,0
8725,8,872.4,95.492966,0.271261,17.106549,2.043747,25.0,18.788159,24.347239,0
8726,8,872.5,95.492966,0.542522,17.106549,2.080815,25.0,18.402214,23.859687,0
8727,8,872.6,95.492966,0.632942,21.994135,0.269926,25.0,18.758816,24.347239,0
8728,8,872.7,95.492966,0.886119,21.994135,0.231839,25.0,18.700233,24.347239,0
8729,8,872.8,95.492966,0.542522,17.106549,2.356455,25.0,18.788159,24.347239,0
8730,8,872.9,95.492966,0.994624,7.331378,2.341199,25.0,18.256628,23.762706,0
8731,8,873.0,95.492966,0.271261,17.106549,3.907777,25.0,18.75998,24.347239,0
8732,8,873.1,95.492966,0.542522,26.88172,4.296769,25.0,18.817535,24.347239,0
8733,8,873.2,95.492966,0.162757,31.769306,4.811852,25.0,18.935389,24.347239,0
8734,8,873.3,95.492966,0.813783,26.88172,5.778214,25.0,18.844586,24.347239,0
8735,8,873.4,95.492966,0.632942,17.106549,5.775319,25.0,18.816361,24.347239,0
8736,8,873.5,95.492966,0.452102,21.994135,6.948026,25.0,18.846946,24.347239,0
8737,8,873.6,95.492966,6.166667,21.994135,6.195967,25.0,18.75998,24.347239,0
8738,8,873.7,95.492966,0.48827,12.218964,7.573787,25.0,18.788159,24.347239,0
8739,8,873.8,95.492966,0.271261,21.994135,6.118761,25.0,18.788159,24.347239,0
8740,8,873.9,95.492966,0.596774,7.331378,7.507576,25.0,18.699201,24.249371,0
8741,8,874.0,95.492966,0.596774,12.218964,5.712937,25.0,18.933791,24.445289,0
8742,8,874.1,95.492966,1.356305,21.994135,6.96348,25.0,18.817535,24.347239,0
8743,8,874.2,95.492966,1.356305,21.994135,5.172188,25.0,18.817535,24.347239,0
8744,8,874.3,95.492966,4.973118,17.106549,6.461695,25.0,18.761201,24.347239,0
8745,8,874.4,95.492966,3.255132,17.106549,4.920345,25.0,18.817535,24.347239,0
8746,8,874.5,95.492966,4.231672,21.994135,5.16248,25.0,18.817535,24.347239,0
8747,8,874.6,95.492966,0.97654,17.106549,3.789849,25.0,18.818768,24.347239,0
8748,8,874.7,95.492966,5.153959,12.218964,4.071244,25.0,18.784912,24.249371,0
8749,8,874.8,95.492966,5.696481,21.994135,2.774539,25.0,18.982825,24.249371,0
8750,8,874.9,95.492966,8.770772,17.106549,3.326612,25.0,19.053815,24.347239,0
8751,8,875.0,95.492966,6.239003,21.994135,2.370605,25.0,19.157557,24.347239,0
8752,8,875.1,95.492966,7.776149,7.331378,3.762012,25.0,18.724171,24.151683,0
8753,8,875.2,95.492966,1.265885,21.994135,2.756399,25.0,19.172832,24.347239,0
8754,8,875.3,95.492966,3.960411,21.994135,4.925682,25.0,18.817535,24.347239,0
8755,8,875.4,95.492966,5.3348,26.88172,3.44306,25.0,19.246596,25.037488,0
8756,8,875.5,95.492966,6.456012,31.769306,6.157291,25.0,18.846946,24.347239,0
8757,8,875.6,95.492966,3.888074,17.106549,4.491928,25.0,18.961907,24.249371,0
8758,8,875.7,95.492966,1.808407,17.106549,7.012025,25.0,18.639771,24.151683,0
8759,8,875.8,95.492966,1.464809,7.331378,6.182844,25.0,18.940576,24.543523,0
8760,8,875.9,95.492966,0.596774,12.218964,8.47436,25.0,18.817535,24.347239,0
8761,8,876.0,95.492966,0.452102,7.331378,7.224457,25.0,18.964941,24.347239,0
8762,8,876.1,95.492966,0.271261,21.994135,8.329355,25.0,18.814323,24.249371,0
8763,8,876.2,95.492966,0.723363,31.769306,6.916322,25.0,18.66479,24.054174,0
8764,8,876.3,95.492966,0.162757,17.106549,7.228423,25.0,19.473095,24.347239,0
8765,8,876.4,95.492966,0.361681,17.106549,6.636416,25.0,18.233301,23.762706,0
8766,8,876.5,95.492966,0.325513,17.106549,6.154186,25.0,19.10162,24.938317,0
8767,8,876.6,95.492966,0.452102,26.88172,5.980556,25.0,18.789357,24.347239,0
8768,8,876.7,95.492966,0.723363,17.106549,4.775474,25.0,18.755536,24.249371,0
8769,8,876.8,95.492966,0.217009,17.106549,4.839574,25.0,18.786145,24.249371,0
8770,8,876.9,95.492966,0.379765,17.106549,3.082862,25.0,19.139733,24.543523,0
8771,8,877.0,95.492966,0.271261,17.106549,3.078985,25.0,18.843769,24.249371,0
8772,8,877.1,95.492966,0.09042,31.769306,1.071374,25.0,18.935389,24.347239,0
8773,8,877.2,95.492966,0.452102,21.994135,1.011742,25.0,18.843769,24.249371,0
8774,8,877.3,95.492966,0.542522,17.106549,1.324617,25.0,18.94182,24.543523,0
8775,8,877.4,95.492966,0.271261,17.106549,1.354928,25.0,18.876392,24.347239,0
8776,8,877.5,95.492966,0.271261,17.106549,3.217093,25.0,19.229872,24.249371,0
8777,8,877.6,95.492966,0.271261,21.994135,3.493342,25.0,18.845071,24.249371,0
8778,8,877.7,95.492966,0.542522,21.994135,4.427111,25.0,18.812509,24.151683,0
8779,8,877.8,95.492966,0.180841,17.106549,5.184183,25.0,18.935389,24.347239,0
8780,8,877.9,95.492966,0.813783,17.106549,5.294972,25.0,18.420301,24.151683,0
8781,8,878.0,95.492966,0.813783,21.994135,6.468715,25.0,18.957926,24.249371,0
8782,8,878.1,95.492966,0.271261,17.106549,5.980556,25.0,18.87325,24.249371,0
8783,8,878.2,95.492966,0.126588,21.994135,7.433389,25.0,19.202681,24.347239,0
8784,8,878.3,95.492966,0.596774,26.88172,6.195967,25.0,18.901452,24.249371,0
8785,8,878.4,95.492966,0.632942,17.106549,7.778865,25.0,18.991816,24.347239,0
8786,8,878.5,95.492966,0.452102,26.88172,5.77325,25.0,18.935389,24.347239,0
8787,8,878.6,95.492966,0.361681,7.331378,7.465777,25.0,18.935389,24.347239,0
8788,8,878.7,95.492966,0.253177,21.994135,5.410118,25.0,18.874588,24.249371,0
8789,8,878.8,95.492966,1.953079,26.88172,6.744957,25.0,18.930968,24.249371,0
8790,8,878.9,95.492966,1.808407,17.106549,5.019838,25.0,18.902766,24.249371,0
8791,8,879.0,95.492966,6.962366,21.994135,6.028297,25.0,18.902766,24.249371,0
8792,8,879.1,95.492966,4.810362,21.994135,4.472208,25.0,18.780006,24.054174,0
8793,8,879.2,95.492966,8.04741,12.218964,4.424952,25.0,18.902766,24.249371,0
8794,8,879.3,95.492966,4.792278,12.218964,3.211147,25.0,18.935389,24.347239,0
8795,8,879.4,95.492966,5.42522,21.994135,3.640677,25.0,19.219621,24.347239,0
8796,8,879.5,95.492966,5.786901,21.994135,2.542719,25.0,18.693631,24.151683,0
8797,8,879.6,95.492966,8.861193,17.106549,3.552337,25.0,19.140209,24.249371,0
8798,8,879.7,95.492966,6.239003,7.331378,2.352396,25.0,18.964941,24.347239,0
8799,8,879.8,95.492966,7.504888,21.994135,4.659,25.0,19.251451,25.037488,0
8800,8,879.9,95.492966,5.786901,17.106549,2.7797,25.0,18.932319,24.249371,0
8801,8,880.0,95.492966,3.526393,31.769306,5.8595,25.0,19.08222,24.249371,0
8802,8,880.1,95.492966,2.71261,12.218964,3.602419,25.0,18.932319,24.249371,0
8803,8,880.2,95.492966,2.115836,21.994135,6.933915,25.0,18.579985,24.249371,0
8804,8,880.3,95.492966,1.844575,12.218964,5.038363,25.0,19.259838,24.249371,0
8805,8,880.4,95.492966,0.759531,17.106549,7.96159,25.0,18.875984,24.249371,0
8806,8,880.5,95.492966,1.989247,21.994135,6.675179,25.0,19.493736,25.336158,0
8807,8,880.6,95.492966,1.085044,26.88172,8.717526,25.0,18.961907,24.249371,0
8808,8,880.7,95.492966,0.271261,21.994135,7.155348,25.0,19.199946,24.249371,0
8809,8,880.8,95.492966,0.162757,12.218964,7.638172,25.0,18.961907,24.249371,0
8810,8,880.9,95.492966,0.434018,21.994135,6.985401,25.0,18.881951,24.347239,0
8811,8,881.0,95.492966,0.126588,21.994135,6.811565,25.0,19.229872,24.249371,0
8812,8,881.1,95.492966,0.09042,26.88172,6.531925,25.0,18.265327,23.6659,0
8813,8,881.2,95.492966,0.180841,12.218964,5.46066,25.0,19.303079,24.249371,0
8814,8,881.3,95.492966,0.723363,21.994135,5.465907,25.0,18.899756,24.151683,0
8815,8,881.4,95.492966,0.434018,31.769306,3.947312,25.0,19.021192,24.249371,0
8816,8,881.5,95.492966,0.452102,17.106549,3.907777,25.0,18.935197,24.249371,0
8817,8,881.6,95.492966,0.108504,17.106549,2.073915,25.0,19.274632,24.249371,0
8818,8,881.7,95.492966,0.886119,26.88172,1.912102,25.0,18.961907,24.249371,0
8819,8,881.8,95.492966,0.542522,21.994135,0.186114,25.0,18.991531,24.249371,0
8820,8,881.9,95.492966,0.108504,26.88172,0.485079,25.0,18.818302,24.151683,0
8821,8,882.0,95.492966,0.271261,21.994135,2.523859,25.0,18.963352,24.249371,0
8822,8,882.1,95.492966,0.542522,17.106549,2.701248,25.0,18.991531,24.249371,0
8823,8,882.2,95.492966,1.193548,21.994135,4.150852,25.0,19.231659,24.249371,0
8824,8,882.3,95.492966,0.325513,12.218964,4.49618,25.0,18.963352,24.249371,0
8825,8,882.4,95.492966,0.542522,31.769306,5.117865,25.0,18.993013,24.249371,0
8826,8,882.5,95.492966,0.271261,21.994135,5.911453,25.0,18.93079,24.151683,0
8827,8,882.6,95.492966,1.139296,12.218964,5.985347,25.0,19.021192,24.249371,0
8828,8,882.7,95.492966,0.904203,21.994135,6.988136,25.0,18.993013,24.249371,0
8829,8,882.8,95.492966,0.144673,17.106549,6.432794,25.0,18.930093,24.938317,0
8830,8,882.9,95.492966,0.271261,21.994135,7.570001,25.0,18.988629,24.151683,0
8831,8,883.0,95.492966,0.162757,17.106549,6.330603,25.0,18.87301,24.151683,0
8832,8,883.1,95.492966,0.542522,21.994135,7.540596,25.0,19.429967,25.13685,0
8833,8,883.2,95.492966,0.434018,21.994135,5.811193,25.0,18.993013,24.249371,0
8834,8,883.3,95.492966,0.922287,12.218964,6.830827,25.0,19.022712,24.249371,0
8835,8,883.4,95.492966,2.170088,21.994135,5.244655,25.0,19.079092,24.249371,0
8836,8,883.5,95.492966,5.3348,26.88172,6.371601,25.0,19.05089,24.249371,0
8837,8,883.6,95.492966,1.898827,26.88172,4.811356,25.0,19.05089,24.249371,0
8838,8,883.7,95.492966,4.502933,17.106549,5.166643,25.0,19.018328,24.151683,0
8839,8,883.8,95.492966,5.063539,17.106549,3.823735,25.0,18.990149,24.151683,0
8840,8,883.9,95.492966,8.680352,21.994135,3.958793,25.0,19.187894,24.151683,0
8841,8,884.0,95.492966,5.42522,21.994135,2.764188,25.0,19.018328,24.151683,0
8842,8,884.1,95.492966,12.025904,12.218964,3.248866,25.0,19.018328,24.151683,0
8843,8,884.2,95.492966,3.797654,21.994135,2.420465,25.0,18.990149,24.151683,0
8844,8,884.3,95.492966,7.956989,17.106549,3.816231,25.0,19.022712,24.249371,0
8845,8,884.4,95.492966,5.877322,17.106549,2.554903,25.0,18.991531,24.249371,0
8846,8,884.5,95.492966,4.014663,17.106549,5.273725,25.0,19.048063,24.151683,0
8847,8,884.6,95.492966,3.092375,2.443793,3.12519,25.0,19.291625,24.543523,0
8848,8,884.7,95.492966,4.701857,21.994135,6.532291,25.0,19.347536,24.151683,0
8849,8,884.8,95.492966,2.983871,21.994135,4.59342,25.0,18.294572,24.151683,0
8850,8,884.9,95.492966,1.808407,31.769306,7.356182,25.0,19.735869,25.536251,0
8851,8,885.0,95.492966,1.844575,21.994135,6.188637,25.0,19.018328,24.151683,0
8852,8,885.1,95.492966,0.723363,26.88172,8.643498,25.0,19.048063,24.151683,0
8853,8,885.2,95.492966,0.542522,26.88172,7.121549,25.0,18.460798,24.151683,0
8854,8,885.3,95.492966,0.09042,21.994135,8.329068,25.0,19.077836,24.151683,0
8855,8,885.4,95.492966,0.632942,21.994135,6.949744,25.0,18.811207,24.151683,0
8856,8,885.5,95.492966,0.361681,31.769306,7.189321,25.0,19.048063,24.151683,0
8857,8,885.6,95.492966,0.271261,26.88172,6.739642,25.0,19.021501,24.151683,0
8858,8,885.7,95.492966,0.452102,21.994135,6.256969,25.0,19.417857,24.151683,0
8859,8,885.8,95.492966,0.723363,17.106549,6.087448,25.0,19.077836,24.151683,0
8860,8,885.9,95.492966,0.452102,31.769306,4.667708,25.0,19.048063,24.151683,0
8861,8,886.0,95.492966,0.162757,21.994135,4.873513,25.0,19.049657,24.151683,0
8862,8,886.1,95.492966,0.217009,21.994135,2.766779,25.0,18.993368,24.151683,0
8863,8,886.2,95.492966,0.994624,17.106549,3.009935,25.0,18.257405,24.151683,0
8864,8,886.3,95.492966,0.217009,21.994135,0.835906,25.0,19.019884,24.151683,0
8865,8,886.4,95.492966,0.723363,17.106549,0.930569,25.0,19.106038,24.151683,0
8866,8,886.5,95.492966,0.217009,12.218964,1.386301,25.0,19.08222,24.249371,0
8867,8,886.6,95.492966,0.325513,21.994135,1.530447,25.0,19.077836,24.151683,0
8868,8,886.7,95.492966,0.723363,17.106549,3.464502,25.0,19.590038,24.151683,0
8869,8,886.8,95.492966,0.542522,31.769306,3.529399,25.0,19.107646,24.151683,0
8870,8,886.9,95.492966,0.542522,21.994135,4.703396,25.0,19.69256,25.737143,0
8871,8,887.0,95.492966,1.139296,21.994135,5.15368,25.0,19.107646,24.151683,0
8872,8,887.1,95.492966,0.886119,26.88172,5.499022,25.0,19.227275,24.151683,0
8873,8,887.2,95.492966,0.723363,21.994135,6.432794,25.0,19.079468,24.151683,0
8874,8,887.3,95.492966,0.108504,17.106549,6.154186,25.0,18.775678,23.859687,0
8875,8,887.4,95.492966,0.759531,26.88172,7.328853,25.0,19.137495,24.151683,0
8876,8,887.5,95.492966,0.723363,12.218964,6.225583,25.0,18.927585,23.859687,0
8877,8,887.6,95.492966,1.085044,31.769306,7.681832,25.0,19.17903,24.445289,0
8878,8,887.7,95.492966,0.379765,21.994135,6.051632,25.0,19.109317,24.151683,0
8879,8,887.8,95.492966,0.452102,21.994135,7.155348,25.0,19.137495,24.151683,0
8880,8,887.9,95.492966,0.705279,21.994135,5.441817,25.0,19.076814,24.054174,0
8881,8,888.0,95.492966,3.255132,31.769306,6.405255,25.0,19.109317,24.151683,0
8882,8,888.1,95.492966,1.519062,26.88172,5.131383,25.0,19.137495,24.151683,0
8883,8,888.2,95.492966,19.259531,21.994135,5.626989,25.0,19.104992,24.054174,0
8884,8,888.3,95.492966,4.701857,21.994135,4.442732,25.0,19.109317,24.151683,0
8885,8,888.4,95.492966,11.139785,17.106549,4.326134,25.0,19.165697,24.151683,0
8886,8,888.5,95.492966,5.244379,26.88172,3.013901,25.0,19.137495,24.151683,0
8887,8,888.6,95.492966,29.820626,26.88172,3.508354,25.0,19.139204,24.151683,0
8888,8,888.7,95.492966,6.329423,21.994135,2.524806,25.0,18.80576,22.897531,0
8889,8,888.8,95.492966,8.13783,17.106549,3.292688,25.0,19.349273,23.762706,0
8890,8,888.9,95.492966,6.148583,21.994135,2.459626,25.0,19.167383,24.151683,0
8891,8,889.0,95.492966,10.633431,21.994135,4.438428,25.0,19.112842,24.151683,0
8892,8,889.1,95.492966,3.363636,26.88172,2.95709,25.0,19.13488,24.054174,0
8893,8,889.2,95.492966,3.20088,21.994135,5.59036,25.0,19.164806,24.054174,0
8894,8,889.3,95.492966,4.701857,26.88172,4.127768,25.0,19.137495,24.151683,0
8895,8,889.4,95.492966,3.074291,26.88172,6.528633,25.0,19.136628,24.054174,0
8896,8,889.5,95.492966,4.050831,21.994135,5.361327,25.0,19.197309,24.151683,0
8897,8,889.6,95.492966,0.922287,21.994135,8.140508,25.0,18.867253,24.054174,0
8898,8,889.7,95.492966,1.446725,17.106549,6.931503,25.0,19.164806,24.054174,0
8899,8,889.8,95.492966,0.108504,21.994135,8.43282,25.0,19.166593,24.054174,0
8900,8,889.9,95.492966,0.271261,7.331378,7.086241,25.0,19.166593,24.054174,0
8901,8,890.0,95.492966,0.379765,17.106549,7.502484,25.0,19.166593,24.054174,0
8902,8,890.1,95.492966,0.542522,17.106549,6.776052,25.0,19.194772,24.054174,0
8903,8,890.2,95.492966,0.0,26.88172,6.773936,25.0,19.166593,24.054174,0
8904,8,890.3,95.492966,0.217009,17.106549,6.290856,25.0,19.227275,24.151683,0
8905,8,890.4,95.492966,1.464809,21.994135,5.43303,25.0,19.254822,24.054174,0
8906,8,890.5,95.492966,0.542522,21.994135,5.394199,25.0,19.25728,24.151683,0
8907,8,890.6,95.492966,0.271261,26.88172,3.767723,25.0,19.283024,24.054174,0
8908,8,890.7,95.492966,0.325513,26.88172,3.874626,25.0,19.917376,24.249371,0
8909,8,890.8,95.492966,1.012708,17.106549,1.881879,25.0,19.254822,24.054174,0
8910,8,890.9,95.492966,0.054252,17.106549,1.969946,25.0,18.653894,23.6659,0
8911,8,891.0,95.492966,0.217009,21.994135,0.295285,25.0,19.313109,24.054174,0
8912,8,891.1,95.492966,0.325513,21.994135,0.386398,25.0,18.984328,24.054174,0
8913,8,891.2,95.492966,0.325513,21.994135,2.632272,25.0,19.256728,24.054174,0
8914,8,891.3,95.492966,0.217009,17.106549,2.904929,25.0,18.296837,23.184421,0
8915,8,891.4,95.492966,0.723363,17.106549,4.085302,25.0,19.284907,24.054174,0
8916,8,891.5,95.492966,0.723363,21.994135,4.499367,25.0,19.045333,24.054174,0
8917,8,891.6,95.492966,0.632942,17.106549,4.946493,25.0,19.284907,24.054174,0
8918,8,891.7,95.492966,1.085044,17.106549,6.025523,25.0,18.922526,24.054174,0
8919,8,891.8,95.492966,0.632942,17.106549,5.775319,25.0,19.663199,24.249371,0
8920,8,891.9,95.492966,0.596774,21.994135,7.016112,25.0,19.315032,24.054174,0
8921,8,892.0,95.492966,0.813783,31.769306,6.192496,25.0,19.315032,24.054174,0
8922,8,892.1,95.492966,1.012708,7.331378,7.607147,25.0,19.286854,24.054174,0
8923,8,892.2,95.492966,0.813783,21.994135,6.123444,25.0,19.373401,24.054174,0
8924,8,892.3,95.492966,0.542522,17.106549,7.605262,25.0,19.315032,24.054174,0
8925,8,892.4,95.492966,0.904203,17.106549,5.676442,25.0,19.315032,24.054174,0
8926,8,892.5,95.492966,1.410557,26.88172,7.034474,25.0,19.315032,24.054174,0
8927,8,892.6,95.492966,0.922287,21.994135,5.179111,25.0,20.132569,26.754018,0
8928,8,892.7,95.492966,22.406158,21.994135,6.437249,25.0,19.345199,24.054174,0
8929,8,892.8,95.492966,2.115836,26.88172,4.980183,25.0,19.315032,24.054174,0
8930,8,892.9,95.492966,4.719941,26.88172,5.300834,25.0,19.315032,24.054174,0
8931,8,893.0,95.492966,4.521017,31.769306,3.602419,25.0,19.315032,24.054174,0
8932,8,893.1,95.492966,11.772727,12.218964,3.814979,25.0,19.315032,24.054174,0
8933,8,893.2,95.492966,3.526393,17.106549,2.916419,25.0,19.319357,24.151683,0
8934,8,893.3,95.492966,8.680352,17.106549,3.28397,25.0,19.315032,24.054174,0
8935,8,893.4,95.492966,6.239003,21.994135,2.392672,25.0,19.345199,24.054174,0
8936,8,893.5,95.492966,1.573314,17.106549,4.035885,25.0,19.254822,24.054174,0
8937,8,893.6,95.492966,5.877322,21.994135,2.488592,25.0,19.282589,23.956842,0
8938,8,893.7,95.492966,6.239003,21.994135,5.16248,25.0,19.345199,24.054174,0
8939,8,893.8,95.492966,3.20088,17.106549,3.44306,25.0,19.345199,24.054174,0
8940,8,893.9,95.492966,4.521017,21.994135,6.447261,25.0,19.375406,24.054174,0
8941,8,894.0,95.492966,2.387097,12.218964,4.470605,25.0,19.167792,23.859687,0
8942,8,894.1,95.492966,1.898827,26.88172,7.32494,25.0,19.252191,23.859687,0
8943,8,894.2,95.492966,2.893451,17.106549,6.448743,25.0,19.282589,23.956842,0
8944,8,894.3,95.492966,0.48827,17.106549,8.540907,25.0,19.708788,23.956842,0
8945,8,894.4,95.492966,0.632942,17.106549,7.224457,25.0,19.312755,23.956842,0
8946,8,894.5,95.492966,0.48827,85.532747,8.264573,25.0,19.109537,23.859687,0
8947,8,894.6,95.492966,4.557185,21.994135,6.922536,25.0,19.25441,23.956842,0
8948,8,894.7,95.492966,1.085044,17.106549,6.853521,25.0,19.373212,23.956842,0
8949,8,894.8,95.492966,0.271261,17.106549,6.326073,25.0,19.754436,24.347239,0
8950,8,894.9,95.492966,0.271261,21.994135,6.118761,25.0,18.772872,23.859687,0
8951,8,895.0,95.492966,0.379765,21.994135,5.844396,25.0,19.464211,23.956842,0
8952,8,895.1,95.492966,0.271261,26.88172,4.735286,25.0,19.373401,24.054174,0
8953,8,895.2,95.492966,0.452102,17.106549,4.667708,25.0,19.423834,23.956842,0
8954,8,895.3,95.492966,0.48827,26.88172,2.813017,25.0,19.345199,24.054174,0
8955,8,895.4,95.492966,0.108504,21.994135,2.770231,25.0,19.312755,23.956842,0
8956,8,895.5,95.492966,0.162757,17.106549,0.79789,25.0,19.284576,23.956842,0
8957,8,895.6,95.492966,0.542522,17.106549,0.645642,25.0,19.312755,23.956842,0
8958,8,895.7,95.492966,0.632942,17.106549,1.568983,25.0,19.252463,23.956842,0
8959,8,895.8,95.492966,0.379765,21.994135,1.774739,25.0,19.345199,24.054174,0
8960,8,895.9,95.492966,0.379765,31.769306,3.703777,25.0,19.284576,23.956842,0
8961,8,896.0,95.492966,0.452102,21.994135,3.769625,25.0,19.595856,23.956842,0
8962,8,896.1,95.492966,0.632942,21.994135,4.73932,25.0,19.312755,23.956842,0
8963,8,896.2,95.492966,0.723363,21.994135,5.258756,25.0,19.340957,23.956842,0
8964,8,896.3,95.492966,0.723363,21.994135,5.534961,25.0,19.314784,23.956842,0
8965,8,896.4,95.492966,0.813783,17.106549,6.606833,25.0,19.342963,23.956842,0
8966,8,896.5,95.492966,0.542522,21.994135,6.22328,25.0,19.312755,23.956842,0
8967,8,896.6,95.492966,0.48827,12.218964,7.297494,25.0,19.191848,23.859687,0
8968,8,896.7,95.492966,0.904203,12.218964,6.504805,25.0,19.314784,23.956842,0
8969,8,896.8,95.492966,1.356305,12.218964,7.377259,25.0,19.04093,23.6659,0
8970,8,896.9,95.492966,0.361681,17.106549,5.876191,25.0,19.252463,23.956842,0
8971,8,897.0,95.492966,1.519062,12.218964,7.198619,25.0,19.367005,23.859687,0
8972,8,897.1,95.492966,1.175464,26.88172,5.441817,25.0,19.433857,24.054174,0
8973,8,897.2,95.492966,0.66911,21.994135,6.513613,25.0,19.342963,23.956842,0
8974,8,897.3,95.492966,1.844575,21.994135,5.173112,25.0,19.342963,23.956842,0
8975,8,897.4,95.492966,7.052786,21.994135,5.765797,25.0,19.314784,23.956842,0
8976,8,897.5,95.492966,4.068915,21.994135,4.384821,25.0,19.342963,23.956842,0
8977,8,897.6,95.492966,10.886608,17.106549,4.178957,25.0,19.342963,23.956842,0
8978,8,897.7,95.492966,5.244379,21.994135,3.173733,25.0,19.373212,23.956842,0
8979,8,897.8,95.492966,8.951613,21.994135,3.552337,25.0,19.373212,23.956842,0
8980,8,897.9,95.492966,5.877322,17.106549,2.457683,25.0,19.373212,23.956842,0
8981,8,898.0,95.492966,18.301075,12.218964,3.493342,25.0,19.373212,23.956842,0
8982,8,898.1,95.492966,6.148583,21.994135,2.331998,25.0,19.373212,23.956842,0
8983,8,898.2,95.492966,7.052786,12.218964,4.697298,25.0,19.373212,23.956842,0
8984,8,898.3,95.492966,5.606061,26.88172,2.815563,25.0,19.212108,24.054174,0
8985,8,898.4,95.492966,3.092375,21.994135,6.021954,25.0,19.403502,23.956842,0
8986,8,898.5,95.492966,4.521017,26.88172,3.786696,25.0,19.349321,24.054174,0
8987,8,898.6,95.492966,4.304008,17.106549,7.073756,25.0,19.373212,23.956842,0
8988,8,898.7,95.492966,0.741447,12.218964,5.265112,25.0,19.312755,23.956842,0
8989,8,898.8,95.492966,1.085044,21.994135,8.510366,25.0,19.345033,23.956842,0
8990,8,898.9,95.492966,2.405181,17.106549,6.905607,25.0,19.373212,23.956842,0
8991,8,899.0,95.492966,0.651026,21.994135,8.648472,25.0,19.222378,23.956842,0
8992,8,899.1,95.492966,0.813783,21.994135,7.090285,25.0,19.373212,23.956842,0
8993,8,899.2,95.492966,0.054252,21.994135,7.499617,25.0,19.345033,23.956842,0
8994,8,899.3,95.492966,0.217009,26.88172,6.774641,25.0,19.48616,23.956842,0
8995,8,899.4,95.492966,0.379765,17.106549,6.673389,25.0,19.373212,23.956842,0
8996,8,899.5,95.492966,0.542522,17.106549,6.36147,25.0,19.373212,23.956842,0
8997,8,899.6,95.492966,0.180841,17.106549,5.184183,25.0,18.127377,23.956842,0
8998,8,899.7,95.492966,0.361681,17.106549,5.530644,25.0,19.373212,23.956842,0
8999,8,899.8,95.492966,0.271261,26.88172,3.631479,25.0,19.375324,23.956842,0
9000,8,899.9,95.492966,0.271261,17.106549,3.8387,25.0,20.036414,23.956842,0
9001,8,900.0,95.492966,0.217009,17.106549,1.800132,25.0,19.345033,23.956842,0
9002,8,900.1,95.492966,0.452102,21.994135,1.699095,25.0,18.892599,23.956842,0
9003,8,900.2,95.492966,0.325513,21.994135,0.386398,25.0,19.403502,23.956842,0
9004,8,900.3,95.492966,0.452102,21.994135,0.536522,25.0,18.81516,23.376506,0
9005,8,900.4,95.492966,0.361681,21.994135,2.697708,25.0,19.373212,23.956842,0
9006,8,900.5,95.492966,0.542522,17.106549,2.908216,25.0,19.132363,23.956842,0
9007,8,900.6,95.492966,0.542522,17.106549,4.089978,25.0,19.375324,23.956842,0
9008,8,900.7,95.492966,0.48827,17.106549,4.535853,25.0,19.017353,23.472801,0
9009,8,900.8,95.492966,0.434018,21.994135,5.120664,25.0,19.375324,23.956842,0
9010,8,900.9,95.492966,0.271261,17.106549,6.049658,25.0,18.54086,23.956842,0
9011,8,901.0,95.492966,0.813783,17.106549,5.916301,25.0,19.494629,23.956842,0
9012,8,901.1,95.492966,0.596774,21.994135,7.024278,25.0,18.705351,23.956842,0
9013,8,901.2,95.492966,0.325513,7.331378,6.430566,25.0,19.431704,23.956842,0
9014,8,901.3,95.492966,0.705279,12.218964,7.638172,25.0,18.688635,23.956842,0
9015,8,901.4,95.492966,0.904203,17.106549,6.297688,25.0,19.371117,23.859687,0
9016,8,901.5,95.492966,1.085044,12.218964,7.336671,25.0,19.206724,23.956842,0
9017,8,901.6,95.492966,0.325513,17.106549,5.739636,25.0,20.344641,23.859687,0
9018,8,901.7,95.492966,1.139296,21.994135,6.774641,25.0,19.832162,23.956842,0
9019,8,901.8,95.492966,2.079668,17.106549,5.205336,25.0,19.034431,23.859687,0
9020,8,901.9,95.492966,5.696481,12.218964,6.351323,25.0,19.431704,23.956842,0
9021,8,902.0,95.492966,3.526393,12.218964,4.780473,25.0,19.010315,23.859687,0
9022,8,902.1,95.492966,7.414467,17.106549,4.946493,25.0,19.403502,23.956842,0
9023,8,902.2,95.492966,5.153959,17.106549,3.692796,25.0,19.342939,23.859687,0
9024,8,902.3,95.492966,8.409091,17.106549,3.669434,25.0,19.496651,24.151683,0
9025,8,902.4,95.492966,5.967742,21.994135,2.637712,25.0,19.371117,23.859687,0
9026,8,902.5,95.492966,8.499511,26.88172,3.220804,25.0,18.983579,23.859687,0
9027,8,902.6,95.492966,3.906158,21.994135,2.454765,25.0,19.440271,24.151683,0
9028,8,902.7,95.492966,4.611437,21.994135,3.938223,25.0,19.371117,23.859687,0
9029,8,902.8,95.492966,6.148583,21.994135,2.84846,25.0,19.40145,23.859687,0
9030,8,902.9,95.492966,6.058162,17.106549,5.06956,25.0,19.371117,23.859687,0
9031,8,903.0,95.492966,5.153959,21.994135,3.575796,25.0,19.40145,23.859687,0
9032,8,903.1,95.492966,4.340176,17.106549,6.362596,25.0,19.28037,23.859687,0
9033,8,903.2,95.492966,3.707234,26.88172,4.535853,25.0,19.40145,23.859687,0
9034,8,903.3,95.492966,0.97654,17.106549,7.281436,25.0,19.373272,23.859687,0
9035,8,903.4,95.492966,2.260508,12.218964,6.447261,25.0,19.480036,23.762706,0
9036,8,903.5,95.492966,1.139296,21.994135,8.540907,25.0,19.342939,23.859687,0
9037,8,903.6,95.492966,0.632942,12.218964,7.22611,25.0,19.369124,23.762706,0
9038,8,903.7,95.492966,0.180841,7.331378,7.741618,25.0,19.338791,23.762706,0
9039,8,903.8,95.492966,0.379765,17.106549,6.949744,25.0,19.010315,23.859687,0
9040,8,903.9,95.492966,0.632942,17.106549,6.949744,25.0,19.252191,23.859687,0
9041,8,904.0,95.492966,0.886119,21.994135,6.604302,25.0,19.429652,23.859687,0
9042,8,904.1,95.492966,0.217009,17.106549,6.014412,25.0,19.433835,23.956842,0
9043,8,904.2,95.492966,0.813783,7.331378,5.916301,25.0,19.310612,23.762706,0
9044,8,904.3,95.492966,0.379765,12.218964,4.532165,25.0,19.340945,23.762706,0
9045,8,904.4,95.492966,0.506354,21.994135,4.701364,25.0,19.369124,23.762706,0
9046,8,904.5,95.492966,0.542522,21.994135,2.701248,25.0,19.373272,23.859687,0
9047,8,904.6,95.492966,1.012708,21.994135,2.7754,25.0,19.340945,23.762706,0
9048,8,904.7,95.492966,0.361681,21.994135,0.698942,25.0,19.369124,23.762706,0
9049,8,904.8,95.492966,0.379765,21.994135,0.623047,25.0,19.397325,23.762706,0
9050,8,904.9,95.492966,0.452102,31.769306,1.630213,25.0,19.369124,23.762706,0
9051,8,905.0,95.492966,0.452102,21.994135,1.767996,25.0,19.308676,23.6659,0
9052,8,905.1,95.492966,0.542522,21.994135,3.745466,25.0,19.458615,23.6659,0
9053,8,905.2,95.492966,0.723363,26.88172,3.74036,25.0,19.308676,23.6659,0
9054,8,905.3,95.492966,0.434018,12.218964,4.637415,25.0,19.304643,23.569265,0
9055,8,905.4,95.492966,0.144673,26.88172,5.327805,25.0,19.248052,23.6659,0
9056,8,905.5,95.492966,0.271261,21.994135,5.219085,25.0,18.944349,23.6659,0
9057,8,905.6,95.492966,0.813783,26.88172,6.675894,25.0,19.534768,23.6659,0
9058,8,905.7,95.492966,0.759531,17.106549,6.016,25.0,19.246131,23.569265,0
9059,8,905.8,95.492966,0.379765,21.994135,7.433389,25.0,19.097219,23.6659,0
9060,8,905.9,95.492966,0.48827,21.994135,6.123444,25.0,19.339052,23.6659,0
9061,8,906.0,95.492966,0.723363,21.994135,7.74532,25.0,19.248309,23.569265,0
9062,8,906.1,95.492966,0.271261,12.218964,5.842352,25.0,19.185591,23.569265,0
9063,8,906.2,95.492966,0.542522,26.88172,7.1953,25.0,19.276464,23.569265,0
9064,8,906.3,95.492966,0.994624,17.106549,5.368007,25.0,19.30684,23.569265,0
9065,8,906.4,95.492966,2.332845,21.994135,6.488995,25.0,19.041945,23.28038,0
9066,8,906.5,95.492966,0.524438,21.994135,5.103842,25.0,19.613011,23.569265,0
9067,8,906.6,95.492966,7.233627,17.106549,5.798024,25.0,19.335019,23.569265,0
9068,8,906.7,95.492966,4.430596,17.106549,4.306764,25.0,19.302864,23.472801,0
9069,8,906.8,95.492966,11.013196,21.994135,4.178957,25.0,19.304643,23.569265,0
9070,8,906.9,95.492966,5.153959,17.106549,3.071217,25.0,19.302864,23.472801,0
9071,8,907.0,95.492966,9.042033,31.769306,3.555697,25.0,19.274685,23.472801,0
9072,8,907.1,95.492966,3.472141,12.218964,2.382667,25.0,19.302864,23.472801,0
9073,8,907.2,95.492966,8.22825,17.106549,3.509035,25.0,19.333282,23.472801,0
9074,8,907.3,95.492966,8.608016,26.88172,2.365561,25.0,19.333282,23.472801,0
9075,8,907.4,95.492966,4.231672,21.994135,4.754418,25.0,19.333282,23.472801,0
9076,8,907.5,95.492966,3.472141,51.319648,3.006759,25.0,19.181615,23.472801,0
9077,8,907.6,95.492966,1.06696,21.994135,5.979357,25.0,19.274685,23.472801,0
9078,8,907.7,95.492966,4.249756,21.994135,3.961809,25.0,19.305104,23.472801,0
9079,8,907.8,95.492966,1.627566,26.88172,6.915977,25.0,19.333282,23.472801,0
9080,8,907.9,95.492966,4.430596,17.106549,5.551768,25.0,18.971015,23.472801,0
9081,8,908.0,95.492966,1.790323,17.106549,8.264573,25.0,19.301184,23.376506,0
9082,8,908.1,95.492966,1.392473,12.218964,6.955242,25.0,19.273006,23.376506,0
9083,8,908.2,95.492966,0.452102,21.994135,8.399327,25.0,19.648538,23.569265,0
9084,8,908.3,95.492966,0.651026,17.106549,7.129595,25.0,19.273006,23.376506,0
9085,8,908.4,95.492966,0.0,21.994135,7.603377,25.0,19.333972,23.376506,0
9086,8,908.5,95.492966,0.108504,31.769306,6.567304,25.0,19.525091,23.956842,0
9087,8,908.6,95.492966,0.379765,12.218964,6.604302,25.0,19.034842,23.376506,0
9088,8,908.7,95.492966,1.012708,12.218964,6.225583,25.0,19.212212,23.376506,0
9089,8,908.8,95.492966,0.271261,21.994135,5.219085,25.0,19.303467,23.376506,0
9090,8,908.9,95.492966,0.452102,26.88172,5.220458,25.0,19.24485,23.376506,0
9091,8,909.0,95.492966,0.434018,17.106549,3.671387,25.0,19.331646,23.376506,0
9092,8,909.1,95.492966,0.09042,17.106549,3.56241,25.0,19.240963,23.28038,0
9093,8,909.2,95.492966,0.108504,26.88172,1.728368,25.0,19.240963,23.28038,0
9094,8,909.3,95.492966,0.361681,12.218964,1.593158,25.0,19.327806,23.28038,0
9095,8,909.4,95.492966,0.542522,21.994135,0.449286,25.0,19.271425,23.28038,0
9096,8,909.5,95.492966,0.361681,26.88172,0.767366,25.0,19.360658,23.28038,0
9097,8,909.6,95.492966,0.452102,26.88172,2.802808,25.0,19.299604,23.28038,0
9098,8,909.7,95.492966,0.271261,17.106549,3.148038,25.0,19.271425,23.28038,0
9099,8,909.8,95.492966,1.012708,26.88172,4.361331,25.0,19.299604,23.28038,0
9100,8,909.9,95.492966,0.361681,21.994135,4.701364,25.0,19.063143,22.992998,0
9101,8,910.0,95.492966,0.723363,17.106549,5.258756,25.0,19.330109,23.28038,0
9102,8,910.1,95.492966,0.542522,12.218964,6.016,25.0,19.271425,23.28038,0
9103,8,910.2,95.492966,0.48827,21.994135,6.054395,25.0,19.149836,23.28038,0
9104,8,910.3,95.492966,0.651026,17.106549,7.060574,25.0,19.30193,23.28038,0
9105,8,910.4,95.492966,0.542522,12.218964,6.36147,25.0,19.298123,23.184421,0
9106,8,910.5,95.492966,0.795699,21.994135,7.67312,25.0,19.237156,23.184421,0
9107,8,910.6,95.492966,0.813783,17.106549,6.192496,25.0,19.269944,23.184421,0
9108,8,910.7,95.492966,0.48827,21.994135,7.435639,25.0,19.35455,23.184421,0
9109,8,910.8,95.492966,0.904203,21.994135,5.607426,25.0,19.326324,23.184421,0
9110,8,910.9,95.492966,0.397849,21.994135,6.812618,25.0,19.795547,23.184421,0
9111,8,911.0,95.492966,2.079668,21.994135,5.205336,25.0,18.933516,23.184421,0
9112,8,911.1,95.492966,6.239003,21.994135,6.488626,25.0,19.326324,23.184421,0
9113,8,911.2,95.492966,3.074291,21.994135,4.769467,25.0,18.966811,23.184421,0
9114,8,911.3,95.492966,7.595308,21.994135,4.929561,25.0,19.238013,23.088627,0
9115,8,911.4,95.492966,0.994624,26.88172,3.657044,25.0,19.17798,22.992998,0
9116,8,911.5,95.492966,5.153959,21.994135,3.763917,25.0,19.466307,23.088627,0
9117,8,911.6,95.492966,5.51564,26.88172,2.677264,25.0,19.238013,23.088627,0
9118,8,911.7,95.492966,8.951613,17.106549,3.401177,25.0,19.268562,23.088627,0
9119,8,911.8,95.492966,6.510264,21.994135,2.478011,25.0,18.540361,23.088627,0
9120,8,911.9,95.492966,4.719941,17.106549,4.178957,25.0,19.238013,23.088627,0
9121,8,912.0,95.492966,5.967742,12.218964,2.535192,25.0,19.238013,23.088627,0
9122,8,912.1,95.492966,6.510264,17.106549,5.486845,25.0,19.09613,22.992998,0
9123,8,912.2,95.492966,5.153959,26.88172,3.234865,25.0,19.3927,23.376506,0
9124,8,912.3,95.492966,5.949658,17.106549,6.655467,25.0,19.268562,23.088627,0
9125,8,912.4,95.492966,2.71261,17.106549,4.607959,25.0,19.238013,23.088627,0
9126,8,912.5,95.492966,0.325513,7.331378,7.832728,25.0,18.822935,22.51727,0
9127,8,912.6,95.492966,2.531769,12.218964,6.222129,25.0,19.17798,22.992998,0
9128,8,912.7,95.492966,0.705279,26.88172,8.822667,25.0,19.206136,22.992998,0
9129,8,912.8,95.492966,0.434018,31.769306,7.123562,25.0,19.206136,22.992998,0
9130,8,912.9,95.492966,0.054252,21.994135,8.052585,25.0,19.236685,22.992998,0
9131,8,913.0,95.492966,0.542522,21.994135,6.914249,25.0,19.491148,22.992998,0
9132,8,913.1,95.492966,0.886119,21.994135,7.087926,25.0,19.264864,22.992998,0
9133,8,913.2,95.492966,0.632942,17.106549,6.673389,25.0,20.369487,24.054174,0
9134,8,913.3,95.492966,0.054252,26.88172,5.772009,25.0,19.417085,23.28038,0
9135,8,913.4,95.492966,0.904203,31.769306,5.814481,25.0,18.813031,23.088627,0
9136,8,913.5,95.492966,0.434018,17.106549,4.361331,25.0,19.236685,22.992998,0
9137,8,913.6,95.492966,0.325513,21.994135,4.565251,25.0,19.204863,22.897531,0
9138,8,913.7,95.492966,0.542522,21.994135,2.494345,25.0,19.204863,22.897531,0
9139,8,913.8,95.492966,0.723363,21.994135,2.7754,25.0,19.174314,22.897531,0
9140,8,913.9,95.492966,0.542522,31.769306,0.579339,25.0,19.236685,22.992998,0
9141,8,914.0,95.492966,0.542522,17.106549,0.449286,25.0,18.790422,22.328086,0
9142,8,914.1,95.492966,0.632942,21.994135,1.843404,25.0,19.54459,22.897531,0
9143,8,914.2,95.492966,0.452102,17.106549,1.905845,25.0,19.233042,22.897531,0
9144,8,914.3,95.492966,0.434018,17.106549,3.671387,25.0,19.204863,22.897531,0
9145,8,914.4,95.492966,0.723363,17.106549,3.878323,25.0,19.204863,22.897531,0
9146,8,914.5,95.492966,0.361681,21.994135,4.908679,25.0,20.125616,25.236407,0
9147,8,914.6,95.492966,0.632942,21.994135,5.360882,25.0,19.113347,22.897531,0
9148,8,914.7,95.492966,0.813783,17.106549,5.571097,25.0,18.896355,22.897531,0
9149,8,914.8,95.492966,0.904203,21.994135,6.642892,25.0,19.374287,22.897531,0
9150,8,914.9,95.492966,0.723363,21.994135,6.225583,25.0,19.142546,22.802226,0
9151,8,915.0,95.492966,0.271261,17.106549,7.431782,25.0,19.450072,22.802226,0
9152,8,915.1,95.492966,0.813783,17.106549,6.399658,25.0,19.201274,22.802226,0
9153,8,915.2,95.492966,0.904203,21.994135,7.609658,25.0,19.289469,22.897531,0
9154,8,915.3,95.492966,0.325513,26.88172,6.016,25.0,19.173095,22.802226,0
9155,8,915.4,95.492966,1.356305,21.994135,7.101394,25.0,19.031419,22.707082,0
9156,8,915.5,95.492966,0.759531,26.88172,5.341239,25.0,19.229475,22.802226,0
9157,8,915.6,95.492966,2.278592,21.994135,6.312842,25.0,19.173095,22.802226,0
9158,8,915.7,95.492966,7.55914,17.106549,5.138361,25.0,19.231867,22.802226,0
9159,8,915.8,95.492966,4.285924,17.106549,5.568953,25.0,19.173095,22.802226,0
9160,8,915.9,95.492966,2.821114,7.331378,4.190374,25.0,19.081563,22.612097,0
9161,8,916.0,95.492966,4.557185,21.994135,3.984057,25.0,18.689386,22.802226,0
9162,8,916.1,95.492966,3.363636,17.106549,3.005964,25.0,18.725185,22.802226,0
9163,8,916.2,95.492966,8.499511,17.106549,3.302829,25.0,19.321291,22.992998,0
9164,8,916.3,95.492966,3.68915,17.106549,2.352396,25.0,19.173095,22.802226,0
9165,8,916.4,95.492966,1.609482,26.88172,3.415894,25.0,19.200152,22.707082,0
9166,8,916.5,95.492966,3.851906,21.994135,2.592955,25.0,19.14138,22.707082,0
9167,8,916.6,95.492966,4.340176,26.88172,4.793448,25.0,19.231867,22.802226,0
9168,8,916.7,95.492966,7.595308,21.994135,3.163933,25.0,19.171973,22.707082,0
9169,8,916.8,95.492966,5.244379,21.994135,5.805024,25.0,19.171973,22.707082,0
9170,8,916.9,95.492966,2.387097,17.106549,4.210847,25.0,19.143818,22.707082,0
9171,8,917.0,95.492966,2.80303,17.106549,6.818576,25.0,19.200152,22.707082,0
9172,8,917.1,95.492966,11.682307,21.994135,5.78152,25.0,19.110831,22.707082,0
9173,8,917.2,95.492966,1.392473,12.218964,8.267174,25.0,19.171973,22.707082,0
9174,8,917.3,95.492966,1.537146,17.106549,7.175352,25.0,19.200152,22.707082,0
9175,8,917.4,95.492966,0.434018,21.994135,8.505312,25.0,19.171973,22.707082,0
9176,8,917.5,95.492966,0.452102,17.106549,7.017133,25.0,18.877042,22.328086,0
9177,8,917.6,95.492966,0.108504,21.994135,7.396017,25.0,19.140312,22.612097,0
9178,8,917.7,95.492966,0.632942,17.106549,6.742477,25.0,18.957409,22.612097,0
9179,8,917.8,95.492966,0.632942,21.994135,6.535215,25.0,19.201633,22.612097,0
9180,8,917.9,95.492966,0.452102,21.994135,6.187865,25.0,18.971712,22.612097,0
9181,8,918.0,95.492966,0.723363,21.994135,5.189709,25.0,19.046381,22.612097,0
9182,8,918.1,95.492966,0.632942,17.106549,5.222746,25.0,19.140312,22.612097,0
9183,8,918.2,95.492966,0.723363,21.994135,3.464502,25.0,19.231867,22.802226,0
9184,8,918.3,95.492966,0.723363,17.106549,3.602419,25.0,19.140312,22.612097,0
9185,8,918.4,95.492966,0.48827,26.88172,1.579605,25.0,19.168491,22.612097,0
9186,8,918.5,95.492966,0.180841,17.106549,1.659262,25.0,18.670313,22.612097,0
9187,8,918.6,95.492966,0.162757,17.106549,0.660276,25.0,19.168491,22.612097,0
9188,8,918.7,95.492966,0.632942,26.88172,0.754812,25.0,18.927076,22.612097,0
9189,8,918.8,95.492966,0.452102,17.106549,2.871846,25.0,19.140312,22.612097,0
9190,8,918.9,95.492966,0.325513,26.88172,2.977218,25.0,18.496673,21.857804,0
9191,8,919.0,95.492966,0.542522,26.88172,4.288978,25.0,19.140312,22.612097,0
9192,8,919.1,95.492966,0.271261,21.994135,4.598618,25.0,19.199129,22.612097,0
9193,8,919.2,95.492966,0.723363,21.994135,5.051622,25.0,19.04756,22.51727,0
9194,8,919.3,95.492966,0.596774,17.106549,5.988938,25.0,19.224918,22.612097,0
9195,8,919.4,95.492966,0.632942,17.106549,5.842352,25.0,19.16752,22.51727,0
9196,8,919.5,95.492966,0.325513,21.994135,7.19065,25.0,19.139341,22.51727,0
9197,8,919.6,95.492966,1.012708,17.106549,6.225583,25.0,19.108703,22.51727,0
9198,8,919.7,95.492966,1.175464,17.106549,7.64911,25.0,19.168491,22.612097,0
9199,8,919.8,95.492966,0.072336,21.994135,5.945301,25.0,18.777261,22.233726,0
9200,8,919.9,95.492966,0.054252,21.994135,7.499936,25.0,19.170024,22.51727,0
9201,8,920.0,95.492966,0.705279,21.994135,5.441817,25.0,19.023385,22.4226,0
9202,8,920.1,95.492966,1.627566,21.994135,6.984375,25.0,19.16752,22.51727,0
9203,8,920.2,95.492966,1.808407,21.994135,5.22549,25.0,19.108703,22.51727,0
9204,8,920.3,95.492966,5.967742,12.218964,6.354707,25.0,19.108703,22.51727,0
9205,8,920.4,95.492966,3.797654,21.994135,4.843028,25.0,19.139341,22.51727,0
9206,8,920.5,95.492966,8.04741,17.106549,4.895521,25.0,19.16752,22.51727,0
9207,8,920.6,95.492966,6.456012,26.88172,3.408193,25.0,19.139341,22.51727,0
9208,8,920.7,95.492966,8.680352,21.994135,3.710222,25.0,19.139341,22.51727,0
9209,8,920.8,95.492966,3.580645,21.994135,2.792561,25.0,19.107784,22.4226,0
9210,8,920.9,95.492966,8.680352,17.106549,3.309332,25.0,19.139341,22.51727,0
9211,8,921.0,95.492966,3.743402,17.106549,2.350365,25.0,19.135963,22.4226,0
9212,8,921.1,95.492966,4.611437,21.994135,4.130082,25.0,19.048124,22.328086,0
9213,8,921.2,95.492966,6.058162,17.106549,2.760729,25.0,19.079691,22.328086,0
9214,8,921.3,95.492966,6.148583,17.106549,5.426431,25.0,19.135963,22.4226,0
9215,8,921.4,95.492966,5.063539,12.218964,3.586469,25.0,19.111185,22.51727,0
9216,8,921.5,95.492966,3.978495,17.106549,6.530462,25.0,19.202611,22.707082,0
9217,8,921.6,95.492966,2.170088,26.88172,4.756929,25.0,19.107784,22.4226,0
9218,8,921.7,95.492966,1.139296,21.994135,7.393755,25.0,19.077146,22.4226,0
9219,8,921.8,95.492966,2.079668,17.106549,6.576028,25.0,18.642263,21.951559,0
9220,8,921.9,95.492966,0.632942,26.88172,8.469849,25.0,19.107784,22.4226,0
9221,8,922.0,95.492966,0.542522,26.88172,7.402474,25.0,19.135963,22.4226,0
9222,8,922.1,95.492966,0.217009,17.106549,7.880464,25.0,19.107784,22.4226,0
9223,8,922.2,95.492966,0.0,26.88172,6.773936,25.0,19.107784,22.4226,0
9224,8,922.3,95.492966,0.271261,17.106549,7.016112,25.0,18.879656,22.328086,0
9225,8,922.4,95.492966,0.434018,21.994135,6.57094,25.0,19.076279,22.328086,0
9226,8,922.5,95.492966,0.542522,17.106549,5.946908,25.0,19.076279,22.328086,0
9227,8,922.6,95.492966,0.09042,26.88172,5.702474,25.0,19.375454,22.802226,0
9228,8,922.7,95.492966,0.108504,21.994135,4.427111,25.0,19.307153,22.233726,0
9229,8,922.8,95.492966,0.632942,26.88172,4.32503,25.0,19.104458,22.328086,0
9230,8,922.9,95.492966,0.542522,12.218964,2.632272,25.0,18.987818,22.139519,0
9231,8,923.0,95.492966,0.361681,26.88172,2.421452,25.0,19.048124,22.328086,0
9232,8,923.1,95.492966,0.542522,31.769306,0.579339,25.0,19.104458,22.328086,0
9233,8,923.2,95.492966,0.379765,21.994135,0.251604,25.0,18.714755,22.328086,0
9234,8,923.3,95.492966,0.361681,21.994135,1.800132,25.0,19.076279,22.328086,0
9235,8,923.4,95.492966,0.632942,21.994135,2.18716,25.0,19.075509,22.233726,0
9236,8,923.5,95.492966,0.542522,26.88172,3.874626,25.0,19.076279,22.328086,0
9237,8,923.6,95.492966,0.434018,26.88172,3.947312,25.0,19.135141,22.328086,0
9238,8,923.7,95.492966,0.379765,31.769306,4.877433,25.0,19.075509,22.233726,0
9239,8,923.8,95.492966,0.632942,26.88172,5.568095,25.0,20.082516,23.762706,0
9240,8,923.9,95.492966,0.48827,21.994135,5.709173,25.0,19.047353,22.233726,0
9241,8,924.0,95.492966,0.271261,31.769306,6.740705,25.0,18.766772,21.857804,0
9242,8,924.1,95.492966,0.542522,21.994135,6.36147,25.0,19.075509,22.233726,0
9243,8,924.2,95.492966,0.379765,12.218964,7.295202,25.0,18.869584,22.045463,0
9244,8,924.3,95.492966,0.596774,17.106549,6.403017,25.0,19.460418,22.802226,0
9245,8,924.4,95.492966,0.271261,17.106549,7.570001,25.0,19.044826,22.233726,0
9246,8,924.5,95.492966,0.325513,21.994135,5.946908,25.0,19.25779,22.233726,0
9247,8,924.6,95.492966,1.265885,17.106549,7.064633,25.0,19.075509,22.233726,0
9248,8,924.7,95.492966,1.265885,12.218964,5.341239,25.0,19.470051,22.233726,0
9249,8,924.8,95.492966,2.278592,26.88172,6.380218,25.0,19.073005,22.233726,0
9250,8,924.9,95.492966,2.007331,21.994135,5.230516,25.0,19.16519,22.233726,0
9251,8,925.0,95.492966,7.233627,7.331378,5.737139,25.0,19.072285,22.139519,0
9252,8,925.1,95.492966,2.495601,21.994135,4.043573,25.0,19.041602,22.139519,0
9253,8,925.2,95.492966,4.719941,12.218964,4.035885,25.0,19.35374,22.233726,0
9254,8,925.3,95.492966,3.255132,17.106549,3.059527,25.0,18.457272,22.139519,0
9255,8,925.4,95.492966,8.770772,7.331378,3.396257,25.0,19.012755,22.045463,0
9256,8,925.5,95.492966,8.481427,21.994135,2.415526,25.0,19.072285,22.139519,0
9257,8,925.6,95.492966,1.64565,21.994135,3.575128,25.0,19.044107,22.139519,0
9258,8,925.7,95.492966,6.419844,7.331378,2.474152,25.0,19.13266,22.328086,0
9259,8,925.8,95.492966,6.962366,21.994135,4.938276,25.0,19.072285,22.139519,0
9260,8,925.9,95.492966,3.417889,17.106549,2.957898,25.0,19.013424,22.139519,0
9261,8,926.0,95.492966,5.244379,12.218964,5.935248,25.0,18.925165,21.951559,0
9262,8,926.1,95.492966,2.658358,21.994135,4.116177,25.0,19.044107,22.139519,0
9263,8,926.2,95.492966,1.790323,17.106549,7.102403,25.0,19.044107,22.139519,0
9264,8,926.3,95.492966,1.898827,21.994135,5.551768,25.0,17.878342,22.139519,0
9265,8,926.4,95.492966,0.651026,12.218964,8.579418,25.0,19.072285,22.139519,0
9266,8,926.5,95.492966,1.356305,21.994135,6.96348,25.0,19.072285,22.139519,0
9267,8,926.6,95.492966,0.271261,17.106549,8.467592,25.0,19.044107,22.139519,0
9268,8,926.7,95.492966,0.271261,17.106549,6.808759,25.0,19.072285,22.139519,0
9269,8,926.8,95.492966,0.813783,26.88172,7.504712,25.0,18.921643,22.139519,0
9270,8,926.9,95.492966,0.48827,21.994135,6.675894,25.0,19.013424,22.139519,0
9271,8,927.0,95.492966,0.180841,17.106549,6.428336,25.0,19.044107,22.139519,0
9272,8,927.1,95.492966,0.162757,17.106549,6.186706,25.0,19.185234,22.139519,0
9273,8,927.2,95.492966,0.434018,21.994135,5.120664,25.0,19.044107,22.139519,0
9274,8,927.3,95.492966,0.271261,26.88172,5.220458,25.0,19.044107,22.139519,0
9275,8,927.4,95.492966,0.452102,17.106549,3.355213,25.0,18.987818,22.139519,0
9276,8,927.5,95.492966,0.542522,12.218964,3.598438,25.0,19.072285,22.139519,0
9277,8,927.6,95.492966,0.452102,21.994135,1.423706,25.0,19.044107,22.139519,0
9278,8,927.7,95.492966,0.379765,17.106549,1.432071,25.0,19.044107,22.139519,0
9279,8,927.8,95.492966,0.452102,17.106549,0.806822,25.0,19.389821,22.328086,0
9280,8,927.9,95.492966,0.632942,26.88172,0.888546,25.0,19.042367,22.233726,0
9281,8,928.0,95.492966,0.723363,12.218964,3.050926,25.0,19.074835,22.139519,0
9282,8,928.1,95.492966,0.542522,21.994135,3.046225,25.0,19.075509,22.233726,0
9283,8,928.2,95.492966,0.813783,21.994135,4.397877,25.0,19.103688,22.233726,0
9284,8,928.3,95.492966,0.723363,12.218964,4.637415,25.0,18.837714,21.857804,0
9285,8,928.4,95.492966,0.379765,17.106549,5.291813,25.0,19.134416,22.233726,0
9286,8,928.5,95.492966,1.64565,17.106549,6.120713,25.0,19.075509,22.233726,0
9287,8,928.6,95.492966,0.325513,17.106549,6.085093,25.0,19.073005,22.233726,0
9288,8,928.7,95.492966,0.723363,21.994135,6.985401,25.0,19.134416,22.233726,0
9289,8,928.8,95.492966,0.723363,17.106549,6.640015,25.0,19.106237,22.233726,0
9290,8,928.9,95.492966,0.48827,17.106549,7.569054,25.0,19.011773,22.233726,0
9291,8,929.0,95.492966,0.813783,17.106549,6.330603,25.0,19.134416,22.233726,0
9292,8,929.1,95.492966,0.994624,12.218964,7.369484,25.0,19.198751,21.577426,0
9293,8,929.2,95.492966,0.144673,17.106549,5.742133,25.0,18.927782,21.951559,0
9294,8,929.3,95.492966,0.48827,17.106549,6.593442,25.0,19.075509,22.233726,0
9295,8,929.4,95.492966,2.80303,17.106549,5.320626,25.0,18.728323,21.857804,0
9296,8,929.5,95.492966,3.472141,21.994135,6.007258,25.0,19.134416,22.233726,0
9297,8,929.6,95.492966,4.159335,17.106549,4.689154,25.0,18.800952,22.233726,0
9298,8,929.7,95.492966,7.143206,21.994135,4.632261,25.0,19.106237,22.233726,0
9299,8,929.8,95.492966,3.417889,31.769306,3.525335,25.0,19.015327,22.045463,0
9300,8,929.9,95.492966,8.499511,17.106549,3.616978,25.0,19.303983,22.233726,0
9301,8,930.0,95.492966,5.877322,17.106549,2.488592,25.0,19.106237,22.233726,0
9302,8,930.1,95.492966,8.318671,21.994135,3.172228,25.0,19.106237,22.233726,0
9303,8,930.2,95.492966,3.851906,26.88172,2.448919,25.0,19.137011,22.233726,0
9304,8,930.3,95.492966,7.324047,17.106549,4.034109,25.0,19.16519,22.233726,0
9305,8,930.4,95.492966,8.481427,26.88172,3.059527,25.0,19.168465,22.328086,0
9306,8,930.5,95.492966,3.580645,21.994135,5.147187,25.0,18.936984,22.233726,0
9307,8,930.6,95.492966,2.821114,12.218964,3.635424,25.0,19.337889,22.328086,0
9308,8,930.7,95.492966,4.159335,21.994135,6.345302,25.0,19.165869,22.328086,0
9309,8,930.8,95.492966,3.526393,21.994135,5.046891,25.0,19.165869,22.328086,0
9310,8,930.9,95.492966,2.025415,12.218964,7.414082,25.0,19.140309,22.328086,0
9311,8,931.0,95.492966,1.717986,17.106549,6.561481,25.0,19.168465,22.328086,0
9312,8,931.1,95.492966,0.904203,21.994135,8.507558,25.0,19.104458,22.328086,0
9313,8,931.2,95.492966,0.271261,26.88172,7.293565,25.0,19.168465,22.328086,0
9314,8,931.3,95.492966,0.217009,12.218964,7.604006,25.0,19.168465,22.328086,0
9315,8,931.4,95.492966,0.723363,17.106549,6.916322,25.0,19.25307,22.328086,0
9316,8,931.5,95.492966,0.813783,26.88172,6.95215,25.0,19.168465,22.328086,0
9317,8,931.6,95.492966,0.452102,17.106549,6.464282,25.0,19.168465,22.328086,0
9318,8,931.7,95.492966,0.09042,26.88172,5.909837,25.0,19.334757,22.233726,0
9319,8,931.8,95.492966,0.144673,31.769306,5.742133,25.0,19.540745,23.762706,0
9320,8,931.9,95.492966,0.723363,26.88172,4.223309,25.0,19.227463,22.328086,0
9321,8,932.0,95.492966,0.162757,21.994135,4.458834,25.0,19.28717,22.4226,0
9322,8,932.1,95.492966,0.271261,26.88172,2.457683,25.0,19.196643,22.328086,0
9323,8,932.2,95.492966,0.542522,12.218964,2.494345,25.0,19.140309,22.328086,0
9324,8,932.3,95.492966,0.542522,17.106549,0.449286,25.0,19.23079,22.4226,0
9325,8,932.4,95.492966,0.452102,12.218964,0.340381,25.0,18.575473,21.298352,0
9326,8,932.5,95.492966,0.723363,17.106549,2.019052,25.0,19.228148,22.4226,0
9327,8,932.6,95.492966,0.452102,21.994135,2.112715,25.0,19.258968,22.4226,0
9328,8,932.7,95.492966,0.126588,36.656891,3.84181,25.0,19.23079,22.4226,0
9329,8,932.8,95.492966,0.723363,21.994135,3.878323,25.0,19.23079,22.4226,0
9330,8,932.9,95.492966,0.48827,12.218964,4.811852,25.0,20.171876,22.328086,0
9331,8,933.0,95.492966,0.379765,21.994135,5.499022,25.0,19.258968,22.4226,0
9332,8,933.1,95.492966,0.271261,21.994135,5.565949,25.0,19.292569,22.4226,0
9333,8,933.2,95.492966,0.379765,17.106549,6.811565,25.0,19.23079,22.4226,0
9334,8,933.3,95.492966,0.217009,21.994135,6.221745,25.0,19.047353,22.233726,0
9335,8,933.4,95.492966,0.904203,21.994135,7.471534,25.0,19.052029,22.139519,0
9336,8,933.5,95.492966,1.012708,26.88172,6.363723,25.0,19.576814,22.612097,0
9337,8,933.6,95.492966,0.632942,21.994135,7.709769,25.0,19.23079,22.4226,0
9338,8,933.7,95.492966,0.325513,21.994135,5.739636,25.0,19.510305,22.4226,0
9339,8,933.8,95.492966,1.808407,21.994135,7.218502,25.0,18.671703,22.4226,0
9340,8,933.9,95.492966,1.175464,17.106549,5.303987,25.0,19.573626,22.51727,0
9341,8,934.0,95.492966,3.888074,12.218964,6.488995,25.0,19.47603,22.4226,0
9342,8,934.1,95.492966,3.435973,26.88172,5.138361,25.0,19.258968,22.4226,0
9343,8,934.2,95.492966,6.962366,12.218964,5.535824,25.0,19.449101,22.992998,0
9344,8,934.3,95.492966,3.978495,21.994135,3.953359,25.0,19.289835,22.4226,0
9345,8,934.4,95.492966,9.042033,21.994135,4.624002,25.0,19.23079,22.4226,0
9346,8,934.5,95.492966,3.363636,21.994135,3.106021,25.0,19.465949,22.612097,0
9347,8,934.6,95.492966,12.279081,21.994135,3.348085,25.0,18.86391,22.4226,0
9348,8,934.7,95.492966,6.058162,17.106549,2.355441,25.0,19.321392,22.51727,0
9349,8,934.8,95.492966,8.589932,21.994135,3.729487,25.0,19.293213,22.51727,0
9350,8,934.9,95.492966,3.634897,12.218964,2.415526,25.0,19.504572,22.897531,0
9351,8,935.0,95.492966,4.068915,12.218964,4.96096,25.0,19.293213,22.51727,0
9352,8,935.1,95.492966,3.20088,21.994135,3.115237,25.0,19.23079,22.4226,0
9353,8,935.2,95.492966,2.983871,21.994135,5.868869,25.0,19.177257,22.4226,0
9354,8,935.3,95.492966,2.495601,21.994135,4.300103,25.0,19.293213,22.51727,0
9355,8,935.4,95.492966,2.80303,26.88172,7.091969,25.0,19.262346,22.51727,0
9356,8,935.5,95.492966,7.052786,7.331378,5.823923,25.0,19.352305,22.51727,0
9357,8,935.6,95.492966,0.723363,21.994135,8.367127,25.0,19.321392,22.51727,0
9358,8,935.7,95.492966,1.085044,21.994135,7.060574,25.0,19.293213,22.51727,0
9359,8,935.8,95.492966,0.994624,17.106549,8.405297,25.0,19.265057,22.51727,0
9360,8,935.9,95.492966,0.271261,21.994135,6.877877,25.0,18.928885,22.51727,0
9361,8,936.0,95.492966,0.271261,21.994135,7.3617,25.0,19.416377,22.802226,0
9362,8,936.1,95.492966,0.813783,17.106549,6.744957,25.0,19.262346,22.51727,0
9363,8,936.2,95.492966,0.325513,26.88172,6.499662,25.0,19.293213,22.51727,0
9364,8,936.3,95.492966,0.542522,26.88172,6.016,25.0,19.321392,22.51727,0
9365,8,936.4,95.492966,0.379765,21.994135,5.219085,25.0,19.236924,22.51727,0
9366,8,936.5,95.492966,0.886119,21.994135,4.946493,25.0,19.352305,22.51727,0
9367,8,936.6,95.492966,0.452102,17.106549,3.493342,25.0,19.355735,22.612097,0
9368,8,936.7,95.492966,0.361681,2.443793,3.388511,25.0,19.359241,22.707082,0
9369,8,936.8,95.492966,0.09042,17.106549,1.492515,25.0,19.383914,22.612097,0
9370,8,936.9,95.492966,0.759531,21.994135,1.256119,25.0,19.383914,22.612097,0
9371,8,937.0,95.492966,0.271261,17.106549,0.806822,25.0,19.508043,22.612097,0
9372,8,937.1,95.492966,0.542522,17.106549,1.256119,25.0,19.380507,22.51727,0
9373,8,937.2,95.492966,0.723363,21.994135,3.257678,25.0,19.383914,22.612097,0
9374,8,937.3,95.492966,0.723363,21.994135,3.395553,25.0,19.383914,22.612097,0
9375,8,937.4,95.492966,0.632942,21.994135,4.529529,25.0,19.095946,22.4226,0
9376,8,937.5,95.492966,0.271261,21.994135,4.944077,25.0,19.383914,22.612097,0
9377,8,937.6,95.492966,0.379765,21.994135,5.429951,25.0,19.353,22.612097,0
9378,8,937.7,95.492966,0.126588,7.331378,6.258877,25.0,19.511017,22.612097,0
9379,8,937.8,95.492966,0.126588,21.994135,6.189795,25.0,19.412116,22.612097,0
9380,8,937.9,95.492966,0.379765,36.656891,7.22611,25.0,19.327579,22.612097,0
9381,8,938.0,95.492966,0.361681,21.994135,6.42908,25.0,19.355735,22.612097,0
9382,8,938.1,95.492966,0.434018,21.994135,7.676233,25.0,19.355735,22.612097,0
9383,8,938.2,95.492966,0.542522,17.106549,6.159618,25.0,19.610198,22.612097,0
9384,8,938.3,95.492966,0.434018,21.994135,7.330808,25.0,20.591508,22.612097,0
9385,8,938.4,95.492966,0.325513,12.218964,5.601459,25.0,19.542219,22.612097,0
9386,8,938.5,95.492966,2.80303,7.331378,6.750267,25.0,19.758203,23.472801,0
9387,8,938.6,95.492966,0.48827,21.994135,5.295423,25.0,19.229812,22.612097,0
9388,8,938.7,95.492966,3.580645,17.106549,6.096859,25.0,19.355735,22.612097,0
9389,8,938.8,95.492966,4.340176,26.88172,4.71253,25.0,18.875621,22.4226,0
9390,8,938.9,95.492966,7.776149,12.218964,4.695772,25.0,19.418357,22.707082,0
9391,8,939.0,95.492966,4.792278,21.994135,3.326612,25.0,19.353,22.612097,0
9392,8,939.1,95.492966,1.754154,17.106549,3.69409,25.0,19.418357,22.707082,0
9393,8,939.2,95.492966,6.058162,21.994135,2.72239,25.0,19.267241,22.4226,0
9394,8,939.3,95.492966,5.316716,17.106549,3.422881,25.0,19.446536,22.707082,0
9395,8,939.4,95.492966,3.743402,26.88172,2.352396,25.0,19.477544,22.707082,0
9396,8,939.5,95.492966,10.76002,21.994135,4.382641,25.0,19.418357,22.707082,0
9397,8,939.6,95.492966,6.058162,46.432063,2.72239,25.0,19.474738,22.707082,0
9398,8,939.7,95.492966,8.354839,26.88172,5.713355,25.0,19.872135,22.707082,0
9399,8,939.8,95.492966,6.456012,12.218964,3.649197,25.0,19.477544,22.707082,0
9400,8,939.9,95.492966,2.22434,17.106549,6.744248,25.0,18.952064,22.233726,0
9401,8,940.0,95.492966,4.810362,26.88172,4.737808,25.0,19.50726,22.897531,0
9402,8,940.1,95.492966,0.97654,26.88172,7.901655,25.0,19.353796,22.707082,0
9403,8,940.2,95.492966,2.260508,21.994135,6.584378,25.0,19.415575,22.707082,0
9404,8,940.3,95.492966,0.632942,26.88172,8.677151,25.0,19.036439,22.328086,0
9405,8,940.4,95.492966,0.48827,17.106549,7.228423,25.0,19.415575,22.707082,0
9406,8,940.5,95.492966,0.813783,17.106549,7.98825,25.0,19.297461,22.707082,0
9407,8,940.6,95.492966,0.723363,21.994135,6.778167,25.0,19.384662,22.707082,0
9408,8,940.7,95.492966,0.0,12.218964,6.912176,25.0,19.356483,22.707082,0
9409,8,940.8,95.492966,0.542522,21.994135,6.430566,25.0,19.328328,22.707082,0
9410,8,940.9,95.492966,0.271261,21.994135,5.842352,25.0,19.412864,22.707082,0
9411,8,941.0,95.492966,0.379765,17.106549,5.702893,25.0,19.300195,22.707082,0
9412,8,941.1,95.492966,0.723363,21.994135,4.154304,25.0,19.384662,22.707082,0
9413,8,941.2,95.492966,0.759531,17.106549,4.358044,25.0,19.416377,22.802226,0
9414,8,941.3,95.492966,0.542522,12.218964,2.287526,25.0,19.524361,22.802226,0
9415,8,941.4,95.492966,0.452102,17.106549,2.388675,25.0,19.412864,22.707082,0
9416,8,941.5,95.492966,0.325513,21.994135,0.269926,25.0,19.233294,22.707082,0
9417,8,941.6,95.492966,0.452102,26.88172,0.221295,25.0,19.416377,22.802226,0
9418,8,941.7,95.492966,0.361681,31.769306,2.145255,25.0,19.272084,22.707082,0
9419,8,941.8,95.492966,0.632942,26.88172,2.324816,25.0,19.384662,22.707082,0
9420,8,941.9,95.492966,0.434018,12.218964,3.878323,25.0,19.384662,22.707082,0
9421,8,942.0,95.492966,0.325513,21.994135,4.150852,25.0,19.44729,22.802226,0
9422,8,942.1,95.492966,0.886119,12.218964,5.084616,25.0,19.356483,22.707082,0
9423,8,942.2,95.492966,0.325513,21.994135,5.670547,25.0,20.445713,22.707082,0
9424,8,942.3,95.492966,0.271261,17.106549,5.980556,25.0,19.35469,22.802226,0
9425,8,942.4,95.492966,0.0,17.106549,6.428336,25.0,19.13111,22.612097,0
9426,8,942.5,95.492966,0.904203,26.88172,6.504805,25.0,19.724683,22.707082,0
9427,8,942.6,95.492966,0.379765,21.994135,7.433389,25.0,19.353796,22.707082,0
9428,8,942.7,95.492966,0.632942,17.106549,6.673389,25.0,19.446536,22.707082,0
9429,8,942.8,95.492966,0.813783,21.994135,7.366566,25.0,19.384662,22.707082,0
9430,8,942.9,95.492966,1.139296,21.994135,5.916301,25.0,19.469338,22.707082,0
9431,8,943.0,95.492966,0.994624,26.88172,6.886207,25.0,19.322976,22.707082,0
9432,8,943.1,95.492966,0.868035,21.994135,5.278706,25.0,19.384662,22.707082,0
9433,8,943.2,95.492966,2.658358,21.994135,6.204828,25.0,19.384662,22.707082,0
9434,8,943.3,95.492966,5.823069,7.331378,4.950837,25.0,20.889949,22.802226,0
9435,8,943.4,95.492966,6.691105,12.218964,5.213132,25.0,19.384662,22.707082,0
9436,8,943.5,95.492966,5.244379,17.106549,3.978056,25.0,19.384662,22.707082,0
9437,8,943.6,95.492966,7.866569,21.994135,3.98945,25.0,18.908574,22.707082,0
9438,8,943.7,95.492966,5.786901,12.218964,2.867684,25.0,19.353,22.612097,0
9439,8,943.8,95.492966,8.13783,21.994135,3.113703,25.0,19.353796,22.707082,0
9440,8,943.9,95.492966,6.419844,26.88172,2.421452,25.0,19.388198,22.802226,0
9441,8,944.0,95.492966,11.139785,26.88172,3.538862,25.0,19.350336,22.612097,0
9442,8,944.1,95.492966,3.797654,21.994135,2.791706,25.0,19.384662,22.707082,0
9443,8,944.2,95.492966,1.374389,26.88172,4.832164,25.0,19.384662,22.707082,0
9444,8,944.3,95.492966,5.606061,17.106549,3.476891,25.0,19.412864,22.707082,0
9445,8,944.4,95.492966,4.701857,21.994135,5.93565,25.0,19.384662,22.707082,0
9446,8,944.5,95.492966,3.978495,21.994135,4.535853,25.0,19.446536,22.707082,0
9447,8,944.6,95.492966,1.410557,12.218964,6.69162,25.0,19.388198,22.802226,0
9448,8,944.7,95.492966,1.356305,2.443793,5.899318,25.0,19.293213,22.51727,0
9449,8,944.8,95.492966,0.994624,17.106549,8.405297,25.0,19.353,22.612097,0
9450,8,944.9,95.492966,1.175464,17.106549,7.028018,25.0,19.476938,22.612097,0
9451,8,945.0,95.492966,0.162757,12.218964,8.260236,25.0,19.353,22.612097,0
9452,8,945.1,95.492966,0.379765,36.656891,6.602493,25.0,19.293213,22.51727,0
9453,8,945.2,95.492966,0.180841,12.218964,7.402474,25.0,19.727158,22.612097,0
9454,8,945.3,95.492966,0.452102,17.106549,6.740705,25.0,18.977004,22.233726,0
9455,8,945.4,95.492966,0.542522,12.218964,6.499662,25.0,19.206846,22.612097,0
9456,8,945.5,95.492966,0.379765,7.331378,6.120713,25.0,19.263135,22.612097,0
9457,8,945.6,95.492966,0.271261,17.106549,4.942628,25.0,19.383914,22.612097,0
9458,8,945.7,95.492966,0.379765,17.106549,5.015553,25.0,19.415575,22.707082,0
9459,8,945.8,95.492966,0.271261,12.218964,3.217093,25.0,19.353,22.612097,0
9460,8,945.9,95.492966,0.542522,26.88172,3.391329,25.0,19.353,22.612097,0
9461,8,946.0,95.492966,0.325513,21.994135,1.324617,25.0,19.29597,22.51727,0
9462,8,946.1,95.492966,0.379765,26.88172,1.295441,25.0,19.412116,22.612097,0
9463,8,946.2,95.492966,0.632942,21.994135,1.02348,25.0,19.412116,22.612097,0
9464,8,946.3,95.492966,0.271261,26.88172,1.080256,25.0,19.445882,22.612097,0
9465,8,946.4,95.492966,0.542522,17.106549,3.115237,25.0,19.352305,22.51727,0
9466,8,946.5,95.492966,0.886119,17.106549,3.220804,25.0,19.352305,22.51727,0
9467,8,946.6,95.492966,0.271261,26.88172,4.253182,25.0,19.383265,22.51727,0
9468,8,946.7,95.492966,0.434018,21.994135,4.775474,25.0,19.32353,22.4226,0
9469,8,946.8,95.492966,0.542522,17.106549,5.262389,25.0,19.411467,22.51727,0
9470,8,946.9,95.492966,0.325513,17.106549,6.292375,25.0,19.414273,22.51727,0
9471,8,947.0,95.492966,0.48827,21.994135,6.054395,25.0,19.355087,22.51727,0
9472,8,947.1,95.492966,0.379765,21.994135,7.364296,25.0,19.298798,22.51727,0
9473,8,947.2,95.492966,0.452102,17.106549,6.395177,25.0,19.383265,22.51727,0
9474,8,947.3,95.492966,0.379765,21.994135,7.640674,25.0,19.383265,22.51727,0
9475,8,947.4,95.492966,0.48827,21.994135,6.054395,25.0,19.355087,22.51727,0
9476,8,947.5,95.492966,1.356305,21.994135,7.431782,25.0,19.383265,22.51727,0
9477,8,947.6,95.492966,2.350929,17.106549,5.469403,25.0,19.383265,22.51727,0
9478,8,947.7,95.492966,1.844575,17.106549,6.732904,25.0,19.606388,22.4226,0
9479,8,947.8,95.492966,2.260508,21.994135,5.215881,25.0,19.32353,22.4226,0
9480,8,947.9,95.492966,3.472141,17.106549,5.94289,25.0,19.383265,22.51727,0
9481,8,948.0,95.492966,2.658358,26.88172,4.756929,25.0,19.351709,22.4226,0
9482,8,948.1,95.492966,4.828446,21.994135,4.682016,25.0,19.382717,22.4226,0
9483,8,948.2,95.492966,4.973118,17.106549,3.250336,25.0,19.32353,22.4226,0
9484,8,948.3,95.492966,8.499511,26.88172,3.555697,25.0,19.382717,22.4226,0
9485,8,948.4,95.492966,5.967742,17.106549,2.56796,25.0,19.32353,22.4226,0
9486,8,948.5,95.492966,8.318671,17.106549,3.220062,25.0,19.56222,22.707082,0
9487,8,948.6,95.492966,6.148583,17.106549,2.341199,25.0,19.382717,22.4226,0
9488,8,948.7,95.492966,7.414467,12.218964,4.288421,25.0,19.382717,22.4226,0
9489,8,948.8,95.492966,3.580645,17.106549,2.834168,25.0,19.298249,22.4226,0
9490,8,948.9,95.492966,6.058162,21.994135,5.443134,25.0,19.382717,22.4226,0
9491,8,949.0,95.492966,12.930108,17.106549,4.019278,25.0,19.320204,22.328086,0
9492,8,949.1,95.492966,0.723363,26.88172,6.365224,25.0,19.382268,22.328086,0
9493,8,949.2,95.492966,3.074291,21.994135,4.971061,25.0,18.929314,21.484258,0
9494,8,949.3,95.492966,2.784946,26.88172,7.685563,25.0,19.351212,22.328086,0
9495,8,949.4,95.492966,1.247801,17.106549,6.782042,25.0,19.351212,22.328086,0
9496,8,949.5,95.492966,0.452102,12.218964,8.468438,25.0,18.822769,22.328086,0
9497,8,949.6,95.492966,0.180841,17.106549,7.396017,25.0,19.351212,22.328086,0
9498,8,949.7,95.492966,0.271261,26.88172,7.63911,25.0,19.168465,22.328086,0
9499,8,949.8,95.492966,0.325513,31.769306,6.706954,25.0,19.351212,22.328086,0
9500,8,949.9,95.492966,0.271261,26.88172,6.877877,25.0,19.241601,22.328086,0
9501,8,950.0,95.492966,0.632942,17.106549,6.397045,25.0,19.438695,22.328086,0
9502,8,950.1,95.492966,0.723363,26.88172,5.811193,25.0,19.25833,22.328086,0
9503,8,950.2,95.492966,0.452102,21.994135,5.427751,25.0,19.354089,22.328086,0
9504,8,950.3,95.492966,0.162757,21.994135,4.251497,25.0,18.547818,21.577426,0
9505,8,950.4,95.492966,0.813783,31.769306,4.053014,25.0,19.350815,22.233726,0
9506,8,950.5,95.492966,0.632942,17.106549,2.39367,25.0,19.350815,22.233726,0
9507,8,950.6,95.492966,0.361681,21.994135,2.076217,25.0,19.178745,22.139519,0
9508,8,950.7,95.492966,0.759531,21.994135,0.326043,25.0,19.29448,22.233726,0
9509,8,950.8,95.492966,0.542522,12.218964,0.221295,25.0,19.322636,22.233726,0
9510,8,950.9,95.492966,0.271261,17.106549,2.112715,25.0,19.322636,22.233726,0
9511,8,951.0,95.492966,0.271261,26.88172,2.523859,25.0,19.379016,22.233726,0
9512,8,951.1,95.492966,0.217009,17.106549,4.010353,25.0,19.350815,22.233726,0
9513,8,951.2,95.492966,0.542522,26.88172,4.288978,25.0,19.350815,22.233726,0
9514,8,951.3,95.492966,1.193548,31.769306,5.048784,25.0,19.288356,22.139519,0
9515,8,951.4,95.492966,1.012708,17.106549,5.742133,25.0,19.29158,22.233726,0
9516,8,951.5,95.492966,0.542522,17.106549,5.877817,25.0,19.194451,21.857804,0
9517,8,951.6,95.492966,0.886119,12.218964,6.880655,25.0,19.319759,22.233726,0
9518,8,951.7,95.492966,0.361681,21.994135,6.359968,25.0,19.197524,21.951559,0
9519,8,951.8,95.492966,0.434018,21.994135,7.399892,25.0,19.60286,22.233726,0
9520,8,951.9,95.492966,0.452102,21.994135,6.464282,25.0,19.288356,22.139519,0
9521,8,952.0,95.492966,0.723363,26.88172,7.468976,25.0,19.322636,22.233726,0
9522,8,952.1,95.492966,0.904203,21.994135,5.883504,25.0,18.983072,22.233726,0
9523,8,952.2,95.492966,0.868035,21.994135,6.862577,25.0,19.316558,22.139519,0
9524,8,952.3,95.492966,0.97654,26.88172,5.217254,25.0,19.288356,22.139519,0
9525,8,952.4,95.492966,2.71261,17.106549,6.180912,25.0,20.242683,24.347239,0
9526,8,952.5,95.492966,3.616813,26.88172,5.022693,25.0,19.319759,22.233726,0
9527,8,952.6,95.492966,4.285924,21.994135,5.269194,25.0,19.319759,22.233726,0
9528,8,952.7,95.492966,4.340176,17.106549,3.881402,25.0,19.322636,22.233726,0
9529,8,952.8,95.492966,8.680352,26.88172,4.204602,25.0,19.000706,21.857804,0
9530,8,952.9,95.492966,5.606061,21.994135,3.005964,25.0,19.319412,22.139519,0
9531,8,953.0,95.492966,8.499511,21.994135,3.232649,25.0,19.322636,22.233726,0
9532,8,953.1,95.492966,6.239003,21.994135,2.459626,25.0,19.35374,22.233726,0
9533,8,953.2,95.492966,8.409091,12.218964,3.777221,25.0,19.350815,22.233726,0
9534,8,953.3,95.492966,6.148583,26.88172,2.483788,25.0,19.350815,22.233726,0
9535,8,953.4,95.492966,6.871945,26.88172,5.127191,25.0,19.322636,22.233726,0
9536,8,953.5,95.492966,3.309384,21.994135,3.160156,25.0,19.350815,22.233726,0
9537,8,953.6,95.492966,4.701857,17.106549,6.133969,25.0,18.542051,22.233726,0
9538,8,953.7,95.492966,4.340176,21.994135,4.197779,25.0,20.150145,22.233726,0
9539,8,953.8,95.492966,0.470186,12.218964,7.240311,25.0,19.822672,22.992998,0
9540,8,953.9,95.492966,2.80303,12.218964,5.795963,25.0,19.567906,22.707082,0
9541,8,954.0,95.492966,1.085044,21.994135,8.717526,25.0,19.319759,22.233726,0
9542,8,954.1,95.492966,0.904203,21.994135,7.126244,25.0,19.350815,22.233726,0
9543,8,954.2,95.492966,0.361681,12.218964,8.295156,25.0,19.066361,22.045463,0
9544,8,954.3,95.492966,0.434018,17.106549,6.916322,25.0,19.381919,22.233726,0
9545,8,954.4,95.492966,0.542522,17.106549,7.259751,25.0,19.381919,22.233726,0
9546,8,954.5,95.492966,0.217009,12.218964,6.636416,25.0,19.294182,22.139519,0
9547,8,954.6,95.492966,0.379765,21.994135,6.397045,25.0,19.18514,22.233726,0
9548,8,954.7,95.492966,0.434018,26.88172,6.087448,25.0,19.350815,22.233726,0
9549,8,954.8,95.492966,0.325513,21.994135,4.910625,25.0,19.381919,22.233726,0
9550,8,954.9,95.492966,0.361681,12.218964,4.703396,25.0,19.444877,22.4226,0
9551,8,955.0,95.492966,0.108504,17.106549,3.184254,25.0,19.693467,22.233726,0
9552,8,955.1,95.492966,0.813783,21.994135,3.225992,25.0,19.381919,22.233726,0
9553,8,955.2,95.492966,0.632942,17.106549,1.363715,25.0,19.184891,22.139519,0
9554,8,955.3,95.492966,0.361681,26.88172,1.110784,25.0,19.384893,22.233726,0
9555,8,955.4,95.492966,0.452102,21.994135,1.080256,25.0,19.413072,22.233726,0
9556,8,955.5,95.492966,0.632942,26.88172,1.227261,25.0,19.413072,22.233726,0
9557,8,955.6,95.492966,0.48827,21.994135,3.294863,25.0,19.206587,22.045463,0
9558,8,955.7,95.492966,0.813783,21.994135,3.432637,25.0,19.413072,22.233726,0
9559,8,955.8,95.492966,0.723363,26.88172,4.568389,25.0,19.413072,22.233726,0
9560,8,955.9,95.492966,0.325513,17.106549,4.979704,25.0,19.444274,22.233726,0
9561,8,956.0,95.492966,0.651026,17.106549,5.542725,25.0,19.356737,22.233726,0
9562,8,956.1,95.492966,0.452102,21.994135,6.326073,25.0,19.441274,22.233726,0
9563,8,956.2,95.492966,0.452102,26.88172,6.256969,25.0,19.413072,22.233726,0
9564,8,956.3,95.492966,1.085044,26.88172,7.267644,25.0,19.18807,22.139519,0
9565,8,956.4,95.492966,0.813783,17.106549,6.675894,25.0,19.384893,22.233726,0
9566,8,956.5,95.492966,0.434018,21.994135,7.399892,25.0,19.381919,22.233726,0
9567,8,956.6,95.492966,1.139296,21.994135,6.399658,25.0,19.475727,22.328086,0
9568,8,956.7,95.492966,0.651026,26.88172,7.129595,25.0,19.503929,22.328086,0
9569,8,956.8,95.492966,0.904203,17.106549,5.74546,25.0,19.676799,22.4226,0
9570,8,956.9,95.492966,2.71261,21.994135,6.43762,25.0,19.444525,22.328086,0
9571,8,957.0,95.492966,2.007331,21.994135,5.297678,25.0,19.506979,22.328086,0
9572,8,957.1,95.492966,6.329423,12.218964,5.895267,25.0,19.475727,22.328086,0
9573,8,957.2,95.492966,5.190127,26.88172,4.733772,25.0,19.444274,22.233726,0
9574,8,957.3,95.492966,7.324047,21.994135,4.239681,25.0,19.475727,22.328086,0
9575,8,957.4,95.492966,5.967742,21.994135,3.456218,25.0,19.475727,22.328086,0
9576,8,957.5,95.492966,8.499511,12.218964,3.555697,25.0,19.444274,22.233726,0
9577,8,957.6,95.492966,3.797654,21.994135,2.54835,25.0,19.475727,22.328086,0
9578,8,957.7,95.492966,1.64565,21.994135,3.247395,25.0,19.503929,22.328086,0
9579,8,957.8,95.492966,6.510264,26.88172,2.50104,25.0,19.475727,22.328086,0
9580,8,957.9,95.492966,7.324047,31.769306,4.398963,25.0,19.535434,22.4226,0
9581,8,958.0,95.492966,5.967742,26.88172,3.057184,25.0,19.475727,22.328086,0
9582,8,958.1,95.492966,5.786901,21.994135,5.559078,25.0,19.506979,22.328086,0
9583,8,958.2,95.492966,2.875367,17.106549,3.864748,25.0,19.506979,22.328086,0
9584,8,958.3,95.492966,2.007331,21.994135,6.513613,25.0,20.104468,22.328086,0
9585,8,958.4,95.492966,0.687195,17.106549,5.205336,25.0,19.695549,22.51727,0
9586,8,958.5,95.492966,0.868035,21.994135,7.827846,25.0,19.450645,22.328086,0
9587,8,958.6,95.492966,1.627566,17.106549,6.73042,25.0,19.535181,22.328086,0
9588,8,958.7,95.492966,0.126588,31.769306,8.746252,25.0,19.135963,22.4226,0
9589,8,958.8,95.492966,0.542522,21.994135,7.121549,25.0,19.475727,22.328086,0
9590,8,958.9,95.492966,0.271261,17.106549,7.638172,25.0,19.4788,22.328086,0
9591,8,959.0,95.492966,0.542522,21.994135,6.84515,25.0,20.049903,22.4226,0
9592,8,959.1,95.492966,0.886119,21.994135,6.811565,25.0,19.506979,22.328086,0
9593,8,959.2,95.492966,0.325513,12.218964,6.430566,25.0,19.413372,22.328086,0
9594,8,959.3,95.492966,0.271261,12.218964,5.633777,25.0,19.4788,22.328086,0
9595,8,959.4,95.492966,0.723363,21.994135,5.673074,25.0,19.541607,22.4226,0
9596,8,959.5,95.492966,0.325513,26.88172,3.943679,25.0,19.53828,22.328086,0
9597,8,959.6,95.492966,0.180841,12.218964,4.285635,25.0,19.428914,22.233726,0
9598,8,959.7,95.492966,0.452102,21.994135,2.181692,25.0,19.53828,22.328086,0
9599,8,959.8,95.492966,0.361681,17.106549,2.283345,25.0,19.569785,22.4226,0
9600,8,959.9,95.492966,0.813783,21.994135,0.278635,25.0,19.569785,22.4226,0
9601,8,960.0,95.492966,0.632942,31.769306,0.210223,25.0,19.191269,22.045463,0
9602,8,960.1,95.492966,0.361681,17.106549,2.352396,25.0,19.569785,22.4226,0
9603,8,960.2,95.492966,0.97654,17.106549,2.356455,25.0,19.569785,22.4226,0
9604,8,960.3,95.492966,0.542522,12.218964,3.736526,25.0,19.53828,22.328086,0
9605,8,960.4,95.492966,0.542522,21.994135,4.219914,25.0,20.114038,23.376506,0
9606,8,960.5,95.492966,0.361681,12.218964,4.839574,25.0,19.569785,22.4226,0
9607,8,960.6,95.492966,0.180841,12.218964,5.392427,25.0,19.541607,22.4226,0
9608,8,960.7,95.492966,0.542522,26.88172,5.676442,25.0,19.767698,22.4226,0
9609,8,960.8,95.492966,0.723363,17.106549,6.916322,25.0,19.506979,22.328086,0
9610,8,960.9,95.492966,0.271261,21.994135,6.187865,25.0,19.632539,22.4226,0
9611,8,961.0,95.492966,0.813783,26.88172,7.573787,25.0,19.569785,22.4226,0
9612,8,961.1,95.492966,0.379765,26.88172,6.120713,25.0,19.485165,22.328086,0
9613,8,961.2,95.492966,0.162757,26.88172,7.638172,25.0,19.601137,22.4226,0
9614,8,961.3,95.492966,0.723363,17.106549,5.673074,25.0,19.629339,22.4226,0
9615,8,961.4,95.492966,1.139296,17.106549,6.980954,25.0,19.632539,22.4226,0
9616,8,961.5,95.492966,0.813783,17.106549,5.24101,25.0,19.632539,22.4226,0
9617,8,961.6,95.492966,4.340176,17.106549,6.295791,25.0,19.601137,22.4226,0
9618,8,961.7,95.492966,3.255132,17.106549,4.920345,25.0,19.632539,22.4226,0
9619,8,961.8,95.492966,4.611437,17.106549,5.436546,25.0,19.660741,22.4226,0
9620,8,961.9,95.492966,2.549853,21.994135,3.772792,25.0,19.632539,22.4226,0
9621,8,962.0,95.492966,8.318671,17.106549,3.967835,25.0,19.632539,22.4226,0
9622,8,962.1,95.492966,5.696481,17.106549,2.910679,25.0,19.632539,22.4226,0
9623,8,962.2,95.492966,8.951613,12.218964,3.401177,25.0,19.663993,22.4226,0
9624,8,962.3,95.492966,6.329423,21.994135,2.409585,25.0,19.692195,22.4226,0
9625,8,962.4,95.492966,8.04741,31.769306,3.864748,25.0,19.663993,22.4226,0
9626,8,962.5,95.492966,6.148583,26.88172,2.566099,25.0,19.663993,22.4226,0
9627,8,962.6,95.492966,6.600684,21.994135,5.04547,25.0,19.663993,22.4226,0
9628,8,962.7,95.492966,3.255132,17.106549,3.49129,25.0,18.983216,22.4226,0
9629,8,962.8,95.492966,0.958456,21.994135,6.110948,25.0,19.695498,22.4226,0
9630,8,962.9,95.492966,2.278592,31.769306,4.31729,25.0,19.815247,22.707082,0
9631,8,963.0,95.492966,2.531769,31.769306,7.111815,25.0,19.535789,22.51727,0
9632,8,963.1,95.492966,1.627566,21.994135,6.232869,25.0,19.663993,22.4226,0
9633,8,963.2,95.492966,1.012708,26.88172,8.298035,25.0,19.61103,22.4226,0
9634,8,963.3,95.492966,0.542522,21.994135,7.121549,25.0,19.695498,22.4226,0
9635,8,963.4,95.492966,1.519062,12.218964,8.441314,25.0,19.663993,22.4226,0
9636,8,963.5,95.492966,0.632942,17.106549,6.949744,25.0,19.695498,22.4226,0
9637,8,963.6,95.492966,0.180841,12.218964,7.396017,25.0,19.727054,22.51727,0
9638,8,963.7,95.492966,1.139296,12.218964,6.744957,25.0,19.755256,22.51727,0
9639,8,963.8,95.492966,0.813783,26.88172,6.330603,25.0,19.667319,22.4226,0
9640,8,963.9,95.492966,0.217009,21.994135,6.014412,25.0,19.695498,22.4226,0
9641,8,964.0,95.492966,0.162757,12.218964,4.942628,25.0,19.906558,22.707082,0
9642,8,964.1,95.492966,0.904203,17.106549,4.986415,25.0,19.727054,22.51727,0
9643,8,964.2,95.492966,0.325513,21.994135,3.3223,25.0,19.65777,23.088627,0
9644,8,964.3,95.492966,0.217009,21.994135,3.250336,25.0,19.723699,22.4226,0
9645,8,964.4,95.492966,0.632942,21.994135,1.354928,25.0,19.698876,22.51727,0
9646,8,964.5,95.492966,0.632942,12.218964,1.091257,25.0,19.758611,22.51727,0
9647,8,964.6,95.492966,0.452102,17.106549,0.875001,25.0,19.698876,22.51727,0
9648,8,964.7,95.492966,0.48827,21.994135,1.240812,25.0,19.786813,22.51727,0
9649,8,964.8,95.492966,0.542522,21.994135,3.391329,25.0,19.79022,22.612097,0
9650,8,964.9,95.492966,0.217009,26.88172,3.4576,25.0,19.79022,22.612097,0
9651,8,965.0,95.492966,0.144673,26.88172,4.430348,25.0,19.758611,22.51727,0
9652,8,965.1,95.492966,0.542522,21.994135,4.979704,25.0,19.730485,22.612097,0
9653,8,965.2,95.492966,0.271261,17.106549,5.357315,25.0,19.818422,22.612097,0
9654,8,965.3,95.492966,0.271261,12.218964,6.326073,25.0,19.949438,23.184421,0
9655,8,965.4,95.492966,0.162757,2.443793,6.054395,25.0,19.447347,22.233726,0
9656,8,965.5,95.492966,0.108504,21.994135,7.257777,25.0,19.853596,22.802226,0
9657,8,965.6,95.492966,0.705279,17.106549,6.269174,25.0,19.674196,22.612097,0
9658,8,965.7,95.492966,1.265885,12.218964,7.609658,25.0,19.981838,22.612097,0
9659,8,965.8,95.492966,0.271261,12.218964,6.049658,25.0,19.786813,22.51727,0
9660,8,965.9,95.492966,0.813783,17.106549,7.366566,25.0,19.793703,22.707082,0
9661,8,966.0,95.492966,0.542522,21.994135,5.400395,25.0,19.733886,22.612097,0
9662,8,966.1,95.492966,2.983871,26.88172,6.693048,25.0,19.815038,22.51727,0
9663,8,966.2,95.492966,1.717986,21.994135,5.186947,25.0,19.79022,22.612097,0
9664,8,966.3,95.492966,6.329423,17.106549,6.021954,25.0,19.88201,22.897531,0
9665,8,966.4,95.492966,2.387097,17.106549,4.797931,25.0,19.758663,22.612097,0
9666,8,966.5,95.492966,4.719941,26.88172,4.637415,25.0,19.758663,22.612097,0
9667,8,966.6,95.492966,4.792278,21.994135,3.268658,25.0,19.727054,22.51727,0
9668,8,966.7,95.492966,9.042033,17.106549,3.74419,25.0,19.674143,22.51727,0
9669,8,966.8,95.492966,6.239003,17.106549,2.856835,25.0,19.758611,22.51727,0
9670,8,966.9,95.492966,8.409091,21.994135,3.294863,25.0,19.758611,22.51727,0
9671,8,967.0,95.492966,6.239003,21.994135,2.356455,25.0,19.758611,22.51727,0
9672,8,967.1,95.492966,4.719941,21.994135,4.532165,25.0,19.755256,22.51727,0
9673,8,967.2,95.492966,5.786901,26.88172,2.655763,25.0,19.727054,22.51727,0
9674,8,967.3,95.492966,6.058162,17.106549,5.695348,25.0,19.727054,22.51727,0
9675,8,967.4,95.492966,2.821114,17.106549,3.396257,25.0,19.727054,22.51727,0
9676,8,967.5,95.492966,2.387097,21.994135,6.799982,25.0,19.727054,22.51727,0
9677,8,967.6,95.492966,11.121701,17.106549,4.932467,25.0,19.695549,22.51727,0
9678,8,967.7,95.492966,0.813783,17.106549,7.998112,25.0,19.755256,22.51727,0
9679,8,967.8,95.492966,1.030792,31.769306,6.561481,25.0,19.87873,22.897531,0
9680,8,967.9,95.492966,0.126588,17.106549,8.677151,25.0,19.664096,22.51727,0
9681,8,968.0,95.492966,0.632942,26.88172,7.22611,25.0,19.695549,22.51727,0
9682,8,968.1,95.492966,0.271261,17.106549,7.70729,25.0,19.61458,22.612097,0
9683,8,968.2,95.492966,0.361681,17.106549,6.774641,25.0,19.723751,22.51727,0
9684,8,968.3,95.492966,0.994624,26.88172,6.955242,25.0,19.573163,22.51727,0
9685,8,968.4,95.492966,0.09042,17.106549,6.464282,25.0,19.664096,22.51727,0
9686,8,968.5,95.492966,0.271261,12.218964,5.772009,25.0,19.635917,22.51727,0
9687,8,968.6,95.492966,0.379765,17.106549,5.637168,25.0,19.664096,22.51727,0
9688,8,968.7,95.492966,0.379765,17.106549,4.117918,25.0,19.727054,22.51727,0
9689,8,968.8,95.492966,0.09042,21.994135,4.253182,25.0,20.092538,24.445289,0
9690,8,968.9,95.492966,0.217009,21.994135,2.283345,25.0,19.664096,22.51727,0
9691,8,969.0,95.492966,0.632942,26.88172,2.118361,25.0,19.566991,22.51727,0
9692,8,969.1,95.492966,0.271261,21.994135,0.278635,25.0,19.692298,22.51727,0
9693,8,969.2,95.492966,0.379765,26.88172,0.210223,25.0,19.692298,22.51727,0
9694,8,969.3,95.492966,0.325513,17.106549,2.218609,25.0,19.692298,22.51727,0
9695,8,969.4,95.492966,0.723363,17.106549,2.431297,25.0,19.664096,22.51727,0
9696,8,969.5,95.492966,0.542522,12.218964,3.943679,25.0,19.660896,22.51727,0
9697,8,969.6,95.492966,0.632942,17.106549,4.25599,25.0,19.632694,22.51727,0
9698,8,969.7,95.492966,0.452102,26.88172,5.082266,25.0,19.576359,22.51727,0
9699,8,969.8,95.492966,0.723363,21.994135,5.811193,25.0,19.660896,22.51727,0
9700,8,969.9,95.492966,0.813783,21.994135,5.916301,25.0,19.821829,22.612097,0
9701,8,970.0,95.492966,1.139296,17.106549,6.81402,25.0,19.632694,22.51727,0
9702,8,970.1,95.492966,0.271261,21.994135,6.464282,25.0,19.601342,22.51727,0
9703,8,970.2,95.492966,0.09042,31.769306,7.500891,25.0,19.885205,22.802226,0
9704,8,970.3,95.492966,0.813783,17.106549,6.468715,25.0,19.689121,22.51727,0
9705,8,970.4,95.492966,0.542522,17.106549,7.471534,25.0,19.745642,22.51727,0
9706,8,970.5,95.492966,0.632942,26.88172,5.982552,25.0,19.660896,22.51727,0
9707,8,970.6,95.492966,1.537146,21.994135,6.830827,25.0,19.632694,22.51727,0
9708,8,970.7,95.492966,2.531769,17.106549,5.362664,25.0,19.632694,22.51727,0
9709,8,970.8,95.492966,4.611437,17.106549,6.223664,25.0,20.960235,22.612097,0
9710,8,970.9,95.492966,3.797654,31.769306,4.975384,25.0,19.664303,22.612097,0
9711,8,971.0,95.492966,4.340176,17.106549,5.257393,25.0,19.632951,22.612097,0
9712,8,971.1,95.492966,4.882698,26.88172,3.972648,25.0,19.632694,22.51727,0
9713,8,971.2,95.492966,4.719941,21.994135,3.854226,25.0,19.350336,22.612097,0
9714,8,971.3,95.492966,3.309384,17.106549,2.766779,25.0,19.601342,22.51727,0
9715,8,971.4,95.492966,8.589932,17.106549,3.27085,25.0,19.632951,22.612097,0
9716,8,971.5,95.492966,6.239003,17.106549,2.380661,25.0,19.87647,23.088627,0
9717,8,971.6,95.492966,7.866569,12.218964,3.725642,25.0,19.601342,22.51727,0
9718,8,971.7,95.492966,6.329423,21.994135,2.65846,25.0,19.661153,22.612097,0
9719,8,971.8,95.492966,4.177419,17.106549,4.938276,25.0,18.477609,22.233726,0
9720,8,971.9,95.492966,3.363636,7.331378,3.368004,25.0,19.692505,22.612097,0
9721,8,972.0,95.492966,2.821114,21.994135,6.133969,25.0,20.04459,23.28038,0
9722,8,972.1,95.492966,2.658358,26.88172,4.116177,25.0,19.104804,22.612097,0
9723,8,972.2,95.492966,2.170088,26.88172,7.026319,25.0,19.731269,22.897531,0
9724,8,972.3,95.492966,2.80303,17.106549,6.000096,25.0,19.598242,22.51727,0
9725,8,972.4,95.492966,0.994624,21.994135,8.612489,25.0,19.632951,22.612097,0
9726,8,972.5,95.492966,0.632942,17.106549,7.087926,25.0,19.636434,22.707082,0
9727,8,972.6,95.492966,0.452102,21.994135,8.399327,25.0,19.632951,22.612097,0
9728,8,972.7,95.492966,0.651026,17.106549,6.991554,25.0,19.661153,22.612097,0
9729,8,972.8,95.492966,0.325513,26.88172,7.259751,25.0,19.664303,22.612097,0
9730,8,972.9,95.492966,0.217009,21.994135,6.705529,25.0,19.692505,22.612097,0
9731,8,973.0,95.492966,0.452102,21.994135,6.326073,25.0,19.632951,22.612097,0
9732,8,973.1,95.492966,0.632942,21.994135,6.120713,25.0,19.945175,22.897531,0
9733,8,973.2,95.492966,0.632942,17.106549,4.805891,25.0,19.620475,23.28038,0
9734,8,973.3,95.492966,0.452102,12.218964,5.013171,25.0,19.692505,22.612097,0
9735,8,973.4,95.492966,0.886119,17.106549,3.082862,25.0,19.604772,22.612097,0
9736,8,973.5,95.492966,0.452102,12.218964,3.355213,25.0,19.664303,22.612097,0
9737,8,973.6,95.492966,0.108504,17.106549,1.175563,25.0,19.664303,22.612097,0
9738,8,973.7,95.492966,0.506354,26.88172,1.179621,25.0,19.661153,22.612097,0
9739,8,973.8,95.492966,0.325513,12.218964,1.119353,25.0,19.629851,22.612097,0
9740,8,973.9,95.492966,0.09042,21.994135,1.148843,25.0,19.758663,22.612097,0
9741,8,974.0,95.492966,0.217009,31.769306,3.319423,25.0,19.664303,22.612097,0
9742,8,974.1,95.492966,0.379765,31.769306,3.496759,25.0,20.039227,22.802226,0
9743,8,974.2,95.492966,0.723363,26.88172,4.361331,25.0,19.664303,22.612097,0
9744,8,974.3,95.492966,0.09042,21.994135,4.735286,25.0,19.604772,22.612097,0
9745,8,974.4,95.492966,0.072336,21.994135,5.461535,25.0,19.601342,22.51727,0
9746,8,974.5,95.492966,0.325513,21.994135,6.430566,25.0,19.75536,22.612097,0
9747,8,974.6,95.492966,0.813783,17.106549,5.985347,25.0,19.516669,22.4226,0
9748,8,974.7,95.492966,0.434018,26.88172,7.330808,25.0,19.777251,22.612097,0
9749,8,974.8,95.492966,0.271261,12.218964,6.395177,25.0,19.692505,22.612097,0
9750,8,974.9,95.492966,1.012708,21.994135,7.607147,25.0,19.60165,22.612097,0
9751,8,975.0,95.492966,0.48827,21.994135,5.985347,25.0,19.692505,22.612097,0
9752,8,975.1,95.492966,0.434018,21.994135,7.330808,25.0,19.692505,22.612097,0
9753,8,975.2,95.492966,0.452102,17.106549,5.427751,25.0,19.692505,22.612097,0
9754,8,975.3,95.492966,5.370968,12.218964,6.556747,25.0,19.664303,22.612097,0
9755,8,975.4,95.492966,3.074291,21.994135,5.240554,25.0,18.662588,22.612097,0
9756,8,975.5,95.492966,5.967742,26.88172,5.90458,25.0,19.692505,22.612097,0
9757,8,975.6,95.492966,2.278592,17.106549,4.448106,25.0,19.664303,22.612097,0
9758,8,975.7,95.492966,4.611437,17.106549,4.487139,25.0,19.288847,22.328086,0
9759,8,975.8,95.492966,5.244379,36.656891,3.173733,25.0,19.664303,22.612097,0
9760,8,975.9,95.492966,8.13783,12.218964,3.372257,25.0,19.664303,22.612097,0
9761,8,976.0,95.492966,6.148583,17.106549,2.509622,25.0,19.692505,22.612097,0
9762,8,976.1,95.492966,5.099707,21.994135,3.319423,25.0,19.503627,22.139519,0
9763,8,976.2,95.492966,3.906158,31.769306,2.50104,25.0,19.692505,22.612097,0
9764,8,976.3,95.492966,7.233627,26.88172,4.458834,25.0,19.567398,22.612097,0
9765,8,976.4,95.492966,3.580645,21.994135,3.010729,25.0,19.661153,22.612097,0
9766,8,976.5,95.492966,1.15738,26.88172,5.368896,25.0,19.812355,22.802226,0
9767,8,976.6,95.492966,0.940371,2.443793,4.003198,25.0,19.287907,22.51727,0
9768,8,976.7,95.492966,0.705279,26.88172,6.391815,25.0,19.60165,22.612097,0
9769,8,976.8,95.492966,2.893451,17.106549,5.158313,25.0,19.604772,22.612097,0
9770,8,976.9,95.492966,0.994624,26.88172,7.714725,25.0,19.661153,22.612097,0
9771,8,977.0,95.492966,2.405181,21.994135,6.905607,25.0,19.381202,22.612097,0
9772,8,977.1,95.492966,0.994624,12.218964,8.47436,25.0,19.632951,22.612097,0
9773,8,977.2,95.492966,0.217009,21.994135,7.327549,25.0,19.661153,22.612097,0
9774,8,977.3,95.492966,0.632942,12.218964,7.431782,25.0,19.686018,22.51727,0
9775,8,977.4,95.492966,0.886119,21.994135,6.742477,25.0,19.629544,22.51727,0
9776,8,977.5,95.492966,0.361681,17.106549,6.705529,25.0,20.493839,24.543523,0
9777,8,977.6,95.492966,0.723363,12.218964,6.640015,25.0,19.78064,22.707082,0
9778,8,977.7,95.492966,0.217009,21.994135,5.25603,25.0,19.258968,22.4226,0
9779,8,977.8,95.492966,0.09042,26.88172,5.358653,25.0,19.821829,22.612097,0
9780,8,977.9,95.492966,0.162757,21.994135,4.113274,25.0,19.629544,22.51727,0
9781,8,978.0,95.492966,0.813783,17.106549,4.115016,25.0,19.686018,22.51727,0
9782,8,978.1,95.492966,0.886119,12.218964,2.255979,25.0,19.660896,22.51727,0
9783,8,978.2,95.492966,0.506354,17.106549,2.007186,25.0,19.660896,22.51727,0
9784,8,978.3,95.492966,0.325513,17.106549,0.186114,25.0,19.941158,22.4226,0
9785,8,978.4,95.492966,0.325513,26.88172,0.386398,25.0,19.632694,22.51727,0
9786,8,978.5,95.492966,0.723363,36.656891,2.293783,25.0,19.850083,22.707082,0
9787,8,978.6,95.492966,0.271261,7.331378,2.526697,25.0,19.660896,22.51727,0
9788,8,978.7,95.492966,0.48827,17.106549,3.915106,25.0,19.830607,22.51727,0
9789,8,978.8,95.492966,0.325513,17.106549,4.358044,25.0,19.632694,22.51727,0
9790,8,978.9,95.492966,0.994624,21.994135,5.092128,25.0,19.692298,22.51727,0
9791,8,979.0,95.492966,0.904203,17.106549,5.814481,25.0,19.777045,22.51727,0
9792,8,979.1,95.492966,0.325513,21.994135,5.946908,25.0,19.47603,22.4226,0
9793,8,979.2,95.492966,0.723363,21.994135,6.847244,25.0,19.695498,22.4226,0
9794,8,979.3,95.492966,0.904203,17.106549,6.297688,25.0,19.548072,22.4226,0
9795,8,979.4,95.492966,0.542522,17.106549,7.471534,25.0,19.745488,22.4226,0
9796,8,979.5,95.492966,0.759531,26.88172,6.22328,25.0,19.632539,22.4226,0
9797,8,979.6,95.492966,0.542522,21.994135,7.605262,25.0,19.663993,22.4226,0
9798,8,979.7,95.492966,0.596774,17.106549,5.712937,25.0,19.376233,22.328086,0
9799,8,979.8,95.492966,1.446725,21.994135,7.069365,25.0,19.688966,22.4226,0
9800,8,979.9,95.492966,1.085044,21.994135,5.266926,25.0,19.663993,22.4226,0
9801,8,980.0,95.492966,10.543011,21.994135,6.442071,25.0,19.663993,22.4226,0
9802,8,980.1,95.492966,3.526393,26.88172,5.046891,25.0,19.632488,22.328086,0
9803,8,980.2,95.492966,10.127077,26.88172,5.376011,25.0,19.632488,22.328086,0
9804,8,980.3,95.492966,4.430596,12.218964,3.864748,25.0,19.632488,22.328086,0
9805,8,980.4,95.492966,11.013196,36.656891,3.98945,25.0,19.670824,22.612097,0
9806,8,980.5,95.492966,3.146628,21.994135,2.860177,25.0,19.53828,22.328086,0
9807,8,980.6,95.492966,8.770772,12.218964,3.3223,25.0,19.632488,22.328086,0
9808,8,980.7,95.492966,6.148583,26.88172,2.416514,25.0,19.632488,22.328086,0
9809,8,980.8,95.492966,5.045455,31.769306,3.933368,25.0,19.670824,22.612097,0
9810,8,980.9,95.492966,5.786901,12.218964,2.411567,25.0,19.66069,22.328086,0
9811,8,981.0,95.492966,6.600684,17.106549,5.105714,25.0,19.632539,22.4226,0
9812,8,981.1,95.492966,3.20088,12.218964,3.062649,25.0,19.692195,22.4226,0
9813,8,981.2,95.492966,2.766862,26.88172,6.223664,25.0,19.692195,22.4226,0
9814,8,981.3,95.492966,4.430596,21.994135,4.370633,25.0,19.601034,22.328086,0
9815,8,981.4,95.492966,2.441349,12.218964,7.416015,25.0,19.664096,22.51727,0
9816,8,981.5,95.492966,2.62219,31.769306,5.920337,25.0,19.692298,22.51727,0
9817,8,981.6,95.492966,0.723363,21.994135,8.643498,25.0,19.748772,22.51727,0
9818,8,981.7,95.492966,1.085044,17.106549,7.198619,25.0,19.664096,22.51727,0
9819,8,981.8,95.492966,0.325513,26.88172,8.227202,25.0,19.664096,22.51727,0
9820,8,981.9,95.492966,0.09042,26.88172,6.670525,25.0,19.815038,22.51727,0
9821,8,982.0,95.492966,0.434018,21.994135,7.330808,25.0,19.139676,22.233726,0
9822,8,982.1,95.492966,0.813783,12.218964,6.537774,25.0,19.632539,22.4226,0
9823,8,982.2,95.492966,0.452102,12.218964,6.326073,25.0,19.604515,22.51727,0
9824,8,982.3,95.492966,0.542522,21.994135,5.946908,25.0,19.921833,22.51727,0
9825,8,982.4,95.492966,0.325513,31.769306,4.910625,25.0,19.632694,22.51727,0
9826,8,982.5,95.492966,0.379765,12.218964,4.877433,25.0,19.601137,22.4226,0
9827,8,982.6,95.492966,0.361681,12.218964,3.112168,25.0,19.632694,22.51727,0
9828,8,982.7,95.492966,0.361681,21.994135,3.181251,25.0,19.689121,22.51727,0
9829,8,982.8,95.492966,0.886119,21.994135,1.159193,25.0,19.664303,22.612097,0
9830,8,982.9,95.492966,0.361681,21.994135,0.904534,25.0,19.664303,22.612097,0
9831,8,983.0,95.492966,0.271261,17.106549,1.142587,25.0,19.692505,22.612097,0
9832,8,983.1,95.492966,0.379765,26.88172,1.568983,25.0,19.72073,22.612097,0
9833,8,983.2,95.492966,0.542522,21.994135,3.460362,25.0,19.664303,22.612097,0
9834,8,983.3,95.492966,0.813783,21.994135,3.570447,25.0,19.692505,22.612097,0
9835,8,983.4,95.492966,0.325513,17.106549,4.634323,25.0,19.506776,22.139519,0
9836,8,983.5,95.492966,0.723363,21.994135,5.120664,25.0,19.632951,22.612097,0
9837,8,983.6,95.492966,1.012708,17.106549,5.534961,25.0,19.608278,22.707082,0
9838,8,983.7,95.492966,0.542522,12.218964,6.36147,25.0,19.830864,22.612097,0
9839,8,983.8,95.492966,0.271261,17.106549,6.326073,25.0,19.664613,22.707082,0
9840,8,983.9,95.492966,0.271261,7.331378,7.293565,25.0,19.601342,22.51727,0
9841,8,984.0,95.492966,0.994624,17.106549,6.610087,25.0,19.664613,22.707082,0
9842,8,984.1,95.492966,0.723363,12.218964,7.538061,25.0,19.692814,22.707082,0
9843,8,984.2,95.492966,0.379765,21.994135,6.189795,25.0,19.633311,22.707082,0
9844,8,984.3,95.492966,0.904203,17.106549,7.057189,25.0,19.664613,22.707082,0
9845,8,984.4,95.492966,0.705279,17.106549,5.579666,25.0,18.990567,22.707082,0
9846,8,984.5,95.492966,2.115836,17.106549,6.189023,25.0,19.517592,22.707082,0
9847,8,984.6,95.492966,1.627566,21.994135,5.076623,25.0,19.60165,22.612097,0
9848,8,984.7,95.492966,6.239003,21.994135,5.723381,25.0,19.665026,22.802226,0
9849,8,984.8,95.492966,2.875367,21.994135,4.488204,25.0,19.633311,22.707082,0
9850,8,984.9,95.492966,7.324047,21.994135,4.292319,25.0,19.444123,22.139519,0
9851,8,985.0,95.492966,5.3348,21.994135,3.115237,25.0,19.665026,22.802226,0
9852,8,985.1,95.492966,5.208211,21.994135,3.56241,25.0,19.665026,22.802226,0
9853,8,985.2,95.492966,3.743402,21.994135,2.528588,25.0,19.665026,22.802226,0
9854,8,985.3,95.492966,4.828446,17.106549,3.22451,25.0,19.665026,22.802226,0
9855,8,985.4,95.492966,6.239003,21.994135,2.422438,25.0,19.636847,22.802226,0
9856,8,985.5,95.492966,4.231672,21.994135,4.307319,25.0,19.633774,22.802226,0
9857,8,985.6,95.492966,5.877322,12.218964,3.008348,25.0,19.633774,22.802226,0
9858,8,985.7,95.492966,1.15738,21.994135,5.750447,25.0,19.570398,22.612097,0
9859,9,985.8,95.492966,0.542522,17.106549,0.449286,25.0,14.730365,18.217637,0
9860,9,985.9,95.492966,0.632942,17.106549,0.821492,25.0,14.730365,18.217637,0
9861,9,986.0,95.492966,0.452102,26.88172,1.905845,25.0,14.645674,18.129088,0
9862,9,986.1,95.492966,0.886119,12.218964,1.70611,25.0,14.789506,18.395057,0
9863,9,986.2,95.492966,0.542522,17.106549,3.736526,25.0,14.759918,18.306293,0
9864,9,986.3,95.492966,0.072336,17.106549,3.803063,25.0,15.386153,18.306293,0
9865,9,986.4,95.492966,0.48827,26.88172,4.535853,25.0,14.817707,18.395057,0
9866,9,986.5,95.492966,0.271261,17.106549,5.565949,25.0,15.32268,18.662008,0
9867,9,986.6,95.492966,0.379765,17.106549,5.360882,25.0,14.761327,18.395057,0
9868,9,986.7,95.492966,1.085044,21.994135,7.129595,25.0,14.410448,17.33682,0
9869,9,986.8,95.492966,0.994624,12.218964,5.988938,25.0,14.967808,18.929965,0
9870,9,986.9,95.492966,0.361681,21.994135,8.018694,25.0,14.733732,18.395057,0
9871,9,987.0,95.492966,0.271261,26.88172,6.326073,25.0,14.903806,18.48393,0
9872,9,987.1,95.492966,0.723363,26.88172,8.228944,25.0,15.243783,19.921501,0
9873,9,987.2,95.492966,0.723363,21.994135,5.811193,25.0,14.876993,18.572914,0
9874,9,987.3,95.492966,0.904203,17.106549,7.747787,25.0,15.188813,18.572914,0
9875,9,987.4,95.492966,0.651026,26.88172,5.542725,25.0,14.760524,18.306293,0
9876,9,987.5,95.492966,2.71261,21.994135,7.250861,25.0,15.247217,20.012373,0
9877,9,987.6,95.492966,1.085044,17.106549,5.499891,25.0,14.906691,18.662008,0
9878,9,987.7,95.492966,7.685728,17.106549,6.21483,25.0,15.304088,18.662008,0
9879,9,987.8,95.492966,4.068915,12.218964,4.645135,25.0,14.906691,18.662008,0
9880,9,987.9,95.492966,12.785435,17.106549,4.719621,25.0,15.418559,19.198953,0
9881,9,988.0,95.492966,3.038123,21.994135,3.355213,25.0,14.906691,18.662008,0
9882,9,988.1,95.492966,9.946237,12.218964,3.872775,25.0,15.105403,18.751214,0
9883,9,988.2,95.492966,6.058162,12.218964,2.760729,25.0,14.487589,18.751214,0
9884,9,988.3,95.492966,9.584555,21.994135,4.049476,25.0,15.277157,18.840532,0
9885,9,988.4,95.492966,6.871945,17.106549,2.600315,25.0,14.964652,18.751214,0
9886,9,988.5,95.492966,1.591398,21.994135,5.235081,25.0,15.188055,18.840532,0
9887,9,988.6,95.492966,3.797654,17.106549,2.944948,25.0,15.022036,18.840532,0
9888,9,988.7,95.492966,8.734604,26.88172,6.617672,25.0,15.222488,18.929965,0
9889,9,988.8,95.492966,5.3348,26.88172,3.965426,25.0,15.024235,18.929965,0
9890,9,988.9,95.492966,3.074291,17.106549,7.756723,25.0,15.282087,19.28885,0
9891,9,989.0,95.492966,4.159335,17.106549,5.677704,25.0,14.99601,18.929965,0
9892,9,989.1,95.492966,0.198925,26.88172,9.165037,25.0,15.450593,18.929965,0
9893,9,989.2,95.492966,1.537146,21.994135,7.037529,25.0,15.082333,19.019512,0
9894,9,989.3,95.492966,0.379765,21.994135,9.299073,25.0,15.894054,19.198953,0
9895,9,989.4,95.492966,0.48827,26.88172,7.228423,25.0,15.082333,19.019512,0
9896,9,989.5,95.492966,0.542522,21.994135,8.088991,25.0,15.480442,19.019512,0
9897,9,989.6,95.492966,0.361681,17.106549,7.051094,25.0,15.138019,20.012373,0
9898,9,989.7,95.492966,0.108504,56.207234,7.121549,25.0,15.055156,19.109174,0
9899,9,989.8,95.492966,0.180841,26.88172,6.711938,25.0,15.17042,19.198953,0
9900,9,989.9,95.492966,0.108504,17.106549,5.46066,25.0,15.142147,19.198953,0
9901,9,990.0,95.492966,0.271261,17.106549,5.635049,25.0,15.232162,19.469,0
9902,9,990.1,95.492966,0.542522,12.218964,3.598438,25.0,15.113898,19.198953,0
9903,9,990.2,95.492966,0.126588,21.994135,3.979857,25.0,15.17042,19.198953,0
9904,9,990.3,95.492966,0.271261,17.106549,1.561352,25.0,15.172113,19.28885,0
9905,9,990.4,95.492966,0.271261,17.106549,1.836913,25.0,15.232162,19.469,0
9906,9,990.5,95.492966,0.452102,17.106549,0.875001,25.0,15.087437,19.28885,0
9907,9,990.6,95.492966,0.506354,17.106549,0.427489,25.0,15.315355,19.378865,0
9908,9,990.7,95.492966,0.542522,21.994135,3.253275,25.0,15.200385,19.28885,0
9909,9,990.8,95.492966,0.217009,17.106549,2.904929,25.0,15.682408,20.652082,0
9910,9,990.9,95.492966,0.723363,17.106549,4.499367,25.0,15.23039,19.378865,0
9911,9,991.0,95.492966,0.162757,17.106549,4.673846,25.0,15.487508,19.469,0
9912,9,991.1,95.492966,0.434018,26.88172,5.327805,25.0,15.110606,19.019512,0
9913,9,991.2,95.492966,0.162757,21.994135,6.463174,25.0,15.318132,19.559255,0
9914,9,991.3,95.492966,0.379765,17.106549,6.120713,25.0,15.260435,19.469,0
9915,9,991.4,95.492966,0.48827,17.106549,7.366566,25.0,15.082333,19.019512,0
9916,9,991.5,95.492966,0.632942,21.994135,6.535215,25.0,15.532687,20.285754,0
9917,9,991.6,95.492966,0.434018,21.994135,8.090763,25.0,15.232162,19.469,0
9918,9,991.7,95.492966,0.723363,21.994135,6.225583,25.0,15.574618,19.559255,0
9919,9,991.8,95.492966,0.651026,17.106549,7.957989,25.0,15.350812,19.740131,0
9920,9,991.9,95.492966,0.723363,21.994135,5.673074,25.0,15.563148,20.377139,0
9921,9,992.0,95.492966,2.350929,17.106549,7.308943,25.0,15.235899,19.649632,0
9922,9,992.1,95.492966,0.868035,17.106549,5.416296,25.0,15.749282,19.740131,0
9923,9,992.2,95.492966,6.691105,21.994135,7.034474,25.0,15.350812,19.740131,0
9924,9,992.3,95.492966,3.345552,17.106549,5.096348,25.0,16.138704,22.51727,0
9925,9,992.4,95.492966,5.099707,17.106549,5.524161,25.0,15.350812,19.740131,0
9926,9,992.5,95.492966,4.792278,21.994135,3.864748,25.0,15.577885,19.740131,0
9927,9,992.6,95.492966,14.05132,17.106549,4.347067,25.0,14.872866,18.306293,0
9928,9,992.7,95.492966,1.175464,56.207234,3.103713,25.0,15.353424,19.830753,0
9929,9,992.8,95.492966,5.91349,17.106549,3.759472,25.0,15.608092,19.830753,0
9930,9,992.9,95.492966,6.510264,12.218964,2.56889,25.0,15.408631,19.830753,0
9931,9,993.0,95.492966,5.370968,17.106549,4.765459,25.0,15.43888,19.921501,0
9932,9,993.1,95.492966,6.600684,21.994135,2.634087,25.0,15.411269,19.921501,0
9933,9,993.2,95.492966,7.233627,17.106549,6.166983,25.0,15.496233,19.921501,0
9934,9,993.3,95.492966,5.606061,17.106549,3.208915,25.0,15.411269,19.921501,0
9935,9,993.4,95.492966,4.521017,17.106549,7.38535,25.0,15.610116,20.103372,0
9936,9,993.5,95.492966,3.038123,17.106549,4.878413,25.0,15.328611,20.012373,0
9937,9,993.6,95.492966,1.356305,17.106549,8.645433,25.0,15.782789,20.012373,0
9938,9,993.7,95.492966,3.074291,21.994135,6.664792,25.0,15.44156,20.012373,0
9939,9,993.8,95.492966,0.723363,21.994135,9.472653,25.0,16.312887,22.045463,0
9940,9,993.9,95.492966,0.759531,21.994135,7.478565,25.0,15.471893,20.103372,0
9941,9,994.0,95.492966,0.379765,12.218964,8.400749,25.0,15.615603,20.194499,0
9942,9,994.1,95.492966,0.452102,12.218964,7.017133,25.0,15.079243,18.840532,0
9943,9,994.2,95.492966,0.235093,12.218964,7.787152,25.0,15.414682,20.012373,0
9944,9,994.3,95.492966,0.126588,26.88172,7.018835,25.0,15.672421,20.194499,0
9945,9,994.4,95.492966,0.126588,17.106549,6.18632,25.0,15.59076,20.377139,0
9946,9,994.5,95.492966,0.361681,21.994135,6.221745,25.0,15.550111,19.921501,0
9947,9,994.6,95.492966,0.632942,21.994135,4.394073,25.0,15.532687,20.285754,0
9948,9,994.7,95.492966,0.217009,12.218964,4.977785,25.0,15.617651,20.285754,0
9949,9,994.8,95.492966,0.271261,17.106549,2.457683,25.0,15.560984,20.285754,0
9950,9,994.9,95.492966,0.452102,17.106549,3.009935,25.0,15.944139,21.020552,0
9951,9,995.0,95.492966,0.434018,17.106549,0.421864,25.0,15.33527,20.285754,0
9952,9,995.1,95.492966,0.271261,17.106549,0.738818,25.0,15.646022,20.285754,0
9953,9,995.2,95.492966,0.379765,17.106549,2.049583,25.0,15.62195,20.468655,0
9954,9,995.3,95.492966,0.759531,17.106549,1.736641,25.0,16.209595,21.484258,0
9955,9,995.4,95.492966,0.434018,12.218964,3.878323,25.0,15.591445,20.377139,0
9956,9,995.5,95.492966,0.325513,21.994135,3.943679,25.0,15.763806,20.468655,0
9957,9,995.6,95.492966,0.904203,21.994135,4.917431,25.0,15.62195,20.468655,0
9958,9,995.7,95.492966,0.813783,21.994135,5.709173,25.0,15.597324,20.560302,0
9959,9,995.8,95.492966,0.452102,17.106549,5.842352,25.0,15.593653,20.468655,0
9960,9,995.9,95.492966,0.217009,17.106549,6.843754,25.0,15.351514,19.740131,0
9961,9,996.0,95.492966,0.596774,26.88172,6.333998,25.0,15.963945,21.577426,0
9962,9,996.1,95.492966,0.542522,21.994135,7.881677,25.0,15.593653,20.468655,0
9963,9,996.2,95.492966,0.759531,26.88172,6.430566,25.0,15.709167,20.560302,0
9964,9,996.3,95.492966,0.632942,26.88172,7.986156,25.0,15.683093,20.652082,0
9965,9,996.4,95.492966,0.723363,21.994135,5.880255,25.0,15.926128,21.298352,0
9966,9,996.5,95.492966,0.596774,21.994135,7.645674,25.0,15.373114,20.652082,0
9967,9,996.6,95.492966,0.271261,26.88172,5.447521,25.0,15.6525,20.560302,0
9968,9,996.7,95.492966,4.340176,17.106549,7.100385,25.0,15.867603,21.205612,0
9969,9,996.8,95.492966,2.62219,21.994135,5.443572,25.0,15.713731,20.743996,0
9970,9,996.9,95.492966,7.595308,26.88172,6.107038,25.0,15.998084,20.743996,0
9971,9,997.0,95.492966,4.521017,21.994135,4.35201,25.0,15.713731,20.743996,0
9972,9,997.1,95.492966,9.042033,17.106549,4.670778,25.0,15.683093,20.652082,0
9973,9,997.2,95.492966,3.309384,21.994135,3.212635,25.0,15.40639,20.836045,0
9974,9,997.3,95.492966,9.765396,17.106549,3.762012,25.0,15.347139,19.559255,0
9975,9,997.4,95.492966,6.691105,17.106549,2.813017,25.0,15.6525,20.560302,0
9976,9,997.5,95.492966,13.038612,26.88172,3.941255,25.0,15.688522,20.836045,0
9977,9,997.6,95.492966,6.781525,17.106549,2.585574,25.0,15.803464,20.92823,0
9978,9,997.7,95.492966,1.573314,17.106549,5.300834,25.0,15.803464,20.92823,0
9979,9,997.8,95.492966,6.058162,7.331378,3.013901,25.0,15.917121,21.020552,0
9980,9,997.9,95.492966,3.472141,17.106549,6.656185,25.0,15.803464,20.92823,0
9981,9,998.0,95.492966,3.038123,26.88172,4.127189,25.0,15.945445,20.92823,0
9982,9,998.1,95.492966,3.797654,12.218964,7.600549,25.0,15.598082,20.560302,0
9983,9,998.2,95.492966,3.707234,21.994135,5.73339,25.0,16.175947,21.298352,0
9984,9,998.3,95.492966,0.705279,21.994135,9.306006,25.0,15.805916,21.020552,0
9985,9,998.4,95.492966,2.278592,21.994135,7.143654,25.0,16.406184,21.020552,0
9986,9,998.5,95.492966,0.361681,21.994135,9.193664,25.0,15.834238,21.020552,0
9987,9,998.6,95.492966,0.632942,17.106549,7.22611,25.0,15.824936,20.743996,0
9988,9,998.7,95.492966,4.521017,17.106549,8.024055,25.0,15.865058,21.113012,0
9989,9,998.8,95.492966,0.452102,17.106549,7.017133,25.0,15.95017,21.113012,0
9990,9,998.9,95.492966,0.361681,17.106549,6.774641,25.0,16.075101,21.577426,0
9991,9,999.0,95.492966,0.217009,17.106549,6.705529,25.0,15.555848,21.113012,0
9992,9,999.1,95.492966,0.108504,17.106549,5.25603,25.0,16.066379,21.205612,0
9993,9,999.2,95.492966,0.542522,17.106549,5.670547,25.0,16.003281,21.113012,0
9994,9,999.3,95.492966,0.48827,26.88172,3.432637,25.0,15.957798,21.391234,0
9995,9,999.4,95.492966,0.542522,26.88172,4.012735,25.0,16.040372,21.298352,0
9996,9,999.5,95.492966,0.162757,21.994135,1.349629,25.0,15.955183,21.298352,0
9997,9,999.6,95.492966,0.108504,21.994135,1.797476,25.0,16.283464,21.951559,0
9998,9,999.7,95.492966,0.886119,21.994135,0.955895,25.0,15.957798,21.391234,0
9999,9,999.8,95.492966,0.379765,31.769306,0.688612,25.0,16.099779,21.391234,0
10000,9,999.9,95.492966,0.271261,17.106549,3.009935,25.0,15.955183,21.298352,0
10001,9,1000.0,95.492966,0.632942,7.331378,3.013901,25.0,16.495851,22.4226,0
10002,9,1000.1,95.492966,0.632942,26.88172,4.186952,25.0,16.017152,21.484258,0
10003,9,1000.2,95.492966,0.813783,21.994135,4.811852,25.0,16.014515,21.391234,0
10004,9,1000.3,95.492966,0.434018,21.994135,5.051622,25.0,15.989557,21.484258,0
10005,9,1000.4,95.492966,0.162757,36.656891,6.399658,25.0,15.733056,21.391234,0
10006,9,1000.5,95.492966,0.325513,26.88172,5.946908,25.0,16.190317,21.577426,0
10007,9,1000.6,95.492966,0.994624,21.994135,7.438529,25.0,15.844896,21.298352,0
10008,9,1000.7,95.492966,0.542522,12.218964,6.228652,25.0,16.141668,21.857804,0
10009,9,1000.8,95.492966,0.379765,36.656891,8.124352,25.0,16.048208,21.577426,0
10010,9,1000.9,95.492966,0.632942,31.769306,5.913474,25.0,16.133396,21.577426,0
10011,9,1001.0,95.492966,0.542522,21.994135,8.093124,25.0,16.079312,21.670739,0
10012,9,1001.1,95.492966,0.813783,26.88172,5.571097,25.0,16.172919,21.951559,0
10013,9,1001.2,95.492966,3.671065,26.88172,7.493244,25.0,16.020613,21.577426,0
10014,9,1001.3,95.492966,1.175464,17.106549,5.510739,25.0,16.164501,21.670739,0
10015,9,1001.4,95.492966,7.052786,21.994135,7.021217,25.0,16.079312,21.670739,0
10016,9,1001.5,95.492966,3.435973,31.769306,5.071444,25.0,16.190567,21.670739,0
10017,9,1001.6,95.492966,8.589932,31.769306,5.186947,25.0,16.079312,21.670739,0
10018,9,1001.7,95.492966,2.875367,17.106549,3.803691,25.0,16.164501,21.670739,0
10019,9,1001.8,95.492966,6.021994,17.106549,4.347067,25.0,16.153656,22.139519,0
10020,9,1001.9,95.492966,4.123167,21.994135,3.193991,25.0,15.853804,21.670739,0
10021,9,1002.0,95.492966,5.859238,26.88172,3.762012,25.0,16.108484,21.670739,0
10022,9,1002.1,95.492966,3.960411,17.106549,2.61223,25.0,16.079312,21.670739,0
10023,9,1002.2,95.492966,5.479472,31.769306,4.719621,25.0,16.106924,21.670739,0
10024,9,1002.3,95.492966,6.600684,21.994135,2.709195,25.0,16.138836,21.764198,0
10025,9,1002.4,95.492966,7.324047,26.88172,6.028297,25.0,16.108484,21.670739,0
10026,9,1002.5,95.492966,5.606061,21.994135,3.368004,25.0,16.194844,21.764198,0
10027,9,1002.6,95.492966,2.766862,21.994135,7.4942,25.0,16.08287,21.764198,0
10028,9,1002.7,95.492966,4.611437,12.218964,4.845986,25.0,16.24992,21.670739,0
10029,9,1002.8,95.492966,1.627566,21.994135,8.31529,25.0,16.107683,21.670739,0
10030,9,1002.9,95.492966,2.893451,21.994135,6.585103,25.0,16.080088,21.670739,0
10031,9,1003.0,95.492966,0.48827,12.218964,9.439053,25.0,16.138836,21.764198,0
10032,9,1003.1,95.492966,0.379765,17.106549,7.433389,25.0,16.221421,21.670739,0
10033,9,1003.2,95.492966,0.054252,26.88172,8.536431,25.0,16.107683,21.670739,0
10034,9,1003.3,95.492966,0.379765,41.544477,7.22611,25.0,15.962784,21.484258,0
10035,9,1003.4,95.492966,0.271261,12.218964,7.63911,25.0,16.335578,21.670739,0
10036,9,1003.5,95.492966,0.452102,7.331378,6.809812,25.0,15.750755,20.92823,0
10037,9,1003.6,95.492966,0.162757,21.994135,6.255823,25.0,16.181134,21.391234,0
10038,9,1003.7,95.492966,0.48827,17.106549,6.123444,25.0,16.080088,21.670739,0
10039,9,1003.8,95.492966,0.542522,17.106549,4.49618,25.0,16.136905,21.670739,0
10040,9,1003.9,95.492966,0.325513,21.994135,4.634323,25.0,16.108484,21.670739,0
10041,9,1004.0,95.492966,0.542522,21.994135,2.494345,25.0,16.461964,22.233726,0
10042,9,1004.1,95.492966,0.325513,21.994135,2.701248,25.0,16.136079,21.670739,0
10043,9,1004.2,95.492966,0.452102,26.88172,0.40452,25.0,16.221421,21.670739,0
10044,9,1004.3,95.492966,0.452102,17.106549,0.470073,25.0,16.139637,21.764198,0
10045,9,1004.4,95.492966,0.542522,17.106549,2.218609,25.0,16.754526,22.612097,0
10046,9,1004.5,95.492966,0.379765,17.106549,1.912102,25.0,16.136079,21.670739,0
10047,9,1004.6,95.492966,0.723363,17.106549,4.085302,25.0,16.392818,21.670739,0
10048,9,1004.7,95.492966,0.813783,26.88172,3.915106,25.0,16.167232,21.764198,0
10049,9,1004.8,95.492966,0.48827,21.994135,5.018886,25.0,16.475311,21.857804,0
10050,9,1004.9,95.492966,0.542522,26.88172,5.739636,25.0,16.079312,21.670739,0
10051,9,1005.0,95.492966,0.379765,17.106549,5.706243,25.0,16.01195,21.298352,0
10052,9,1005.1,95.492966,0.723363,17.106549,6.985401,25.0,16.136079,21.670739,0
10053,9,1005.2,95.492966,0.542522,31.769306,6.36147,25.0,16.021404,21.577426,0
10054,9,1005.3,95.492966,0.361681,26.88172,7.880464,25.0,16.164501,21.670739,0
10055,9,1005.4,95.492966,0.596774,21.994135,6.264981,25.0,16.109326,21.670739,0
10056,9,1005.5,95.492966,0.596774,21.994135,8.129055,25.0,16.304834,22.4226,0
10057,9,1005.6,95.492966,0.452102,21.994135,5.704149,25.0,16.164501,21.670739,0
10058,9,1005.7,95.492966,2.278592,17.106549,7.625965,25.0,16.136905,21.670739,0
10059,9,1005.8,95.492966,0.994624,21.994135,5.574955,25.0,16.167232,21.764198,0
10060,9,1005.9,95.492966,2.604106,21.994135,7.033115,25.0,16.136079,21.670739,0
10061,9,1006.0,95.492966,4.882698,26.88172,5.551768,25.0,16.136905,21.670739,0
10062,9,1006.1,95.492966,8.589932,21.994135,6.324184,25.0,16.136905,21.670739,0
10063,9,1006.2,95.492966,3.978495,21.994135,4.210847,25.0,16.427632,22.045463,0
10064,9,1006.3,95.492966,8.861193,26.88172,4.480213,25.0,16.164501,21.670739,0
10065,9,1006.4,95.492966,3.309384,12.218964,3.319423,25.0,16.164501,21.670739,0
10066,9,1006.5,95.492966,14.304497,21.994135,3.951546,25.0,16.195654,21.764198,0
10067,9,1006.6,95.492966,6.419844,26.88172,2.80366,25.0,17.419623,25.436106,0
10068,9,1006.7,95.492966,9.222874,21.994135,4.060081,25.0,16.224101,21.764198,0
10069,9,1006.8,95.492966,1.356305,17.106549,2.559574,25.0,16.06051,20.836045,0
10070,9,1006.9,95.492966,4.719941,21.994135,5.415855,25.0,16.224101,21.764198,0
10071,9,1007.0,95.492966,6.510264,21.994135,3.001192,25.0,16.168058,21.764198,0
10072,9,1007.1,95.492966,3.472141,12.218964,6.918049,25.0,16.167232,21.764198,0
10073,9,1007.2,95.492966,5.063539,17.106549,4.004988,25.0,16.224101,21.764198,0
10074,9,1007.3,95.492966,1.790323,12.218964,7.99124,25.0,16.251712,21.764198,0
10075,9,1007.4,95.492966,0.904203,21.994135,5.849299,25.0,16.224101,21.764198,0
10076,9,1007.5,95.492966,1.085044,17.106549,9.339062,25.0,16.224101,21.764198,0
10077,9,1007.6,95.492966,1.717986,12.218964,7.112151,25.0,16.224101,21.764198,0
10078,9,1007.7,95.492966,0.271261,17.106549,9.227899,25.0,16.224101,21.764198,0
10079,9,1007.8,95.492966,0.994624,26.88172,7.369484,25.0,16.255303,21.857804,0
10080,9,1007.9,95.492966,0.632942,12.218964,7.84644,25.0,16.312275,21.857804,0
10081,9,1008.0,95.492966,0.632942,17.106549,7.087926,25.0,16.255303,21.857804,0
10082,9,1008.1,95.492966,1.012708,26.88172,6.778167,25.0,16.317856,22.045463,0
10083,9,1008.2,95.492966,2.405181,17.106549,6.604302,25.0,16.255303,21.857804,0
10084,9,1008.3,95.492966,0.886119,17.106549,5.222746,25.0,16.255303,21.857804,0
10085,9,1008.4,95.492966,0.108504,31.769306,5.52978,25.0,16.283776,21.857804,0
10086,9,1008.5,95.492966,0.126588,26.88172,3.289784,25.0,16.757968,23.28038,0
10087,9,1008.6,95.492966,0.632942,17.106549,3.84181,25.0,16.255303,21.857804,0
10088,9,1008.7,95.492966,0.452102,21.994135,1.286187,25.0,16.132585,21.484258,0
10089,9,1008.8,95.492966,0.542522,21.994135,1.736641,25.0,16.315028,21.951559,0
10090,9,1008.9,95.492966,0.379765,17.106549,1.091257,25.0,16.172919,21.951559,0
10091,9,1009.0,95.492966,0.759531,12.218964,0.712482,25.0,16.315028,21.951559,0
10092,9,1009.1,95.492966,0.886119,17.106549,3.289784,25.0,15.860451,20.836045,0
10093,9,1009.2,95.492966,0.813783,17.106549,3.088281,25.0,16.315028,21.951559,0
10094,9,1009.3,95.492966,0.361681,17.106549,4.355851,25.0,16.317856,22.045463,0
10095,9,1009.4,95.492966,0.723363,21.994135,4.844507,25.0,16.315028,21.951559,0
10096,9,1009.5,95.492966,0.632942,51.319648,5.222746,25.0,16.397911,21.951559,0
10097,9,1009.6,95.492966,0.379765,17.106549,6.46613,25.0,16.350085,22.139519,0
10098,9,1009.7,95.492966,0.632942,17.106549,6.051632,25.0,16.460486,22.045463,0
10099,9,1009.8,95.492966,0.723363,26.88172,7.468976,25.0,16.346329,22.045463,0
10100,9,1009.9,95.492966,0.48827,17.106549,6.468715,25.0,16.373941,22.045463,0
10101,9,1010.0,95.492966,0.813783,21.994135,8.05733,25.0,16.377681,22.139519,0
10102,9,1010.1,95.492966,0.379765,12.218964,6.120713,25.0,16.575078,22.045463,0
10103,9,1010.2,95.492966,1.627566,12.218964,7.885919,25.0,16.89493,22.139519,0
10104,9,1010.3,95.492966,1.085044,12.218964,5.680649,25.0,16.578759,22.328086,0
10105,9,1010.4,95.492966,0.560606,17.106549,7.434032,25.0,16.347233,22.045463,0
10106,9,1010.5,95.492966,2.079668,26.88172,5.547463,25.0,16.320761,22.139519,0
10107,9,1010.6,95.492966,4.123167,12.218964,6.739288,25.0,16.035512,21.113012,0
10108,9,1010.7,95.492966,3.978495,26.88172,4.995509,25.0,16.40618,22.139519,0
10109,9,1010.8,95.492966,8.589932,21.994135,5.079916,25.0,16.122335,22.139519,0
10110,9,1010.9,95.492966,3.038123,21.994135,3.645267,25.0,16.40618,22.139519,0
10111,9,1011.0,95.492966,13.798143,26.88172,4.188664,25.0,16.281073,21.764198,0
10112,9,1011.1,95.492966,6.058162,21.994135,2.969183,25.0,16.500541,22.4226,0
10113,9,1011.2,95.492966,5.804985,21.994135,3.710222,25.0,16.437582,22.233726,0
10114,9,1011.3,95.492966,4.014663,21.994135,2.56889,25.0,16.437582,22.233726,0
10115,9,1011.4,95.492966,8.589932,21.994135,4.768465,25.0,16.437582,22.233726,0
10116,9,1011.5,95.492966,6.600684,17.106549,2.766779,25.0,16.469036,22.328086,0
10117,9,1011.6,95.492966,6.871945,26.88172,6.169694,25.0,16.270833,22.328086,0
10118,9,1011.7,95.492966,3.363636,26.88172,3.532105,25.0,16.497561,22.328086,0
10119,9,1011.8,95.492966,4.249756,26.88172,7.261067,25.0,16.469036,22.328086,0
10120,9,1011.9,95.492966,4.973118,21.994135,5.02507,25.0,16.500541,22.4226,0
10121,9,1012.0,95.492966,1.302053,17.106549,8.6766,25.0,16.500541,22.4226,0
10122,9,1012.1,95.492966,1.73607,17.106549,6.721541,25.0,16.614805,22.4226,0
10123,9,1012.2,95.492966,0.632942,17.106549,9.366902,25.0,16.560623,22.51727,0
10124,9,1012.3,95.492966,0.651026,17.106549,7.4057,25.0,16.529066,22.4226,0
10125,9,1012.4,95.492966,0.813783,17.106549,8.402739,25.0,16.646361,22.51727,0
10126,9,1012.5,95.492966,0.361681,12.218964,7.189321,25.0,16.123404,21.205612,0
10127,9,1012.6,95.492966,0.361681,21.994135,7.396663,25.0,16.545251,22.139519,0
10128,9,1012.7,95.492966,0.904203,21.994135,6.919085,25.0,16.449865,22.612097,0
10129,9,1012.8,95.492966,0.632942,21.994135,5.913474,25.0,16.535207,22.612097,0
10130,9,1012.9,95.492966,0.180841,17.106549,6.220977,25.0,16.592232,22.612097,0
10131,9,1013.0,95.492966,0.361681,21.994135,4.14855,25.0,16.702777,22.612097,0
10132,9,1013.1,95.492966,0.542522,26.88172,4.772471,25.0,16.563706,22.612097,0
10133,9,1013.2,95.492966,0.542522,21.994135,2.287526,25.0,16.769981,22.802226,0
10134,9,1013.3,95.492966,0.361681,21.994135,2.835853,25.0,16.687377,22.897531,0
10135,9,1013.4,95.492966,0.162757,21.994135,0.07728,25.0,16.911288,23.569265,0
10136,9,1013.5,95.492966,0.271261,17.106549,0.536522,25.0,16.658851,22.897531,0
10137,9,1013.6,95.492966,0.97654,26.88172,2.149704,25.0,16.715929,22.897531,0
10138,9,1013.7,95.492966,0.632942,26.88172,1.980829,25.0,16.715929,22.897531,0
10139,9,1013.8,95.492966,0.632942,17.106549,3.772792,25.0,16.715929,22.897531,0
10140,9,1013.9,95.492966,0.217009,21.994135,4.14855,25.0,16.719199,22.992998,0
10141,9,1014.0,95.492966,2.658358,12.218964,4.670266,25.0,16.751075,23.088627,0
10142,9,1014.1,95.492966,0.434018,17.106549,5.811193,25.0,16.747751,22.992998,0
10143,9,1014.2,95.492966,0.325513,17.106549,5.463284,25.0,16.779628,23.088627,0
10144,9,1014.3,95.492966,0.361681,26.88172,7.120207,25.0,16.779628,23.088627,0
10145,9,1014.4,95.492966,0.48827,17.106549,6.054395,25.0,17.055132,22.707082,0
10146,9,1014.5,95.492966,0.723363,21.994135,7.952584,25.0,16.83917,23.184421,0
10147,9,1014.6,95.492966,0.325513,17.106549,6.085093,25.0,16.554391,23.088627,0
10148,9,1014.7,95.492966,0.506354,17.106549,8.22604,25.0,16.840138,23.184421,0
10149,9,1014.8,95.492966,0.542522,21.994135,5.676442,25.0,16.665012,22.992998,0
10150,9,1014.9,95.492966,1.717986,12.218964,7.800945,25.0,16.756384,23.184421,0
10151,9,1015.0,95.492966,0.994624,21.994135,5.436986,25.0,16.843545,23.28038,0
10152,9,1015.1,95.492966,2.875367,17.106549,7.175352,25.0,16.875587,23.376506,0
10153,9,1015.2,95.492966,2.80303,21.994135,5.524161,25.0,16.602452,22.802226,0
10154,9,1015.3,95.492966,7.956989,17.106549,6.233636,25.0,16.818509,23.376506,0
10155,9,1015.4,95.492966,2.441349,12.218964,4.190944,25.0,16.904167,23.376506,0
10156,9,1015.5,95.492966,9.403715,17.106549,4.682016,25.0,16.848992,23.376506,0
10157,9,1015.6,95.492966,5.606061,21.994135,3.422183,25.0,17.162559,24.151683,0
10158,9,1015.7,95.492966,13.924731,21.994135,3.798035,25.0,16.958027,23.28038,0
10159,9,1015.8,95.492966,6.329423,21.994135,2.791706,25.0,16.840138,23.184421,0
10160,9,1015.9,95.492966,9.584555,17.106549,4.14567,25.0,16.615656,23.6659,0
10161,9,1016.0,95.492966,6.510264,21.994135,2.469319,25.0,16.71274,22.802226,0
10162,9,1016.1,95.492966,14.159824,21.994135,5.59036,25.0,15.746939,22.612097,0
10163,9,1016.2,95.492966,3.68915,12.218964,2.974006,25.0,16.617755,22.51727,0
10164,9,1016.3,95.492966,7.342131,21.994135,6.789435,25.0,16.649364,22.612097,0
10165,9,1016.4,95.492966,3.092375,21.994135,4.173809,25.0,16.808207,23.088627,0
10166,9,1016.5,95.492966,1.73607,12.218964,8.089286,25.0,16.515087,21.951559,0
10167,9,1016.6,95.492966,2.22434,26.88172,5.867648,25.0,15.950912,22.328086,0
10168,9,1016.7,95.492966,0.542522,17.106549,9.47467,25.0,16.366731,21.764198,0
10169,9,1016.8,95.492966,2.405181,21.994135,7.181009,25.0,16.335578,21.670739,0
10170,9,1016.9,95.492966,0.452102,21.994135,9.159562,25.0,15.904378,20.377139,0
10171,9,1017.0,95.492966,0.271261,17.106549,7.086241,25.0,16.301029,21.484258,0
10172,9,1017.1,95.492966,0.144673,17.106549,8.021673,25.0,16.156752,21.391234,0
10173,9,1017.2,95.492966,0.542522,17.106549,6.983349,25.0,16.242409,21.391234,0
10174,9,1017.3,95.492966,0.506354,17.106549,6.774641,25.0,16.240055,21.298352,0
10175,9,1017.4,95.492966,0.271261,21.994135,6.671599,25.0,16.391796,21.670739,0
10176,9,1017.5,95.492966,0.434018,12.218964,5.258756,25.0,16.209142,21.205612,0
10177,9,1017.6,95.492966,0.632942,7.331378,5.360882,25.0,16.121089,21.113012,0
10178,9,1017.7,95.492966,0.271261,12.218964,3.14576,25.0,16.116681,20.92823,0
10179,9,1017.8,95.492966,0.144673,21.994135,3.74036,25.0,16.116681,20.92823,0
10180,9,1017.9,95.492966,0.271261,26.88172,1.211589,25.0,16.087107,20.92823,0
10181,9,1018.0,95.492966,0.271261,21.994135,1.418663,25.0,16.085953,20.836045,0
10182,9,1018.1,95.492966,0.452102,26.88172,1.21749,25.0,16.02165,20.560302,0
10183,9,1018.2,95.492966,0.434018,21.994135,0.864011,25.0,16.024632,20.652082,0
10184,9,1018.3,95.492966,0.379765,12.218964,3.427762,25.0,16.139336,20.652082,0
10185,9,1018.4,95.492966,0.379765,31.769306,3.15183,25.0,16.052243,20.652082,0
10186,9,1018.5,95.492966,0.217009,17.106549,4.563157,25.0,15.994038,20.560302,0
10187,9,1018.6,95.492966,0.09042,21.994135,4.803902,25.0,15.992123,20.468655,0
10188,9,1018.7,95.492966,0.542522,26.88172,5.400395,25.0,16.05527,20.743996,0
10189,9,1018.8,95.492966,0.036168,12.218964,6.843056,25.0,15.762626,20.377139,0
10190,9,1018.9,95.492966,0.542522,17.106549,5.946908,25.0,16.01897,20.377139,0
10191,9,1019.0,95.492966,0.434018,17.106549,7.607147,25.0,15.787624,20.103372,0
10192,9,1019.1,95.492966,0.904203,17.106549,6.228652,25.0,16.145315,20.92823,0
10193,9,1019.2,95.492966,0.325513,17.106549,8.227202,25.0,15.873916,20.285754,0
10194,9,1019.3,95.492966,0.632942,17.106549,5.980556,25.0,15.873916,20.285754,0
10195,9,1019.4,95.492966,0.596774,26.88172,8.059998,25.0,15.900738,20.194499,0
10196,9,1019.5,95.492966,1.392473,17.106549,5.643945,25.0,15.900738,20.194499,0
10197,9,1019.6,95.492966,1.953079,21.994135,7.425994,25.0,15.587232,20.194499,0
10198,9,1019.7,95.492966,1.627566,12.218964,5.629535,25.0,15.870363,20.103372,0
10199,9,1019.8,95.492966,7.233627,26.88172,7.047705,25.0,15.870363,20.103372,0
10200,9,1019.9,95.492966,3.164712,17.106549,5.012695,25.0,15.900738,20.194499,0
10201,9,1020.0,95.492966,8.951613,21.994135,5.274631,25.0,15.84003,20.012373,0
10202,9,1020.1,95.492966,3.20088,17.106549,3.965426,25.0,15.868691,20.012373,0
10203,9,1020.2,95.492966,10.217498,21.994135,4.253182,25.0,15.84003,20.012373,0
10204,9,1020.3,95.492966,6.058162,26.88172,3.250336,25.0,15.77949,19.830753,0
10205,9,1020.4,95.492966,5.859238,21.994135,3.805575,25.0,15.838401,19.921501,0
10206,9,1020.5,95.492966,6.871945,21.994135,2.743368,25.0,15.77949,19.830753,0
10207,9,1020.6,95.492966,8.680352,12.218964,4.919374,25.0,15.749282,19.740131,0
10208,9,1020.7,95.492966,4.014663,26.88172,2.702132,25.0,17.090141,23.762706,0
10209,9,1020.8,95.492966,1.374389,21.994135,6.421644,25.0,15.776468,19.649632,0
10210,9,1020.9,95.492966,3.634897,17.106549,3.504948,25.0,15.512407,19.019512,0
10211,9,1021.0,95.492966,5.443304,26.88172,7.50312,25.0,15.764773,19.28885,0
10212,9,1021.1,95.492966,5.153959,21.994135,4.987373,25.0,15.430588,19.469,0
10213,9,1021.2,95.492966,1.193548,17.106549,8.946084,25.0,15.54304,19.378865,0
10214,9,1021.3,95.492966,3.074291,31.769306,6.801036,25.0,15.54003,19.109174,0
10215,9,1021.4,95.492966,0.632942,21.994135,9.437281,25.0,15.62886,19.378865,0
10216,9,1021.5,95.492966,1.085044,21.994135,7.474731,25.0,15.42899,19.378865,0
10217,9,1021.6,95.492966,0.379765,21.994135,8.331649,25.0,15.627517,19.28885,0
10218,9,1021.7,95.492966,0.452102,12.218964,7.155348,25.0,15.627517,19.28885,0
10219,9,1021.8,95.492966,0.434018,12.218964,7.330808,25.0,15.627517,19.28885,0
10220,9,1021.9,95.492966,1.790323,26.88172,6.95215,25.0,15.597552,19.198953,0
10221,9,1022.0,95.492966,0.994624,17.106549,5.911453,25.0,16.650172,19.109174,0
10222,9,1022.1,95.492966,0.217009,26.88172,6.083523,25.0,15.595237,19.109174,0
10223,9,1022.2,95.492966,0.632942,56.207234,4.117918,25.0,15.194892,18.929965,0
10224,9,1022.3,95.492966,0.759531,17.106549,4.703396,25.0,15.537738,19.019512,0
10225,9,1022.4,95.492966,0.361681,26.88172,2.076217,25.0,15.507889,18.929965,0
10226,9,1022.5,95.492966,0.271261,21.994135,2.73115,25.0,15.448305,18.751214,0
10227,9,1022.6,95.492966,0.217009,21.994135,0.124609,25.0,15.448305,18.751214,0
10228,9,1022.7,95.492966,0.886119,12.218964,0.373828,25.0,15.41857,18.662008,0
10229,9,1022.8,95.492966,0.452102,26.88172,2.526697,25.0,14.985394,17.775945,0
10230,9,1022.9,95.492966,0.542522,17.106549,2.149704,25.0,15.388872,18.572914,0
10231,9,1023.0,95.492966,0.632942,17.106549,4.117918,25.0,15.3879,18.48393,0
10232,9,1023.1,95.492966,0.434018,17.106549,4.154304,25.0,15.359211,18.48393,0
10233,9,1023.2,95.492966,0.434018,21.994135,4.982581,25.0,15.416483,18.572914,0
10234,9,1023.3,95.492966,0.379765,12.218964,5.775319,25.0,15.361276,18.572914,0
10235,9,1023.4,95.492966,0.09042,17.106549,5.771595,25.0,15.357406,18.306293,0
10236,9,1023.5,95.492966,0.542522,17.106549,7.1953,25.0,15.299998,18.306293,0
10237,9,1023.6,95.492966,0.361681,26.88172,6.498192,25.0,15.325685,18.217637,0
10238,9,1023.7,95.492966,0.904203,21.994135,8.093124,25.0,15.299998,18.306293,0
10239,9,1023.8,95.492966,0.705279,21.994135,6.614061,25.0,15.327854,18.217637,0
10240,9,1023.9,95.492966,1.012708,21.994135,8.021673,25.0,15.384665,18.129088,0
10241,9,1024.0,95.492966,0.904203,36.656891,5.814481,25.0,15.35333,18.217637,0
10242,9,1024.1,95.492966,0.09042,36.656891,7.98466,25.0,15.010744,17.775945,0
10243,9,1024.2,95.492966,1.265885,21.994135,5.410118,25.0,14.802268,16.813103,0
10244,9,1024.3,95.492966,5.244379,7.331378,7.253826,25.0,15.06804,17.775945,0
10245,9,1024.4,95.492966,0.542522,21.994135,5.347943,25.0,14.923156,17.775945,0
10246,9,1024.5,95.492966,7.776149,21.994135,5.898508,25.0,15.093873,17.687918,0
10247,9,1024.6,95.492966,4.430596,21.994135,4.24306,25.0,14.858896,16.900151,0
10248,9,1024.7,95.492966,5.696481,17.106549,4.555822,25.0,15.03529,17.512169,0
10249,9,1024.8,95.492966,5.3348,17.106549,3.16846,25.0,15.062902,17.512169,0
10250,9,1024.9,95.492966,2.025415,26.88172,3.866602,25.0,15.03529,17.512169,0
10251,9,1025.0,95.492966,9.620723,21.994135,2.875172,25.0,15.03366,17.424445,0
10252,9,1025.1,95.492966,9.403715,21.994135,4.227832,25.0,15.090529,17.512169,0
10253,9,1025.2,95.492966,6.600684,26.88172,2.528588,25.0,14.948178,17.33682,0
10254,9,1025.3,95.492966,7.595308,17.106549,5.56552,25.0,14.948178,17.33682,0
10255,9,1025.4,95.492966,5.967742,26.88172,3.010729,25.0,14.891407,17.249293,0
10256,9,1025.5,95.492966,5.3348,31.769306,6.898685,25.0,14.946614,17.249293,0
10257,9,1025.6,95.492966,5.42522,26.88172,4.497774,25.0,14.919003,17.249293,0
10258,9,1025.7,95.492966,7.595308,21.994135,8.07214,25.0,14.918522,17.161864,0
10259,9,1025.8,95.492966,3.888074,12.218964,5.884316,25.0,14.918522,17.161864,0
10260,9,1025.9,95.492966,0.651026,21.994135,9.339062,25.0,14.947665,17.249293,0
10261,9,1026.0,95.492966,0.922287,12.218964,7.31319,25.0,14.918522,17.161864,0
10262,9,1026.1,95.492966,0.09042,21.994135,9.158519,25.0,14.88986,17.161864,0
10263,9,1026.2,95.492966,1.139296,21.994135,7.228423,25.0,14.919003,17.249293,0
10264,9,1026.3,95.492966,0.379765,17.106549,7.847962,25.0,15.120979,17.424445,0
10265,9,1026.4,95.492966,0.452102,17.106549,7.155348,25.0,14.921665,17.33682,0
10266,9,1026.5,95.492966,0.126588,17.106549,6.601046,25.0,15.148095,17.687918,0
10267,9,1026.6,95.492966,0.325513,21.994135,6.568759,25.0,15.12393,17.864074,0
10268,9,1026.7,95.492966,0.48827,17.106549,5.018886,25.0,15.211449,18.040645,0
10269,9,1026.8,95.492966,0.632942,26.88172,5.565949,25.0,15.271336,18.306293,0
10270,9,1026.9,95.492966,0.361681,17.106549,2.974006,25.0,15.674994,19.019512,0
10271,9,1027.0,95.492966,0.904203,21.994135,3.676589,25.0,15.419643,18.751214,0
10272,9,1027.1,95.492966,0.452102,17.106549,1.011742,25.0,15.65378,19.109174,0
10273,9,1027.2,95.492966,0.108504,21.994135,1.45195,25.0,14.894155,18.662008,0
10274,9,1027.3,95.492966,0.813783,21.994135,1.308285,25.0,16.053266,20.652082,0
10275,9,1027.4,95.492966,0.542522,17.106549,1.051115,25.0,15.747778,19.649632,0
10276,9,1027.5,95.492966,0.97654,12.218964,3.391329,25.0,15.809739,19.921501,0
10277,9,1027.6,95.492966,0.542522,21.994135,3.3223,25.0,15.870363,20.103372,0
10278,9,1027.7,95.492966,0.542522,31.769306,4.219914,25.0,16.11772,20.92823,0
10279,9,1027.8,95.492966,0.632942,26.88172,5.15368,25.0,15.994038,20.560302,0
10280,9,1027.9,95.492966,0.723363,21.994135,5.120664,25.0,16.053266,20.652082,0
10281,9,1028.0,95.492966,0.325513,21.994135,6.637856,25.0,16.114587,20.836045,0
10282,9,1028.1,95.492966,0.452102,17.106549,5.77325,25.0,16.147455,21.020552,0
10283,9,1028.2,95.492966,0.452102,21.994135,7.70822,25.0,16.206909,21.113012,0
10284,9,1028.3,95.492966,0.48827,21.994135,6.123444,25.0,16.04554,20.194499,0
10285,9,1028.4,95.492966,0.48827,17.106549,8.333656,25.0,16.327261,21.391234,0
10286,9,1028.5,95.492966,0.361681,17.106549,5.945301,25.0,16.134248,21.577426,0
10287,9,1028.6,95.492966,0.379765,26.88172,7.986156,25.0,16.281073,21.764198,0
10288,9,1028.7,95.492966,0.994624,12.218964,5.574955,25.0,16.216911,21.391234,0
10289,9,1028.8,95.492966,5.063539,17.106549,7.381791,25.0,16.458829,21.951559,0
10290,9,1028.9,95.492966,2.278592,17.106549,5.76704,25.0,16.147553,22.045463,0
10291,9,1029.0,95.492966,4.123167,17.106549,6.675537,25.0,16.520444,22.139519,0
10292,9,1029.1,95.492966,2.441349,17.106549,4.972983,25.0,16.490131,22.045463,0
10293,9,1029.2,95.492966,5.42522,17.106549,5.16618,25.0,16.58048,22.233726,0
10294,9,1029.3,95.492966,4.701857,12.218964,3.575128,25.0,16.551846,22.233726,0
10295,9,1029.4,95.492966,10.127077,26.88172,4.179529,25.0,16.58048,22.233726,0
10296,9,1029.5,95.492966,8.861193,31.769306,3.160156,25.0,16.552885,22.233726,0
10297,9,1029.6,95.492966,9.946237,21.994135,3.872775,25.0,16.610911,22.328086,0
10298,9,1029.7,95.492966,8.987781,26.88172,2.460597,25.0,16.5833,22.328086,0
10299,9,1029.8,95.492966,12.40567,21.994135,5.120664,25.0,16.614805,22.4226,0
10300,9,1029.9,95.492966,6.510264,7.331378,2.720634,25.0,16.563622,22.51727,0
10301,9,1030.0,95.492966,6.781525,21.994135,6.24971,25.0,16.646361,22.51727,0
10302,9,1030.1,95.492966,5.877322,21.994135,3.677238,25.0,16.792674,22.612097,0
10303,9,1030.2,95.492966,3.797654,17.106549,7.462576,25.0,16.38801,21.484258,0
10304,9,1030.3,95.492966,2.71261,31.769306,4.995988,25.0,16.867723,22.51727,0
10305,9,1030.4,95.492966,0.97654,17.106549,8.797993,25.0,16.364753,22.612097,0
10306,9,1030.5,95.492966,1.790323,21.994135,6.829428,25.0,16.646361,22.51727,0
10307,9,1030.6,95.492966,0.361681,17.106549,9.331897,25.0,16.395337,21.764198,0
10308,9,1030.7,95.492966,0.632942,21.994135,7.295202,25.0,16.67797,22.612097,0
10309,9,1030.8,95.492966,0.651026,17.106549,8.372264,25.0,16.557619,22.4226,0
10310,9,1030.9,95.492966,0.434018,12.218964,7.054481,25.0,16.67797,22.612097,0
10311,9,1031.0,95.492966,0.361681,12.218964,7.396663,25.0,16.674995,22.51727,0
10312,9,1031.1,95.492966,0.217009,31.769306,6.774641,25.0,16.832549,22.992998,0
10313,9,1031.2,95.492966,0.379765,21.994135,5.982552,25.0,16.646361,22.51727,0
10314,9,1031.3,95.492966,0.325513,21.994135,6.016,25.0,16.674995,22.51727,0
10315,9,1031.4,95.492966,0.361681,12.218964,4.14855,25.0,16.646361,22.51727,0
10316,9,1031.5,95.492966,0.632942,17.106549,4.532165,25.0,16.67797,22.612097,0
10317,9,1031.6,95.492966,0.379765,17.106549,2.18716,25.0,16.646361,22.51727,0
10318,9,1031.7,95.492966,0.632942,17.106549,2.462538,25.0,16.674995,22.51727,0
10319,9,1031.8,95.492966,0.361681,12.218964,0.172802,25.0,16.646361,22.51727,0
10320,9,1031.9,95.492966,0.886119,21.994135,0.231839,25.0,16.919697,23.088627,0
10321,9,1032.0,95.492966,0.271261,12.218964,2.595717,25.0,16.592232,22.612097,0
10322,9,1032.1,95.492966,0.452102,21.994135,2.181692,25.0,16.646361,22.51727,0
10323,9,1032.2,95.492966,0.48827,31.769306,4.328895,25.0,16.646361,22.51727,0
10324,9,1032.3,95.492966,0.108504,17.106549,4.288978,25.0,16.617755,22.51727,0
10325,9,1032.4,95.492966,0.162757,21.994135,4.942628,25.0,16.617755,22.51727,0
10326,9,1032.5,95.492966,0.325513,17.106549,5.877817,25.0,16.500561,22.328086,0
10327,9,1032.6,95.492966,0.434018,17.106549,5.811193,25.0,16.614805,22.4226,0
10328,9,1032.7,95.492966,0.271261,21.994135,7.223465,25.0,16.67797,22.612097,0
10329,9,1032.8,95.492966,0.632942,21.994135,6.327961,25.0,16.592232,22.612097,0
10330,9,1032.9,95.492966,0.723363,21.994135,7.883495,25.0,16.646361,22.51727,0
10331,9,1033.0,95.492966,0.434018,26.88172,6.156515,25.0,16.646361,22.51727,0
10332,9,1033.1,95.492966,0.542522,21.994135,8.158096,25.0,16.67797,22.612097,0
10333,9,1033.2,95.492966,0.994624,17.106549,5.643945,25.0,16.426539,21.857804,0
10334,9,1033.3,95.492966,2.260508,21.994135,7.614052,25.0,16.737243,22.707082,0
10335,9,1033.4,95.492966,0.632942,21.994135,5.499022,25.0,16.646361,22.51727,0
10336,9,1033.5,95.492966,3.255132,26.88172,7.206579,25.0,16.876226,22.51727,0
10337,9,1033.6,95.492966,2.893451,21.994135,5.49685,25.0,16.646361,22.51727,0
10338,9,1033.7,95.492966,8.589932,26.88172,6.147195,25.0,18.197104,25.837892,0
10339,9,1033.8,95.492966,2.387097,21.994135,4.146246,25.0,16.646361,22.51727,0
10340,9,1033.9,95.492966,9.946237,17.106549,4.632261,25.0,16.646361,22.51727,0
10341,9,1034.0,95.492966,3.417889,21.994135,3.470702,25.0,17.191165,24.151683,0
10342,9,1034.1,95.492966,18.228739,7.331378,3.8387,25.0,16.560623,22.51727,0
10343,9,1034.2,95.492966,14.72043,26.88172,2.982028,25.0,16.646361,22.51727,0
10344,9,1034.3,95.492966,9.494135,2.443793,4.313415,25.0,16.646361,22.51727,0
10345,9,1034.4,95.492966,6.691105,21.994135,2.526697,25.0,16.55352,23.184421,0
10346,9,1034.5,95.492966,7.685728,21.994135,5.791428,25.0,16.674995,22.51727,0
10347,9,1034.6,95.492966,6.510264,31.769306,3.082862,25.0,16.615843,22.4226,0
10348,9,1034.7,95.492966,5.244379,12.218964,6.988136,25.0,16.721523,22.328086,0
10349,9,1034.8,95.492966,5.3348,26.88172,4.328343,25.0,16.620784,22.612097,0
10350,9,1034.9,95.492966,2.62219,12.218964,8.247792,25.0,16.617755,22.51727,0
10351,9,1035.0,95.492966,2.332845,17.106549,6.152634,25.0,16.643439,22.4226,0
10352,9,1035.1,95.492966,0.452102,17.106549,9.366902,25.0,16.674995,22.51727,0
10353,9,1035.2,95.492966,1.627566,26.88172,7.419236,25.0,16.333144,22.51727,0
10354,9,1035.3,95.492966,0.632942,17.106549,8.953558,25.0,16.646361,22.51727,0
10355,9,1035.4,95.492966,0.361681,21.994135,7.189321,25.0,16.57669,22.139519,0
10356,9,1035.5,95.492966,0.361681,12.218964,7.81135,25.0,16.674995,22.51727,0
10357,9,1035.6,95.492966,0.542522,26.88172,7.1953,25.0,16.674995,22.51727,0
10358,9,1035.7,95.492966,0.361681,17.106549,6.567304,25.0,16.789812,22.51727,0
10359,9,1035.8,95.492966,0.361681,17.106549,6.567304,25.0,16.674995,22.51727,0
10360,9,1035.9,95.492966,0.542522,21.994135,4.979704,25.0,16.674995,22.51727,0
10361,9,1036.0,95.492966,0.632942,17.106549,5.360882,25.0,16.674995,22.51727,0
10362,9,1036.1,95.492966,0.542522,17.106549,2.977218,25.0,16.646361,22.51727,0
10363,9,1036.2,95.492966,0.253177,21.994135,3.525335,25.0,16.529195,22.328086,0
10364,9,1036.3,95.492966,0.217009,21.994135,0.835906,25.0,16.67105,22.4226,0
10365,9,1036.4,95.492966,0.271261,21.994135,1.423706,25.0,16.703657,22.51727,0
10366,9,1036.5,95.492966,0.632942,26.88172,1.432071,25.0,16.732347,22.51727,0
10367,9,1036.6,95.492966,0.542522,12.218964,1.187693,25.0,16.674995,22.51727,0
10368,9,1036.7,95.492966,0.632942,21.994135,3.703777,25.0,17.215798,23.472801,0
10369,9,1036.8,95.492966,0.542522,21.994135,3.3223,25.0,16.706604,22.612097,0
10370,9,1036.9,95.492966,0.434018,17.106549,4.568389,25.0,16.876226,22.51727,0
10371,9,1037.0,95.492966,0.542522,26.88172,5.048784,25.0,16.703657,22.51727,0
10372,9,1037.1,95.492966,0.379765,21.994135,5.429951,25.0,17.542679,25.037488,0
10373,9,1037.2,95.492966,0.271261,21.994135,6.670525,25.0,16.617755,22.51727,0
10374,9,1037.3,95.492966,0.813783,21.994135,6.192496,25.0,17.728266,22.612097,0
10375,9,1037.4,95.492966,0.904203,17.106549,7.747787,25.0,16.734216,22.612097,0
10376,9,1037.5,95.492966,0.09042,12.218964,6.326073,25.0,17.430082,23.376506,0
10377,9,1037.6,95.492966,0.217009,21.994135,8.018694,25.0,16.759959,22.51727,0
10378,9,1037.7,95.492966,0.48827,17.106549,5.985347,25.0,16.762878,22.612097,0
10379,9,1037.8,95.492966,0.09042,7.331378,7.98466,25.0,16.502444,22.4226,0
10380,9,1037.9,95.492966,0.379765,17.106549,5.499022,25.0,16.620784,22.612097,0
10381,9,1038.0,95.492966,3.797654,26.88172,7.259093,25.0,16.280088,21.577426,0
10382,9,1038.1,95.492966,2.80303,26.88172,5.524161,25.0,16.676062,22.51727,0
10383,9,1038.2,95.492966,1.410557,7.331378,6.576028,25.0,16.563706,22.612097,0
10384,9,1038.3,95.492966,3.707234,21.994135,4.733772,25.0,16.735266,22.612097,0
10385,9,1038.4,95.492966,5.316716,17.106549,5.068617,25.0,16.381049,22.045463,0
10386,9,1038.5,95.492966,3.309384,21.994135,3.595782,25.0,16.735266,22.612097,0
10387,9,1038.6,95.492966,5.859238,26.88172,3.901659,25.0,16.734216,22.612097,0
10388,9,1038.7,95.492966,6.239003,17.106549,3.022607,25.0,16.791568,22.612097,0
10389,9,1038.8,95.492966,14.05132,21.994135,3.949732,25.0,16.735266,22.612097,0
10390,9,1038.9,95.492966,6.691105,31.769306,2.556773,25.0,16.960559,22.707082,0
10391,9,1039.0,95.492966,8.409091,21.994135,5.198448,25.0,16.762878,22.612097,0
10392,9,1039.1,95.492966,3.960411,17.106549,2.82995,25.0,16.823229,22.707082,0
10393,9,1039.2,95.492966,6.691105,31.769306,6.457627,25.0,16.735266,22.612097,0
10394,9,1039.3,95.492966,3.472141,21.994135,3.74036,25.0,16.822167,22.707082,0
10395,9,1039.4,95.492966,2.387097,17.106549,7.74717,25.0,16.737243,22.707082,0
10396,9,1039.5,95.492966,4.882698,26.88172,5.173573,25.0,17.084118,22.707082,0
10397,9,1039.6,95.492966,1.446725,26.88172,9.069665,25.0,16.759959,22.51727,0
10398,9,1039.7,95.492966,2.62219,21.994135,6.808408,25.0,16.823229,22.707082,0
10399,9,1039.8,95.492966,0.48827,12.218964,9.577236,25.0,16.794539,22.707082,0
10400,9,1039.9,95.492966,0.379765,17.106549,7.295202,25.0,16.823229,22.707082,0
10401,9,1040.0,95.492966,0.162757,12.218964,8.329355,25.0,16.795618,22.707082,0
10402,9,1040.1,95.492966,0.325513,17.106549,7.121549,25.0,16.973807,22.992998,0
10403,9,1040.2,95.492966,0.434018,21.994135,7.261725,25.0,16.823229,22.707082,0
10404,9,1040.3,95.492966,0.452102,26.88172,6.948026,25.0,16.680058,22.707082,0
10405,9,1040.4,95.492966,0.09042,17.106549,5.633353,25.0,16.763956,22.612097,0
10406,9,1040.5,95.492966,0.542522,17.106549,6.016,25.0,16.854944,22.802226,0
10407,9,1040.6,95.492966,0.542522,12.218964,3.805575,25.0,16.881858,22.707082,0
10408,9,1040.7,95.492966,0.271261,12.218964,4.598618,25.0,16.823229,22.707082,0
10409,9,1040.8,95.492966,0.09042,21.994135,1.831704,25.0,16.827332,22.802226,0
10410,9,1040.9,95.492966,0.542522,21.994135,2.494345,25.0,16.854944,22.802226,0
10411,9,1041.0,95.492966,0.723363,17.106549,0.540957,25.0,16.827332,22.802226,0
10412,9,1041.1,95.492966,0.361681,21.994135,0.231839,25.0,17.111729,22.707082,0
10413,9,1041.2,95.492966,0.632942,12.218964,2.39367,25.0,16.854944,22.802226,0
10414,9,1041.3,95.492966,0.723363,17.106549,2.431297,25.0,16.946162,22.992998,0
10415,9,1041.4,95.492966,0.48827,17.106549,3.777221,25.0,16.854944,22.802226,0
10416,9,1041.5,95.492966,0.48827,17.106549,4.397877,25.0,16.791568,22.612097,0
10417,9,1041.6,95.492966,0.886119,17.106549,4.808376,25.0,16.854944,22.802226,0
10418,9,1041.7,95.492966,0.904203,17.106549,6.090587,25.0,16.883662,22.802226,0
10419,9,1041.8,95.492966,0.434018,21.994135,5.465907,25.0,16.39147,21.577426,0
10420,9,1041.9,95.492966,0.813783,12.218964,7.366566,25.0,16.854944,22.802226,0
10421,9,1042.0,95.492966,0.632942,36.656891,6.051632,25.0,16.738266,22.707082,0
10422,9,1042.1,95.492966,0.506354,17.106549,8.156925,25.0,16.883662,22.802226,0
10423,9,1042.2,95.492966,1.012708,31.769306,5.949318,25.0,16.556263,22.233726,0
10424,9,1042.3,95.492966,0.162757,21.994135,8.195491,25.0,17.073446,22.707082,0
10425,9,1042.4,95.492966,0.434018,21.994135,5.673074,25.0,16.826254,22.802226,0
10426,9,1042.5,95.492966,2.911535,21.994135,7.606832,25.0,16.797592,22.802226,0
10427,9,1042.6,95.492966,1.085044,12.218964,5.542725,25.0,16.80508,22.897531,0
10428,9,1042.7,95.492966,3.634897,21.994135,7.311557,25.0,16.856051,22.802226,0
10429,9,1042.8,95.492966,2.62219,17.106549,5.443572,25.0,16.487509,22.897531,0
10430,9,1042.9,95.492966,5.153959,26.88172,5.914281,25.0,16.91543,22.897531,0
10431,9,1043.0,95.492966,4.701857,21.994135,4.253182,25.0,16.638955,22.233726,0
10432,9,1043.1,95.492966,5.91349,12.218964,4.544272,25.0,16.91543,22.897531,0
10433,9,1043.2,95.492966,3.526393,17.106549,3.407492,25.0,16.91543,22.897531,0
10434,9,1043.3,95.492966,6.239003,17.106549,3.941255,25.0,16.91543,22.897531,0
10435,9,1043.4,95.492966,6.871945,17.106549,2.937638,25.0,16.91543,22.897531,0
10436,9,1043.5,95.492966,9.313294,21.994135,4.375549,25.0,16.91543,22.897531,0
10437,9,1043.6,95.492966,6.691105,21.994135,2.56889,25.0,16.947253,22.992998,0
10438,9,1043.7,95.492966,10.76002,17.106549,5.672232,25.0,16.947253,22.992998,0
10439,9,1043.8,95.492966,6.148583,26.88172,3.15486,25.0,16.91543,22.897531,0
10440,9,1043.9,95.492966,5.42522,31.769306,7.272901,25.0,16.916566,22.897531,0
10441,9,1044.0,95.492966,5.153959,21.994135,4.358592,25.0,17.030591,22.897531,0
10442,9,1044.1,95.492966,2.531769,21.994135,8.278147,25.0,17.158022,23.376506,0
10443,9,1044.2,95.492966,4.159335,21.994135,6.412337,25.0,16.886712,22.897531,0
10444,9,1044.3,95.492966,2.115836,12.218964,9.369962,25.0,16.947253,22.992998,0
10445,9,1044.4,95.492966,1.265885,26.88172,7.264356,25.0,16.947253,22.992998,0
10446,9,1044.5,95.492966,0.632942,21.994135,9.229969,25.0,17.333481,24.151683,0
10447,9,1044.6,95.492966,0.904203,21.994135,7.264356,25.0,16.947253,22.992998,0
10448,9,1044.7,95.492966,0.325513,7.331378,7.812573,25.0,16.947253,22.992998,0
10449,9,1044.8,95.492966,0.271261,21.994135,7.086241,25.0,16.912409,22.802226,0
10450,9,1044.9,95.492966,0.542522,17.106549,6.573848,25.0,16.947253,22.992998,0
10451,9,1045.0,95.492966,0.542522,26.88172,6.499662,25.0,16.947253,22.992998,0
10452,9,1045.1,95.492966,0.452102,21.994135,4.874984,25.0,16.691506,22.139519,0
10453,9,1045.2,95.492966,0.48827,17.106549,5.294972,25.0,16.975999,22.992998,0
10454,9,1045.3,95.492966,0.09042,21.994135,2.940889,25.0,16.975999,22.992998,0
10455,9,1045.4,95.492966,0.162757,21.994135,3.49129,25.0,16.975999,22.992998,0
10456,9,1045.5,95.492966,0.271261,17.106549,0.806822,25.0,17.007876,23.088627,0
10457,9,1045.6,95.492966,0.452102,17.106549,1.080256,25.0,16.975999,22.992998,0
10458,9,1045.7,95.492966,0.632942,12.218964,1.500497,25.0,16.947253,22.992998,0
10459,9,1045.8,95.492966,0.271261,21.994135,1.21749,25.0,17.152047,23.088627,0
10460,9,1045.9,95.492966,0.542522,26.88172,3.667481,25.0,17.007876,23.088627,0
10461,9,1046.0,95.492966,0.759531,17.106549,3.529399,25.0,17.095079,23.184421,0
10462,9,1046.1,95.492966,0.632942,21.994135,4.598618,25.0,17.007876,23.088627,0
10463,9,1046.2,95.492966,0.723363,21.994135,5.189709,25.0,17.123154,23.088627,0
10464,9,1046.3,95.492966,0.434018,21.994135,5.327805,25.0,16.880694,22.707082,0
10465,9,1046.4,95.492966,0.542522,21.994135,6.914249,25.0,17.525647,24.641941,0
10466,9,1046.5,95.492966,0.271261,17.106549,5.911453,25.0,17.007876,23.088627,0
10467,9,1046.6,95.492966,0.723363,17.106549,7.883495,25.0,17.007876,23.088627,0
10468,9,1046.7,95.492966,0.723363,7.331378,6.018382,25.0,17.035504,23.088627,0
10469,9,1046.8,95.492966,0.126588,17.106549,8.26255,25.0,17.328606,24.054174,0
10470,9,1046.9,95.492966,0.813783,21.994135,5.916301,25.0,17.065456,23.088627,0
10471,9,1047.0,95.492966,1.085044,26.88172,7.957989,25.0,16.568855,21.857804,0
10472,9,1047.1,95.492966,0.651026,12.218964,5.542725,25.0,17.561873,24.249371,0
10473,9,1047.2,95.492966,0.723363,17.106549,7.381791,25.0,16.980264,23.088627,0
10474,9,1047.3,95.492966,1.030792,21.994135,5.805024,25.0,17.01106,23.184421,0
10475,9,1047.4,95.492966,4.611437,21.994135,6.646487,25.0,17.068583,23.184421,0
10476,9,1047.5,95.492966,2.278592,21.994135,4.975384,25.0,17.039807,23.184421,0
10477,9,1047.6,95.492966,1.808407,7.331378,5.012695,25.0,17.039807,23.184421,0
10478,9,1047.7,95.492966,2.875367,21.994135,3.682432,25.0,16.953652,23.184421,0
10479,9,1047.8,95.492966,6.40176,17.106549,4.230656,25.0,16.421355,21.577426,0
10480,9,1047.9,95.492966,3.851906,12.218964,3.301382,25.0,17.157744,22.707082,0
10481,9,1048.0,95.492966,5.967742,26.88172,4.037069,25.0,16.896356,23.184421,0
10482,9,1048.1,95.492966,4.123167,21.994135,2.650361,25.0,17.100569,23.28038,0
10483,9,1048.2,95.492966,8.499511,26.88172,5.246932,25.0,17.040971,23.184421,0
10484,9,1048.3,95.492966,4.014663,12.218964,2.754665,25.0,17.229075,23.6659,0
10485,9,1048.4,95.492966,3.797654,17.106549,6.662283,25.0,17.071793,23.28038,0
10486,9,1048.5,95.492966,8.734604,21.994135,3.816231,25.0,17.014329,23.28038,0
10487,9,1048.6,95.492966,3.707234,17.106549,7.829982,25.0,17.040971,23.184421,0
10488,9,1048.7,95.492966,2.71261,12.218964,5.256938,25.0,17.128197,23.28038,0
10489,9,1048.8,95.492966,1.898827,21.994135,9.171291,25.0,17.043047,23.28038,0
10490,9,1048.9,95.492966,1.73607,26.88172,6.926331,25.0,17.071793,23.28038,0
10491,9,1049.0,95.492966,0.452102,21.994135,9.436015,25.0,16.527331,22.139519,0
10492,9,1049.1,95.492966,0.452102,21.994135,7.362674,25.0,17.132611,23.376506,0
10493,9,1049.2,95.492966,0.126588,17.106549,8.124352,25.0,17.075089,23.376506,0
10494,9,1049.3,95.492966,1.265885,21.994135,7.126244,25.0,17.132611,23.376506,0
10495,9,1049.4,95.492966,0.361681,26.88172,7.189321,25.0,17.160239,23.376506,0
10496,9,1049.5,95.492966,1.012708,17.106549,6.916322,25.0,17.128197,23.28038,0
10497,9,1049.6,95.492966,0.632942,26.88172,5.706243,25.0,17.135934,23.472801,0
10498,9,1049.7,95.492966,0.379765,12.218964,5.982552,25.0,17.19025,23.376506,0
10499,9,1049.8,95.492966,0.452102,12.218964,3.700551,25.0,17.161416,23.376506,0
10500,9,1049.9,95.492966,0.434018,12.218964,4.430348,25.0,17.103836,23.376506,0
10501,9,1050.0,95.492966,0.325513,21.994135,1.805432,25.0,17.248007,23.376506,0
10502,9,1050.1,95.492966,0.217009,26.88172,2.214297,25.0,17.164709,23.472801,0
10503,9,1050.2,95.492966,0.759531,21.994135,0.449286,25.0,17.164709,23.472801,0
10504,9,1050.3,95.492966,0.361681,12.218964,0.124609,25.0,17.049779,23.472801,0
10505,9,1050.4,95.492966,0.542522,21.994135,2.770231,25.0,17.164709,23.472801,0
10506,9,1050.5,95.492966,1.139296,21.994135,2.538017,25.0,17.256703,23.6659,0
10507,9,1050.6,95.492966,0.452102,21.994135,4.253182,25.0,17.164709,23.472801,0
10508,9,1050.7,95.492966,0.48827,26.88172,4.466863,25.0,17.222348,23.472801,0
10509,9,1050.8,95.492966,0.162757,21.994135,5.087904,25.0,17.309029,23.472801,0
10510,9,1050.9,95.492966,0.632942,36.656891,6.051632,25.0,17.160239,23.376506,0
10511,9,1051.0,95.492966,0.886119,17.106549,5.844396,25.0,17.160239,23.376506,0
10512,9,1051.1,95.492966,0.813783,21.994135,7.293565,25.0,16.735239,23.472801,0
10513,9,1051.2,95.492966,0.904203,12.218964,6.228652,25.0,16.193876,20.560302,0
10514,9,1051.3,95.492966,0.632942,17.106549,8.124352,25.0,17.252136,23.569265,0
10515,9,1051.4,95.492966,0.632942,21.994135,6.189795,25.0,17.164709,23.472801,0
10516,9,1051.5,95.492966,0.48827,17.106549,8.05733,25.0,17.196864,23.569265,0
10517,9,1051.6,95.492966,0.542522,21.994135,5.607426,25.0,17.193514,23.472801,0
10518,9,1051.7,95.492966,1.356305,17.106549,7.476648,25.0,17.256703,23.6659,0
10519,9,1051.8,95.492966,0.48827,26.88172,5.364,25.0,17.253296,23.569265,0
10520,9,1051.9,95.492966,6.058162,26.88172,7.245918,25.0,17.368812,23.569265,0
10521,9,1052.0,95.492966,4.683773,17.106549,5.297678,25.0,17.225669,23.569265,0
10522,9,1052.1,95.492966,4.991202,21.994135,5.712937,25.0,18.221344,26.14137,0
10523,9,1052.2,95.492966,2.71261,17.106549,3.910832,25.0,17.196864,23.569265,0
10524,9,1052.3,95.492966,10.036657,21.994135,4.487671,25.0,17.225669,23.569265,0
10525,9,1052.4,95.492966,5.786901,12.218964,3.2037,25.0,17.285508,23.6659,0
10526,9,1052.5,95.492966,9.855816,17.106549,3.732688,25.0,17.285508,23.6659,0
10527,9,1052.6,95.492966,4.123167,17.106549,2.818107,25.0,17.285508,23.6659,0
10528,9,1052.7,95.492966,5.479472,17.106549,4.361879,25.0,17.212125,23.859687,0
10529,9,1052.8,95.492966,4.014663,17.106549,2.582801,25.0,17.229075,23.6659,0
10530,9,1052.9,95.492966,4.557185,21.994135,5.924774,25.0,17.546105,23.6659,0
10531,9,1053.0,95.492966,5.786901,17.106549,3.153345,25.0,17.285508,23.6659,0
10532,9,1053.1,95.492966,5.153959,21.994135,7.211218,25.0,16.100747,20.194499,0
10533,9,1053.2,95.492966,3.20088,12.218964,4.451327,25.0,17.908959,25.536251,0
10534,9,1053.3,95.492966,1.519062,17.106549,8.346831,25.0,17.229075,23.6659,0
10535,9,1053.4,95.492966,3.797654,12.218964,6.312842,25.0,17.517026,23.6659,0
10536,9,1053.5,95.492966,0.271261,21.994135,9.297018,25.0,17.285508,23.6659,0
10537,9,1053.6,95.492966,1.64565,17.106549,7.166024,25.0,17.230269,23.6659,0
10538,9,1053.7,95.492966,1.139296,17.106549,8.679078,25.0,17.290149,23.762706,0
10539,9,1053.8,95.492966,0.542522,7.331378,7.259751,25.0,17.375475,23.762706,0
10540,9,1053.9,95.492966,0.0,17.106549,7.672497,25.0,16.938274,22.707082,0
10541,9,1054.0,95.492966,0.632942,12.218964,7.157018,25.0,18.049248,26.040004,0
10542,9,1054.1,95.492966,0.759531,21.994135,6.36147,25.0,17.549295,23.762706,0
10543,9,1054.2,95.492966,0.361681,21.994135,6.498192,25.0,17.317777,23.762706,0
10544,9,1054.3,95.492966,0.054252,26.88172,4.597059,25.0,17.377748,23.859687,0
10545,9,1054.4,95.492966,0.036168,17.106549,5.391541,25.0,17.975922,25.737143,0
10546,9,1054.5,95.492966,0.904203,17.106549,2.850975,25.0,17.322476,23.859687,0
10547,9,1054.6,95.492966,0.361681,31.769306,3.595782,25.0,17.900412,23.762706,0
10548,9,1054.7,95.492966,0.180841,17.106549,0.83017,25.0,17.290149,23.762706,0
10549,9,1054.8,95.492966,0.434018,26.88172,1.403427,25.0,17.470238,24.054174,0
10550,9,1054.9,95.492966,0.723363,17.106549,1.539783,25.0,17.350104,23.859687,0
10551,9,1055.0,95.492966,0.632942,21.994135,1.295441,25.0,17.407802,23.859687,0
10552,9,1055.1,95.492966,0.452102,21.994135,3.424276,25.0,17.378938,23.859687,0
10553,9,1055.2,95.492966,0.632942,17.106549,3.358771,25.0,17.350104,23.859687,0
10554,9,1055.3,95.492966,0.723363,21.994135,4.154304,25.0,17.378938,23.859687,0
10555,9,1055.4,95.492966,0.632942,21.994135,5.291813,25.0,17.350104,23.859687,0
10556,9,1055.5,95.492966,0.632942,21.994135,5.15368,25.0,17.610855,24.641941,0
10557,9,1055.6,95.492966,0.09042,21.994135,6.809812,25.0,17.178741,23.859687,0
10558,9,1055.7,95.492966,0.542522,21.994135,5.877817,25.0,17.382489,23.956842,0
10559,9,1055.8,95.492966,0.723363,17.106549,7.814407,25.0,17.037844,23.088627,0
10560,9,1055.9,95.492966,0.48827,26.88172,6.054395,25.0,17.414933,24.054174,0
10561,9,1056.0,95.492966,0.09042,12.218964,8.330215,25.0,17.176211,23.762706,0
10562,9,1056.1,95.492966,0.054252,26.88172,5.772009,25.0,17.411323,23.956842,0
10563,9,1056.2,95.492966,0.542522,21.994135,7.885919,25.0,16.981444,23.088627,0
10564,9,1056.3,95.492966,0.144673,12.218964,5.534961,25.0,17.239816,23.956842,0
10565,9,1056.4,95.492966,2.170088,21.994135,7.381791,25.0,17.299888,24.054174,0
10566,9,1056.5,95.492966,1.030792,17.106549,5.598899,25.0,17.090041,22.992998,0
10567,9,1056.6,95.492966,7.866569,17.106549,6.615144,25.0,17.443767,24.054174,0
10568,9,1056.7,95.492966,3.345552,21.994135,4.895521,25.0,17.414933,24.054174,0
10569,9,1056.8,95.492966,9.042033,12.218964,5.012695,25.0,17.414933,24.054174,0
10570,9,1056.9,95.492966,5.3348,26.88172,3.846781,25.0,16.869463,22.992998,0
10571,9,1057.0,95.492966,10.398338,12.218964,4.186952,25.0,17.328488,23.956842,0
10572,9,1057.1,95.492966,6.148583,12.218964,3.062649,25.0,17.361109,24.151683,0
10573,9,1057.2,95.492966,9.765396,17.106549,3.901659,25.0,17.447436,24.151683,0
10574,9,1057.3,95.492966,7.052786,12.218964,2.704783,25.0,17.416139,24.054174,0
10575,9,1057.4,95.492966,5.316716,26.88172,5.225947,25.0,17.479998,24.249371,0
10576,9,1057.5,95.492966,6.329423,17.106549,2.689727,25.0,17.447436,24.151683,0
10577,9,1057.6,95.492966,1.338221,17.106549,6.585103,25.0,17.62089,24.151683,0
10578,9,1057.7,95.492966,5.786901,26.88172,3.684377,25.0,17.416139,24.054174,0
10579,9,1057.8,95.492966,3.616813,12.218964,7.585763,25.0,17.434243,23.859687,0
10580,9,1057.9,95.492966,4.882698,17.106549,5.238274,25.0,17.389855,24.151683,0
10581,9,1058.0,95.492966,1.898827,17.106549,9.115642,25.0,17.447436,24.151683,0
10582,9,1058.1,95.492966,2.350929,26.88172,6.897299,25.0,17.47627,24.151683,0
10583,9,1058.2,95.492966,0.361681,26.88172,9.401014,25.0,17.508832,24.249371,0
10584,9,1058.3,95.492966,0.361681,17.106549,7.120207,25.0,17.508832,24.249371,0
10585,9,1058.4,95.492966,0.126588,12.218964,8.193451,25.0,17.508832,24.249371,0
10586,9,1058.5,95.492966,0.542522,26.88172,7.1953,25.0,17.56659,24.249371,0
10587,9,1058.6,95.492966,0.379765,17.106549,7.154347,25.0,17.171716,23.569265,0
10588,9,1058.7,95.492966,0.452102,21.994135,6.809812,25.0,17.52675,24.054174,0
10589,9,1058.8,95.492966,0.271261,17.106549,5.564662,25.0,17.223728,24.249371,0
10590,9,1058.9,95.492966,0.723363,17.106549,5.949318,25.0,17.508832,24.249371,0
10591,9,1059.0,95.492966,0.904203,17.106549,3.676589,25.0,17.537696,24.249371,0
10592,9,1059.1,95.492966,0.271261,26.88172,4.527946,25.0,17.508832,24.249371,0
10593,9,1059.2,95.492966,0.271261,21.994135,1.699095,25.0,17.393671,24.249371,0
10594,9,1059.3,95.492966,0.325513,17.106549,2.356455,25.0,17.599213,24.347239,0
10595,9,1059.4,95.492966,0.723363,26.88172,0.540957,25.0,17.320235,23.762706,0
10596,9,1059.5,95.492966,0.542522,21.994135,0.186114,25.0,17.541455,24.347239,0
10597,9,1059.6,95.492966,0.97654,17.106549,2.632272,25.0,17.508832,24.249371,0
10598,9,1059.7,95.492966,0.271261,17.106549,2.457683,25.0,17.541455,24.347239,0
10599,9,1059.8,95.492966,1.012708,26.88172,3.878323,25.0,17.541455,24.347239,0
10600,9,1059.9,95.492966,0.452102,21.994135,4.598618,25.0,17.508832,24.249371,0
10601,9,1060.0,95.492966,0.452102,21.994135,4.805891,25.0,17.455041,24.347239,0
10602,9,1060.1,95.492966,0.542522,26.88172,6.154186,25.0,17.541455,24.347239,0
10603,9,1060.2,95.492966,0.434018,17.106549,5.465907,25.0,17.398418,24.249371,0
10604,9,1060.3,95.492966,0.813783,17.106549,7.435639,25.0,17.672557,24.740545,0
10605,9,1060.4,95.492966,0.325513,21.994135,6.085093,25.0,17.541455,24.347239,0
10606,9,1060.5,95.492966,0.886119,21.994135,8.055254,25.0,17.541455,24.347239,0
10607,9,1060.6,95.492966,0.651026,21.994135,5.887563,25.0,17.425998,24.249371,0
10608,9,1060.7,95.492966,0.723363,12.218964,8.228944,25.0,17.67014,24.151683,0
10609,9,1060.8,95.492966,0.325513,12.218964,5.601459,25.0,17.545305,24.445289,0
10610,9,1060.9,95.492966,2.260508,21.994135,7.751486,25.0,17.5165,24.445289,0
10611,9,1061.0,95.492966,0.542522,12.218964,5.538413,25.0,17.416139,24.054174,0
10612,9,1061.1,95.492966,6.600684,17.106549,7.443987,25.0,17.574139,24.445289,0
10613,9,1061.2,95.492966,0.506354,17.106549,5.403491,25.0,17.430259,24.445289,0
10614,9,1061.3,95.492966,5.153959,12.218964,5.856645,25.0,17.574139,24.445289,0
10615,9,1061.4,95.492966,4.521017,17.106549,4.415765,25.0,17.388527,24.054174,0
10616,9,1061.5,95.492966,2.061584,21.994135,4.557919,25.0,17.606883,24.543523,0
10617,9,1061.6,95.492966,5.786901,12.218964,3.519231,25.0,17.606883,24.543523,0
10618,9,1061.7,95.492966,10.307918,21.994135,3.905942,25.0,17.606883,24.543523,0
10619,9,1061.8,95.492966,4.068915,17.106549,2.993222,25.0,17.663391,24.543523,0
10620,9,1061.9,95.492966,13.418377,17.106549,4.56211,25.0,17.696197,24.641941,0
10621,9,1062.0,95.492966,6.781525,21.994135,2.56889,25.0,17.639689,24.641941,0
10622,9,1062.1,95.492966,4.665689,17.106549,5.958546,25.0,17.606883,24.543523,0
10623,9,1062.2,95.492966,3.743402,31.769306,3.1114,25.0,17.635747,24.543523,0
10624,9,1062.3,95.492966,7.342131,12.218964,7.320373,25.0,17.658308,24.445289,0
10625,9,1062.4,95.492966,1.139296,21.994135,4.576226,25.0,17.668553,24.641941,0
10626,9,1062.5,95.492966,1.519062,17.106549,8.415522,25.0,17.639689,24.641941,0
10627,9,1062.6,95.492966,2.22434,12.218964,6.204058,25.0,17.634527,24.543523,0
10628,9,1062.7,95.492966,0.542522,17.106549,9.681923,25.0,17.58205,24.641941,0
10629,9,1062.8,95.492966,0.97654,17.106549,7.350334,25.0,17.668553,24.641941,0
10630,9,1062.9,95.492966,0.632942,21.994135,8.813999,25.0,17.449894,24.151683,0
10631,9,1063.0,95.492966,0.271261,21.994135,7.224457,25.0,17.729065,24.740545,0
10632,9,1063.1,95.492966,0.723363,21.994135,7.74532,25.0,17.672557,24.740545,0
10633,9,1063.2,95.492966,0.48827,26.88172,7.090285,25.0,17.639689,24.641941,0
10634,9,1063.3,95.492966,0.361681,26.88172,6.359968,25.0,17.668553,24.641941,0
10635,9,1063.4,95.492966,0.325513,21.994135,6.568759,25.0,18.144299,25.737143,0
10636,9,1063.5,95.492966,0.434018,17.106549,4.637415,25.0,17.672557,24.740545,0
10637,9,1063.6,95.492966,0.126588,21.994135,5.222746,25.0,17.759238,24.740545,0
10638,9,1063.7,95.492966,0.361681,17.106549,2.766779,25.0,17.672557,24.740545,0
10639,9,1063.8,95.492966,0.632942,17.106549,3.565761,25.0,17.668553,24.641941,0
10640,9,1063.9,95.492966,0.48827,26.88172,0.712482,25.0,17.668553,24.641941,0
10641,9,1064.0,95.492966,0.886119,26.88172,1.227261,25.0,17.701421,24.740545,0
10642,9,1064.1,95.492966,0.361681,26.88172,1.73113,25.0,17.673793,24.740545,0
10643,9,1064.2,95.492966,0.542522,26.88172,1.393176,25.0,17.701421,24.740545,0
10644,9,1064.3,95.492966,0.723363,17.106549,3.878323,25.0,17.701421,24.740545,0
10645,9,1064.4,95.492966,0.542522,17.106549,3.529399,25.0,17.734351,24.839336,0
10646,9,1064.5,95.492966,0.723363,17.106549,4.499367,25.0,17.26506,23.762706,0
10647,9,1064.6,95.492966,0.632942,26.88172,5.291813,25.0,17.729065,24.740545,0
10648,9,1064.7,95.492966,0.379765,21.994135,5.499022,25.0,17.705488,24.839336,0
10649,9,1064.8,95.492966,0.542522,17.106549,6.84515,25.0,17.763245,24.839336,0
10650,9,1064.9,95.492966,0.452102,12.218964,6.118761,25.0,17.679112,24.839336,0
10651,9,1065.0,95.492966,0.723363,17.106549,7.814407,25.0,17.866708,25.236407,0
10652,9,1065.1,95.492966,1.012708,17.106549,6.225583,25.0,17.676654,24.839336,0
10653,9,1065.2,95.492966,0.434018,17.106549,8.159853,25.0,17.532918,24.839336,0
10654,9,1065.3,95.492966,1.085044,21.994135,5.887563,25.0,17.739717,24.938317,0
10655,9,1065.4,95.492966,1.265885,21.994135,7.823573,25.0,17.706723,24.839336,0
10656,9,1065.5,95.492966,0.379765,17.106549,5.499022,25.0,17.737291,24.938317,0
10657,9,1065.6,95.492966,2.549853,17.106549,7.193639,25.0,17.767345,24.938317,0
10658,9,1065.7,95.492966,3.924242,12.218964,5.660006,25.0,17.505133,24.151683,0
10659,9,1065.8,95.492966,4.774194,21.994135,6.538504,25.0,17.767345,24.938317,0
10660,9,1065.9,95.492966,2.332845,17.106549,4.622969,25.0,17.738481,24.938317,0
10661,9,1066.0,95.492966,5.696481,21.994135,4.962404,25.0,17.767345,24.938317,0
10662,9,1066.1,95.492966,5.51564,12.218964,3.709578,25.0,17.535894,24.740545,0
10663,9,1066.2,95.492966,10.579179,12.218964,4.20801,25.0,17.734351,24.839336,0
10664,9,1066.3,95.492966,1.247801,21.994135,3.066546,25.0,17.767345,24.938317,0
10665,9,1066.4,95.492966,9.946237,26.88172,4.037069,25.0,17.796238,24.938317,0
10666,9,1066.5,95.492966,4.123167,17.106549,2.625002,25.0,17.767345,24.938317,0
10667,9,1066.6,95.492966,8.589932,21.994135,5.405259,25.0,17.828046,25.037488,0
10668,9,1066.7,95.492966,4.068915,7.331378,2.993222,25.0,17.767345,24.938317,0
10669,9,1066.8,95.492966,3.797654,17.106549,6.662283,25.0,17.767345,24.938317,0
10670,9,1066.9,95.492966,3.634897,17.106549,3.719225,25.0,17.706723,24.839336,0
10671,9,1067.0,95.492966,3.978495,17.106549,7.950781,25.0,17.739717,24.938317,0
10672,9,1067.1,95.492966,2.983871,31.769306,5.477259,25.0,17.738481,24.938317,0
10673,9,1067.2,95.492966,0.759531,17.106549,9.065977,25.0,18.35482,25.037488,0
10674,9,1067.3,95.492966,2.62219,21.994135,6.945275,25.0,17.800402,25.037488,0
10675,9,1067.4,95.492966,0.271261,26.88172,9.436015,25.0,17.829295,25.037488,0
10676,9,1067.5,95.492966,0.48827,21.994135,7.297494,25.0,17.800402,25.037488,0
10677,9,1067.6,95.492966,0.325513,21.994135,7.950781,25.0,17.829295,25.037488,0
10678,9,1067.7,95.492966,0.271261,26.88172,7.224457,25.0,17.767345,24.938317,0
10679,9,1067.8,95.492966,0.632942,17.106549,7.018835,25.0,17.866708,25.236407,0
10680,9,1067.9,95.492966,0.434018,26.88172,6.847244,25.0,17.800402,25.037488,0
10681,9,1068.0,95.492966,0.217009,21.994135,5.323319,25.0,17.828046,25.037488,0
10682,9,1068.1,95.492966,0.162757,26.88172,5.979357,25.0,18.067203,25.837892,0
10683,9,1068.2,95.492966,0.632942,17.106549,3.496759,25.0,17.796238,24.938317,0
10684,9,1068.3,95.492966,0.542522,21.994135,4.365711,25.0,17.800402,25.037488,0
10685,9,1068.4,95.492966,0.108504,7.331378,1.667877,25.0,17.828046,25.037488,0
10686,9,1068.5,95.492966,0.271261,17.106549,2.388675,25.0,17.823883,24.938317,0
10687,9,1068.6,95.492966,0.434018,17.106549,0.667473,25.0,18.117819,25.737143,0
10688,9,1068.7,95.492966,0.325513,21.994135,0.172802,25.0,17.861167,25.13685,0
10689,9,1068.8,95.492966,0.632942,26.88172,2.600315,25.0,17.85694,25.037488,0
10690,9,1068.9,95.492966,0.452102,21.994135,2.595717,25.0,17.862416,25.13685,0
10691,9,1069.0,95.492966,0.452102,21.994135,3.907777,25.0,17.862416,25.13685,0
10692,9,1069.1,95.492966,0.379765,21.994135,4.670266,25.0,17.890061,25.13685,0
10693,9,1069.2,95.492966,0.48827,21.994135,4.811852,25.0,17.862416,25.13685,0
10694,9,1069.3,95.492966,0.994624,7.331378,6.126954,25.0,17.928852,25.336158,0
10695,9,1069.4,95.492966,0.126588,21.994135,5.568095,25.0,17.628749,25.037488,0
10696,9,1069.5,95.492966,0.632942,17.106549,7.500891,25.0,17.890061,25.13685,0
10697,9,1069.6,95.492966,0.180841,21.994135,5.737139,25.0,17.796238,24.938317,0
10698,9,1069.7,95.492966,0.596774,26.88172,8.059998,25.0,17.890061,25.13685,0
10699,9,1069.8,95.492966,0.632942,31.769306,5.982552,25.0,17.686271,25.037488,0
10700,9,1069.9,95.492966,0.09042,21.994135,8.122882,25.0,17.947939,25.13685,0
10701,9,1070.0,95.492966,0.434018,12.218964,5.673074,25.0,17.675075,24.740545,0
10702,9,1070.1,95.492966,2.62219,17.106549,7.630349,25.0,17.774056,25.037488,0
10703,9,1070.2,95.492966,0.994624,21.994135,5.574955,25.0,17.75143,25.236407,0
10704,9,1070.3,95.492966,6.058162,17.106549,7.114837,25.0,17.923246,25.236407,0
10705,9,1070.4,95.492966,3.345552,17.106549,5.297678,25.0,17.496725,23.956842,0
10706,9,1070.5,95.492966,8.861193,17.106549,5.829662,25.0,17.923246,25.236407,0
10707,9,1070.6,95.492966,2.71261,17.106549,4.035885,25.0,17.779074,25.236407,0
10708,9,1070.7,95.492966,13.798143,17.106549,4.321162,25.0,17.923246,25.236407,0
10709,9,1070.8,95.492966,6.239003,21.994135,3.397663,25.0,17.923246,25.236407,0
10710,9,1070.9,95.492966,6.40176,17.106549,4.045935,25.0,17.895602,25.236407,0
10711,9,1071.0,95.492966,6.510264,26.88172,2.663846,25.0,17.923246,25.236407,0
10712,9,1071.1,95.492966,1.844575,26.88172,4.584571,25.0,17.95217,25.236407,0
10713,9,1071.2,95.492966,6.510264,21.994135,2.50104,25.0,17.861167,25.13685,0
10714,9,1071.3,95.492966,7.414467,17.106549,5.830892,25.0,18.072847,25.436106,0
10715,9,1071.4,95.492966,6.239003,17.106549,3.397663,25.0,17.956497,25.336158,0
10716,9,1071.5,95.492966,5.244379,17.106549,7.320373,25.0,17.899959,25.336158,0
10717,9,1071.6,95.492966,4.882698,21.994135,4.470605,25.0,17.927603,25.336158,0
10718,9,1071.7,95.492966,2.260508,26.88172,8.301489,25.0,17.956497,25.336158,0
10719,9,1071.8,95.492966,2.495601,26.88172,6.479416,25.0,17.583136,25.336158,0
10720,9,1071.9,95.492966,0.542522,21.994135,9.47467,25.0,17.956497,25.336158,0
10721,9,1072.0,95.492966,0.723363,21.994135,7.330808,25.0,17.956497,25.336158,0
10722,9,1072.1,95.492966,0.271261,17.106549,8.744067,25.0,17.933274,25.436106,0
10723,9,1072.2,95.492966,0.542522,26.88172,7.264356,25.0,17.898739,25.336158,0
10724,9,1072.3,95.492966,0.072336,21.994135,7.67312,25.0,17.956497,25.336158,0
10725,9,1072.4,95.492966,0.379765,17.106549,7.016112,25.0,17.962168,25.436106,0
10726,9,1072.5,95.492966,1.012708,17.106549,6.363723,25.0,17.989812,25.436106,0
10727,9,1072.6,95.492966,0.813783,26.88172,6.399658,25.0,17.989812,25.436106,0
10728,9,1072.7,95.492966,0.361681,21.994135,4.632261,25.0,17.960919,25.436106,0
10729,9,1072.8,95.492966,0.361681,17.106549,5.185104,25.0,17.962168,25.436106,0
10730,9,1072.9,95.492966,0.361681,21.994135,2.766779,25.0,18.011836,25.336158,0
10731,9,1073.0,95.492966,1.64565,21.994135,3.289784,25.0,17.989812,25.436106,0
10732,9,1073.1,95.492966,0.452102,26.88172,0.536522,25.0,18.139074,25.536251,0
10733,9,1073.2,95.492966,0.434018,17.106549,1.132086,25.0,17.901224,25.336158,0
10734,9,1073.3,95.492966,0.271261,26.88172,1.836913,25.0,18.394901,26.651372,0
10735,9,1073.4,95.492966,0.542522,17.106549,1.461789,25.0,18.023194,25.536251,0
10736,9,1073.5,95.492966,0.759531,21.994135,3.598438,25.0,18.023194,25.536251,0
10737,9,1073.6,95.492966,0.632942,21.994135,3.565761,25.0,18.023194,25.536251,0
10738,9,1073.7,95.492966,0.723363,26.88172,4.430348,25.0,18.056643,25.636596,0
10739,9,1073.8,95.492966,0.632942,17.106549,5.499022,25.0,18.052118,25.536251,0
10740,9,1073.9,95.492966,0.886119,21.994135,5.291813,25.0,18.052118,25.536251,0
10741,9,1074.0,95.492966,0.994624,65.982405,6.955242,25.0,18.162865,25.536251,0
10742,9,1074.1,95.492966,0.723363,12.218964,5.880255,25.0,18.056643,25.636596,0
10743,9,1074.2,95.492966,0.217009,21.994135,7.949579,25.0,18.052118,25.536251,0
10744,9,1074.3,95.492966,0.542522,17.106549,5.952529,25.0,18.056643,25.636596,0
10745,9,1074.4,95.492966,0.542522,21.994135,8.231266,25.0,17.867974,25.236407,0
10746,9,1074.5,95.492966,0.632942,17.106549,5.844396,25.0,18.085567,25.636596,0
10747,9,1074.6,95.492966,1.64565,21.994135,7.994228,25.0,18.023194,25.536251,0
10748,9,1074.7,95.492966,0.813783,17.106549,5.502063,25.0,18.085567,25.636596,0
10749,9,1074.8,95.492966,2.821114,17.106549,7.468656,25.0,18.023194,25.536251,0
10750,9,1074.9,95.492966,1.898827,17.106549,5.744213,25.0,18.185053,25.938845,0
10751,9,1075.0,95.492966,7.595308,21.994135,6.476097,25.0,18.056643,25.636596,0
10752,9,1075.1,95.492966,12.604594,17.106549,4.799923,25.0,18.143506,25.636596,0
10753,9,1075.2,95.492966,5.804985,17.106549,5.012695,25.0,18.085567,25.636596,0
10754,9,1075.3,95.492966,5.3348,17.106549,3.846781,25.0,18.146743,25.737143,0
10755,9,1075.4,95.492966,10.217498,12.218964,3.966028,25.0,18.056643,25.636596,0
10756,9,1075.5,95.492966,6.691105,21.994135,3.310054,25.0,18.085567,25.636596,0
10757,9,1075.6,95.492966,6.021994,21.994135,4.107462,25.0,18.085567,25.636596,0
10758,9,1075.7,95.492966,9.747312,21.994135,2.664743,25.0,18.085567,25.636596,0
10759,9,1075.8,95.492966,8.499511,17.106549,5.524161,25.0,18.117819,25.737143,0
10760,9,1075.9,95.492966,6.691105,21.994135,2.945759,25.0,18.090158,25.737143,0
10761,9,1076.0,95.492966,8.987781,17.106549,6.771467,25.0,18.119082,25.737143,0
10762,9,1076.1,95.492966,1.193548,26.88172,3.836832,25.0,17.989812,25.436106,0
10763,9,1076.2,95.492966,2.115836,31.769306,7.886222,25.0,18.057922,25.636596,0
10764,9,1076.3,95.492966,4.882698,21.994135,5.628687,25.0,18.061264,25.737143,0
10765,9,1076.4,95.492966,1.356305,17.106549,9.309343,25.0,18.119082,25.737143,0
10766,9,1076.5,95.492966,1.898827,21.994135,6.980954,25.0,18.119082,25.737143,0
10767,9,1076.6,95.492966,0.271261,12.218964,9.366902,25.0,18.152665,25.837892,0
10768,9,1076.7,95.492966,1.085044,12.218964,7.474731,25.0,18.152665,25.837892,0
10769,9,1076.8,95.492966,0.452102,17.106549,8.122882,25.0,18.297747,25.837892,0
10770,9,1076.9,95.492966,0.271261,21.994135,7.224457,25.0,18.152665,25.837892,0
10771,9,1077.0,95.492966,0.723363,21.994135,6.985401,25.0,18.052118,25.536251,0
10772,9,1077.1,95.492966,0.904203,12.218964,6.850034,25.0,18.065984,25.837892,0
10773,9,1077.2,95.492966,0.542522,21.994135,5.532371,25.0,18.181619,25.837892,0
10774,9,1077.3,95.492966,0.379765,17.106549,5.844396,25.0,18.152665,25.837892,0
10775,9,1077.4,95.492966,0.361681,26.88172,3.52669,25.0,18.186316,25.938845,0
10776,9,1077.5,95.492966,0.379765,17.106549,4.117918,25.0,17.579618,25.837892,0
10777,9,1077.6,95.492966,0.632942,21.994135,1.568983,25.0,18.157392,25.938845,0
10778,9,1077.7,95.492966,0.759531,31.769306,2.149704,25.0,18.158672,25.938845,0
10779,9,1077.8,95.492966,0.271261,17.106549,0.738818,25.0,18.168601,25.636596,0
10780,9,1077.9,95.492966,0.325513,12.218964,0.326043,25.0,18.186316,25.938845,0
10781,9,1078.0,95.492966,0.126588,26.88172,2.876003,25.0,18.506552,25.938845,0
10782,9,1078.1,95.492966,0.759531,26.88172,2.770231,25.0,18.220036,26.040004,0
10783,9,1078.2,95.492966,0.434018,12.218964,4.361331,25.0,19.086982,28.640842,0
10784,9,1078.3,95.492966,0.361681,12.218964,4.770469,25.0,18.186316,25.938845,0
10785,9,1078.4,95.492966,0.434018,17.106549,5.189709,25.0,18.162218,26.040004,0
10786,9,1078.5,95.492966,0.144673,17.106549,6.225583,25.0,18.247697,26.040004,0
10787,9,1078.6,95.492966,0.542522,21.994135,5.946908,25.0,18.220036,26.040004,0
10788,9,1078.7,95.492966,0.452102,17.106549,7.431782,25.0,18.220036,26.040004,0
10789,9,1078.8,95.492966,0.325513,26.88172,6.22328,25.0,18.220036,26.040004,0
10790,9,1078.9,95.492966,1.175464,36.656891,8.063257,25.0,18.392302,26.14137,0
10791,9,1079.0,95.492966,0.379765,12.218964,5.982552,25.0,18.186316,25.938845,0
10792,9,1079.1,95.492966,0.361681,21.994135,8.018694,25.0,17.618618,26.040004,0
10793,9,1079.2,95.492966,1.012708,17.106549,5.673074,25.0,18.220036,26.040004,0
10794,9,1079.3,95.492966,3.074291,21.994135,7.551676,25.0,17.688464,24.445289,0
10795,9,1079.4,95.492966,1.446725,21.994135,5.485104,25.0,18.125021,25.837892,0
10796,9,1079.5,95.492966,14.322581,21.994135,7.07477,25.0,18.253824,26.14137,0
10797,9,1079.6,95.492966,2.061584,17.106549,5.138361,25.0,18.253824,26.14137,0
10798,9,1079.7,95.492966,9.313294,21.994135,5.737971,25.0,18.253824,26.14137,0
10799,9,1079.8,95.492966,5.51564,12.218964,3.824985,25.0,18.315344,26.242946,0
10800,9,1079.9,95.492966,17.740469,7.331378,4.253182,25.0,17.965912,26.14137,0
10801,9,1080.0,95.492966,3.743402,21.994135,3.348085,25.0,18.607919,26.242946,0
10802,9,1080.1,95.492966,6.239003,46.432063,3.95215,25.0,18.376951,26.344732,0
10803,9,1080.2,95.492966,4.068915,12.218964,2.859342,25.0,18.776662,27.792816,0
10804,9,1080.3,95.492966,9.494135,17.106549,4.962404,25.0,18.287683,26.242946,0
10805,9,1080.4,95.492966,9.367546,21.994135,2.598477,25.0,18.39143,24.543523,0
10806,9,1080.5,95.492966,4.44868,17.106549,6.136305,25.0,18.511145,26.446731,0
10807,9,1080.6,95.492966,6.329423,21.994135,3.39696,25.0,18.316637,26.242946,0
10808,9,1080.7,95.492966,5.606061,17.106549,7.028358,25.0,17.808164,24.543523,0
10809,9,1080.8,95.492966,5.244379,31.769306,4.59134,25.0,18.58203,26.959968,0
10810,9,1080.9,95.492966,3.164712,12.218964,8.576633,25.0,18.315344,26.242946,0
10811,9,1081.0,95.492966,2.332845,17.106549,6.488995,25.0,18.350566,26.344732,0
10812,9,1081.1,95.492966,0.542522,31.769306,9.471139,25.0,18.287683,26.242946,0
10813,9,1081.2,95.492966,1.085044,12.218964,7.336671,25.0,18.321612,26.344732,0
10814,9,1081.3,95.492966,0.904203,12.218964,8.783863,25.0,18.321612,26.344732,0
10815,9,1081.4,95.492966,0.632942,12.218964,7.224457,25.0,18.321612,26.344732,0
10816,9,1081.5,95.492966,0.452102,26.88172,7.500891,25.0,17.780926,25.13685,0
10817,9,1081.6,95.492966,0.217009,21.994135,7.051094,25.0,18.318891,25.837892,0
10818,9,1081.7,95.492966,0.632942,21.994135,6.051632,25.0,18.293967,26.344732,0
10819,9,1081.8,95.492966,0.434018,26.88172,6.501867,25.0,18.206097,26.344732,0
10820,9,1081.9,95.492966,0.162757,17.106549,4.320609,25.0,18.355611,26.446731,0
10821,9,1082.0,95.492966,0.271261,17.106549,5.082266,25.0,18.355611,26.446731,0
10822,9,1082.1,95.492966,0.325513,21.994135,2.425395,25.0,18.384566,26.446731,0
10823,9,1082.2,95.492966,0.723363,26.88172,3.119834,25.0,18.384566,26.446731,0
10824,9,1082.3,95.492966,0.162757,26.88172,0.386398,25.0,18.355611,26.446731,0
10825,9,1082.4,95.492966,0.452102,17.106549,0.875001,25.0,18.699625,27.478771,0
10826,9,1082.5,95.492966,0.632942,26.88172,1.912102,25.0,18.355611,26.446731,0
10827,9,1082.6,95.492966,0.217009,21.994135,1.593158,25.0,18.384566,26.446731,0
10828,9,1082.7,95.492966,0.542522,21.994135,3.667481,25.0,18.355611,26.446731,0
10829,9,1082.8,95.492966,0.542522,26.88172,3.805575,25.0,18.355611,26.446731,0
10830,9,1082.9,95.492966,0.723363,17.106549,4.361331,25.0,18.384566,26.446731,0
10831,9,1083.0,95.492966,0.379765,26.88172,5.499022,25.0,18.091438,25.737143,0
10832,9,1083.1,95.492966,0.434018,26.88172,5.396855,25.0,18.258759,26.242946,0
10833,9,1083.2,95.492966,0.379765,17.106549,7.157018,25.0,18.326687,26.446731,0
10834,9,1083.3,95.492966,0.144673,26.88172,5.949318,25.0,18.303001,26.548943,0
10835,9,1083.4,95.492966,0.48827,21.994135,7.919171,25.0,18.389682,26.548943,0
10836,9,1083.5,95.492966,1.265885,21.994135,5.952529,25.0,18.362038,26.548943,0
10837,9,1083.6,95.492966,0.542522,26.88172,8.296308,25.0,18.389682,26.548943,0
10838,9,1083.7,95.492966,0.48827,17.106549,5.709173,25.0,18.563875,26.548943,0
10839,9,1083.8,95.492966,1.030792,17.106549,7.869847,25.0,18.389682,26.548943,0
10840,9,1083.9,95.492966,0.813783,17.106549,5.571097,25.0,18.734441,27.583219,0
10841,9,1084.0,95.492966,4.340176,21.994135,7.16769,25.0,18.360758,26.548943,0
10842,9,1084.1,95.492966,2.170088,21.994135,5.586512,25.0,18.360758,26.548943,0
10843,9,1084.2,95.492966,8.13783,21.994135,6.448743,25.0,18.389682,26.548943,0
10844,9,1084.3,95.492966,4.159335,21.994135,4.558967,25.0,19.015821,28.427359,0
10845,9,1084.4,95.492966,9.042033,17.106549,4.718103,25.0,18.360758,26.548943,0
10846,9,1084.5,95.492966,5.42522,17.106549,3.49129,25.0,18.360758,26.548943,0
10847,9,1084.6,95.492966,6.293255,21.994135,4.090562,25.0,18.389682,26.548943,0
10848,9,1084.7,95.492966,6.419844,21.994135,2.953048,25.0,18.360758,26.548943,0
10849,9,1084.8,95.492966,5.859238,17.106549,4.111532,25.0,18.417343,26.548943,0
10850,9,1084.9,95.492966,4.231672,21.994135,2.662052,25.0,18.360758,26.548943,0
10851,9,1085.0,95.492966,8.13783,26.88172,5.219085,25.0,18.484456,26.754018,0
10852,9,1085.1,95.492966,3.906158,17.106549,2.961933,25.0,18.532203,27.063277,0
10853,9,1085.2,95.492966,6.058162,21.994135,6.853521,25.0,18.534764,26.548943,0
10854,9,1085.3,95.492966,5.244379,17.106549,3.918155,25.0,18.172522,25.636596,0
10855,9,1085.4,95.492966,1.953079,31.769306,7.767187,25.0,18.745546,27.374555,0
10856,9,1085.5,95.492966,4.430596,7.331378,5.607852,25.0,18.360758,26.548943,0
10857,9,1085.6,95.492966,0.868035,21.994135,9.207684,25.0,18.394901,26.651372,0
10858,9,1085.7,95.492966,1.085044,12.218964,7.012025,25.0,18.394901,26.651372,0
10859,9,1085.8,95.492966,0.054252,12.218964,9.365882,25.0,18.331865,26.548943,0
10860,9,1085.9,95.492966,0.162757,21.994135,7.366566,25.0,18.050093,26.651372,0
10861,9,1086.0,95.492966,0.632942,17.106549,7.917059,25.0,18.331865,26.548943,0
10862,9,1086.1,95.492966,0.271261,26.88172,7.085229,25.0,18.456778,26.754018,0
10863,9,1086.2,95.492966,0.886119,17.106549,7.087926,25.0,18.416098,26.548943,0
10864,9,1086.3,95.492966,0.651026,17.106549,6.784507,25.0,18.331865,26.548943,0
10865,9,1086.4,95.492966,0.723363,17.106549,5.396855,25.0,18.447622,26.548943,0
10866,9,1086.5,95.492966,0.271261,17.106549,5.704149,25.0,18.331865,26.548943,0
10867,9,1086.6,95.492966,0.379765,21.994135,3.427762,25.0,18.614056,27.063277,0
10868,9,1086.7,95.492966,0.325513,21.994135,3.943679,25.0,18.331865,26.548943,0
10869,9,1086.8,95.492966,0.632942,26.88172,1.363715,25.0,18.418637,26.548943,0
10870,9,1086.9,95.492966,0.452102,21.994135,1.836913,25.0,18.134574,26.040004,0
10871,9,1087.0,95.492966,0.452102,26.88172,0.875001,25.0,18.641807,27.478771,0
10872,9,1087.1,95.492966,0.217009,17.106549,0.360822,25.0,18.331865,26.548943,0
10873,9,1087.2,95.492966,0.759531,26.88172,3.046225,25.0,18.366008,26.651372,0
10874,9,1087.3,95.492966,0.452102,7.331378,2.871846,25.0,18.331865,26.548943,0
10875,9,1087.4,95.492966,0.542522,17.106549,4.219914,25.0,18.297794,26.446731,0
10876,9,1087.5,95.492966,0.542522,17.106549,4.772471,25.0,18.498091,26.548943,0
10877,9,1087.6,95.492966,0.379765,26.88172,5.011742,25.0,18.360758,26.548943,0
10878,9,1087.7,95.492966,0.632942,21.994135,6.397045,25.0,18.303001,26.548943,0
10879,9,1087.8,95.492966,0.813783,31.769306,5.640134,25.0,18.387204,26.548943,0
10880,9,1087.9,95.492966,0.723363,26.88172,7.538061,25.0,18.331865,26.548943,0
10881,9,1088.0,95.492966,0.452102,21.994135,5.980556,25.0,18.476638,26.548943,0
10882,9,1088.1,95.492966,0.434018,26.88172,8.159853,25.0,18.26893,26.446731,0
10883,9,1088.2,95.492966,0.651026,21.994135,5.887563,25.0,18.510176,27.166809,0
10884,9,1088.3,95.492966,0.759531,17.106549,8.158096,25.0,18.297794,26.446731,0
10885,9,1088.4,95.492966,0.651026,21.994135,5.680649,25.0,18.26893,26.446731,0
10886,9,1088.5,95.492966,2.170088,17.106549,7.653794,25.0,18.297794,26.446731,0
10887,9,1088.6,95.492966,0.904203,21.994135,5.607426,25.0,18.408541,26.446731,0
10888,9,1088.7,95.492966,6.871945,26.88172,7.123897,25.0,18.297794,26.446731,0
10889,9,1088.8,95.492966,2.007331,21.994135,5.163405,25.0,18.26893,26.446731,0
10890,9,1088.9,95.492966,9.494135,21.994135,5.72672,25.0,18.26893,26.446731,0
10891,9,1089.0,95.492966,4.159335,17.106549,4.171519,25.0,18.241286,26.446731,0
10892,9,1089.1,95.492966,10.217498,17.106549,4.282289,25.0,18.471614,26.446731,0
